# n_electron( psi ) in m^-3 ON THE CURVE R = 2.54914065489639519e-01, which
# is what meq's gauge phi_0( R_ref, psi ) = 0 makes N_s of (96) mean.
# NOT geq's N_s: see the module docstring for why no single rescaling
# relates the two.
#
#    psi            f( psi )        f'( psi )
5.63780116139572449e-03 8.71473193695920456e+26 -6.38848122600643469e+29
5.66732429213511347e-03 8.52802134154600780e+26 -6.26036986319815191e+29
5.69684742287450158e-03 8.34505577680957345e+26 -6.13477090475678707e+29
5.72637055361389057e-03 8.16576184724062189e+26 -6.01163182429214836e+29
5.75589368435327955e-03 7.99006768927907262e+26 -5.89090136271686499e+29
5.78541681509266766e-03 7.81790293441538101e+26 -5.77252949345964639e+29
5.81493994583205664e-03 7.64919867330371708e+26 -5.65646738869783545e+29
5.84446307657144476e-03 7.48388742085744113e+26 -5.54266738657700510e+29
5.87398620731083374e-03 7.32190308229836581e+26 -5.43108295938849383e+29
5.90350933805022272e-03 7.16318092013111569e+26 -5.32166868267398743e+29
5.93303246878961084e-03 7.00765752201704952e+26 -5.21438020523030348e+29
5.96255559952899982e-03 6.85527076951994951e+26 -5.10917421998584959e+29
5.99207873026838880e-03 6.70595980770048962e+26 -5.00600843572360508e+29
6.02160186100777692e-03 6.55966501553087903e+26 -4.90484154962216949e+29
6.05112499174716590e-03 6.41632797711100427e+26 -4.80563322059419029e+29
6.08064812248655488e-03 6.27589145365847632e+26 -4.70834404339429748e+29
6.11017125322594300e-03 6.13829935625309456e+26 -4.61293552347587559e+29
6.13969438396533198e-03 6.00349671931184826e+26 -4.51937005257260351e+29
6.16921751470472096e-03 5.87142967477526151e+26 -4.42761088498407579e+29
6.19874064544410908e-03 5.74204542698338211e+26 -4.33762211454417112e+29
6.22826377618349806e-03 5.61529222822160876e+26 -4.24936865225112617e+29
6.25778690692288704e-03 5.49111935491820218e+26 -4.16281620454089103e+29
6.28731003766227516e-03 5.36947708447307192e+26 -4.07793125218336051e+29
6.31683316840166414e-03 5.25031667270127749e+26 -3.99468102978377325e+29
6.34635629914105225e-03 5.13359033187283855e+26 -3.91303350587128233e+29
6.37587942988044123e-03 5.01925120933179399e+26 -3.83295736355711792e+29
6.40540256061983022e-03 4.90725336667818343e+26 -3.75442198174570831e+29
6.43492569135921833e-03 4.79755175949696300e+26 -3.67739741688265737e+29
6.46444882209860731e-03 4.69010221761753982e+26 -3.60185438522325024e+29
6.49397195283799630e-03 4.58486142588994440e+26 -3.52776424560721846e+29
6.52349508357738441e-03 4.48178690546186216e+26 -3.45509898272387532e+29
6.55301821431677339e-03 4.38083699554262082e+26 -3.38383119085408182e+29
6.58254134505616151e-03 4.28197083564052503e+26 -3.31393405807475691e+29
6.61206447579555049e-03 4.18514834281490571e+26 -3.24538189977977695e+29
6.64158760653493947e-03 4.09033017951743836e+26 -3.17814952551733494e+29
6.67111073727432759e-03 3.99747775523602975e+26 -3.11221171454721903e+29
6.70063386801371657e-03 3.90655321604197596e+26 -3.04754378655349442e+29
6.73015699875310555e-03 3.81751942884014828e+26 -2.98412158775083300e+29
6.75968012949249367e-03 3.73033996602553518e+26 -2.92192147738758520e+29
6.78920326023188265e-03 3.64497909053011100e+26 -2.86092031463072582e+29
6.81872639097127163e-03 3.56140174125356328e+26 -2.80109544582480719e+29
6.84824952171065975e-03 3.47957351886379146e+26 -2.74242469211207294e+29
6.87777265245004873e-03 3.39946067195730998e+26 -2.68488633740379021e+29
6.90729578318943771e-03 3.32103008357079567e+26 -2.62845911669342096e+29
6.93681891392882582e-03 3.24424925803174706e+26 -2.57312220470072301e+29
6.96634204466821481e-03 3.16908630814035793e+26 -2.51885520483830496e+29
6.99586517540760379e-03 3.09550994267188749e+26 -2.46563813849032070e+29
7.02538830614699190e-03 3.02348945419155602e+26 -2.41345143459541721e+29
7.05491143688638089e-03 2.95299470717227803e+26 -2.36227591952436736e+29
7.08443456762576987e-03 2.88399612483908883e+26 -2.31209296527868898e+29
7.11395769836515798e-03 2.81646467346925228e+26 -2.26288430134720464e+29
7.14348082910454697e-03 2.75037185658632028e+26 -2.21463185894245814e+29
7.17300395984393508e-03 2.68568970580420219e+26 -2.16731793065839627e+29
7.20252709058332406e-03 2.62239077028941831e+26 -2.12092516163478561e+29
7.23205022132271218e-03 2.56044810648008195e+26 -2.07543654097140730e+29
7.26157335206210116e-03 2.49983530829545841e+26 -2.03082731553852884e+29
7.29109648280149014e-03 2.44052733949511970e+26 -1.98703573317284395e+29
7.32061961354087826e-03 2.38250041001931821e+26 -1.94404353824403594e+29
7.35014274428026724e-03 2.32573106991766461e+26 -1.90184053733159189e+29
7.37966587501965622e-03 2.27019617016822821e+26 -1.86041653864752279e+29
7.40918900575904434e-03 2.21587286256452298e+26 -1.81976135640383376e+29
7.43871213649843332e-03 2.16273859947554839e+26 -1.77986481506294188e+29
7.46823526723782230e-03 2.11077113348167003e+26 -1.74071675347083258e+29
7.49775839797721042e-03 2.05994851689040221e+26 -1.70230702887389540e+29
7.52728152871659940e-03 2.01024910113544035e+26 -1.66462552081954203e+29
7.55680465945598838e-03 1.96165153547645856e+26 -1.62766219394030700e+29
7.58632779019537649e-03 1.91413476453436678e+26 -1.59140703481307492e+29
7.61585092093476548e-03 1.86767802931108780e+26 -1.55585000092371590e+29
7.64537405167415446e-03 1.82226086675128137e+26 -1.52098108716007278e+29
7.67489718241354257e-03 1.77786310858881728e+26 -1.48679032911460476e+29
7.70442031315293156e-03 1.73446488009787652e+26 -1.45326780627598774e+29
7.73394344389232054e-03 1.69204659875120629e+26 -1.42040364511021114e+29
7.76346657463170865e-03 1.65058897278903585e+26 -1.38818802203214213e+29
7.79298970537109763e-03 1.61007299970185078e+26 -1.35661116626880275e+29
7.82251283611048662e-03 1.57047996463035859e+26 -1.32566336261541613e+29
7.85203596684987473e-03 1.53179143868557104e+26 -1.29533495408531801e+29
7.88155909758926285e-03 1.49398927719202625e+26 -1.26561634445477288e+29
7.91108222832865270e-03 1.45705561785788713e+26 -1.23649800070451394e+29
7.94060535906804081e-03 1.42097287887384768e+26 -1.20797045535846807e+29
7.97012848980742893e-03 1.38572375694505934e+26 -1.18002430872188962e+29
7.99965162054681878e-03 1.35129122525806136e+26 -1.15265023101958722e+29
8.02917475128620689e-03 1.31765853152542359e+26 -1.12583895042916170e+29
8.05869788202559501e-03 1.28480919621751286e+26 -1.09958127121578172e+29
8.08822101276498312e-03 1.25272700988131728e+26 -1.07386808833000283e+29
8.11774414350437297e-03 1.22139603073661206e+26 -1.04869037401656373e+29
8.14726727424376108e-03 1.19080058236915639e+26 -1.02403917948683552e+29
8.17679040498315093e-03 1.16092525137563597e+26 -9.99905636500154934e+28
8.20631353572253905e-03 1.13175488496361526e+26 -9.76280958856147529e+28
8.23583666646192716e-03 1.10327458850828022e+26 -9.53156443799061199e+28
8.26535979720131528e-03 1.07546972306932405e+26 -9.30523473336252337e+28
8.29488292794070513e-03 1.04832590287007579e+26 -9.08373515472404692e+28
8.32440605868009324e-03 1.02182899274134262e+26 -8.86698125360864066e+28
8.35392918941948309e-03 9.95965105532542922e+25 -8.65488946374272184e+28
8.38345232015887121e-03 9.70720599492327828e+25 -8.44737711095777489e+28
8.41297545089825932e-03 9.46082075621141090e+25 -8.24436242232865289e+28
8.44249858163764744e-03 9.22036374997978327e+25 -8.04576453455439296e+28
8.47202171237703729e-03 8.98570542436196652e+25 -7.85153897723257193e+28
8.50154484311642540e-03 8.75671711499354073e+25 -7.66164337665187857e+28
8.53106797385581525e-03 8.53327226079700872e+25 -7.47599182245057854e+28
8.56059110459520337e-03 8.31524680964541190e+25 -7.29450017634889203e+28
8.59011423533459148e-03 8.10251917313355869e+25 -7.11708567295839353e+28
8.61963736607397960e-03 7.89497018627154835e+25 -6.94366690452202181e+28
8.64916049681336944e-03 7.69248306762785580e+25 -6.77416380568056186e+28
8.67868362755275756e-03 7.49494337992231698e+25 -6.60849763826922084e+28
8.70820675829214567e-03 7.30223899106681632e+25 -6.44659097614497107e+28
8.73772988903153552e-03 7.11426003565449343e+25 -6.28836769004745883e+28
8.76725301977092364e-03 6.93089887689439626e+25 -6.13375293249469208e+28
8.79677615051031175e-03 6.75205006899180675e+25 -5.98267312271549937e+28
8.82629928124969987e-03 6.57761031997271073e+25 -5.83505593162119292e+28
8.85582241198908972e-03 6.40747845495259849e+25 -5.69083026681943449e+28
8.88534554272847783e-03 6.24155537984471529e+25 -5.54992625766941206e+28
8.91486867346786768e-03 6.07974404551073295e+25 -5.41227524038365435e+28
8.94439180420725580e-03 5.92194941235011036e+25 -5.27780974317766697e+28
8.97391493494664391e-03 5.76807842042780041e+25 -5.14646295810696478e+28
9.00343806568603203e-03 5.61803996908604547e+25 -5.01816931699770116e+28
9.03296119642542188e-03 5.47174486562731958e+25 -4.89286494559695529e+28
9.06248432716480999e-03 5.32910578647105646e+25 -4.77048709527420701e+28
9.09200745790419984e-03 5.19003724413156593e+25 -4.65097412882081691e+28
9.12153058864358796e-03 5.05445555461418977e+25 -4.53426550629440880e+28
9.15105371938297607e-03 4.92227880522937603e+25 -4.42030177091252865e+28
9.18057685012236419e-03 4.79342682282164115e+25 -4.30902453499667268e+28
9.21009998086175403e-03 4.66782114241308659e+25 -4.20037646597003672e+28
9.23962311160114215e-03 4.54538497625998573e+25 -4.09430127241225535e+28
9.26914624234053200e-03 4.42604318331915093e+25 -3.99074369017194825e+28
9.29866937307992011e-03 4.30972223912411271e+25 -3.88964946854135095e+28
9.32819250381930823e-03 4.19635020606883798e+25 -3.79096535649511984e+28
9.35771563455869634e-03 4.08585670409555925e+25 -3.69463908899463892e+28
9.38723876529808619e-03 3.97817288178737441e+25 -3.60061937336240160e+28
9.41676189603747431e-03 3.87323138786093732e+25 -3.50885587572665078e+28
9.44628502677686242e-03 3.77096634789290056e+25 -3.41929872108614151e+28
9.47580815751625227e-03 3.67131335000176803e+25 -3.33189904074959173e+28
9.50533128825564039e-03 3.57420940119043448e+25 -3.24660940249229172e+28
9.53485441899502850e-03 3.47959289552272458e+25 -3.16338327205563405e+28
9.56437754973441662e-03 3.38740358780135213e+25 -3.08217500036986132e+28
9.59390068047380647e-03 3.29758256762205398e+25 -3.00293981084509851e+28
9.62342381121319458e-03 3.21007223380216134e+25 -2.92563378673406986e+28
9.65294694195258443e-03 3.12481626918087086e+25 -2.85021385856801207e+28
9.68247007269197255e-03 3.04175961578941466e+25 -2.77663779166897493e+28
9.71199320343136066e-03 2.96084845038896587e+25 -2.70486417374087340e+28
9.74151633417074878e-03 2.88203015949297838e+25 -2.63485264478754559e+28
9.77103946491013862e-03 2.80525327603437397e+25 -2.56656590164916061e+28
9.80056259564952674e-03 2.73046744505685905e+25 -2.49996529740478942e+28
9.83008572638891659e-03 2.65762345804689306e+25 -2.43501224264505427e+28
9.85960885712830470e-03 2.58667323416321937e+25 -2.37166893214005973e+28
9.88913198786769282e-03 2.51756979727789426e+25 -2.30989833182438690e+28
9.91865511860708093e-03 2.45026725750714848e+25 -2.24966375262309237e+28
9.94817824934647078e-03 2.38472080038002212e+25 -2.19092931507061267e+28
9.97770138008585890e-03 2.32088665110876195e+25 -2.13366031289625875e+28
1.00072245108252487e-02 2.25872204897405515e+25 -2.07782275383529884e+28
1.00367476415646369e-02 2.19818522642220398e+25 -2.02338334766036188e+28
1.00662707723040250e-02 2.13923538851374667e+25 -1.97030949433728845e+28
1.00957939030434131e-02 2.08183269272050857e+25 -1.91856927230642747e+28
1.01253170337828012e-02 2.02593822906600108e+25 -1.86813142688889472e+28
1.01548401645221911e-02 1.97151400060665027e+25 -1.81896535881949917e+28
1.01843632952615809e-02 1.91852290424992659e+25 -1.77104111290664959e+28
1.02138864260009690e-02 1.86692871190468523e+25 -1.72432936681887181e+28
1.02434095567403571e-02 1.81669605196136651e+25 -1.67880141999959665e+28
1.02729326874797453e-02 1.76779039109737331e+25 -1.63442918270984773e+28
1.03024558182191334e-02 1.72017801640383409e+25 -1.59118516519906283e+28
1.03319789489585232e-02 1.67382601783034526e+25 -1.54904246700470126e+28
1.03615020796979113e-02 1.62870227094381838e+25 -1.50797476638074236e+28
1.03910252104373012e-02 1.58477542326376980e+25 -1.46795598123750978e+28
1.04205483411766893e-02 1.54201488666861689e+25 -1.42896063892922271e+28
1.04500714719160774e-02 1.50039081000422555e+25 -1.39096416478201792e+28
1.04795946026554655e-02 1.45987405975460129e+25 -1.35394251653712119e+28
1.05091177333948554e-02 1.42043620446589415e+25 -1.31787217472002553e+28
1.05386408641342435e-02 1.38204949945280981e+25 -1.28273013312504837e+28
1.05681639948736333e-02 1.34468687178445190e+25 -1.24849388941588943e+28
1.05976871256130215e-02 1.30832190554570534e+25 -1.21514143584214667e+28
1.06272102563524096e-02 1.27292882737124082e+25 -1.18265125007247409e+28
1.06567333870917977e-02 1.23848249224825494e+25 -1.15100228614422266e+28
1.06862565178311875e-02 1.20495836958472544e+25 -1.12017396552983293e+28
1.07157796485705756e-02 1.17233252953972327e+25 -1.09014616832003779e+28
1.07453027793099655e-02 1.14058162961230027e+25 -1.06089922452395226e+28
1.07748259100493536e-02 1.10968290148542025e+25 -1.03241390548585542e+28
1.08043490407887417e-02 1.07961413812164387e+25 -1.00467141541867487e+28
1.08338721715281298e-02 1.05035368110708082e+25 -9.77653383054191861e+27
1.08633953022675180e-02 1.02188041072389035e+25 -9.51341603542928515e+27
1.08929184330069078e-02 9.94173740643154884e+24 -9.25718319643795341e+27
1.09224415637462977e-02 9.67213597569099416e+24 -9.00766440629080897e+27
1.09519646944856858e-02 9.40980407029315684e+24 -8.76469263927536897e+27
1.09814878252250739e-02 9.15455082026571456e+24 -8.52810467588454930e+27
1.10110109559644620e-02 8.90619011911751247e+24 -8.29774102849505843e+27
1.10405340867038501e-02 8.66454051474572812e+24 -8.07344586808001283e+27
1.10700572174432400e-02 8.42942510249130496e+24 -7.85506695195673487e+27
1.10995803481826298e-02 8.20067142031358828e+24 -7.64245555256912519e+27
1.11291034789220179e-02 7.97811128917201239e+24 -7.43547396445809552e+27
1.11586266096614060e-02 7.76158030557504996e+24 -7.23399686935218828e+27
1.11881497404007942e-02 7.55091803255090881e+24 -7.03788374401540897e+27
1.12176728711401823e-02 7.34596815291681357e+24 -6.84699668543338211e+27
1.12471960018795721e-02 7.14657837118743624e+24 -6.66120114026358966e+27
1.12767191326189602e-02 6.95260031578483877e+24 -6.48036583037338252e+27
1.13062422633583501e-02 6.76388944342543378e+24 -6.30436267981169146e+27
1.13357653940977382e-02 6.58030496393336716e+24 -6.13306490321784728e+27
1.13652885248371263e-02 6.40170979937746270e+24 -5.96634906718764525e+27
1.13948116555765144e-02 6.22797043268118615e+24 -5.80409669136268093e+27
1.14243347863159043e-02 6.05895680181107181e+24 -5.64619218856572714e+27
1.14538579170552924e-02 5.89454221531497089e+24 -5.49252280042207088e+27
1.14833810477946822e-02 5.73460326974151696e+24 -5.34297853420044062e+27
1.15129041785340704e-02 5.57901976890755060e+24 -5.19745210085920941e+27
1.15424273092734585e-02 5.42767464497664895e+24 -5.05583885428035428e+27
1.15719504400128466e-02 5.28045388131423311e+24 -4.91803673167464176e+27
1.16014735707522347e-02 5.13724643708507079e+24 -4.78394619514191914e+27
1.16309967014916246e-02 4.99794417355933836e+24 -4.65347017437040185e+27
1.16605198322310144e-02 4.86244178209367719e+24 -4.52651401045796748e+27
1.16900429629704025e-02 4.73063671375455701e+24 -4.40298540083991347e+27
1.17195660937097906e-02 4.60242911055111638e+24 -4.28279434530629367e+27
1.17490892244491787e-02 4.47772173824647782e+24 -4.16585309309366554e+27
1.17786123551885669e-02 4.35641992071465201e+24 -4.05207609103388054e+27
1.18081354859279567e-02 4.23843148896776497e+24 -3.94137860953494679e+27
1.18376586166673466e-02 4.12366675484230903e+24 -3.83367822592778344e+27
1.18671817474067347e-02 4.01203840517865785e+24 -3.72889597637057426e+27
1.18967048781461228e-02 3.90346142876379839e+24 -3.62695487514296431e+27
1.19262280088855109e-02 3.79785305860464522e+24 -3.52777986916530404e+27
1.19557511396248990e-02 3.69513271553075465e+24 -3.43129779341451275e+27
1.19852742703642889e-02 3.59522195310013513e+24 -3.33743732722441606e+27
1.20147974011036770e-02 3.49804440378250815e+24 -3.24612895145830297e+27
1.20443205318430668e-02 3.40352572639401688e+24 -3.15730490654024204e+27
1.20738436625824549e-02 3.31159355475873423e+24 -3.07089915133390956e+27
1.21033667933218431e-02 3.22217744757142546e+24 -2.98684732285501118e+27
1.21328899240612312e-02 3.13520883943810356e+24 -2.90508669680630218e+27
1.21624130548006210e-02 3.05062099306930503e+24 -2.82555614892148378e+27
1.21919361855400091e-02 2.96834895260293346e+24 -2.74819611710618050e+27
1.22214593162793990e-02 2.88832949803342064e+24 -2.67294856436393418e+27
1.22509824470187871e-02 2.81050110072356837e+24 -2.59975694249391393e+27
1.22805055777581752e-02 2.73480388927061803e+24 -2.52856522171455954e+27
1.23100287084975633e-02 2.66117963278695864e+24 -2.45931893868638433e+27
1.23395518392369515e-02 2.58957166800425238e+24 -2.39196601085099332e+27
1.23690749699763413e-02 2.51992484950490999e+24 -2.32645569091038712e+27
1.23985981007157312e-02 2.45218551077055714e+24 -2.26273853514842468e+27
1.24281212314551193e-02 2.38630142615556744e+24 -2.20076637240341000e+27
1.24576443621945074e-02 2.32222177376753072e+24 -2.14049227368292257e+27
1.24871674929338955e-02 2.25989709923526173e+24 -2.08187052241068278e+27
1.25166906236732836e-02 2.19927928034591251e+24 -2.02485658529596965e+27
1.25462137544126735e-02 2.14032149253321262e+24 -1.96940708381606822e+27
1.25757368851520633e-02 2.08297817512770225e+24 -1.91547981706625612e+27
1.26052600158914514e-02 2.02720496284117011e+24 -1.86303665186380081e+27
1.26347831466308395e-02 1.97295860172611592e+24 -1.81203890918428694e+27
1.26643062773702277e-02 1.92019700441347699e+24 -1.76244706742402465e+27
1.26938294081096158e-02 1.86887923470032574e+24 -1.71422265963356547e+27
1.27233525388490056e-02 1.81896547681180101e+24 -1.66732824662400718e+27
1.27528756695883937e-02 1.77041701192714310e+24 -1.62172673887207217e+27
1.27823988003277836e-02 1.72319620689850234e+24 -1.57738212534201787e+27
1.28119219310671717e-02 1.67726646384600039e+24 -1.53426004034023019e+27
1.28414450618065598e-02 1.63259218590172505e+24 -1.49232703360778712e+27
1.28709681925459479e-02 1.58913875052674417e+24 -1.45155054713271726e+27
1.29004913232853378e-02 1.54687248350488009e+24 -1.41189889249929805e+27
1.29300144540247259e-02 1.50576063359741716e+24 -1.37334122876388126e+27
1.29595375847641157e-02 1.46577134784328037e+24 -1.33584754084669864e+27
1.29890607155035039e-02 1.42687364748962901e+24 -1.29938861842961809e+27
1.30185838462428920e-02 1.38903740453827099e+24 -1.26393603534986362e+27
1.30481069769822801e-02 1.35223331889302051e+24 -1.22946212947941189e+27
1.30776301077216682e-02 1.31643289609420531e+24 -1.19593998308071241e+27
1.31071532384610581e-02 1.28160842562618755e+24 -1.16334340362866945e+27
1.31366763692004479e-02 1.24773295978419280e+24 -1.13164690508952746e+27
1.31661994999398360e-02 1.21478029308740516e+24 -1.10082568964731466e+27
1.31957226306792241e-02 1.18272494222493495e+24 -1.07085562986843512e+27
1.32252457614186122e-02 1.15154213099713632e+24 -1.04171280106223017e+27
1.32547688921580004e-02 1.12120778366549808e+24 -1.01337398482054323e+27
1.32842920228973902e-02 1.09169849126550865e+24 -9.85817061624075263e+26
1.33138151536367801e-02 1.06299148903782136e+24 -9.59020507701285902e+26
1.33433382843761682e-02 1.03506463906700637e+24 -9.32963379703065756e+26
1.33728614151155563e-02 1.00789641336739443e+24 -9.07625299739062088e+26
1.34023845458549444e-02 9.81465877405586852e+23 -8.82986440768705997e+26
1.34319076765943325e-02 9.55752674048902242e+23 -8.59027512339375635e+26
1.34614308073337224e-02 9.30737007930029508e+23 -8.35729746665202263e+26
1.34909539380731105e-02 9.06399630217595666e+23 -8.13074885039169362e+26
1.35204770688125003e-02 8.82721823783183293e+23 -7.91045164572013383e+26
1.35500001995518884e-02 8.59685388754972064e+23 -7.69623305250940148e+26
1.35795233302912766e-02 8.37272628448970743e+23 -7.48792497311710159e+26
1.36090464610306647e-02 8.15466335668353230e+23 -7.28536388917350358e+26
1.36385695917700545e-02 7.94249779362251290e+23 -7.08839074137245181e+26
1.36680927225094426e-02 7.73606691635006022e+23 -6.89685081220113728e+26
1.36976158532488308e-02 7.53521258168096309e+23 -6.71059052182536586e+26
1.37271389839882206e-02 7.33978114405047686e+23 -6.52946088320507329e+26
1.37566621147276087e-02 7.14962323174550852e+23 -6.35332020462923308e+26
1.37861852454669968e-02 6.96459359914998530e+23 -6.18203064464839603e+26
1.38157083762063867e-02 6.78455101456163363e+23 -6.01545811164188073e+26
1.38452315069457748e-02 6.60935815093762245e+23 -5.85347216579989365e+26
1.38747546376851629e-02 6.43888147950022930e+23 -5.69594592347401778e+26
1.39042777684245528e-02 6.27299116613027567e+23 -5.54275596384430229e+26
1.39338008991639409e-02 6.11156097048386027e+23 -5.39378223785785246e+26
1.39633240299033290e-02 5.95446814776403767e+23 -5.24890797939012352e+26
1.39928471606427188e-02 5.80159335308287764e+23 -5.10801961858238045e+26
1.40223702913821070e-02 5.65282054835076512e+23 -4.97100669730956718e+26
1.40518934221214951e-02 5.50803691163051417e+23 -4.83776178673353376e+26
1.40814165528608849e-02 5.36713274889510595e+23 -4.70818040689608844e+26
1.41109396836002730e-02 5.23000140812987960e+23 -4.58216094830870575e+26
1.41404628143396612e-02 5.09653918935079442e+23 -4.45960578809973710e+26
1.41699859450790510e-02 4.96664517217795808e+23 -4.34042250769091397e+26
1.41995090758184391e-02 4.84022122139121579e+23 -4.22451596235494155e+26
1.42290322065578272e-02 4.71717194952459634e+23 -4.11179498837518040e+26
1.42585553372972171e-02 4.59740462313412955e+23 -4.00217094526451542e+26
1.42880784680366052e-02 4.48082908931298192e+23 -3.89555764772512374e+26
1.43176015987759933e-02 4.36735770418910144e+23 -3.79187129934084132e+26
1.43471247295153814e-02 4.25690526335665133e+23 -3.69103042796425153e+26
1.43766478602547713e-02 4.14938893418908233e+23 -3.59295582275765974e+26
1.44061709909941594e-02 4.04472818998781774e+23 -3.49757047285184817e+26
1.44356941217335475e-02 3.94284474591838898e+23 -3.40479950758437741e+26
1.44652172524729374e-02 3.84366249668786503e+23 -3.31457013828084980e+26
1.44947403832123255e-02 3.74710745591888860e+23 -3.22681160154343282e+26
1.45242635139517136e-02 3.65310769717636397e+23 -3.14145510401128221e+26
1.45537866446911034e-02 3.56159329660316716e+23 -3.05843376855762069e+26
1.45833097754304915e-02 3.47249627712407881e+23 -2.97768258189068883e+26
1.46128329061698797e-02 3.38575055417598672e+23 -2.89913834352378285e+26
1.46423560369092695e-02 3.30129189724282981e+23 -2.82273817502015711e+26
1.46718791676486576e-02 3.21905791825442844e+23 -2.74842112831045945e+26
1.47014022983880457e-02 3.13898797339207115e+23 -2.67612945412825195e+26
1.47309254291274356e-02 3.06102310006041719e+23 -2.60580700248673411e+26
1.47604485598668237e-02 2.98510597031380266e+23 -2.53739917936974739e+26
1.47899716906062118e-02 2.91118084554463348e+23 -2.47085290453397721e+26
1.48194948213456017e-02 2.83919353240167381e+23 -2.40611657039736926e+26
1.48490179520849898e-02 2.76909133990641090e+23 -2.34314000198828638e+26
1.48785410828243779e-02 2.70082303773598407e+23 -2.28187441793061758e+26
1.49080642135637677e-02 2.63433881564367601e+23 -2.22227239244158620e+26
1.49375873443031559e-02 2.56959024398613965e+23 -2.16428781831748499e+26
1.49671104750425440e-02 2.50653023532932491e+23 -2.10787587088478825e+26
1.49966336057819338e-02 2.44511300710479971e+23 -2.05299297289354618e+26
1.50261567365213219e-02 2.38529404528869293e+23 -1.99959676033059827e+26
1.50556798672607101e-02 2.32703006907670886e+23 -1.94764604913068200e+26
1.50852029980000982e-02 2.27027899652900620e+23 -1.89710080276401368e+26
1.51147261287394880e-02 2.21499992092675743e+23 -1.84792111740391502e+26
1.51442492594788761e-02 2.16115310542935653e+23 -1.80006831878343160e+26
1.51737723902182643e-02 2.10869991861562015e+23 -1.75350583172668399e+26
1.52032955209576541e-02 2.05760279387980412e+23 -1.70819809245266375e+26
1.52328186516970422e-02 2.00782519997920604e+23 -1.66411052111985462e+26
1.52623417824364303e-02 1.95933161238166134e+23 -1.62120949507955286e+26
1.52918649131758202e-02 1.91208748539258299e+23 -1.57946232282194349e+26
1.53213880439152083e-02 1.86605922504100740e+23 -1.53883721859838217e+26
1.53509111746545964e-02 1.82121416270516794e+23 -1.49930327770432349e+26
1.53804343053939863e-02 1.77752052945825976e+23 -1.46083045240729337e+26
1.54099574361333744e-02 1.73494743111549307e+23 -1.42338952850454902e+26
1.54394805668727625e-02 1.69346482396413024e+23 -1.38695210249554919e+26
1.54690036976121523e-02 1.65304349115868076e+23 -1.35149055935456953e+26
1.54985268283515405e-02 1.61365501976340377e+23 -1.31697805088880492e+26
1.55280499590909286e-02 1.57527177842553596e+23 -1.28338847466825823e+26
1.55575730898303184e-02 1.53786689566211865e+23 -1.25069645351313561e+26
1.55870962205697065e-02 1.50141424541769430e+23 -1.21887664360976120e+26
1.56166193513090946e-02 1.46588844511034782e+23 -1.18790448345949780e+26
1.56461424820484862e-02 1.43126481326304393e+23 -1.15775679094987869e+26
1.56756656127878743e-02 1.39751934333525208e+23 -1.12841102270725913e+26
1.57051887435272625e-02 1.36462868512254483e+23 -1.09984525675038517e+26
1.57347118742666506e-02 1.33257012666167231e+23 -1.07203817559384516e+26
1.57642350050060387e-02 1.30132157662802867e+23 -1.04496904979104711e+26
1.57937581357454268e-02 1.27086154464739698e+23 -1.01861798784671618e+26
1.58232812664848149e-02 1.24116911656317657e+23 -9.92965650984036488e+25
1.58528043972242030e-02 1.21222394722637360e+23 -9.67992929774566753e+25
1.58823275279635912e-02 1.18400624781145183e+23 -9.43681244105103876e+25
1.59118506587029793e-02 1.15649677039901532e+23 -9.20012528818896356e+25
1.59413737894423709e-02 1.12967679298313258e+23 -8.96969219527282881e+25
1.59708969201817590e-02 1.10352810489180513e+23 -8.74534238799743992e+25
1.60004200509211471e-02 1.07803299260976735e+23 -8.52690982723362507e+25
1.60299431816605387e-02 1.05317422599274796e+23 -8.31423307822252204e+25
1.60594663123999268e-02 1.02893504943433617e+23 -8.10715057908196757e+25
1.60889894431393149e-02 1.00529918158446092e+23 -7.90550576631482600e+25
1.61185125738787030e-02 9.82250787367040361e+22 -7.70915118537684997e+25
1.61480357046180911e-02 9.59774461030284332e+22 -7.51794343289644447e+25
1.61775588353574792e-02 9.37855214350045932e+22 -7.33174304630123319e+25
1.62070819660968674e-02 9.16478465154628389e+22 -7.15041439633844413e+25
1.62366050968362555e-02 8.95630026162907612e+22 -6.97382558242181487e+25
1.62661282275756436e-02 8.75296094127142249e+22 -6.80184833073479489e+25
1.62956513583150352e-02 8.55463239272731068e+22 -6.63435789502475611e+25
1.63251744890544233e-02 8.36118395026983050e+22 -6.47123296002301598e+25
1.63546976197938114e-02 8.17248848029121606e+22 -6.31235554742508623e+25
1.63842207505332030e-02 7.98842228414284049e+22 -6.15761092437040441e+25
1.64137438812725911e-02 7.80886500364027985e+22 -6.00688751435845105e+25
1.64432670120119792e-02 7.63369952916339121e+22 -5.86007681054169296e+25
1.64727901427513673e-02 7.46281191028189865e+22 -5.71707329133621045e+25
1.65023132734907554e-02 7.29609126883883127e+22 -5.57777433829226492e+25
1.65318364042301436e-02 7.13342974586445816e+22 -5.44207698924470753e+25
1.65613595349695317e-02 6.97472250724758889e+22 -5.30988145963634254e+25
1.65908826657089198e-02 6.81986755880242874e+22 -5.18109398451357710e+25
1.66204057964483079e-02 6.66876563670590827e+22 -5.05562335284068616e+25
1.66499289271876960e-02 6.52132013312426723e+22 -4.93338083826371987e+25
1.66794520579270876e-02 6.37743702385725800e+22 -4.81428013168822300e+25
1.67089751886664757e-02 6.23702479794674797e+22 -4.69823727562680629e+25
1.67384983194058638e-02 6.09999438919718970e+22 -4.58517060027318570e+25
1.67680214501452554e-02 5.96625910955969002e+22 -4.47500066126264737e+25
1.67975445808846435e-02 5.83573458432784974e+22 -4.36765017907550510e+25
1.68270677116240316e-02 5.70833868909991134e+22 -4.26304398004544881e+25
1.68565908423634198e-02 5.58399148845866775e+22 -4.16110893893201610e+25
1.68861139731028079e-02 5.46261517632445560e+22 -4.06177392301921097e+25
1.69156371038421960e-02 5.34413401793651320e+22 -3.96496973770236725e+25
1.69451602345815841e-02 5.22847429341915371e+22 -3.87062907352602468e+25
1.69746833653209722e-02 5.11556424289054548e+22 -3.77868645463679061e+25
1.70042064960603603e-02 5.00533403479112407e+22 -3.68907600030062815e+25
1.70337296267997519e-02 4.89771577478108592e+22 -3.60173385462532104e+25
1.70632527575391400e-02 4.79264338289539993e+22 -3.51660016047127335e+25
1.70927758882785281e-02 4.69005252241858778e+22 -3.43361667383318586e+25
1.71222990190179197e-02 4.58988055290373766e+22 -3.35272672041332989e+25
1.71518221497573078e-02 4.49206648445689167e+22 -3.27387515332839874e+25
1.71813452804966960e-02 4.39655093325386566e+22 -3.19700831192282822e+25
1.72108684112360841e-02 4.30327607825647062e+22 -3.12207398166148793e+25
1.72403915419754722e-02 4.21218561909778977e+22 -3.04902135507610756e+25
1.72699146727148603e-02 4.12322473510499862e+22 -2.97780099373940684e+25
1.72994378034542484e-02 4.03634004542988998e+22 -2.90836479124175031e+25
1.73289609341936365e-02 3.95147957025786844e+22 -2.84066593714581125e+25
1.73584840649330246e-02 3.86859269306748638e+22 -2.77465888189531447e+25
1.73880071956724128e-02 3.78763012391134927e+22 -2.71029930265358371e+25
1.74175303264118043e-02 3.70854386369291637e+22 -2.64754407004961173e+25
1.74470534571511925e-02 3.63128716941157508e+22 -2.58635121580831691e+25
1.74765765878905806e-02 3.55581453543138635e+22 -2.52667838130593121e+25
1.75060997186299722e-02 3.48208170378996126e+22 -2.46848430965376744e+25
1.75356228493693603e-02 3.41004560512292603e+22 -2.41172930046741338e+25
1.75651459801087484e-02 3.33966431235538881e+22 -2.35637585672891859e+25
1.75946691108481365e-02 3.27089698421507170e+22 -2.30238774015286288e+25
1.76241922415875246e-02 3.20370383506166283e+22 -2.24972967252465387e+25
1.76537153723269127e-02 3.13804610692036208e+22 -2.19836731022696133e+25
1.76832385030663009e-02 3.07388604225733117e+22 -2.14826721942247185e+25
1.77127616338056890e-02 3.01118685747865201e+22 -2.09939685187778638e+25
1.77422847645450771e-02 2.94991271713374648e+22 -2.05172452141301241e+25
1.77718078952844687e-02 2.89002870880500449e+22 -2.00521938096199583e+25
1.78013310260238568e-02 2.83150081866560239e+22 -1.95985140022846044e+25
1.78308541567632449e-02 2.77429590768877274e+22 -1.91559134392387581e+25
1.78603772875026365e-02 2.71838168849084643e+22 -1.87241075057274367e+25
1.78899004182420246e-02 2.66372670279190011e+22 -1.83028191187143908e+25
1.79194235489814127e-02 2.61030029947774907e+22 -1.78917785258718175e+25
1.79489466797208008e-02 2.55807262377807247e+22 -1.74907124939644620e+25
1.79784698104601889e-02 2.50701462610413061e+22 -1.70993560565568120e+25
1.80079929411995771e-02 2.45709800695061052e+22 -1.67174621886390259e+25
1.80375160719389652e-02 2.40829518653277109e+22 -1.63447903227902846e+25
1.80670392026783533e-02 2.36057928597272516e+22 -1.59811061797600264e+25
1.80965623334177414e-02 2.31392410897960340e+22 -1.56261816033728685e+25
1.81260854641571295e-02 2.26830412401074818e+22 -1.52797943996543874e+25
1.81556085948965211e-02 2.22369444690186134e+22 -1.49417281800799465e+25
1.81851317256359092e-02 2.18007082395395728e+22 -1.46117722088471659e+25
1.82146548563752973e-02 2.13740961546528610e+22 -1.42897212540766198e+25
1.82441779871146889e-02 2.09568777969706929e+22 -1.39753754428476987e+25
1.82737011178540770e-02 2.05488285726134816e+22 -1.36685401199746837e+25
1.83032242485934651e-02 2.01497295592084084e+22 -1.33690257104378959e+25
1.83327473793328533e-02 1.97593673578917155e+22 -1.30766475853746485e+25
1.83622705100722414e-02 1.93775339492179349e+22 -1.27912259315485821e+25
1.83917936408116295e-02 1.90040265528742060e+22 -1.25125856242115445e+25
1.84213167715510176e-02 1.86386475650514294e+22 -1.22405486456274658e+25
1.84508399022904057e-02 1.82812046339552114e+22 -1.19749423201311604e+25
1.84803630330297938e-02 1.79315102861767391e+22 -1.17156061428976896e+25
1.85098861637691854e-02 1.75893817256438326e+22 -1.14623837416197850e+25
1.85394092945085735e-02 1.72546407132027767e+22 -1.12151227693348394e+25
1.85689324252479616e-02 1.69271134493267492e+22 -1.09736747999675190e+25
1.85984555559873532e-02 1.66066304598695645e+22 -1.07378952265225284e+25
1.86279786867267413e-02 1.62930264847834677e+22 -1.05076431618633947e+25
1.86575018174661295e-02 1.59861403697318724e+22 -1.02827813420193968e+25
1.86870249482055176e-02 1.56858149605191209e+22 -1.00631760319585611e+25
1.87165480789449057e-02 1.53918970002656377e+22 -9.84869693376780174e+24
1.87460712096842938e-02 1.51042370292607625e+22 -9.63921709718400745e+24
1.87755943404236819e-02 1.48226892874213868e+22 -9.43461283241771556e+24
1.88051174711630700e-02 1.45471116192924146e+22 -9.23476362521608586e+24
1.88346406019024581e-02 1.42773653815211841e+22 -9.03955205410852193e+24
1.88641637326418497e-02 1.40133153527448721e+22 -8.84886370978451178e+24
1.88936868633812378e-02 1.37548296980694156e+22 -8.66258184689935367e+24
1.89232099941206260e-02 1.35017800312019894e+22 -8.48059318966932728e+24
1.89527331248600141e-02 1.32540411592477046e+22 -8.30279277939427400e+24
1.89822562555994057e-02 1.30114909486288564e+22 -8.12907831446142950e+24
1.90117793863387938e-02 1.27740102476472485e+22 -7.95935008235426389e+24
1.90413025170781819e-02 1.25414828110285447e+22 -7.79351089336602989e+24
1.90708256478175700e-02 1.23137952263996199e+22 -7.63146601597905499e+24
1.91003487785569581e-02 1.20908368426480278e+22 -7.47312311386874993e+24
1.91298719092963462e-02 1.18724997001197996e+22 -7.31839218449719747e+24
1.91593950400357343e-02 1.16586784626046885e+22 -7.16718549925521864e+24
1.91889181707751225e-02 1.14492703510692993e+22 -7.01941754511995573e+24
1.92184413015145106e-02 1.12441750790873746e+22 -6.87500496778819961e+24
1.92479644322539022e-02 1.10432947899308588e+22 -6.73386651625370764e+24
1.92774875629932903e-02 1.08465339952734069e+22 -6.59592298879067449e+24
1.93070106937326784e-02 1.06537995154714725e+22 -6.46109717647249309e+24
1.93365338244720700e-02 1.04650004826493383e+22 -6.32930779652584157e+24
1.93660569552114581e-02 1.02800484785569210e+22 -6.20047284277263441e+24
1.93955800859508462e-02 1.00988573967187779e+22 -6.07451824707522716e+24
1.94251032166902343e-02 9.92134321354677263e+21 -5.95137562823544763e+24
1.94546263474296224e-02 9.74742389937368413e+21 -5.83097828525484570e+24
1.94841494781690105e-02 9.57701936946547261e+21 -5.71326115571754143e+24
1.95136726089083987e-02 9.41005143624691430e+21 -5.59816077517614248e+24
1.95431957396477868e-02 9.24644376271245227e+21 -5.48561523751885850e+24
1.95727188703871749e-02 9.08612181699199186e+21 -5.37556415629576241e+24
1.96022420011265665e-02 8.92901282804535185e+21 -5.26794862698323878e+24
1.96317651318659546e-02 8.77504574245672636e+21 -5.16271119016543905e+24
1.96612882626053427e-02 8.62415118230310460e+21 -5.05979579561221330e+24
1.96908113933447308e-02 8.47626140406998526e+21 -4.95914776723320688e+24
1.97203345240841224e-02 8.33131025858962129e+21 -4.86071376888858071e+24
1.97498576548235105e-02 8.18923315197554301e+21 -4.76444177103626767e+24
1.97793807855628986e-02 8.04996700752993845e+21 -4.67028101819712830e+24
1.98089039163022868e-02 7.91345022859992682e+21 -4.57818199721920070e+24
1.98384270470416749e-02 7.77962268886868636e+21 -4.48809373093225026e+24
1.98679501777810630e-02 7.64842577227202796e+21 -4.39996671190404166e+24
1.98974733085204511e-02 7.51980225184310965e+21 -4.31375538576180291e+24
1.99269964392598392e-02 7.39369622922566042e+21 -4.22941529764811945e+24
1.99565195699992273e-02 7.27005310261032754e+21 -4.14690306536439248e+24
1.99860427007386189e-02 7.14881953545498657e+21 -4.06617635315582108e+24
2.00155658314780070e-02 7.02994342597048559e+21 -3.98719384612403785e+24
2.00450889622173951e-02 6.91337387735094657e+21 -3.90991522525188161e+24
2.00746120929567867e-02 6.79906116873387455e+21 -3.83430114302868388e+24
2.01041352236961748e-02 6.68695672687113850e+21 -3.76031319966190899e+24
2.01336583544355630e-02 6.57701309849304721e+21 -3.68791391986154114e+24
2.01631814851749511e-02 6.46918392334978751e+21 -3.61706673018497739e+24
2.01927046159143392e-02 6.36342390791449084e+21 -3.54773593693011542e+24
2.02222277466537273e-02 6.25968879972953516e+21 -3.47988670456298152e+24
2.02517508773931154e-02 6.15793536238284597e+21 -3.41348503466878469e+24
2.02812740081325035e-02 6.05812135109833995e+21 -3.34849774541447127e+24
2.03107971388718916e-02 5.96020550795115207e+21 -3.28489053080069704e+24
2.03403202696112832e-02 5.86414759275614909e+21 -3.22263006101628589e+24
2.03698434003506713e-02 5.76990829836191557e+21 -3.16168577221342574e+24
2.03993665310900595e-02 5.67744920923284282e+21 -3.10202782412987449e+24
2.04288896618294476e-02 5.58673278034466308e+21 -3.04362708268828714e+24
2.04584127925688392e-02 5.49772231658713173e+21 -2.98645510300600804e+24
2.04879359233082273e-02 5.41038195266335382e+21 -2.93048411280714537e+24
2.05174590540476154e-02 5.32467663347165168e+21 -2.87568699622688458e+24
2.05469821847870035e-02 5.24057209496084991e+21 -2.82203727800055900e+24
2.05765053155263916e-02 5.15803484544682793e+21 -2.76950910802856223e+24
2.06060284462657797e-02 5.07703214737842189e+21 -2.71807724630824030e+24
2.06355515770051678e-02 4.99753199954379355e+21 -2.66771704822541000e+24
2.06650747077445560e-02 4.91950311970564787e+21 -2.61840445019703755e+24
2.06945978384839441e-02 4.84291492765470871e+21 -2.57011595565692081e+24
2.07241209692233357e-02 4.76773752867255747e+21 -2.52282862137711609e+24
2.07536440999627238e-02 4.69394169739313991e+21 -2.47652004411723582e+24
2.07831672307021119e-02 4.62149887576694535e+21 -2.43116696291405148e+24
2.08126903614415035e-02 4.55038119677889295e+21 -2.38674676899212973e+24
2.08422134921808916e-02 4.48056142486498181e+21 -2.34323880084332318e+24
2.08717366229202797e-02 4.41201292735222907e+21 -2.30062287612991414e+24
2.09012597536596678e-02 4.34470966047972209e+21 -2.25887928035532652e+24
2.09307828843990559e-02 4.27862615575060336e+21 -2.21798875579901580e+24
2.09603060151384440e-02 4.21373750660684998e+21 -2.17793249070956868e+24
2.09898291458778322e-02 4.15001935541905444e+21 -2.13869210875026954e+24
2.10193522766172203e-02 4.08744788078454112e+21 -2.10024965869192328e+24
2.10488754073566084e-02 4.02599978512592509e+21 -2.06258760434729932e+24
2.10783985380960000e-02 3.96565228258356730e+21 -2.02568881474188212e+24
2.11079216688353881e-02 3.90638308719458832e+21 -1.98953655451578531e+24
2.11374447995747762e-02 3.84817040135195722e+21 -1.95411447455152045e+24
2.11669679303141643e-02 3.79099290453711625e+21 -1.91940660282288666e+24
2.11964910610535559e-02 3.73482974231945544e+21 -1.88539733545972729e+24
2.12260141917929440e-02 3.67966052304653386e+21 -1.85207034066790831e+24
2.12555373225323321e-02 3.62546538714759325e+21 -1.81940661146446351e+24
2.12850604532717202e-02 3.57222498913222551e+21 -1.78739073033330947e+24
2.13145835840111084e-02 3.51992040742907806e+21 -1.75600886648664093e+24
2.13441067147504965e-02 3.46853312422235446e+21 -1.72524749772689176e+24
2.13736298454898846e-02 3.41804501644465983e+21 -1.69509340346058999e+24
2.14031529762292762e-02 3.36843834697397043e+21 -1.66553365786659657e+24
2.14326761069686643e-02 3.31969575603016460e+21 -1.63655562321548315e+24
2.14621992377080524e-02 3.27180025276617772e+21 -1.60814694333685168e+24
2.14917223684474405e-02 3.22473520705030901e+21 -1.58029553723191541e+24
2.15212454991868286e-02 3.17848434143487171e+21 -1.55298959282824333e+24
2.15507686299262168e-02 3.13303172330696055e+21 -1.52621756087361642e+24
2.15802917606656049e-02 3.08836175721769625e+21 -1.49996814896637449e+24
2.16098148914049965e-02 3.04445917738579263e+21 -1.47423031571942888e+24
2.16393380221443846e-02 3.00130904037121380e+21 -1.44899326505489684e+24
2.16688611528837727e-02 2.95889671791544893e+21 -1.42424644062690267e+24
2.16983842836231608e-02 2.91720788994497131e+21 -1.39997952036991743e+24
2.17279074143625489e-02 2.87622854491700409e+21 -1.37618168540640999e+24
2.17574305451019370e-02 2.83594499369949882e+21 -1.35284240717031472e+24
2.17869536758413286e-02 2.79634383982241199e+21 -1.32995213108939904e+24
2.18164768065807167e-02 2.75741196580123522e+21 -1.30750151149979042e+24
2.18459999373201048e-02 2.71913652703833149e+21 -1.28548140699156811e+24
2.18755230680594930e-02 2.68150494586001949e+21 -1.26388287585595557e+24
2.19050461987988811e-02 2.64450490568697866e+21 -1.24269717163228784e+24
2.19345693295382692e-02 2.60812434533419581e+21 -1.22191573875245197e+24
2.19640924602776608e-02 2.57235145343857118e+21 -1.20153020828115160e+24
2.19936155910170489e-02 2.53717466301044254e+21 -1.18153239374972586e+24
2.20231387217564370e-02 2.50258264610715887e+21 -1.16191428708195239e+24
2.20526618524958251e-02 2.46856430862522122e+21 -1.14266805460960684e+24
2.20821849832352132e-02 2.43510878520919563e+21 -1.12378603317633662e+24
2.21117081139746013e-02 2.40220543427379619e+21 -1.10526072632748392e+24
2.21412312447139929e-02 2.36984383313780618e+21 -1.08708480058473305e+24
2.21707543754533810e-02 2.33801377326634579e+21 -1.06925108180321734e+24
2.22002775061927692e-02 2.30670526082720544e+21 -1.05175202538125418e+24
2.22298006369321573e-02 2.27590852707854005e+21 -1.03458028526615936e+24
2.22593237676715454e-02 2.24561400714112244e+21 -1.01772921116126842e+24
2.22888468984109335e-02 2.21581233036417460e+21 -1.00119229512268340e+24
2.23183700291503216e-02 2.18649431616897365e+21 -9.84963168441189267e+23
2.23478931598897132e-02 2.15765096998319764e+21 -9.69035598591348177e+23
2.23774162906291013e-02 2.12927347926482420e+21 -9.53403486246757198e+23
2.24069394213684894e-02 2.10135320961276235e+21 -9.38060862359760854e+23
2.24364625521078775e-02 2.07388170096297955e+21 -9.23001885304626252e+23
2.24659856828472657e-02 2.04685066386803969e+21 -9.08220838082767992e+23
2.24955088135866538e-02 2.02025197585825818e+21 -8.93712125588797215e+23
2.25250319443260454e-02 1.99407767788254501e+21 -8.79470271936062904e+23
2.25545550750654335e-02 1.96831997082757287e+21 -8.65489917840672946e+23
2.25840782058048216e-02 1.94297121211315493e+21 -8.51765818062571668e+23
2.26136013365442097e-02 1.91802391236240002e+21 -8.38292838902617583e+23
2.26431244672835978e-02 1.89347073214494907e+21 -8.25065955754503708e+23
2.26726475980229859e-02 1.86930448256120127e+21 -8.12079869708946744e+23
2.27021707287623775e-02 1.84551813295852487e+21 -7.99329418296327762e+23
2.27316938595017656e-02 1.82210479577084985e+21 -7.86809936492073463e+23
2.27612169902411537e-02 1.79905771971110555e+21 -7.74516856952382472e+23
2.27907401209805419e-02 1.77637028691847912e+21 -7.62445707912228215e+23
2.28202632517199300e-02 1.75403601016713406e+21 -7.50592111128228898e+23
2.28497863824593181e-02 1.73204853013497958e+21 -7.38951779865405346e+23
2.28793095131987097e-02 1.71040161273123910e+21 -7.27520516926978973e+23
2.29088326439380978e-02 1.68908914648157782e+21 -7.16294212726382708e+23
2.29383557746774859e-02 1.66810513996950641e+21 -7.05268843400571921e+23
2.29678789054168740e-02 1.64744371933294389e+21 -6.94440468963870848e+23
2.29974020361562621e-02 1.62709912581458048e+21 -6.83805231501442776e+23
2.30269251668956502e-02 1.60706571336518179e+21 -6.73359353401723364e+23
2.30564482976350384e-02 1.58733794629831754e+21 -6.63099135626834090e+23
2.30859714283744299e-02 1.56791039699573434e+21 -6.53020956020361648e+23
2.31154945591138181e-02 1.54877774366211178e+21 -6.43121267651656779e+23
2.31450176898532062e-02 1.52993477084568276e+21 -6.33396322458037828e+23
2.31745408205925943e-02 1.51137637511205723e+21 -6.23842466551992156e+23
2.32040639513319824e-02 1.49309755510389657e+21 -6.14456218530954344e+23
2.32335870820713705e-02 1.47509342718851757e+21 -6.05233205680529161e+23
2.32631102128107621e-02 1.45735922310267798e+21 -5.96170125391797758e+23
2.32926333435501502e-02 1.43989026601155402e+21 -5.87263947890196482e+23
2.33221564742895383e-02 1.42268196762962126e+21 -5.78511704101046089e+23
2.33516796050289265e-02 1.40572982644710729e+21 -5.69910484402408599e+23
2.33812027357683146e-02 1.38902942599282216e+21 -5.61457437403143733e+23
2.34107258665077027e-02 1.37257643313271800e+21 -5.53149768745746910e+23
2.34402489972470943e-02 1.35636659640354760e+21 -5.44984739933550914e+23
2.34697721279864824e-02 1.34039574438054619e+21 -5.36959667181670409e+23
2.34992952587258705e-02 1.32465978407899811e+21 -5.29071920291484822e+23
2.35288183894652586e-02 1.30915469938842088e+21 -5.21318921547973671e+23
2.35583415202046467e-02 1.29387654953911583e+21 -5.13698144639634029e+23
2.35878646509440348e-02 1.27882146760028743e+21 -5.06207113600509749e+23
2.36173877816834264e-02 1.26398566095331892e+21 -4.98843205161696719e+23
2.36469109124228145e-02 1.24936541545861612e+21 -4.91603859525849900e+23
2.36764340431622027e-02 1.23495708782993945e+21 -4.84486767663953541e+23
2.37059571739015908e-02 1.22075710227866635e+21 -4.77489665926806400e+23
2.37354803046409789e-02 1.20676194918757853e+21 -4.70610335127949797e+23
2.37650034353803670e-02 1.19296818381153999e+21 -4.63846599644948055e+23
2.37945265661197551e-02 1.17937242500441820e+21 -4.57196326538600761e+23
2.38240496968591467e-02 1.16597135397164640e+21 -4.50657424689789034e+23
2.38535728275985348e-02 1.15276171304816384e+21 -4.44227843953662309e+23
2.38830959583379229e-02 1.13974030450096669e+21 -4.37905574330789242e+23
2.39126190890773110e-02 1.12690398935593006e+21 -4.31688645154985501e+23
2.39421422198166992e-02 1.11424968624834255e+21 -4.25575124297499745e+23
2.39716653505560873e-02 1.10177437029674136e+21 -4.19563117387259157e+23
2.40011884812954789e-02 1.08947507199948620e+21 -4.13650767046842545e+23
2.40307116120348670e-02 1.07734887615364701e+21 -4.07836252143898746e+23
2.40602347427742551e-02 1.06539292079585309e+21 -4.02117787057737477e+23
2.40897578735136432e-02 1.05360439753829122e+21 -3.96493482012456801e+23
2.41192810042530313e-02 1.04198055452088218e+21 -3.90961491584942890e+23
2.41488041349924194e-02 1.03051869103539343e+21 -3.85520147353984230e+23
2.41783272657318110e-02 1.01921615515508212e+21 -3.80167813004375865e+23
2.42078503964711991e-02 1.00807034279629947e+21 -3.74902883688223735e+23
2.42373735272105872e-02 9.97078696798720098e+20 -3.69723785398873332e+23
2.42668966579499754e-02 9.86238706023947567e+20 -3.64628974357272559e+23
2.42964197886893635e-02 9.75547904471974412e+20 -3.59616936410497728e+23
2.43259429194287516e-02 9.65003870415256420e+20 -3.54686186442233599e+23
2.43554660501681432e-02 9.54604225550034010e+20 -3.49835267794990757e+23
2.43849891809075313e-02 9.44346634164540932e+20 -3.45062751703841823e+23
2.44145123116469194e-02 9.34228802323669844e+20 -3.40367236741404236e+23
2.44440354423863075e-02 9.24248477070067368e+20 -3.35747348273984252e+23
2.44735585731256956e-02 9.14403445640890286e+20 -3.31201737928504924e+23
2.45030817038650837e-02 9.04691534700259049e+20 -3.26729083070133261e+23
2.45326048346044719e-02 8.95110609587037667e+20 -3.22328086290397032e+23
2.45621279653438634e-02 8.85658574528907706e+20 -3.17997378650620475e+23
2.45916510960832516e-02 8.76333374673215160e+20 -3.13735622246647154e+23
2.46211742268226397e-02 8.67132992352836911e+20 -3.09541602276252628e+23
2.46506973575620278e-02 8.58055445426525176e+20 -3.05414126821718209e+23
2.46802204883014159e-02 8.49098786609867260e+20 -3.01352026401644508e+23
2.47097436190408040e-02 8.40261102819411231e+20 -2.97354153531586382e+23
2.47392667497801956e-02 8.31540514529665352e+20 -2.93419382293340831e+23
2.47687898805195837e-02 8.22935175142599950e+20 -2.89546607912675038e+23
2.47983130112589718e-02 8.14443270369575043e+20 -2.85734746345405275e+23
2.48278361419983599e-02 8.06063017625316360e+20 -2.81982733871617113e+23
2.48573592727377481e-02 7.97792665433780519e+20 -2.78289526697901525e+23
2.48868824034771362e-02 7.89630492845624787e+20 -2.74654100567444230e+23
2.49164055342165278e-02 7.81574808867105931e+20 -2.71075450377826552e+23
2.49459286649559159e-02 7.73623951900114682e+20 -2.67552589806379754e+23
2.49754517956953040e-02 7.65776289193177776e+20 -2.64084550942957683e+23
2.50049749264346921e-02 7.58030216303208432e+20 -2.60670383929991497e+23
2.50344980571740802e-02 7.50384157205969895e+20 -2.57309092032545959e+23
2.50640211879134683e-02 7.42836565628558508e+20 -2.53999700233400164e+23
2.50935443186528599e-02 7.35385922517342618e+20 -2.50741317100916087e+23
2.51230674493922480e-02 7.28030734893101875e+20 -2.47533067642112416e+23
2.51525905801316361e-02 7.20769535370408493e+20 -2.44374092985669662e+23
2.51821137108710243e-02 7.13600881686236889e+20 -2.41263550071103371e+23
2.52116368416104124e-02 7.06523356237719405e+20 -2.38200611344016468e+23
2.52411599723498005e-02 6.99535565628764324e+20 -2.35184464457287810e+23
2.52706831030891921e-02 6.92636140407086514e+20 -2.32214268872730838e+23
2.53002062338285802e-02 6.85823740413833511e+20 -2.29288896856841741e+23
2.53297293645679683e-02 6.79097055296812089e+20 -2.26407519841861142e+23
2.53592524953073564e-02 6.72454797094868746e+20 -2.23569401041204883e+23
2.53887756260467445e-02 6.65895699402935632e+20 -2.20773816917010529e+23
2.54182987567861327e-02 6.59418516984532304e+20 -2.18020056931250588e+23
2.54478218875255208e-02 6.53022025391597814e+20 -2.15307423301572181e+23
2.54773450182649124e-02 6.46705020591444591e+20 -2.12635230761769025e+23
2.55068681490043005e-02 6.40466319006383604e+20 -2.10002765275254804e+23
2.55363912797436886e-02 6.34304758332088254e+20 -2.07409327507500756e+23
2.55659144104830767e-02 6.28219195901375676e+20 -2.04854272215554409e+23
2.55954375412224648e-02 6.22208507926964601e+20 -2.02336965616212485e+23
2.56249606719618529e-02 6.16271589166279557e+20 -1.99856785173273385e+23
2.56544838027012445e-02 6.10407352592525951e+20 -1.97413119388793631e+23
2.56840069334406326e-02 6.04614729071811232e+20 -1.95005367598238589e+23
2.57135300641800207e-02 5.98892667046327353e+20 -1.92632939769499411e+23
2.57430531949194089e-02 5.93240132223309971e+20 -1.90295256305654343e+23
2.57725763256587970e-02 5.87656107269867897e+20 -1.87991747851464848e+23
2.58020994563981851e-02 5.82139591513427476e+20 -1.85721855103502215e+23
2.58316225871375767e-02 5.76689600647690191e+20 -1.83485028623829965e+23
2.58611457178769648e-02 5.71305166444145934e+20 -1.81280728657231213e+23
2.58906688486163529e-02 5.65985336468794966e+20 -1.79108424951836713e+23
2.59201919793557410e-02 5.60729173804231885e+20 -1.76967596583169806e+23
2.59497151100951291e-02 5.55535756776812511e+20 -1.74857731781491658e+23
2.59792382408345172e-02 5.50404178921976037e+20 -1.72778304168343707e+23
2.60087613715739088e-02 5.45333549399160783e+20 -1.70728797638158948e+23
2.60382845023132969e-02 5.40322991997817061e+20 -1.68708729004294316e+23
2.60678076330526851e-02 5.35371644647899922e+20 -1.66717623500810503e+23
2.60973307637920732e-02 5.30478659173549736e+20 -1.64755014628010130e+23
2.61268538945314613e-02 5.25643201051254063e+20 -1.62820444000851413e+23
2.61563770252708494e-02 5.20864449172543504e+20 -1.60913461200231961e+23
2.61859001560102375e-02 5.16141595610920452e+20 -1.59033623627015626e+23
2.62154232867496291e-02 5.11473845393138778e+20 -1.57180496358823227e+23
2.62449464174890172e-02 5.06860416274631492e+20 -1.55353652009488836e+23
2.62744695482284053e-02 5.02300538519060939e+20 -1.53552670591158145e+23
2.63039926789677934e-02 4.97793454681890226e+20 -1.51777139378964683e+23
2.63335158097071816e-02 4.93338419397965709e+20 -1.50026652778262461e+23
2.63630389404465697e-02 4.88934699172892246e+20 -1.48300812194321042e+23
2.63925620711859613e-02 4.84581572178273632e+20 -1.46599225904481681e+23
2.64220852019253494e-02 4.80278328050721423e+20 -1.44921508932722065e+23
2.64516083326647375e-02 4.76024267799911727e+20 -1.43267272249450047e+23
2.64811314634041256e-02 4.71818703921999970e+20 -1.41636133950741046e+23
2.65106545941435137e-02 4.67660959877250417e+20 -1.40027729481678077e+23
2.65401777248829018e-02 4.63550369796369089e+20 -1.38441700524380371e+23
2.65697008556222934e-02 4.59486278298066551e+20 -1.36877694884892687e+23
2.65992239863616815e-02 4.55468040309872460e+20 -1.35335366382172615e+23
2.66287471171010696e-02 4.51495020892271804e+20 -1.33814374739170346e+23
2.66582702478404578e-02 4.47566595065938838e+20 -1.32314385475922429e+23
2.66877933785798459e-02 4.43682147642168443e+20 -1.30835069804660782e+23
2.67173165093192340e-02 4.39841073056349290e+20 -1.29376104526875095e+23
2.67468396400586256e-02 4.36042775204431200e+20 -1.27937171932295415e+23
2.67763627707980137e-02 4.32286667282372690e+20 -1.26517959699771098e+23
2.68058859015374018e-02 4.28572171628487705e+20 -1.25118160799999159e+23
2.68354090322767899e-02 4.24898719568605020e+20 -1.23737473400065994e+23
2.68649321630161780e-02 4.21265751264058016e+20 -1.22375600769782090e+23
2.68944552937555661e-02 4.17672715562396942e+20 -1.21032251189762548e+23
2.69239784244949543e-02 4.14119069862362743e+20 -1.19707136687733568e+23
2.69535015552343458e-02 4.10604280003883696e+20 -1.18399974177374502e+23
2.69830246859737340e-02 4.07127820090572145e+20 -1.17110486516337497e+23
2.70125478167131221e-02 4.03689172339202195e+20 -1.15838401220085698e+23
2.70420709474525102e-02 4.00287826943407555e+20 -1.14583450378300704e+23
2.70715940781918983e-02 3.96923281939866976e+20 -1.13345370572862448e+23
2.71011172089312864e-02 3.93595043076861854e+20 -1.12123902797354061e+23
2.71306403396706780e-02 3.90302623685214667e+20 -1.10918792378077172e+23
2.71601634704100661e-02 3.87045544551492944e+20 -1.09729788896528606e+23
2.71896866011494542e-02 3.83823333793538376e+20 -1.08556646113339865e+23
2.72192097318888424e-02 3.80635526738185945e+20 -1.07399121893626909e+23
2.72487328626282305e-02 3.77481665801142600e+20 -1.06256978133725273e+23
2.72782559933676186e-02 3.74361300369079927e+20 -1.05129980689311903e+23
2.73077791241070102e-02 3.71273986683758641e+20 -1.04017899304847271e+23
2.73373022548463983e-02 3.68219287728253567e+20 -1.02920507544342809e+23
2.73668253855857864e-02 3.65196773115194704e+20 -1.01837582723416972e+23
2.73963485163251745e-02 3.62206018920170193e+20 -1.00768911595396487e+23
2.74258716470645626e-02 3.59246607485319250e+20 -9.97142699819788182e+22
2.74553947778039507e-02 3.56318128821269823e+20 -9.86733762929411689e+22
2.74849179085433423e-02 3.53420180335359361e+20 -9.76460150591794551e+22
2.75144410392827304e-02 3.50552365503274549e+20 -9.66319838685432067e+22
2.75439641700221186e-02 3.47714293727561187e+20 -9.56310836174174500e+22
2.75734873007615067e-02 3.44905580240799728e+20 -9.46431184526619642e+22
2.76030104315008948e-02 3.42125846010491503e+20 -9.36678957146229881e+22
2.76325335622402829e-02 3.39374717645594493e+20 -9.27052258811887705e+22
2.76620566929796710e-02 3.36651827304729870e+20 -9.17549225128855779e+22
2.76915798237190626e-02 3.33956812605945283e+20 -9.08168021989679862e+22
2.77211029544584507e-02 3.31289316538082460e+20 -8.98906845045101680e+22
2.77506260851978388e-02 3.28648987373717553e+20 -8.89763919184749574e+22
2.77801492159372269e-02 3.26035478583567974e+20 -8.80737498027237793e+22
2.78096723466766151e-02 3.23448448752416063e+20 -8.71825863419689561e+22
2.78391954774160032e-02 3.20887561496518328e+20 -8.63027324946511938e+22
2.78687186081553948e-02 3.18352485276502721e+20 -8.54340326697153331e+22
2.78982417388947829e-02 3.15842893008473358e+20 -8.45763333768238093e+22
2.79277648696341710e-02 3.13358462317955187e+20 -8.37294727639301525e+22
2.79572880003735591e-02 3.10898875570176524e+20 -8.28932915915270599e+22
2.79868111311129472e-02 3.08463819793616142e+20 -8.20676331870794096e+22
2.80163342618523353e-02 3.06052986604860539e+20 -8.12523434002935018e+22
2.80458573925917269e-02 3.03666072134824821e+20 -8.04472705592277944e+22
2.80753805233311150e-02 3.01302776956189409e+20 -7.96522654271951885e+22
2.81049036540705031e-02 2.98962806012139930e+20 -7.88671811604714074e+22
2.81344267848098913e-02 2.96645868546340225e+20 -7.80918732667843059e+22
2.81639499155492794e-02 2.94351678034109039e+20 -7.73261995645622813e+22
2.81934730462886675e-02 2.92079952114793808e+20 -7.65700201429366347e+22
2.82229961770280591e-02 2.89830412525313655e+20 -7.58231973224782391e+22
2.82525193077674472e-02 2.87602785034850730e+20 -7.50855956166570945e+22
2.82820424385068353e-02 2.85396799380667236e+20 -7.43570816940093116e+22
2.83115655692462234e-02 2.83212189205035516e+20 -7.36375243410002328e+22
2.83410886999856115e-02 2.81048691852948079e+20 -7.29268086362050291e+22
2.83706118307249996e-02 2.78906047901131604e+20 -7.22248209721908821e+22
2.84001349614643878e-02 2.76784001537630667e+20 -7.15314352003561292e+22
2.84296580922037793e-02 2.74682300645061100e+20 -7.08465271804242554e+22
2.84591812229431675e-02 2.72600696741830853e+20 -7.01699747456657308e+22
2.84887043536825556e-02 2.70538944924378726e+20 -6.95016576687657210e+22
2.85182274844219437e-02 2.68496803810415444e+20 -6.88414576283249615e+22
2.85477506151613318e-02 2.66474035483142586e+20 -6.81892581759797355e+22
2.85772737459007199e-02 2.64470405436429271e+20 -6.75449447041304887e+22
2.86067968766401115e-02 2.62485682520933368e+20 -6.69084044142646751e+22
2.86363200073794996e-02 2.60519638891166237e+20 -6.62795262858719312e+22
2.86658431381188877e-02 2.58572049953428832e+20 -6.56582010459195420e+22
2.86953662688582758e-02 2.56642694314688086e+20 -6.50443211389050521e+22
2.87248893995976640e-02 2.54731353732294476e+20 -6.44377806974502851e+22
2.87544125303370521e-02 2.52837813064564212e+20 -6.38384755134375280e+22
2.87839356610764437e-02 2.50961860222229971e+20 -6.32463030096823258e+22
2.88134587918158318e-02 2.49103285957181571e+20 -6.26611787743421541e+22
2.88429819225552199e-02 2.47261883337205678e+20 -6.20830191526121853e+22
2.88725050532946080e-02 2.45437448211110822e+20 -6.15117250937547003e+22
2.89020281840339961e-02 2.43629779328942899e+20 -6.09471991045112642e+22
2.89315513147733842e-02 2.41838678296388272e+20 -6.03893452223114170e+22
2.89610744455127758e-02 2.40063949529970541e+20 -5.98380689889811738e+22
2.89905975762521639e-02 2.38305400213041218e+20 -5.92932774249474850e+22
2.90201207069915521e-02 2.36562840252474819e+20 -5.87548790039085654e+22
2.90496438377309402e-02 2.34836082236142289e+20 -5.82227836279834657e+22
2.90791669684703283e-02 2.33124941391102968e+20 -5.76969026033201227e+22
2.91086900992097164e-02 2.31429235542513058e+20 -5.71771486161551858e+22
2.91382132299491045e-02 2.29748785073206067e+20 -5.66634357093096248e+22
2.91677363606884961e-02 2.28083412884014432e+20 -5.61556792591308869e+22
2.91972594914278842e-02 2.26432944354712125e+20 -5.56537959528480847e+22
2.92267826221672723e-02 2.24797207305649619e+20 -5.51577037663505901e+22
2.92563057529066604e-02 2.23176031960037163e+20 -5.46673219423756406e+22
2.92858288836460486e-02 2.21569250728715551e+20 -5.41825890161325003e+22
2.93153520143854367e-02 2.19976697652029948e+20 -5.37034438885997889e+22
2.93448751451248283e-02 2.18398208920180523e+20 -5.32298082151073202e+22
2.93743982758642164e-02 2.16833623018310926e+20 -5.27616048696542206e+22
2.94039214066036045e-02 2.15282780690828591e+20 -5.22987579240794292e+22
2.94334445373429926e-02 2.13745524906350019e+20 -5.18411926276266451e+22
2.94629676680823807e-02 2.12221700823234773e+20 -5.13888353868864448e+22
2.94924907988217688e-02 2.10711155755710284e+20 -5.09416137461142336e+22
2.95220139295611604e-02 2.09213739140564255e+20 -5.04994563679111390e+22
2.95515370603005485e-02 2.07729302504416281e+20 -5.00622930142675180e+22
2.95810601910399366e-02 2.06257699431530693e+20 -4.96300545279542983e+22
2.96105833217793248e-02 2.04798785532184494e+20 -4.92026728142622708e+22
2.96401064525187129e-02 2.03352418411553325e+20 -4.87800808230741743e+22
2.96696295832581010e-02 2.01918457534123606e+20 -4.83622246786716548e+22
2.96991527139974926e-02 2.00496763695831122e+20 -4.79490580665579833e+22
2.97286758447368807e-02 1.99087199400540602e+20 -4.75405163350367519e+22
2.97581989754762688e-02 1.97689628866757558e+20 -4.71365544534000586e+22
2.97877221062156569e-02 1.96303917452945457e+20 -4.67371275031611546e+22
2.98172452369550450e-02 1.94929932209576444e+20 -4.63421722518550500e+22
2.98467683676944331e-02 1.93567542039434265e+20 -4.59516264464908246e+22
2.98762914984338213e-02 1.92216617668961894e+20 -4.55654287968342062e+22
2.99058146291732128e-02 1.90877031620065952e+20 -4.51835189589970203e+22
2.99353377599126010e-02 1.89548658182426395e+20 -4.48058375193418845e+22
2.99648608906519891e-02 1.88231373386260414e+20 -4.44323259786848402e+22
2.99943840213913772e-02 1.86925054975556125e+20 -4.40629267367965103e+22
3.00239071521307653e-02 1.85629582381761757e+20 -4.36975830771934020e+22
3.00534302828701534e-02 1.84344836697909985e+20 -4.33362391522118300e+22
3.00829534136095450e-02 1.83070700653179699e+20 -4.29788399683601569e+22
3.01124765443489331e-02 1.81807058587910767e+20 -4.26253313719503159e+22
3.01419996750883212e-02 1.80553796429000802e+20 -4.22756600349870648e+22
3.01715228058277093e-02 1.79310801665737261e+20 -4.19297734413253146e+22
3.02010459365670975e-02 1.78077963326030545e+20 -4.15876198730828161e+22
3.02305690673064856e-02 1.76855171763739591e+20 -4.12491675806654792e+22
3.02600921980458772e-02 1.75642318080344818e+20 -4.09143847360270896e+22
3.02896153287852653e-02 1.74439294691908420e+20 -4.05832206863588708e+22
3.03191384595246534e-02 1.73245995498392060e+20 -4.02556255575641697e+22
3.03486615902640415e-02 1.72062315860866630e+20 -3.99315502410670182e+22
3.03781847210034296e-02 1.70888152579094970e+20 -3.96109463808658689e+22
3.04077078517428177e-02 1.69723403869516595e+20 -3.92937663608371680e+22
3.04372309824822093e-02 1.68567969343576343e+20 -3.89799632922702785e+22
3.04667541132215974e-02 1.67421749986429370e+20 -3.86694910016392717e+22
3.04962772439609855e-02 1.66284648136013087e+20 -3.83623040186064212e+22
3.05258003747003737e-02 1.65156567462456689e+20 -3.80583575642456961e+22
3.05553235054397618e-02 1.64037412947837944e+20 -3.77576075394878810e+22
3.05848466361791499e-02 1.62927090866281578e+20 -3.74600105137804956e+22
3.06143697669185380e-02 1.61825508764387410e+20 -3.71655237139593911e+22
3.06438928976579296e-02 1.60732575441981669e+20 -3.68741050133253068e+22
3.06734160283973177e-02 1.59648200933196268e+20 -3.65857129209254516e+22
3.07029391591367058e-02 1.58572296299266671e+20 -3.63003256818507385e+22
3.07324622898760939e-02 1.57504773056646087e+20 -3.60179213360891387e+22
3.07619854206154821e-02 1.56445543745592066e+20 -3.57384590305607717e+22
3.07915085513548702e-02 1.55394522103223452e+20 -3.54618985370534187e+22
3.08210316820942617e-02 1.54351623045221679e+20 -3.51882002417200189e+22
3.08505548128336499e-02 1.53316762647856742e+20 -3.49173251347779242e+22
3.08800779435730380e-02 1.52289858130296177e+20 -3.46492348003977999e+22
3.09096010743124261e-02 1.51270827837216555e+20 -3.43838914067838313e+22
3.09391242050518142e-02 1.50259591221707047e+20 -3.41212576964401787e+22
3.09686473357912023e-02 1.49256068828454879e+20 -3.38612969766190915e+22
3.09981704665305939e-02 1.48260182277208703e+20 -3.36039731099465176e+22
3.10276935972699820e-02 1.47271854246521962e+20 -3.33492505052241367e+22
3.10572167280093701e-02 1.46291008457764930e+20 -3.30970941084016837e+22
3.10867398587487583e-02 1.45317569659386380e+20 -3.28474693937143375e+22
3.11162629894881464e-02 1.44351463611457208e+20 -3.26003423549886174e+22
3.11457861202275345e-02 1.43392617070449951e+20 -3.23556794971051493e+22
3.11753092509669261e-02 1.42440957589332115e+20 -3.21134665717829106e+22
3.12048323817063142e-02 1.41496412959568806e+20 -3.18736890450601522e+22
3.12343555124457023e-02 1.40558911771322909e+20 -3.16363137562093719e+22
3.12638786431850904e-02 1.39628383586286240e+20 -3.14013080505411311e+22
3.12934017739244785e-02 1.38704758922844406e+20 -3.11686397709684069e+22
3.13229249046638666e-02 1.37787969241520865e+20 -3.09382772497366081e+22
3.13524480354032548e-02 1.36877946930648318e+20 -3.07101893003054489e+22
3.13819711661426498e-02 1.35974625292275089e+20 -3.04843452093826618e+22
3.14114942968820310e-02 1.35077938528317276e+20 -3.02607147291086453e+22
3.14410174276214260e-02 1.34187821726921261e+20 -3.00392680693835099e+22
3.14705405583608072e-02 1.33304210849068270e+20 -2.98199758903402897e+22
3.15000636891002023e-02 1.32427042715389215e+20 -2.96028092949558251e+22
3.15295868198395834e-02 1.31556254993200955e+20 -2.93877398217996118e+22
3.15591099505789785e-02 1.30691786183742816e+20 -2.91747394379142304e+22
3.15886330813183666e-02 1.29833575609638797e+20 -2.89637805318304076e+22
3.16181562120577547e-02 1.28981563402553754e+20 -2.87548359067090698e+22
3.16476793427971428e-02 1.28135690311918535e+20 -2.85478969296277293e+22
3.16772024735365310e-02 1.27295897166481637e+20 -2.83429546344536374e+22
3.17067256042759191e-02 1.26462125418643390e+20 -2.81399819457287097e+22
3.17362487350153072e-02 1.25634317314037875e+20 -2.79389522014830949e+22
3.17657718657547022e-02 1.24812415879422050e+20 -2.77398391464080934e+22
3.17952949964940834e-02 1.23996364910771601e+20 -2.75426169251578291e+22
3.18248181272334785e-02 1.23186108961569620e+20 -2.73472600757756001e+22
3.18543412579728596e-02 1.22381593331291603e+20 -2.71537435232435553e+22
3.18838643887122547e-02 1.21582764054068871e+20 -2.69620425731498993e+22
3.19133875194516428e-02 1.20789567887548203e+20 -2.67721329054758994e+22
3.19429106501910309e-02 1.20001952301929464e+20 -2.65839905684971911e+22
3.19724337809304190e-02 1.19219865440404357e+20 -2.63975986239117879e+22
3.20019569116698072e-02 1.18443255246308458e+20 -2.62129847033364449e+22
3.20314800424091953e-02 1.17672069328948380e+20 -2.60301350923376085e+22
3.20610031731485834e-02 1.16906255959775085e+20 -2.58490255065931475e+22
3.20905263038879784e-02 1.16145764121714213e+20 -2.56696320314552164e+22
3.21200494346273596e-02 1.15390543326651793e+20 -2.54919485194888272e+22
3.21495725653667547e-02 1.14640543099855553e+20 -2.53159684951878769e+22
3.21790956961061358e-02 1.13895713502057873e+20 -2.51416681057631181e+22
3.22086188268455309e-02 1.13156005292736332e+20 -2.49690238672455158e+22
3.22381419575849121e-02 1.12421369919323292e+20 -2.47980126583998047e+22
3.22676650883243071e-02 1.11691759506578948e+20 -2.46286117147499299e+22
3.22971882190636952e-02 1.10967126846150836e+20 -2.44607986227216048e+22
3.23267113498030834e-02 1.10247425386292806e+20 -2.42945513138921847e+22
3.23562344805424715e-02 1.09532609221765169e+20 -2.41298480593530100e+22
3.23857576112818596e-02 1.08822633083888206e+20 -2.39666674641750228e+22
3.24152807420212477e-02 1.08117452330764730e+20 -2.38049884619800408e+22
3.24448038727606358e-02 1.07417022937659539e+20 -2.36447903096136144e+22
3.24743270035000309e-02 1.06721301487532392e+20 -2.34860525819169813e+22
3.25038501342394121e-02 1.06030245161727230e+20 -2.33287551665971984e+22
3.25333732649788071e-02 1.05343811730809864e+20 -2.31728782591924749e+22
3.25628963957181883e-02 1.04661959545552617e+20 -2.30184023581308087e+22
3.25924195264575833e-02 1.03984647364979376e+20 -2.28653247915408616e+22
3.26219426571969645e-02 1.03311833867814191e+20 -2.27136425445596657e+22
3.26514657879363596e-02 1.02643478149353964e+20 -2.25633360564990121e+22
3.26809889186757477e-02 1.01979539877887525e+20 -2.24143860708194638e+22
3.27105120494151358e-02 1.01319979285788623e+20 -2.22667736301887900e+22
3.27400351801545239e-02 1.00664757160749957e+20 -2.21204800716326211e+22
3.27695583108939120e-02 1.00013834837173092e+20 -2.19754870217793748e+22
3.27990814416333001e-02 9.93671741876768276e+19 -2.18317763921893990e+22
3.28286045723726883e-02 9.87247376147600671e+19 -2.16893303747754380e+22
3.28581277031120833e-02 9.80864880425891758e+19 -2.15481314373061333e+22
3.28876508338514645e-02 9.74523889089180140e+19 -2.14081623189932254e+22
3.29171739645908595e-02 9.68224041571388785e+19 -2.12694060261606666e+22
3.29466970953302407e-02 9.61964982284638618e+19 -2.11318458279947005e+22
3.29762202260696358e-02 9.55746360542171791e+19 -2.09954652523688351e+22
3.30057433568090169e-02 9.49567830482663834e+19 -2.08602480817491369e+22
3.30352664875484120e-02 9.43429050995633521e+19 -2.07261783491723206e+22
3.30647896182878001e-02 9.37329684111575941e+19 -2.05932559099583990e+22
3.30943127490271882e-02 9.31269390407374930e+19 -2.04614802750485603e+22
3.31238358797665763e-02 9.25247833694231429e+19 -2.03308353387489888e+22
3.31533590105059645e-02 9.19264682500771512e+19 -2.02013052484601082e+22
3.31828821412453526e-02 9.13319609998973665e+19 -2.00728744006315661e+22
3.32124052719847407e-02 9.07412293931169874e+19 -1.99455274367896571e+22
3.32419284027241357e-02 9.01542416538310246e+19 -1.98192492396401729e+22
3.32714515334635169e-02 8.95709664489310290e+19 -1.96940249292419723e+22
3.33009746642029120e-02 8.89913728811543593e+19 -1.95698398592512211e+22
3.33304977949422931e-02 8.84154304822407168e+19 -1.94466796132337011e+22
3.33600209256816882e-02 8.78431092061994844e+19 -1.93245300010448826e+22
3.33895440564210763e-02 8.72743794226786304e+19 -1.92033770552749583e+22
3.34190671871604644e-02 8.67092119104466452e+19 -1.90832070277600211e+22
3.34485903178998525e-02 8.61475778509645414e+19 -1.89640063861535686e+22
3.34781134486392407e-02 8.55894488220656271e+19 -1.88457618105612622e+22
3.35076365793786288e-02 8.50347967917351567e+19 -1.87284601902362222e+22
3.35371597101180169e-02 8.44835939683185951e+19 -1.86121031844118397e+22
3.35666828408574119e-02 8.39358123714995159e+19 -1.84966921158478476e+22
3.35962059715967931e-02 8.33914242710921708e+19 -1.83822136852945043e+22
3.36257291023361882e-02 8.28504023264047923e+19 -1.82686548058561315e+22
3.36552522330755693e-02 8.23127195800171807e+19 -1.81560025996473580e+22
3.36847753638149644e-02 8.17783494516596900e+19 -1.80442443945106683e+22
3.37142984945543456e-02 8.12472657321873572e+19 -1.79333677207932895e+22
3.37438216252937406e-02 8.07194425776501719e+19 -1.78233603081822599e+22
3.37733447560331287e-02 8.01948545034491167e+19 -1.77142100825950399e+22
3.38028678867725169e-02 7.96734763785915924e+19 -1.76059051631273239e+22
3.38323910175119050e-02 7.91552834200330240e+19 -1.74984338590545949e+22
3.38619141482512931e-02 7.86402511871022694e+19 -1.73917846668859492e+22
3.38914372789906812e-02 7.81283555760215982e+19 -1.72859462674717522e+22
3.39209604097300693e-02 7.76195728145030349e+19 -1.71809075231604563e+22
3.39504835404694644e-02 7.71138794564311613e+19 -1.70766574750057271e+22
3.39800066712088455e-02 7.66112523766293955e+19 -1.69731853400227667e+22
3.40095298019482406e-02 7.61116686323464765e+19 -1.68704940287389535e+22
3.40390529326876218e-02 7.56151050654017126e+19 -1.67685861293319657e+22
3.40685760634270168e-02 7.51215387098434273e+19 -1.66674506419294322e+22
3.40980991941663980e-02 7.46309469218157363e+19 -1.65670767461133525e+22
3.41276223249057931e-02 7.41433073743007089e+19 -1.64674537981320521e+22
3.41571454556451812e-02 7.36585980519407043e+19 -1.63685713281611706e+22
3.41866685863845693e-02 7.31767972459512381e+19 -1.62704190376150240e+22
3.42161917171239574e-02 7.26978835490939126e+19 -1.61729867965009263e+22
3.42457148478633455e-02 7.22218358507442749e+19 -1.60762646408237731e+22
3.42752379786027336e-02 7.17486333320282358e+19 -1.59802427700337485e+22
3.43047611093421217e-02 7.12782554610325258e+19 -1.58849115445182595e+22
3.43342842400815168e-02 7.08106819880886354e+19 -1.57902614831369269e+22
3.43638073708208980e-02 7.03458929343512494e+19 -1.56962858475366530e+22
3.43933305015602930e-02 6.98838678965494252e+19 -1.56030256901067752e+22
3.44228536322996742e-02 6.94245854711282565e+19 -1.55104898992472997e+22
3.44523767630390693e-02 6.89680244315843297e+19 -1.54186677285978395e+22
3.44818998937784504e-02 6.85141637431673324e+19 -1.53275610696674926e+22
3.45114230245178455e-02 6.80629821956220273e+19 -1.52371715369911410e+22
3.45409461552572336e-02 6.76144587784000881e+19 -1.51474882358922214e+22
3.45704692859966217e-02 6.71685727999540429e+19 -1.50585004507022062e+22
3.45999924167360098e-02 6.67253038824833270e+19 -1.49701976420310927e+22
3.46295155474753980e-02 6.62846319567758868e+19 -1.48825694440913665e+22
3.46590386782147861e-02 6.58465372571204157e+19 -1.47956056620689418e+22
3.46885618089541742e-02 6.54110003162953564e+19 -1.47092962695417336e+22
3.47180849396935692e-02 6.49780019606362931e+19 -1.46236314059453854e+22
3.47476080704329504e-02 6.45475233051766047e+19 -1.45386013740842898e+22
3.47771312011723455e-02 6.41195457488592159e+19 -1.44541966376868396e+22
3.48066543319117266e-02 6.36940509698202092e+19 -1.43704078190036690e+22
3.48361774626511217e-02 6.32710209207482450e+19 -1.42872256964503053e+22
3.48657005933905098e-02 6.28504378243038904e+19 -1.42046412022886129e+22
3.48952237241298979e-02 6.24322841686122250e+19 -1.41226454203503152e+22
3.49247468548692860e-02 6.20165427028224246e+19 -1.40412295838000994e+22
3.49542699856086742e-02 6.16031963202003517e+19 -1.39603964820945130e+22
3.49837931163480623e-02 6.11922277222537544e+19 -1.38801486424933034e+22
3.50133162470874504e-02 6.07836197624756388e+19 -1.38004771305259060e+22
3.50428393778268454e-02 6.03773555558903644e+19 -1.37213731632028435e+22
3.50723625085662266e-02 5.99734184746153329e+19 -1.36428281067617439e+22
3.51018856393056217e-02 5.95717921434878771e+19 -1.35648334744526080e+22
3.51314087700450028e-02 5.91724604357587026e+19 -1.34873809243623014e+22
3.51609319007843979e-02 5.87754074688445727e+19 -1.34104622572755139e+22
3.51904550315237791e-02 5.83806176001490616e+19 -1.33340694145740235e+22
3.52199781622631741e-02 5.79880754229414789e+19 -1.32581944761710920e+22
3.52495012930025622e-02 5.75977657622965453e+19 -1.31828296584811155e+22
3.52790244237419504e-02 5.72096736710947717e+19 -1.31079673124239914e+22
3.53085475544813385e-02 5.68237844260799283e+19 -1.30335999214626475e+22
3.53380706852207266e-02 5.64400835239748977e+19 -1.29597200996736686e+22
3.53675938159601147e-02 5.60585566776535286e+19 -1.28863205898497703e+22
3.53971169466995028e-02 5.56791898123677204e+19 -1.28133942616334994e+22
3.54266400774388979e-02 5.53019689597529866e+19 -1.27409444794344145e+22
3.54561632081782790e-02 5.49268799527820247e+19 -1.26689743627419208e+22
3.54856863389176741e-02 5.45539087383924081e+19 -1.25974766057728843e+22
3.55152094696570553e-02 5.41830414773007483e+19 -1.25264440317743171e+22
3.55447326003964503e-02 5.38142645402236355e+19 -1.24558695911368792e+22
3.55742557311358315e-02 5.34475645041495982e+19 -1.23857463595384785e+22
3.56037788618752266e-02 5.30829281486678098e+19 -1.23160675361194498e+22
3.56333019926146147e-02 5.27203424523508122e+19 -1.22468264416876178e+22
3.56628251233540028e-02 5.23597945891859825e+19 -1.21780165169516516e+22
3.56923482540933909e-02 5.20012719250640159e+19 -1.21096313207844074e+22
3.57218713848327790e-02 5.16447620143142257e+19 -1.20416645285130378e+22
3.57513945155721671e-02 5.12902525962917478e+19 -1.19741099302369635e+22
3.57809176463115552e-02 5.09377315920139223e+19 -1.19069614291723013e+22
3.58104407770509503e-02 5.05871871008444416e+19 -1.18402130400222286e+22
3.58399639077903315e-02 5.02386073972252099e+19 -1.17738588873726404e+22
3.58694870385297265e-02 4.98919809274570097e+19 -1.17078932041132377e+22
3.58990101692691077e-02 4.95472962142487183e+19 -1.16423196855804761e+22
3.59285333000085028e-02 4.92045415816708833e+19 -1.15771418007777848e+22
3.59580564307478839e-02 4.88637054373717033e+19 -1.15123536071394821e+22
3.59875795614872790e-02 4.85247763628102779e+19 -1.14479492724717676e+22
3.60171026922266671e-02 4.81877431100205711e+19 -1.13839230733510634e+22
3.60466258229660552e-02 4.78525945984225772e+19 -1.13202693935473654e+22
3.60761489537054433e-02 4.75193199116841533e+19 -1.12569827224732419e+22
3.61056720844448314e-02 4.71879082946195702e+19 -1.11940576536543363e+22
3.61351952151842196e-02 4.68583491501429064e+19 -1.11314888832258167e+22
3.61647183459236077e-02 4.65306320362574561e+19 -1.10692712084495296e+22
3.61942414766630027e-02 4.62047466630935757e+19 -1.10073995262545394e+22
3.62237646074023839e-02 4.58806828899855974e+19 -1.09458688317985768e+22
3.62532877381417790e-02 4.55584307225949471e+19 -1.08846742170515737e+22
3.62828108688811601e-02 4.52379803100709274e+19 -1.08238108693991575e+22
3.63123339996205552e-02 4.49193219422555832e+19 -1.07632740702668414e+22
3.63418571303599433e-02 4.46024460469259878e+19 -1.07030591937636729e+22
3.63713802610993314e-02 4.42873431044649288e+19 -1.06431700813709406e+22
3.64009033918387195e-02 4.39740034017464074e+19 -1.05836103672957030e+22
3.64304265225781077e-02 4.36624172849366221e+19 -1.05243752551944940e+22
3.64599496533174958e-02 4.33525752404062290e+19 -1.04654600432760893e+22
3.64894727840568839e-02 4.30444678919582106e+19 -1.04068601229239931e+22
3.65189959147962789e-02 4.27380859980966871e+19 -1.03485709773392335e+22
3.65485190455356601e-02 4.24334204493388513e+19 -1.02905881802033563e+22
3.65780421762750552e-02 4.21304622655603343e+19 -1.02329073943592871e+22
3.66075653070144363e-02 4.18292025933833503e+19 -1.01755243705117599e+22
3.66370884377538314e-02 4.15296327036001485e+19 -1.01184349459452841e+22
3.66666115684932126e-02 4.12317439886393016e+19 -1.00616350432612623e+22
3.66961346992326076e-02 4.09355279600600842e+19 -1.00051206691303132e+22
3.67256578299719957e-02 4.06409762460940124e+19 -9.94888791306423973e+21
3.67551809607113839e-02 4.03480805892129178e+19 -9.89293294620218963e+21
3.67847040914507720e-02 4.00568328437394801e+19 -9.83725202011497012e+21
3.68142272221901601e-02 3.97672249734877430e+19 -9.78184146562375798e+21
3.68437503529295482e-02 3.94792489580621578e+19 -9.72670982904574745e+21
3.68732734836689363e-02 3.91928958511732163e+19 -9.67190596172027999e+21
3.69027966144083314e-02 3.89081557843962429e+19 -9.61743592959842976e+21
3.69323197451477125e-02 3.86250189835358372e+19 -9.56329421803583282e+21
3.69618428758871076e-02 3.83434758356577731e+19 -9.50947541695881806e+21
3.69913660066264888e-02 3.80635168860233318e+19 -9.45597421941677254e+21
3.70208891373658838e-02 3.77851328350690836e+19 -9.40278542015778626e+21
3.70504122681052650e-02 3.75083145354213048e+19 -9.34990391422498426e+21
3.70799353988446601e-02 3.72330529889580073e+19 -9.29732469557594109e+21
3.71094585295840412e-02 3.69593393439070290e+19 -9.24504285572208001e+21
3.71389816603234363e-02 3.66871648919875174e+19 -9.19305358238949468e+21
3.71685047910628313e-02 3.64165210655875973e+19 -9.14135215819896494e+21
3.71980279218022125e-02 3.61473994349823918e+19 -9.08993395936596695e+21
3.72275510525416076e-02 3.58797917055893299e+19 -9.03879445441936674e+21
3.72570741832809887e-02 3.56136897152629023e+19 -8.98792920293911403e+21
3.72865973140203838e-02 3.53490854316232335e+19 -8.93733385431125223e+21
3.73161204447597650e-02 3.50859708848267837e+19 -8.88701069573752462e+21
3.73456435754991600e-02 3.48243379746636390e+19 -8.83696186623691692e+21
3.73751667062385412e-02 3.45641786678128804e+19 -8.78718292801474370e+21
3.74046898369779363e-02 3.43054850606355538e+19 -8.73766953357139037e+21
3.74342129677173174e-02 3.40482493765270405e+19 -8.68841742445755498e+21
3.74637360984567125e-02 3.37924639633055539e+19 -8.63942243004727689e+21
3.74932592291960937e-02 3.35381212906387538e+19 -8.59068046632863190e+21
3.75227823599354887e-02 3.32852139475020308e+19 -8.54218753471035841e+21
3.75523054906748838e-02 3.30337346396762767e+19 -8.49393972084604509e+21
3.75818286214142649e-02 3.27836761872761446e+19 -8.44593319347311293e+21
3.76113517521536600e-02 3.25350315223152763e+19 -8.39816420326824005e+21
3.76408748828930412e-02 3.22877936863025439e+19 -8.35062908171718859e+21
3.76703980136324362e-02 3.20419558278754550e+19 -8.30332424000049565e+21
3.76999211443718174e-02 3.17975112004603412e+19 -8.25624616789192317e+21
3.77294442751112125e-02 3.15544531599700009e+19 -8.20939143267236394e+21
3.77589674058505936e-02 3.13127751625311805e+19 -8.16275667805677814e+21
3.77884905365899887e-02 3.10724707058940764e+19 -8.11634433596430536e+21
3.78180136673293699e-02 3.08335331612562432e+19 -8.07015670453483707e+21
3.78475367980687649e-02 3.05959559454542234e+19 -8.02419034177567038e+21
3.78770599288081461e-02 3.03597325758071685e+19 -7.97844188252282762e+21
3.79065830595475411e-02 3.01248566678635643e+19 -7.93290803736526874e+21
3.79361061902869362e-02 2.98913219331794903e+19 -7.88758559158281490e+21
3.79656293210263174e-02 2.96591221771312456e+19 -7.84247140409785870e+21
3.79951524517657124e-02 2.94282512967548928e+19 -7.79756240643905762e+21
3.80246755825050936e-02 2.91987032786172518e+19 -7.75285560171761657e+21
3.80541987132444887e-02 2.89704721967197225e+19 -7.70834806361672804e+21
3.80837218439838698e-02 2.87435522104280392e+19 -7.66403693539162377e+21
3.81132449747232649e-02 2.85179375624321761e+19 -7.61991942888171137e+21
3.81427681054626461e-02 2.82936225767380623e+19 -7.57599282353443281e+21
3.81722912362020411e-02 2.80706016566844826e+19 -7.53225446543950820e+21
3.82018143669414223e-02 2.78488692829898179e+19 -7.48870176637412966e+21
3.82313374976808173e-02 2.76284200118266757e+19 -7.44533220285864215e+21
3.82608606284201985e-02 2.74092484242672435e+19 -7.40214824808759165e+21
3.82903837591595936e-02 2.71913489811435930e+19 -7.35915225543858035e+21
3.83199068898989886e-02 2.69747161718529966e+19 -7.31634161902170512e+21
3.83494300206383698e-02 2.67593445617659331e+19 -7.27371379794164738e+21
3.83789531513777649e-02 2.65452287903199805e+19 -7.23126631535015258e+21
3.84084762821171460e-02 2.63323635691425096e+19 -7.18899675750932152e+21
3.84379994128565411e-02 2.61207436802024858e+19 -7.14690277286545143e+21
3.84675225435959223e-02 2.59103639739873731e+19 -7.10498207113228373e+21
3.84970456743353173e-02 2.57012193677079265e+19 -7.06323242238413583e+21
3.85265688050746985e-02 2.54933048435290358e+19 -7.02165165615856956e+21
3.85560919358140936e-02 2.52866154468273971e+19 -6.98023766056822532e+21
3.85856150665534747e-02 2.50811462844759286e+19 -6.93898838142200840e+21
3.86151381972928698e-02 2.48768925231525970e+19 -6.89790182135473111e+21
3.86446613280322648e-02 2.46738493876752261e+19 -6.85697603896547895e+21
3.86741844587716460e-02 2.44720121593628795e+19 -6.81620914796471884e+21
3.87037075895110411e-02 2.42713761744198574e+19 -6.77559931632911437e+21
3.87332307202504222e-02 2.40719367807963382e+19 -6.73514897773440061e+21
3.87627538509898173e-02 2.38736892143211561e+19 -6.69486045928998358e+21
3.87922769817291985e-02 2.36766287258921247e+19 -6.65473185060046556e+21
3.88218001124685935e-02 2.34807506220033679e+19 -6.61476129562746579e+21
3.88513232432079747e-02 2.32860502631535288e+19 -6.57494699184335146e+21
3.88808463739473698e-02 2.30925230622765343e+19 -6.53528718939249653e+21
3.89103695046867509e-02 2.29001644832020726e+19 -6.49578019026230365e+21
3.89398926354261460e-02 2.27089700391341670e+19 -6.45642434746029231e+21
3.89694157661655272e-02 2.25189352911583601e+19 -6.41721806420035869e+21
3.89989388969049222e-02 2.23300558467709542e+19 -6.37815979309608940e+21
3.90284620276443173e-02 2.21423273584330342e+19 -6.33924803536196993e+21
3.90579851583836984e-02 2.19557455221462180e+19 -6.30048134002129974e+21
3.90875082891230935e-02 2.17703060760541184e+19 -6.26185830312222235e+21
3.91170314198624747e-02 2.15860047990642565e+19 -6.22337756695988011e+21
3.91465545506018697e-02 2.14028375094948413e+19 -6.18503781930621102e+21
3.91760776813412509e-02 2.12208000637434307e+19 -6.14683779264639664e+21
3.92056008120806460e-02 2.10398883199257477e+19 -6.10877981658184155e+21
3.92351239428200271e-02 2.08600980334671708e+19 -6.07086612653638838e+21
3.92646470735594222e-02 2.06814249645096387e+19 -6.03309538075726158e+21
3.92941702042988034e-02 2.05038649121470341e+19 -5.99546628214183848e+21
3.93236933350381984e-02 2.03274137131182244e+19 -5.95797757747479655e+21
3.93532164657775796e-02 2.01520672405221417e+19 -5.92062805667218561e+21
3.93827395965169746e-02 1.99778214025559245e+19 -5.88341655203247083e+21
3.94122627272563697e-02 1.98046720147838116e+19 -5.84635720466831927e+21
3.94417858579957509e-02 1.96326141130684457e+19 -5.80947554782771518e+21
3.94713089887351459e-02 1.94616424733224755e+19 -5.77276960715463826e+21
3.95008321194745271e-02 1.92917519445140685e+19 -5.73623690969058116e+21
3.95303552502139222e-02 1.91229374476989071e+19 -5.69987504471109167e+21
3.95598783809533033e-02 1.89551939741979443e+19 -5.66368166282427944e+21
3.95894015116926984e-02 1.87885165837990175e+19 -5.62765447507830060e+21
3.96189246424320796e-02 1.86229004029853778e+19 -5.59179125207826484e+21
3.96484477731714746e-02 1.84583406231909622e+19 -5.55608982311263745e+21
3.96779709039108558e-02 1.82948324699100426e+19 -5.52055103201086643e+21
3.97074940346502508e-02 1.81323711152306749e+19 -5.48517566222994663e+21
3.97370171653896320e-02 1.79709517666775921e+19 -5.44996153982462303e+21
3.97665402961290271e-02 1.78105696951026668e+19 -5.41490654859817386e+21
3.97960634268684221e-02 1.76512202329933087e+19 -5.38000862924060806e+21
3.98255865576078033e-02 1.74928987728037396e+19 -5.34526577847502897e+21
3.98551096883471984e-02 1.73356007653160059e+19 -5.31067604821371519e+21
3.98846328190865795e-02 1.71793217180202189e+19 -5.27623754472086202e+21
3.99141559498259746e-02 1.70240571935239905e+19 -5.24194842778487226e+21
3.99436790805653558e-02 1.68698028079834010e+19 -5.20780690989747955e+21
3.99732022113047508e-02 1.67165542295595930e+19 -5.17381125544117744e+21
4.00027253420441320e-02 1.65643071768984433e+19 -5.13995977988380610e+21
4.00322484727835270e-02 1.64130574176342323e+19 -5.10625084898055868e+21
4.00617716035229082e-02 1.62628007669167350e+19 -5.07268287798310653e+21
4.00912947342623033e-02 1.61135330859612856e+19 -5.03925433085564289e+21
4.01208178650016983e-02 1.59652502806223933e+19 -5.00596371949784819e+21
4.01503409957410795e-02 1.58179482760855675e+19 -4.97281202582188563e+21
4.01798641264804746e-02 1.56716229452371620e+19 -4.93980017905592120e+21
4.02093872572198557e-02 1.55262701815575859e+19 -4.90692668326001246e+21
4.02389103879592508e-02 1.53818859219966628e+19 -4.87419008947250843e+21
4.02684335186986320e-02 1.52384661455982510e+19 -4.84158899494300680e+21
4.02979566494380270e-02 1.50960068721463276e+19 -4.80912204237145899e+21
4.03274797801774082e-02 1.49545041608358400e+19 -4.77678791915462879e+21
4.03570029109168033e-02 1.48139541089629020e+19 -4.74458535663800576e+21
4.03865260416561844e-02 1.46743528506383729e+19 -4.71251312937437600e+21
4.04160491723955795e-02 1.45356965555240796e+19 -4.68057005438880134e+21
4.04455723031349607e-02 1.43979814275885302e+19 -4.64875499044891735e+21
4.04750954338743557e-02 1.42612037038854943e+19 -4.61706683734150611e+21
4.05046185646137508e-02 1.41253596533543158e+19 -4.58550453515504268e+21
4.05341416953531319e-02 1.39904455756400230e+19 -4.55406706356753531e+21
4.05636648260925270e-02 1.38564577999346237e+19 -4.52275344113988482e+21
4.05931879568319082e-02 1.37233926838404014e+19 -4.49156272461529901e+21
4.06227110875713032e-02 1.35912465930059510e+19 -4.46049595875650123e+21
4.06522342183106844e-02 1.34600158435113656e+19 -4.42955414262311551e+21
4.06817573490500795e-02 1.33296967606435901e+19 -4.39873632093048930e+21
4.07112804797894606e-02 1.32002856973418250e+19 -4.36804157558173152e+21
4.07408036105288557e-02 1.30717790331096433e+19 -4.33746902497692274e+21
4.07703267412682369e-02 1.29441731729481380e+19 -4.30701782332805585e+21
4.07998498720076319e-02 1.28174645463082476e+19 -4.27668715997903140e+21
4.08293730027470131e-02 1.26916496060640829e+19 -4.24647625873129682e+21
4.08588961334864081e-02 1.25667248275046871e+19 -4.21638437717437684e+21
4.08884192642258032e-02 1.24426867073471611e+19 -4.18641080602207610e+21
4.09179423949651844e-02 1.23195317627679621e+19 -4.15655486845338622e+21
4.09474655257045794e-02 1.21972565304541061e+19 -4.12681591945869551e+21
4.09769886564439606e-02 1.20758575656740291e+19 -4.09719334519112676e+21
4.10065117871833557e-02 1.19553314413664850e+19 -4.06768656232250553e+21
4.10360349179227368e-02 1.18356747472493466e+19 -4.03829501740463266e+21
4.10655580486621319e-02 1.17168840889468211e+19 -4.00901818623529425e+21
4.10950811794015131e-02 1.15989560719560356e+19 -3.97985711140911815e+21
4.11246043101409081e-02 1.14818872562729615e+19 -3.95081279602983174e+21
4.11541274408802893e-02 1.13656742028398182e+19 -3.92188469976195976e+21
4.11836505716196843e-02 1.12503134881326633e+19 -3.89307231049793248e+21
4.12131737023590655e-02 1.11358017033376276e+19 -3.86437514373644367e+21
4.12426968330984606e-02 1.10221354535447900e+19 -3.83579274196570813e+21
4.12722199638378556e-02 1.09093113569610486e+19 -3.80732467405187606e+21
4.13017430945772368e-02 1.07973260441391882e+19 -3.77897053463188655e+21
4.13312662253166319e-02 1.06861761572269179e+19 -3.75072994351182722e+21
4.13607893560560130e-02 1.05758583492320133e+19 -3.72260254506981576e+21
4.13903124867954081e-02 1.04663692833064223e+19 -3.69458800766411919e+21
4.14198356175347893e-02 1.03577056320457871e+19 -3.66668602304547101e+21
4.14493587482741843e-02 1.02498640768085258e+19 -3.63889630577507067e+21
4.14788818790135655e-02 1.01428413070503035e+19 -3.61121859264676889e+21
4.15084050097529605e-02 1.00366340196764549e+19 -3.58365264211439203e+21
4.15379281404923417e-02 9.93123891841060250e+18 -3.55619823372376683e+21
4.15674512712317368e-02 9.82665270150017843e+18 -3.52885635105856369e+21
4.15969744019711318e-02 9.72287202687630746e+18 -3.50162794368902575e+21
4.16264975327105130e-02 9.61989354799471002e+18 -3.47451277101793647e+21
4.16560206634499081e-02 9.51771392511636275e+18 -3.44751061253131967e+21
4.16855437941892892e-02 9.41632982472296653e+18 -3.42062126724584361e+21
4.17150669249286843e-02 9.31573791894815130e+18 -3.39384455316103601e+21
4.17445900556680655e-02 9.21593488502557184e+18 -3.36718030671677070e+21
4.17741131864074605e-02 9.11691740475181056e+18 -3.34062838225526273e+21
4.18036363171468417e-02 9.01868216396597965e+18 -3.31418865148848767e+21
4.18331594478862367e-02 8.92122585204506931e+18 -3.28786100297044171e+21
4.18626825786256179e-02 8.82454516141378560e+18 -3.26164534157422363e+21
4.18922057093650130e-02 8.72863678707092378e+18 -3.23554158797433287e+21
4.19217288401043942e-02 8.63349742613030502e+18 -3.20954967813386718e+21
4.19512519708437892e-02 8.53912377737683661e+18 -3.18366956279667098e+21
4.19807751015831843e-02 8.44551254083755213e+18 -3.15790120698456834e+21
4.20102982323225654e-02 8.35266041736764006e+18 -3.13224458949963809e+21
4.20398213630619605e-02 8.26056406844472013e+18 -3.10670542477530812e+21
4.20693444938013417e-02 8.16921974453497651e+18 -3.08130069300002528e+21
4.20988676245407367e-02 8.07862345549746790e+18 -3.05603075836835738e+21
4.21283907552801179e-02 7.98877123670573158e+18 -3.03089460976919983e+21
4.21579138860195130e-02 7.89965915289852416e+18 -3.00589126888505685e+21
4.21874370167588941e-02 7.81128329722177638e+18 -2.98101978951720894e+21
4.22169601474982892e-02 7.72363979029049037e+18 -2.95627925691745698e+21
4.22464832782376704e-02 7.63672477926962790e+18 -2.93166878712588350e+21
4.22760064089770654e-02 7.55053443697518694e+18 -2.90718752631531608e+21
4.23055295397164466e-02 7.46506496099365069e+18 -2.88283465014156827e+21
4.23350526704558416e-02 7.38031257282184294e+18 -2.85860936310035841e+21
4.23645758011952367e-02 7.29627351702420173e+18 -2.83451089788976864e+21
4.23940989319346179e-02 7.21294406041000038e+18 -2.81053851477917512e+21
4.24236220626740129e-02 7.13032049122814669e+18 -2.78669150098379296e+21
4.24531451934133941e-02 7.04839911838124237e+18 -2.76296917004542332e+21
4.24826683241527892e-02 6.96717627065709158e+18 -2.73937086121882314e+21
4.25121914548921703e-02 6.88664828971475456e+18 -2.71589657340487401e+21
4.25417145856315654e-02 6.80681151102582374e+18 -2.69254629853473381e+21
4.25712377163709466e-02 6.72766228275678925e+18 -2.66931940274059084e+21
4.26007608471103416e-02 6.64919697143105638e+18 -2.64621527622775839e+21
4.26302839778497228e-02 6.57141196122712678e+18 -2.62323333268385877e+21
4.26598071085891178e-02 6.49430365329357722e+18 -2.60037300869344893e+21
4.26893302393284990e-02 6.41786846508216320e+18 -2.57763376315887413e+21
4.27188533700678941e-02 6.34210282969712026e+18 -2.55501507672640900e+21
4.27483765008072891e-02 6.26700319526157414e+18 -2.53251645121825656e+21
4.27778996315466703e-02 6.19256602430068941e+18 -2.51013740907018846e+21
4.28074227622860654e-02 6.11878779314164941e+18 -2.48787749277493887e+21
4.28369458930254465e-02 6.04566499132906189e+18 -2.46573626433088730e+21
4.28664690237648416e-02 5.97319412105774490e+18 -2.44371330469675139e+21
4.28959921545042228e-02 5.90137169662065254e+18 -2.42180821325157918e+21
4.29255152852436178e-02 5.83019424387289088e+18 -2.40002060726032243e+21
4.29550384159829990e-02 5.75965829971167334e+18 -2.37835012134515769e+21
4.29845615467223940e-02 5.68976040730438451e+18 -2.35679683915076180e+21
4.30140846774617752e-02 5.62049710313033626e+18 -2.33536083820154166e+21
4.30436078082011703e-02 5.55186492988096717e+18 -2.31404176884277890e+21
4.30731309389405653e-02 5.48386044033547981e+18 -2.29283929727908184e+21
4.31026540696799465e-02 5.41648019689975706e+18 -2.27175310506910522e+21
4.31321772004193416e-02 5.34972077116045210e+18 -2.25078288862591661e+21
4.31617003311587227e-02 5.28357874345419878e+18 -2.22992835872323980e+21
4.31912234618981178e-02 5.21805070245024358e+18 -2.20918924000676282e+21
4.32207465926374990e-02 5.15313324474839859e+18 -2.18856527051148729e+21
4.32502697233768940e-02 5.08882297449072538e+18 -2.16805620118448321e+21
4.32797928541162752e-02 5.02511650298749542e+18 -2.14766179541331581e+21
4.33093159848556702e-02 4.96201044835621888e+18 -2.12738182855977756e+21
4.33388391155950514e-02 4.89950143517574042e+18 -2.10721608749980136e+21
4.33683622463344465e-02 4.83758609415242342e+18 -2.08716437016834893e+21
4.33978853770738277e-02 4.77626106180054118e+18 -2.06722648511029628e+21
4.34274085078132227e-02 4.71552298013563699e+18 -2.04740225103687084e+21
4.34569316385526178e-02 4.65536849369656525e+18 -2.02769176820370217e+21
4.34864547692919989e-02 4.59579424143146803e+18 -2.00809513137424853e+21
4.35159779000313940e-02 4.53679686485959680e+18 -1.98861216526427462e+21
4.35455010307707752e-02 4.47837301054365184e+18 -1.96924270342667108e+21
4.35750241615101702e-02 4.42051932983522765e+18 -1.94998658783353137e+21
4.36045472922495514e-02 4.36323247863187046e+18 -1.93084366846357799e+21
4.36340704229889464e-02 4.30650911714742067e+18 -1.91181380289584772e+21
4.36635935537283276e-02 4.25034590969291674e+18 -1.89289685590850771e+21
4.36931166844677227e-02 4.19473952447028429e+18 -1.87409269908379166e+21
4.37226398152071039e-02 4.13968663337704499e+18 -1.85540121041848343e+21
4.37521629459464989e-02 4.08518391182277683e+18 -1.83682227394023339e+21
4.37816860766858801e-02 4.03122803855632794e+18 -1.81835577932943406e+21
4.38112092074252751e-02 3.97781569550499328e+18 -1.80000162154724144e+21
4.38407323381646702e-02 3.92494356762343680e+18 -1.78175970046884263e+21
4.38702554689040514e-02 3.87260834275435469e+18 -1.76362992052293206e+21
4.38997785996434464e-02 3.82080671149915494e+18 -1.74561219033673761e+21
4.39293017303828276e-02 3.76953536563207475e+18 -1.72770657092759296e+21
4.39588248611222226e-02 3.71879099371590400e+18 -1.70991311835840827e+21
4.39883479918616038e-02 3.66857028562052352e+18 -1.69223173926631663e+21
4.40178711226009989e-02 3.61886993392599398e+18 -1.67466234335947758e+21
4.40473942533403801e-02 3.56968663383684096e+18 -1.65720484308968381e+21
4.40769173840797751e-02 3.52101708310559488e+18 -1.63985915333064602e+21
4.41064405148191563e-02 3.47285798196636365e+18 -1.62262519106234116e+21
4.41359636455585513e-02 3.42520603307683123e+18 -1.60550287506090754e+21
4.41654867762979464e-02 3.37805794146984858e+18 -1.58849212559455316e+21
4.41950099070373276e-02 3.33141041451401830e+18 -1.57159286412535713e+21
4.42245330377767226e-02 3.28526016188252774e+18 -1.55480501301672935e+21
4.42540561685161038e-02 3.23960389553078938e+18 -1.53812849524680111e+21
4.42835792992554989e-02 3.19443832968268544e+18 -1.52156323412777186e+21
4.43131024299948800e-02 3.14976018082448230e+18 -1.50510915303086175e+21
4.43426255607342751e-02 3.10556616770728755e+18 -1.48876617511729968e+21
4.43721486914736563e-02 3.06185301135707238e+18 -1.47253422307508591e+21
4.44016718222130513e-02 3.01861743452600064e+18 -1.45641327620575383e+21
4.44311949529524325e-02 2.97585616006857728e+18 -1.44040330944723393e+21
4.44607180836918275e-02 2.93356591275990118e+18 -1.42450423754740833e+21
4.44902412144312087e-02 2.89174341991153766e+18 -1.40871597388282305e+21
4.45197643451706038e-02 2.85038541141567283e+18 -1.39303843022402775e+21
4.45492874759099988e-02 2.80948861979578266e+18 -1.37747151650656249e+21
4.45788106066493800e-02 2.76904978026419200e+18 -1.36201514060781139e+21
4.46083337373887751e-02 2.72906563078608742e+18 -1.34666920812961753e+21
4.46378568681281562e-02 2.68953291214964634e+18 -1.33143362218656504e+21
4.46673799988675513e-02 2.65044836804276634e+18 -1.31630828320019658e+21
4.46969031296069325e-02 2.61180874513543014e+18 -1.30129308869878953e+21
4.47264262603463275e-02 2.57361079316798669e+18 -1.28638793312291363e+21
4.47559493910857087e-02 2.53585124276718541e+18 -1.27159533699549259e+21
4.47854725218251037e-02 2.49852669375415757e+18 -1.25691939784493000e+21
4.48149956525644849e-02 2.46163370780525005e+18 -1.24235965996207702e+21
4.48445187833038800e-02 2.42516886201615514e+18 -1.22791560166167780e+21
4.48740419140432611e-02 2.38912874883325338e+18 -1.21358670241309786e+21
4.49035650447826562e-02 2.35350997601784627e+18 -1.19937244982960718e+21
4.49330881755220513e-02 2.31830916621111142e+18 -1.18527234584403457e+21
4.49626113062614324e-02 2.28352295665594163e+18 -1.17128589929623781e+21
4.49921344370008275e-02 2.24914799899792256e+18 -1.15741262560374777e+21
4.50216575677402087e-02 2.21518095909589581e+18 -1.14365204643880042e+21
4.50511806984796037e-02 2.18161851684203930e+18 -1.13000368941178343e+21
4.50807038292189849e-02 2.14845736599113165e+18 -1.11646708776096956e+21
4.51102269599583799e-02 2.11569421399881446e+18 -1.10304178004854846e+21
4.51397500906977611e-02 2.08332578186898406e+18 -1.08972730986306391e+21
4.51692732214371562e-02 2.05134880400958106e+18 -1.07652322552792456e+21
4.51987963521765373e-02 2.01976002809707136e+18 -1.06342907981625976e+21
4.52283194829159324e-02 1.98855621494923725e+18 -1.05044442967193996e+21
4.52578426136553136e-02 1.95773413840604800e+18 -1.03756883593671187e+21
4.52873657443947086e-02 1.92729058521856666e+18 -1.02480186308351505e+21
4.53168888751341037e-02 1.89722235494554803e+18 -1.01214307895584503e+21
4.53464120058734849e-02 1.86752626034008038e+18 -9.99592005717655683e+20
4.53759351366128799e-02 1.83819912865785779e+18 -9.87148171797540241e+20
4.54054582673522611e-02 1.80923780004268928e+18 -9.74811158650532921e+20
4.54349813980916561e-02 1.78063912696114995e+18 -9.62580549997721813e+20
4.54645045288310373e-02 1.75239997413905126e+18 -9.50455931597011943e+20
4.54940276595704324e-02 1.72451721850458752e+18 -9.38436891019795759e+20
4.55235507903098136e-02 1.69698774913807027e+18 -9.26523017433533514e+20
4.55530739210492086e-02 1.66980846722794010e+18 -9.14713901390105805e+20
4.55825970517885898e-02 1.64297628603288986e+18 -9.03009134619953988e+20
4.56121201825279848e-02 1.61648813085011814e+18 -8.91408309832032190e+20
4.56416433132673799e-02 1.59034093898928154e+18 -8.79911020519423214e+20
4.56711664440067611e-02 1.56453165975207936e+18 -8.68516860770614903e+20
4.57006895747461561e-02 1.53905725441755059e+18 -8.57225425086538580e+20
4.57302127054855373e-02 1.51391469623240678e+18 -8.46036308203072913e+20
4.57597358362249323e-02 1.48910097040665907e+18 -8.34949104919160947e+20
4.57892589669643135e-02 1.46461307411423437e+18 -8.23963409930481697e+20
4.58187820977037086e-02 1.44044801722241459e+18 -8.13078744442151502e+20
4.58483052284430898e-02 1.41660282439459814e+18 -8.02294634571768136e+20
4.58778283591824848e-02 1.39307453279768934e+18 -7.91610681607102005e+20
4.59073514899218660e-02 1.36986019138296653e+18 -7.81026485919873630e+20
4.59368746206612610e-02 1.34695686091523610e+18 -7.70541646828803195e+20
4.59663977514006422e-02 1.32436161400578458e+18 -7.60155762467861430e+20
4.59959208821400373e-02 1.30207153514935706e+18 -7.49868429659823538e+20
4.60254440128794323e-02 1.28008372076456883e+18 -7.39679243794891014e+20
4.60549671436188135e-02 1.25839527923795046e+18 -7.29587798714498023e+20
4.60844902743582086e-02 1.23700333097139584e+18 -7.19593686600208876e+20
4.61140134050975897e-02 1.21590500843265434e+18 -7.09696497867570414e+20
4.61435365358369848e-02 1.19509745620898918e+18 -6.99895821064978825e+20
4.61730596665763660e-02 1.17457783106379136e+18 -6.90191242777492980e+20
4.62025827973157610e-02 1.15434330199586330e+18 -6.80582347535466365e+20
4.62321059280551422e-02 1.13439105030134669e+18 -6.71068717728017678e+20
4.62616290587945372e-02 1.11471826963821709e+18 -6.61649933521275453e+20
4.62911521895339184e-02 1.09532216692646515e+18 -6.52325488498545656e+20
4.63206753202733135e-02 1.07619996482146394e+18 -6.43094880343941317e+20
4.63501984510126946e-02 1.05734889912037824e+18 -6.33957691622791971e+20
4.63797215817520897e-02 1.03876621798498419e+18 -6.24913502135608541e+20
4.64092447124914848e-02 1.02044918202416115e+18 -6.15961888862678548e+20
4.64387678432308659e-02 1.00239506437793318e+18 -6.07102425913038602e+20
4.64682909739702610e-02 9.84601150802905984e+17 -5.98334684477833216e+20
4.64978141047096422e-02 9.67064739759086080e+17 -5.89658232787958628e+20
4.65273372354490372e-02 9.49783142497800960e+17 -5.81072636075935334e+20
4.65568603661884184e-02 9.32753683150789760e+17 -5.72577456541989077e+20
4.65863834969278134e-02 9.15973698820124032e+17 -5.64172253324207063e+20
4.66159066276671946e-02 8.99440539668995456e+17 -5.55856582472743584e+20
4.66454297584065897e-02 8.83151569013319808e+17 -5.47629996928086049e+20
4.66749528891459708e-02 8.67104163413651968e+17 -5.39492046503084032e+20
4.67044760198853659e-02 8.51295712767896448e+17 -5.31442277869002293e+20
4.67339991506247471e-02 8.35723620404087936e+17 -5.23480234545207116e+20
4.67635222813641421e-02 8.20385304021072640e+17 -5.15605371221237367e+20
4.67930454121035372e-02 8.05278198220835456e+17 -5.07817146384205414e+20
4.68225685428429184e-02 7.90399751883072512e+17 -5.00115104283136426e+20
4.68520916735823134e-02 7.75747427393744640e+17 -4.92498785709600473e+20
4.68816148043216946e-02 7.61318700746987904e+17 -4.84967728009693889e+20
4.69111379350610896e-02 7.47111061646580096e+17 -4.77521465099339760e+20
4.69406610658004708e-02 7.33122013606995584e+17 -4.70159527482959790e+20
4.69701841965398659e-02 7.19349074053768704e+17 -4.62881442275304997e+20
4.69997073272792470e-02 7.05789774423223296e+17 -4.55686733226491511e+20
4.70292304580186421e-02 6.92441660261396224e+17 -4.48574920750095532e+20
4.70587535887580233e-02 6.79302291322099968e+17 -4.41545521954269299e+20
4.70882767194974183e-02 6.66369241663974528e+17 -4.34598050675765871e+20
4.71177998502368134e-02 6.53640099746593664e+17 -4.27732017516885180e+20
4.71473229809761946e-02 6.41112468525335936e+17 -4.20946929885149856e+20
4.71768461117155896e-02 6.28783965545075712e+17 -4.14242292035705242e+20
4.72063692424549708e-02 6.16652223032635264e+17 -4.07617605116401484e+20
4.72358923731943658e-02 6.04714888784912512e+17 -4.01072286652722315e+20
4.72654155039337470e-02 5.92969628547129216e+17 -3.94605758089288679e+20
4.72949386346731421e-02 5.81414123534021504e+17 -3.88217521696037077e+20
4.73244617654125233e-02 5.70046069702639616e+17 -3.81907076518671155e+20
4.73539848961519183e-02 5.58863177846578560e+17 -3.75673918440936899e+20
4.73835080268912995e-02 5.47863173688420096e+17 -3.69517540249144394e+20
4.74130311576306945e-02 5.37043797970193664e+17 -3.63437431698757583e+20
4.74425542883700757e-02 5.26402806541836928e+17 -3.57433079583031165e+20
4.74720774191094708e-02 5.15937970447614464e+17 -3.51503967803600273e+20
4.75016005498488658e-02 5.05647076010434432e+17 -3.45649577442969190e+20
4.75311236805882470e-02 4.95527924564587904e+17 -3.39869458599952056e+20
4.75606468113276420e-02 4.85578324777618752e+17 -3.34163511980094194e+20
4.75901699420670232e-02 4.75796093403531456e+17 -3.28531242082157199e+20
4.76196930728064183e-02 4.66179063746000576e+17 -3.22972074951943324e+20
4.76492162035457995e-02 4.56725086061222464e+17 -3.17485436125419602e+20
4.76787393342851945e-02 4.47432027572526272e+17 -3.12070750660093608e+20
4.77082624650245757e-02 4.38297773192250368e+17 -3.06727371610324861e+20
4.77377855957639707e-02 4.29320227562440512e+17 -3.01454658140606235e+20
4.77673087265033519e-02 4.20497312776717696e+17 -2.96252043613559587e+20
4.77968318572427470e-02 4.11826967667443520e+17 -2.91118960733377561e+20
4.78263549879821281e-02 4.03307147824477952e+17 -2.86054841592707777e+20
4.78558781187215232e-02 3.94935825612496640e+17 -2.81059117721204326e+20
4.78854012494609182e-02 3.86710990186925632e+17 -2.76131220135730250e+20
4.79149243802002994e-02 3.78630647508263424e+17 -2.71270579392030507e+20
4.79444475109396945e-02 3.70692820354955328e+17 -2.66476625637942329e+20
4.79739706416790757e-02 3.62895548334614464e+17 -2.61748788667962491e+20
4.80034937724184707e-02 3.55236887893629824e+17 -2.57086497979157610e+20
4.80330169031578519e-02 3.47714912325111104e+17 -2.52489182828341002e+20
4.80625400338972469e-02 3.40327711775138816e+17 -2.47956272290454307e+20
4.80920631646366281e-02 3.33073393247229696e+17 -2.43487195318041838e+20
4.81215862953760232e-02 3.25950080605066816e+17 -2.39081380801820164e+20
4.81511094261154043e-02 3.18955914573441920e+17 -2.34738257632237945e+20
4.81806325568547994e-02 3.12089053338179648e+17 -2.30457194075370029e+20
4.82101556875941806e-02 3.05347674259017344e+17 -2.26237564383521538e+20
4.82396788183335756e-02 2.98729971914347200e+17 -2.22078806376409072e+20
4.82692019490729707e-02 2.92234157480946176e+17 -2.17980357814528147e+20
4.82987250798123519e-02 2.85858458734642976e+17 -2.13941656471071949e+20
4.83282482105517469e-02 2.79601120048882944e+17 -2.09962140204423348e+20
4.83577713412911281e-02 2.73460402391146368e+17 -2.06041247031184327e+20
4.83872944720305231e-02 2.67434583317172800e+17 -2.02178415199620628e+20
4.84168176027699043e-02 2.61521956963052832e+17 -1.98373083263529353e+20
4.84463407335092994e-02 2.55720834035096032e+17 -1.94624690156413190e+20
4.84758638642486805e-02 2.50029541797538240e+17 -1.90932675265945698e+20
4.85053869949880756e-02 2.44446424058016992e+17 -1.87296478508627657e+20
4.85349101257274568e-02 2.38969841150870176e+17 -1.83715540404624196e+20
4.85644332564668518e-02 2.33598169918190912e+17 -1.80189302152672477e+20
4.85939563872062469e-02 2.28329803688701440e+17 -1.76717205705057665e+20
4.86234795179456281e-02 2.23163152254390368e+17 -1.73298693842563203e+20
4.86530026486850231e-02 2.18096642334619264e+17 -1.69933160812632834e+20
4.86825257794244043e-02 2.13128718942175264e+17 -1.66620006902770401e+20
4.87120489101637993e-02 2.08257843756719328e+17 -1.63358685198793474e+20
4.87415720409031805e-02 2.03482494592379360e+17 -1.60148649622772908e+20
4.87710951716425756e-02 1.98801165371880352e+17 -1.56989355013706973e+20
4.88006183023819567e-02 1.94212366098281952e+17 -1.53880257207824613e+20
4.88301414331213518e-02 1.89714622824356736e+17 -1.50820813118466687e+20
4.88596645638607330e-02 1.85306477619620480e+17 -1.47810480815507931e+20
4.88891876946001280e-02 1.80986488535021056e+17 -1.44848719604264927e+20
4.89187108253395092e-02 1.76753229565297728e+17 -1.41934990103837164e+20
4.89482339560789043e-02 1.72605290609062272e+17 -1.39068754324868727e+20
4.89777570868182993e-02 1.68541277426552064e+17 -1.36249475746631238e+20
4.90072802175576805e-02 1.64559811595170208e+17 -1.33476619393461797e+20
4.90368033482970755e-02 1.60659530462728448e+17 -1.30749651910433194e+20
4.90663264790364567e-02 1.56839087098500128e+17 -1.28068041638282936e+20
4.90958496097758518e-02 1.53097150242060800e+17 -1.25431258687528108e+20
4.91253727405152329e-02 1.49432404634614464e+17 -1.22838736192002523e+20
4.91548958712546280e-02 1.45843552054870720e+17 -1.20289913415607419e+20
4.91844190019940092e-02 1.42329310001432304e+17 -1.17784272337420206e+20
4.92139421327334042e-02 1.38888411240163856e+17 -1.15321296734172905e+20
4.92434652634727854e-02 1.35519603749972992e+17 -1.12900472256285262e+20
4.92729883942121805e-02 1.32221650666402448e+17 -1.10521286502846284e+20
4.93025115249515616e-02 1.28993330222996208e+17 -1.08183229095468745e+20
4.93320346556909567e-02 1.25833435690514064e+17 -1.05885791751009747e+20
4.93615577864303517e-02 1.22740775314016208e+17 -1.03628468353124876e+20
4.93910809171697329e-02 1.19714172247848128e+17 -1.01410755022622032e+20
4.94206040479091280e-02 1.16752464488571232e+17 -9.92321501865973514e+19
4.94501271786485092e-02 1.13854504805867520e+17 -9.70921546463209390e+19
4.94796503093879042e-02 1.11019160671462368e+17 -9.49902716438550446e+19
4.95091734401272854e-02 1.08245314186096304e+17 -9.29260069273756959e+19
4.95386965708666804e-02 1.05531862004583360e+17 -9.08988688151783014e+19
4.95682197016060616e-02 1.02877715259015152e+17 -8.89083682583566582e+19
4.95977428323454567e-02 1.00281799771979376e+17 -8.69539894591799624e+19
4.96272659630848378e-02 9.77430568013725600e+16 -8.50352227632041820e+19
4.96567890938242329e-02 9.52604419975217600e+16 -8.31515922944547717e+19
4.96863122245636141e-02 9.28329250212004160e+16 -8.13026248228137206e+19
4.97158353553030091e-02 9.04594894645975040e+16 -7.94878498259461898e+19
4.97453584860424042e-02 8.81391327704740480e+16 -7.77067995497120891e+19
4.97748816167817854e-02 8.58708661495739840e+16 -7.59590090670666547e+19
4.98044047475211804e-02 8.36537144962988640e+16 -7.42440163354061373e+19
4.98339278782605616e-02 8.14867163027302560e+16 -7.25613622523854766e+19
4.98634510089999566e-02 7.93689235710146560e+16 -7.09105907101670441e+19
4.98929741397393378e-02 7.72994017241762720e+16 -6.92912486481145774e+19
4.99224972704787329e-02 7.52772295153946720e+16 -6.77028861039106785e+19
4.99520204012181140e-02 7.33014989357998560e+16 -6.61450562631064945e+19
4.99815435319575091e-02 7.13713151208236800e+16 -6.46173155070810849e+19
5.00110666626968903e-02 6.94857962551594960e+16 -6.31192234594236580e+19
5.00405897934362853e-02 6.76440734763785040e+16 -6.16503430307268608e+19
5.00701129241756804e-02 6.58452909913869680e+16 -6.02102188691310100e+19
5.00996360549150616e-02 6.40886065807407120e+16 -5.87984016295353467e+19
5.01291591856544566e-02 6.23731907900518320e+16 -5.74144681455791964e+19
5.01586823163938378e-02 6.06982266100600080e+16 -5.60579985148211446e+19
5.01882054471332328e-02 5.90629093796306320e+16 -5.47285761412639949e+19
5.02177285778726140e-02 5.74664466875342960e+16 -5.34257877762183905e+19
5.02472517086120091e-02 5.59080582730427920e+16 -5.21492235574992404e+19
5.02767748393513902e-02 5.43869759253871360e+16 -5.08984770469550817e+19
5.03062979700907853e-02 5.29024433821379200e+16 -4.96731452663459185e+19
5.03358211008301665e-02 5.14537162265492720e+16 -4.84728287315733135e+19
5.03653442315695615e-02 5.00400617839146640e+16 -4.72971314852651663e+19
5.03948673623089427e-02 4.86607592337443760e+16 -4.61456242828244664e+19
5.04243904930483378e-02 4.73151024868916560e+16 -4.50177735770909164e+19
5.04539136237877328e-02 4.60023989462971600e+16 -4.39131986918745539e+19
5.04834367545271140e-02 4.47219667658320080e+16 -4.28315390083377152e+19
5.05129598852665090e-02 4.34731347115741280e+16 -4.17724362509267026e+19
5.05424830160058902e-02 4.22552422434383040e+16 -4.07355192480155976e+19
5.05720061467452853e-02 4.10676398690285760e+16 -3.97204213077397832e+19
5.06015292774846664e-02 3.99096885632861520e+16 -3.87267945035041178e+19
5.06310524082240615e-02 3.87807595364375760e+16 -3.77542934001638851e+19
5.06605755389634427e-02 3.76802341593716960e+16 -3.68025751257958728e+19
5.06900986697028377e-02 3.66075038869437040e+16 -3.58712994403559547e+19
5.07196218004422189e-02 3.55619701793009920e+16 -3.49601288012607857e+19
5.07491449311816140e-02 3.45430444213104400e+16 -3.40687284259333939e+19
5.07786680619209951e-02 3.35501478401924240e+16 -3.31967663513646244e+19
5.08081911926603902e-02 3.25827114214322680e+16 -3.23439134907236147e+19
5.08377143233997852e-02 3.16401758230679240e+16 -3.15098436870693642e+19
5.08672374541391664e-02 3.07219912884322920e+16 -3.06942337642061701e+19
5.08967605848785615e-02 2.98276175574374120e+16 -2.98967635747313746e+19
5.09262837156179426e-02 2.89565237764778000e+16 -2.91171160453168087e+19
5.09558068463573377e-02 2.81081884070403840e+16 -2.83549772192801382e+19
5.09853299770967189e-02 2.72820991330958240e+16 -2.76100362964874404e+19
5.10148531078361139e-02 2.64777528717303840e+16 -2.68819751557671240e+19
5.10443762385754951e-02 2.56946559700489400e+16 -2.61704803438206894e+19
5.10738993693148902e-02 2.49323237603474480e+16 -2.54752528125308805e+19
5.11034225000542713e-02 2.41902803569878080e+16 -2.47959966876023931e+19
5.11329456307936664e-02 2.34680585622268240e+16 -2.41324193001438904e+19
5.11624687615330476e-02 2.27651997711435240e+16 -2.34842312157837763e+19
5.11919918922724426e-02 2.20812538757492840e+16 -2.28511462613829837e+19
5.12215150230118377e-02 2.14157791683379600e+16 -2.22328815493843476e+19
5.12510381537512189e-02 2.07683422441561600e+16 -2.16291574998566502e+19
5.12805612844906139e-02 2.01385179034531760e+16 -2.10396978602831380e+19
5.13100844152299951e-02 1.95258890529806160e+16 -2.04642297231441633e+19
5.13396075459693901e-02 1.89300466070048200e+16 -1.99024835413486633e+19
5.13691306767087713e-02 1.83505893878945360e+16 -1.93541931415642440e+19
5.13986538074481664e-02 1.77871240263448420e+16 -1.88190957354964951e+19
5.14281769381875475e-02 1.72392648612993620e+16 -1.82969319291729551e+19
5.14577000689269426e-02 1.67066338396259200e+16 -1.77874457302788874e+19
5.14872231996663238e-02 1.61888604849674040e+16 -1.72903775696767836e+19
5.15167463304057188e-02 1.56855819901341620e+16 -1.68054722995780833e+19
5.15462694611451139e-02 1.51964428831491520e+16 -1.63324856062954537e+19
5.15757925918844951e-02 1.47210948558620000e+16 -1.58711765013688975e+19
5.16053157226238901e-02 1.42591966657450460e+16 -1.54213073234352927e+19
5.16348388533632713e-02 1.38104140376611080e+16 -1.49826437383687434e+19
5.16643619841026663e-02 1.33744195656521520e+16 -1.45549547377406976e+19
5.16938851148420475e-02 1.29508926147963460e+16 -1.41380126356494684e+19
5.17234082455814426e-02 1.25395192231832060e+16 -1.37315930639701606e+19
5.17529313763208237e-02 1.21399920040521780e+16 -1.33354749660755415e+19
5.17824545070602188e-02 1.17520100481368420e+16 -1.29494405890733363e+19
5.18119776377996000e-02 1.13752788262605240e+16 -1.25732754746117591e+19
5.18415007685389950e-02 1.10095100922250740e+16 -1.22067684483028726e+19
5.18710238992783762e-02 1.06544217860297440e+16 -1.18497116078067425e+19
5.19005470300177713e-02 1.03097379374618460e+16 -1.15019003096269926e+19
5.19300701607571663e-02 9.97518857009635200e+15 -1.11631331546655580e+19
5.19595932914965475e-02 9.65050965033375000e+15 -1.08332074848381706e+19
5.19891164222359425e-02 9.33544311588672800e+15 -1.05119245398911345e+19
5.20186395529753237e-02 9.02973663041317400e+15 -1.01990935353455370e+19
5.20481626837147188e-02 8.73314344414599600e+15 -9.89452679879124787e+18
5.20776858144540999e-02 8.44542230226678300e+15 -9.59803975265517363e+18
5.21072089451934950e-02 8.16633735380391300e+15 -9.30945089591481754e+18
5.21367320759328762e-02 7.89565806108586200e+15 -9.02858178480202547e+18
5.21662552066722712e-02 7.63315910977786500e+15 -8.75525701253753958e+18
5.21957783374116524e-02 7.37862031953147300e+15 -8.48930418814168269e+18
5.22253014681510475e-02 7.13182655527202000e+15 -8.23055391436049101e+18
5.22548245988904286e-02 6.89256763915120300e+15 -7.97883976474991923e+18
5.22843477296298237e-02 6.66063826318691600e+15 -7.73399825995663770e+18
5.23138708603692187e-02 6.43583790261653300e+15 -7.49586884323862733e+18
5.23433939911085999e-02 6.21797072998159900e+15 -7.26429385525899776e+18
5.23729171218479950e-02 6.00684552996842400e+15 -7.03911850819674726e+18
5.24024402525873761e-02 5.80227561502184000e+15 -6.82019085920837530e+18
5.24319633833267712e-02 5.60407876947885400e+15 -6.60735899464124928e+18
5.24614865140661524e-02 5.41207724325629200e+15 -6.40047424069789491e+18
5.24910096448055474e-02 5.22609757558788200e+15 -6.19939366476173312e+18
5.25205327755449286e-02 5.04597048576289400e+15 -6.00397702342147072e+18
5.25500559062843237e-02 4.87153079413175800e+15 -5.81408673529432781e+18
5.25795790370237048e-02 4.70261734392220300e+15 -5.62958785334324326e+18
5.26091021677630999e-02 4.53907292387994700e+15 -5.45034803672134963e+18
5.26386252985024811e-02 4.38074419174639350e+15 -5.27623752217508147e+18
5.26681484292418761e-02 4.22748159858764600e+15 -5.10712909503989658e+18
5.26976715599812712e-02 4.07913931398469550e+15 -4.94289805985813504e+18
5.27271946907206523e-02 3.93557515209671150e+15 -4.78342221065101210e+18
5.27567178214600474e-02 3.79665049860658600e+15 -4.62858180087317299e+18
5.27862409521994286e-02 3.66223023855790600e+15 -4.47825951307987763e+18
5.28157640829388236e-02 3.53218268509107200e+15 -4.33234042833410099e+18
5.28452872136782048e-02 3.40637950908660300e+15 -4.19071199538211994e+18
5.28748103444175999e-02 3.28469566972117900e+15 -4.05326399962333133e+18
5.29043334751569810e-02 3.16700936260102450e+15 -3.91988685739671501e+18
5.29338566058963761e-02 3.05320199788585100e+15 -3.79047354394740787e+18
5.29633797366357573e-02 2.94315807661241050e+15 -3.66492107102978560e+18
5.29929028673751523e-02 2.83676510807552600e+15 -3.54312863195732122e+18
5.30224259981145474e-02 2.73391354586705450e+15 -3.42499757141253581e+18
5.30519491288539286e-02 2.63449672480768950e+15 -3.31043135514197555e+18
5.30814722595933236e-02 2.53841079877517350e+15 -3.19933553955952896e+18
5.31109953903327048e-02 2.44555467943081050e+15 -3.09161774127965696e+18
5.31405185210720998e-02 2.35582997584618650e+15 -2.98718760660243098e+18
5.31700416518114810e-02 2.26914093503125250e+15 -2.88595678097077094e+18
5.31995647825508761e-02 2.18539438336459275e+15 -2.78783887842075238e+18
5.32290879132902572e-02 2.10449966892490600e+15 -2.69274945104305766e+18
5.32586110440296523e-02 2.02636860472433775e+15 -2.60060595847572378e+18
5.32881341747690335e-02 1.95091541284119925e+15 -2.51132773744502323e+18
5.33176573055084285e-02 1.87805667052362125e+15 -2.42483542345980416e+18
5.33471804362478097e-02 1.80771147833066325e+15 -2.34103465804388198e+18
5.33767035669872048e-02 1.73980164152083325e+15 -2.25984388251769984e+18
5.34062266977265998e-02 1.67425115537547825e+15 -2.18119253471061222e+18
5.34357498284659810e-02 1.61098605699660800e+15 -2.10501249326810240e+18
5.34652729592053760e-02 1.54993437439663050e+15 -2.03123700696227251e+18
5.34947960899447572e-02 1.49102608617314250e+15 -1.95980068604510592e+18
5.35243192206841523e-02 1.43419308145227225e+15 -1.89063949273976192e+18
5.35538423514235334e-02 1.37936912012457900e+15 -1.82369073091895014e+18
5.35833654821629285e-02 1.32648979339715875e+15 -1.75889303501924762e+18
5.36128886129023097e-02 1.27549248468387775e+15 -1.69618635823844531e+18
5.36424117436417047e-02 1.22631633085379750e+15 -1.63551196006143488e+18
5.36719348743810859e-02 1.17890218385753175e+15 -1.57681239315945216e+18
5.37014580051204810e-02 1.13319257274880325e+15 -1.52003148970526950e+18
5.37309811358598621e-02 1.08913166611844600e+15 -1.46511434714677632e+18
5.37605042665992572e-02 1.04666523495565275e+15 -1.41200731347857510e+18
5.37900273973386522e-02 1.00574061595104262e+15 -1.36065797205118618e+18
5.38195505280780334e-02 9.66306675254687125e+14 -1.31101512595572557e+18
5.38490736588174285e-02 9.28313778108191375e+14 -1.26302823913344947e+18
5.38785967895568096e-02 8.91713768239156125e+14 -1.21664806529545165e+18
5.39081199202962047e-02 8.56459914318642625e+14 -1.17182711359930010e+18
5.39376430510355859e-02 8.22506870200048500e+14 -1.12851903506817728e+18
5.39671661817749809e-02 7.89810641450887375e+14 -1.08667860606829197e+18
5.39966893125143621e-02 7.58328552376133625e+14 -1.04626171153161856e+18
5.40262124432537572e-02 7.28019213540468375e+14 -1.00722532795433434e+18
5.40557355739931383e-02 6.98842489795216875e+14 -9.69527506198914944e+17
5.40852587047325334e-02 6.70759468815663500e+14 -9.33127354127986432e+17
5.41147818354719146e-02 6.43732430153289750e+14 -8.97985019096095360e+17
5.41443049662113096e-02 6.17724814806587000e+14 -8.64061670324600960e+17
5.41738280969507047e-02 5.92701195313677625e+14 -8.31319481183940608e+17
5.42033512276900858e-02 5.68627246369182125e+14 -7.99721611406420992e+17
5.42328743584294809e-02 5.45469715966835625e+14 -7.69232189251352192e+17
5.42623974891688621e-02 5.23196397069201938e+14 -7.39816293643754752e+17
5.42919206199082571e-02 5.01776099804802375e+14 -7.11439936306517248e+17
5.43214437506476383e-02 4.81178627112271250e+14 -6.84069750956169216e+17
5.43509668813870334e-02 4.61374755883846375e+14 -6.57673326383332608e+17
5.43804900121264145e-02 4.42336200566534062e+14 -6.32219447052797824e+17
5.44100131428658096e-02 4.24035584530945562e+14 -6.07677751969288704e+17
5.44395362736051908e-02 4.06446415096528125e+14 -5.84018717488423680e+17
5.44690594043445858e-02 3.89543059063156750e+14 -5.61213640200022144e+17
5.44985825350839809e-02 3.73300718746932812e+14 -5.39234619898316288e+17
5.45281056658233620e-02 3.57695408517201000e+14 -5.18054542652387648e+17
5.45576287965627571e-02 3.42703931831809250e+14 -4.97647063989659584e+17
5.45871519273021383e-02 3.28303858766985625e+14 -4.77986592204369600e+17
5.46166750580415333e-02 3.14473504038048750e+14 -4.59048271802229504e+17
5.46461981887809145e-02 3.01191905506712125e+14 -4.40807967091691584e+17
5.46757213195203096e-02 2.88438803170606000e+14 -4.23242245931702144e+17
5.47052444502596907e-02 2.76194618630093531e+14 -4.06328363644814400e+17
5.47347675809990858e-02 2.64440435027561219e+14 -3.90044247104326336e+17
5.47642907117384670e-02 2.53157977453803719e+14 -3.74368479003030784e+17
5.47938138424778620e-02 2.42329595337281750e+14 -3.59280129772831168e+17
5.48233369732172432e-02 2.31938247858960375e+14 -3.44758926364024320e+17
5.48528601039566382e-02 2.21967480393197375e+14 -3.30785370630778304e+17
5.48823832346960333e-02 2.12401405203871188e+14 -3.17340555216487616e+17
5.49119063654354145e-02 2.03224684216308719e+14 -3.04406149098787648e+17
5.49414294961748095e-02 1.94422512212993781e+14 -2.91964383336793856e+17
5.49709526269141907e-02 1.85980600447011844e+14 -2.79998037025055232e+17
5.50004757576535858e-02 1.77885160667091750e+14 -2.68490423458282560e+17
5.50299988883929669e-02 1.70122889547924656e+14 -2.57425376510412768e+17
5.50595220191323620e-02 1.62680953519450844e+14 -2.46787237231190176e+17
5.50890451498717432e-02 1.55546973988574312e+14 -2.36560840662914272e+17
5.51185682806111382e-02 1.48709012946830281e+14 -2.26731502879763168e+17
5.51480914113505194e-02 1.42155558957389594e+14 -2.17285008251584960e+17
5.51776145420899145e-02 1.35875513514723141e+14 -2.08207596933719008e+17
5.52071376728292956e-02 1.29858177770255969e+14 -1.99485952584106176e+17
5.52366608035686907e-02 1.24093239617305406e+14 -1.91107190308603712e+17
5.52661839343080857e-02 1.18570761893145438e+14 -1.83058768208501888e+17
5.52957070650474669e-02 1.13281172207733422e+14 -1.75328568992688192e+17
5.53252301957868620e-02 1.08215248369186688e+14 -1.67904955172557184e+17
5.53547533265262431e-02 1.03364106076069625e+14 -1.60776672547154848e+17
5.53842764572656382e-02 9.87191877608093438e+13 -1.53932839450742368e+17
5.54137995880050194e-02 9.42722517473125156e+13 -1.47362936219012288e+17
5.54433227187444144e-02 9.00153617163688438e+13 -1.41056794873406800e+17
5.54728458494837956e-02 8.59408764723891875e+13 -1.35004589022699984e+17
5.55023689802231907e-02 8.20414400050792969e+13 -1.29196823980822384e+17
5.55318921109625718e-02 7.83099718396962500e+13 -1.23624327099740224e+17
5.55614152417019669e-02 7.47396576695559219e+13 -1.18278238315971376e+17
5.55909383724413481e-02 7.13239402644849219e+13 -1.13150000909154224e+17
5.56204615031807431e-02 6.80565106490188047e+13 -1.08231352470959248e+17
5.56499846339201382e-02 6.49312995441321250e+13 -1.03514316082439472e+17
5.56795077646595193e-02 6.19424690663939375e+13 -9.89911916977964160e+16
5.57090308953989144e-02 5.90844046784791016e+13 -9.46545477324135360e+16
5.57385540261382956e-02 5.63517077556551406e+13 -9.04971757354807840e+16
5.57680771568776906e-02 5.37391890072707188e+13 -8.65121278810558880e+16
5.57976002876170718e-02 5.12418598307518281e+13 -8.26927411405423040e+16
5.58271234183564669e-02 4.88549248404348750e+13 -7.90325881156775200e+16
5.58566465490958480e-02 4.65737750198042109e+13 -7.55254696999918080e+16
5.58861696798352431e-02 4.43939810876660625e+13 -7.21654079241114240e+16
5.59156928105746243e-02 4.23112870728735859e+13 -6.89466389823729920e+16
5.59452159413140193e-02 4.03216040922742891e+13 -6.58636064380967920e+16
5.59747390720534144e-02 3.84210043266671875e+13 -6.29109546048684400e+16
5.60042622027927955e-02 3.66057151895916406e+13 -6.00835221010597200e+16
5.60337853335321906e-02 3.48721136838869258e+13 -5.73763355748199680e+16
5.60633084642715718e-02 3.32167209410286211e+13 -5.47846035966889760e+16
5.60928315950109668e-02 3.16361969383329766e+13 -5.23037107169731040e+16
5.61223547257503480e-02 3.01273353892122109e+13 -4.99292116849791360e+16
5.61518778564897431e-02 2.86870588017429727e+13 -4.76568258271784800e+16
5.61814009872291242e-02 2.73124137008943281e+13 -4.54824315813496800e+16
5.62109241179685193e-02 2.60005661829450977e+13 -4.34020438607653120e+16
5.62404472487079005e-02 2.47487979094826133e+13 -4.14118302952092320e+16
5.62699703794472955e-02 2.35545011758503516e+13 -3.95081210191024320e+16
5.62994935101866767e-02 2.24151745723154180e+13 -3.76873843167669680e+16
5.63290166409260717e-02 2.13284190818913867e+13 -3.59461903797975040e+16
5.63585397716654668e-02 2.02919398021847070e+13 -3.42809109682280360e+16
5.63880629024048480e-02 1.93035436011148984e+13 -3.26883762466575280e+16
5.64175860331442430e-02 1.83611264435250117e+13 -3.11656493758056200e+16
5.64471091638836242e-02 1.74626694333853555e+13 -2.97098990535252080e+16
5.64766322946230193e-02 1.66062357437730840e+13 -2.83183964231167160e+16
5.65061554253624004e-02 1.57899676373574824e+13 -2.69885120338044800e+16
5.65356785561017955e-02 1.50120835758374141e+13 -2.57177128548309280e+16
5.65652016868411767e-02 1.42708754167240215e+13 -2.45035593444307400e+16
5.65947248175805717e-02 1.35647056958313848e+13 -2.33437025747602800e+16
5.66242479483199529e-02 1.28920049938120898e+13 -2.22358814137023040e+16
5.66537710790593479e-02 1.22512693850457031e+13 -2.11779197642939560e+16
5.66832942097987291e-02 1.16410580449803223e+13 -2.01677160795942040e+16
5.67128173405381242e-02 1.10599910633628477e+13 -1.92032504103692080e+16
5.67423404712775192e-02 1.05067468505188281e+13 -1.82825884141163320e+16
5.67718636020169004e-02 9.98005982195688086e+12 -1.74038700348407760e+16
5.68013867327562955e-02 9.47871824138553320e+12 -1.65653070611923920e+16
5.68309098634956766e-02 9.00156213497139648e+12 -1.57651807422490620e+16
5.68604329942350717e-02 8.54748127513599609e+12 -1.50018394609024900e+16
5.68899561249744529e-02 8.11541323219229297e+12 -1.42736964647062540e+16
5.69194792557138479e-02 7.70434149212891992e+12 -1.35792276539528260e+16
5.69490023864532291e-02 7.31329363885631543e+12 -1.29169694266656780e+16
5.69785255171926242e-02 6.94133959923928613e+12 -1.22855165801054060e+16
5.70080486479320053e-02 6.58758994925612305e+12 -1.16835202683288920e+16
5.70375717786714004e-02 6.25119427963522852e+12 -1.11096860152627140e+16
5.70670949094107816e-02 5.93133961934025098e+12 -1.05627717826984840e+16
5.70966180401501766e-02 5.62724891529111426e+12 -1.00415860925601940e+16
5.71261411708895717e-02 5.33817956672893262e+12 -9.54498620274205000e+15
5.71556643016289528e-02 5.06342204635134961e+12 -9.07187296739627000e+15
5.71851874323683479e-02 4.80229862749858496e+12 -8.62119334260213500e+15
5.72147105631077291e-02 4.55416195148827441e+12 -8.19194154834988800e+15
5.72442336938471241e-02 4.31839373215158545e+12 -7.78315362763077500e+15
5.72737568245865053e-02 4.09440354417920166e+12 -7.39390589013424100e+15
5.73032799553259004e-02 3.88162765670766797e+12 -7.02331340365752700e+15
5.73328030860652815e-02 3.67952791075087842e+12 -6.67052853234792100e+15
5.73623262168046766e-02 3.48759063910635156e+12 -6.33473952087484700e+15
5.73918493475440578e-02 3.30532562739551562e+12 -6.01516912361551800e+15
5.74213724782834528e-02 3.13226511492046045e+12 -5.71107327791764700e+15
5.74508956090228479e-02 2.96796283405203271e+12 -5.42173982049770300e+15
5.74804187397622290e-02 2.81199308688836377e+12 -5.14648724601893000e+15
5.75099418705016241e-02 2.66394985795360400e+12 -4.88466350689027400e+15
5.75394650012410053e-02 2.52344596173322217e+12 -4.63564485331996400e+15
5.75689881319804003e-02 2.39011222387268994e+12 -4.39883471265911150e+15
5.75985112627197815e-02 2.26359669489311523e+12 -4.17366260706697100e+15
5.76280343934591766e-02 2.14356390938144336e+12 -3.95958170247133700e+15
5.76575575241985577e-02 2.02969419808353027e+12 -3.75606957565481250e+15
5.76870806549379528e-02 1.92168294152505542e+12 -3.56262841305012100e+15
5.77166037856773340e-02 1.81923988922840527e+12 -3.37878246954707400e+15
5.77461269164167290e-02 1.72208852154133716e+12 -3.20407716897200750e+15
5.77756500471561102e-02 1.62996543754483862e+12 -3.03807823675863000e+15
5.78051731778955052e-02 1.54261976810353369e+12 -2.88037086391432200e+15
5.78346963086349003e-02 1.45981261314664429e+12 -2.73055890139308650e+15
5.78642194393742815e-02 1.38131650229609985e+12 -2.58826408400201950e+15
5.78937425701136765e-02 1.30691487798187256e+12 -2.45312528297446600e+15
5.79232657008530577e-02 1.23640160021092236e+12 -2.32479778635877500e+15
5.79527888315924528e-02 1.16958047218114526e+12 -2.20295260638342325e+15
5.79823119623318339e-02 1.10626478595619507e+12 -2.08727581297348250e+15
5.80118350930712290e-02 1.04627688744056482e+12 -1.97746789260612150e+15
5.80413582238106102e-02 9.89447759919302979e+11 -1.87324313171029625e+15
5.80708813545500052e-02 9.35616625449104126e+11 -1.77432902382867600e+15
5.81004044852893864e-02 8.84630569084350464e+11 -1.68046513322027475e+15
5.81299276160287814e-02 8.36344188635274658e+11 -1.59140326735273100e+15
5.81594507467681626e-02 7.90619224878937256e+11 -1.50690741940072075e+15
5.81889738775075577e-02 7.47324222189022583e+11 -1.42675261470324950e+15
5.82184970082469527e-02 7.06334210005291382e+11 -1.35072442806543825e+15
5.82480201389863339e-02 6.67530398268545532e+11 -1.27861852027244400e+15
5.82775432697257290e-02 6.30799886263594360e+11 -1.21024019316117875e+15
5.83070664004651101e-02 5.96035384331879028e+11 -1.14540396261101400e+15
5.83365895312045052e-02 5.63134947933903198e+11 -1.08393314883074300e+15
5.83661126619438864e-02 5.32001723559860291e+11 -1.02565948333466412e+15
5.83956357926832814e-02 5.02543706004397522e+11 -9.70422732016380250e+14
5.84251589234226626e-02 4.74673506539026733e+11 -9.18070333745376625e+14
5.84546820541620576e-02 4.48308131532005615e+11 -8.68457053926044500e+14
5.84842051849014388e-02 4.23368771082017151e+11 -8.21444652475040000e+14
5.85137283156408339e-02 3.99780597248011475e+11 -7.76901565688217375e+14
5.85432514463802289e-02 3.77472571472520630e+11 -7.34702601483057750e+14
5.85727745771196101e-02 3.56377263020148804e+11 -6.94728427072514875e+14
5.86022977078590052e-02 3.36430679341960815e+11 -6.56865571373462625e+14
5.86318208385983863e-02 3.17572090724781494e+11 -6.21006338403566375e+14
5.86613439693377814e-02 2.99743868632531433e+11 -5.87048298010841875e+14
5.86908671000771626e-02 2.82891333870642090e+11 -5.54894041873657062e+14
5.87203902308165576e-02 2.66962611797892303e+11 -5.24450950014831500e+14
5.87499133615559388e-02 2.51908494281254364e+11 -4.95630967423041375e+14
5.87794364922953338e-02 2.37682308101285431e+11 -4.68350390387898812e+14
5.88089596230347150e-02 2.24239789526844147e+11 -4.42529662167760062e+14
5.88384827537741101e-02 2.11538964789162903e+11 -4.18093177621880062e+14
5.88680058845134913e-02 1.99540036195823883e+11 -3.94969096450527938e+14
5.88975290152528863e-02 1.88205273635642670e+11 -3.73089164698965562e+14
5.89270521459922814e-02 1.77498911235503021e+11 -3.52388544192835375e+14
5.89565752767316625e-02 1.67387048939559418e+11 -3.32805649583532250e+14
5.89860984074710576e-02 1.57837558790971405e+11 -3.14281992693985438e+14
5.90156215382104388e-02 1.48819995704921112e+11 -2.96762033865513188e+14
5.90451446689498338e-02 1.40305513360860474e+11 -2.80192957195234531e+14
5.90746677996892150e-02 1.32266785493283539e+11 -2.64524641556663469e+14
5.91041909304286101e-02 1.24677925904467224e+11 -2.49709598750263719e+14
5.91337140611679912e-02 1.17514414466577164e+11 -2.35702754612994812e+14
5.91632371919073863e-02 1.10753027597348892e+11 -2.22461331681761062e+14
5.91927603226467675e-02 1.04371772119880463e+11 -2.09944737239130719e+14
5.92222834533861625e-02 9.83498223510737457e+10 -1.98114456513458375e+14
5.92518065841255437e-02 9.26674602696934814e+10 -1.86933950813993656e+14
5.92813297148649387e-02 8.73060186216214905e+10 -1.76368560390117531e+14
5.93108528456043338e-02 8.22478268257393341e+10 -1.66385411811480625e+14
5.93403759763437150e-02 7.74761595499358063e+10 -1.56953329673906531e+14
5.93698991070831100e-02 7.29751878322825775e+10 -1.48042752443267812e+14
5.93994222378224912e-02 6.87299326296112061e+10 -1.39625649643787656e+14
5.94289453685618863e-02 6.47262274945569382e+10 -1.31674821357579453e+14
5.94584684993012674e-02 6.09506893416250916e+10 -1.24164777085695031e+14
5.94879916300406625e-02 5.73906568503434830e+10 -1.17071878456396016e+14
5.95175147607800437e-02 5.40341487946337585e+10 -1.10373672181097203e+14
5.95470378915194387e-02 5.08698298179401932e+10 -1.04048869847505500e+14
5.95765610222588199e-02 4.78869760295304337e+10 -9.80773158179781250e+13
5.96060841529982149e-02 4.50754430531981049e+10 -9.24398986536547500e+13
5.96356072837375961e-02 4.24256359614079666e+10 -8.71184998788202969e+13
5.96651304144769912e-02 3.99284806874677658e+10 -8.20959450744552031e+13
5.96946535452163862e-02 3.75753968483419952e+10 -7.73559572069284062e+13
5.97241766759557674e-02 3.53582719134869537e+10 -7.28831121008411875e+13
5.97536998066951625e-02 3.32694366576937752e+10 -6.86627959679829375e+13
5.97832229374345436e-02 3.13016418385128746e+10 -6.46811649073568672e+13
5.98127460681739387e-02 2.94480360412822075e+10 -6.09251062940360312e+13
5.98422691989133199e-02 2.77021446371725044e+10 -5.73822019775122031e+13
5.98717923296527149e-02 2.60578498019729462e+10 -5.40406932129242734e+13
5.99013154603920961e-02 2.45093715455428162e+10 -5.08894472512819219e+13
5.99308385911314911e-02 2.30512497040172920e+10 -4.79179255174491875e+13
5.99603617218708723e-02 2.16783268489105301e+10 -4.51161533072437344e+13
5.99898848526102674e-02 2.03857321745867424e+10 -4.24746804394705156e+13
6.00194079833496624e-02 1.91688663800389519e+10 -3.99845674412590156e+13
6.00489311140890436e-02 1.80233866827755890e+10 -3.76373678520419766e+13
6.00784542448284387e-02 1.69451928759436474e+10 -3.54250911815306875e+13
6.01079773755678198e-02 1.59304142177274475e+10 -3.33401793233802031e+13
6.01375005063072149e-02 1.49753969999561100e+10 -3.13754841209817305e+13
6.01670236370465961e-02 1.40766927626703262e+10 -2.95242460335480781e+13
6.01965467677859911e-02 1.32310471229066868e+10 -2.77800738526985664e+13
6.02260698985253723e-02 1.24353891873936996e+10 -2.61369254217282695e+13
6.02555930292647673e-02 1.16868215202447319e+10 -2.45890893116781484e+13
6.02851161600041485e-02 1.09826106380471859e+10 -2.31311674101670977e+13
6.03146392907435436e-02 1.03201780060325108e+10 -2.17580583807579883e+13
6.03441624214829248e-02 9.69709151022951698e+09 -2.04649419523744570e+13
6.03736855522223198e-02 9.11105738166543007e+09 -1.92472639999489688e+13
6.04032086829617149e-02 8.55991254981837368e+09 -1.81007223791474727e+13
6.04327318137010960e-02 8.04161740357477951e+09 -1.70212534795377598e+13
6.04622549444404911e-02 7.55424897452787304e+09 -1.60050159231839590e+13
6.04917780751798723e-02 7.09599454210151386e+09 -1.50483830739456367e+13
6.05213012059192673e-02 6.66514536469789982e+09 -1.41479343744782676e+13
6.05508243366586485e-02 6.26009083984236526e+09 -1.33004403302803789e+13
6.05803474673980435e-02 5.87931301700744343e+09 -1.25028521954835293e+13
6.06098705981374247e-02 5.52138140701657200e+09 -1.17522921912732656e+13
6.06393937288768198e-02 5.18494807268888760e+09 -1.10460442310500234e+13
6.06689168596162010e-02 4.86874298613047981e+09 -1.03815451275847754e+13
6.06984399903555960e-02 4.57156963879597950e+09 -9.75637625853869336e+12
6.07279631210949772e-02 4.29230089112292147e+09 -9.16825566777952734e+12
6.07574862518343722e-02 4.02987504919261932e+09 -8.61503058094575586e+12
6.07870093825737673e-02 3.78329215649403286e+09 -8.09467031469709668e+12
6.08165325133131485e-02 3.55161048946099424e+09 -7.60525956003578027e+12
6.08460556440525435e-02 3.33394324601493263e+09 -7.14499202097685645e+12
6.08755787747919247e-02 3.12945541688949251e+09 -6.71216439072872461e+12
6.09051019055313198e-02 2.93736083002570486e+09 -6.30517064836630664e+12
6.09346250362707009e-02 2.75691937035097408e+09 -5.92249551111350098e+12
6.09641481670100960e-02 2.58743437234445953e+09 -5.56271082920290625e+12
6.09936712977494772e-02 2.42825008718868780e+09 -5.22447166270052930e+12
6.10231944284888722e-02 2.27874932098499393e+09 -4.90651036635071094e+12
6.10527175592282534e-02 2.13835121715138984e+09 -4.60763226824666016e+12
6.10822406899676484e-02 2.00650916292584300e+09 -4.32671158176482178e+12
6.11117638207070296e-02 1.88270881326758695e+09 -4.06268753873865137e+12
6.11412869514464247e-02 1.76646622579453874e+09 -3.81456073242812305e+12
6.11708100821858197e-02 1.65732610072574925e+09 -3.58138965939885205e+12
6.12003332129252009e-02 1.55486012010986567e+09 -3.36228744995500439e+12
6.12298563436645960e-02 1.45866538092008471e+09 -3.15641877727815479e+12
6.12593794744039771e-02 1.36836291687865615e+09 -2.96299693590998486e+12
6.12889026051433722e-02 1.28359630414407516e+09 -2.78128108067912646e+12
6.13184257358827534e-02 1.20403034624979591e+09 -2.61057361761393506e+12
6.13479488666221484e-02 1.12934983392731929e+09 -2.45021773880667920e+12
6.13774719973615296e-02 1.05925837567725313e+09 -2.29959509359461230e+12
6.14069951281009246e-02 9.93477298764878511e+08 -2.15812323107960376e+12
6.14365182588403058e-02 9.31744618828421593e+08 -2.02525399271668872e+12
6.14660413895797009e-02 8.73814046601473451e+08 -1.90047183348079199e+12
6.14955645203190959e-02 8.19454060986588955e+08 -1.78329155156864111e+12
6.15250876510584771e-02 7.68447039253742814e+08 -1.67325654207908472e+12
6.15546107817978722e-02 7.20588437340033174e+08 -1.56993714841177832e+12
6.15841339125372533e-02 6.75686017444023013e+08 -1.47292910610935327e+12
6.16136570432766484e-02 6.33559120259836435e+08 -1.38185207413960962e+12
6.16431801740160296e-02 5.94037979340478778e+08 -1.29634824887366455e+12
6.16727033047554246e-02 5.56963075215688109e+08 -1.21608105626052075e+12
6.17022264354948058e-02 5.22184527019371033e+08 -1.14073391793358765e+12
6.17317495662342008e-02 4.89561519503992558e+08 -1.07000908720625500e+12
6.17612726969735820e-02 4.58961763435942233e+08 -1.00362655112644885e+12
6.17907958277129771e-02 4.30260987475146234e+08 -9.41322994959280151e+11
6.18203189584523582e-02 4.03342459747601092e+08 -8.82850825660369751e+11
6.18498420891917533e-02 3.78096537417464554e+08 -8.27977251082507690e+11
6.18793652199311484e-02 3.54420243725519061e+08 -7.76483305697600220e+11
6.19088883506705295e-02 3.32216871540809929e+08 -7.28163172005893188e+11
6.19384114814099246e-02 3.11395603696291864e+08 -6.82823492779740967e+11
6.19679346121493058e-02 2.91871158434116244e+08 -6.40282519813484375e+11
6.19974577428887008e-02 2.73563456874109924e+08 -6.00369429489526123e+11
6.20269808736280820e-02 2.56397310101002097e+08 -5.62923677791698120e+11
6.20565040043674770e-02 2.40302124738780856e+08 -5.27794392556823853e+11
6.20860271351068582e-02 2.25211625943743736e+08 -4.94839800873670715e+11
6.21155502658462533e-02 2.11063596808176965e+08 -4.63926689652820435e+11
6.21450733965856345e-02 1.97799633223235190e+08 -4.34929897497440857e+11
6.21745965273250295e-02 1.85364913303116173e+08 -4.07731836107006348e+11
6.22041196580644107e-02 1.73707980523689866e+08 -3.82222039542544495e+11
6.22336427888038057e-02 1.62780539776451290e+08 -3.58296739773235413e+11
6.22631659195432008e-02 1.52537265584209263e+08 -3.35858467011048828e+11
6.22926890502825820e-02 1.42935621767688125e+08 -3.14815673422114502e+11
6.23222121810219770e-02 1.33935691892761156e+08 -2.95082378881214478e+11
6.23517353117613582e-02 1.25500020163372904e+08 -2.76577807949442200e+11
6.23812584425007532e-02 1.17593462318490401e+08 -2.59226115016224548e+11
6.24107815732401344e-02 1.10183043659598172e+08 -2.42956112150431396e+11
6.24403047039795295e-02 1.03237826375965357e+08 -2.27700956494875671e+11
6.24698278347189107e-02 9.67287851616146713e+07 -2.13397888908896393e+11
6.24993509654583057e-02 9.06286903182726353e+07 -1.99987988046857422e+11
6.25288740961976869e-02 8.49119979018613100e+07 -1.87415938981598419e+11
6.25583972269370819e-02 7.95547463427079022e+07 -1.75629853356867462e+11
6.25879203576764631e-02 7.45344543039679825e+07 -1.64581289430613800e+11
6.26174434884158582e-02 6.98300298598930836e+07 -1.54224477292909729e+11
6.26469666191552532e-02 6.54216922663087398e+07 -1.44516386534617737e+11
6.26764897498946344e-02 6.12908915753647238e+07 -1.35416641264868713e+11
6.27060128806340294e-02 5.74202326830570400e+07 -1.26887358039402939e+11
6.27355360113734106e-02 5.37934040158960894e+07 -1.18892993559870819e+11
6.27650591421128057e-02 5.03951105769317821e+07 -1.11400201564111298e+11
6.27945822728521869e-02 4.72110110879028961e+07 -1.04377698361034103e+11
6.28241054035915819e-02 4.42276590552298576e+07 -9.77961290068614960e+10
6.28536285343309631e-02 4.14324475659893602e+07 -9.16279585089530640e+10
6.28831516650703581e-02 3.88135570092940032e+07 -8.58473662079394226e+10
6.29126747958097393e-02 3.63599062008147836e+07 -8.04301322646595306e+10
6.29421979265491344e-02 3.40611065881011412e+07 -7.53535393369063416e+10
6.29717210572885294e-02 3.19074192696835697e+07 -7.05962802260910034e+10
6.30012441880279106e-02 2.98897146570435688e+07 -6.61383711364298172e+10
6.30307673187673057e-02 2.79994346187374331e+07 -6.19610702102047119e+10
6.30602904495066868e-02 2.62285569556683451e+07 -5.80468010226090469e+10
6.30898135802460819e-02 2.45695620654933937e+07 -5.43790807382377548e+10
6.31193367109854631e-02 2.30154016627352759e+07 -5.09424526489596024e+10
6.31488598417248581e-02 2.15594694291748442e+07 -4.77224228294725647e+10
6.31783829724642393e-02 2.01955734766566157e+07 -4.47054006624470520e+10
6.32079061032036343e-02 1.89179105115442537e+07 -4.18786429998840332e+10
6.32374292339430155e-02 1.77210415967502035e+07 -3.92302017411825409e+10
6.32669523646824106e-02 1.65998694135405086e+07 -3.67488746214299316e+10
6.32964754954217917e-02 1.55496169470602069e+07 -3.44241574420358124e+10
6.33259986261611868e-02 1.45658075174227767e+07 -3.22462027875833817e+10
6.33555217569005819e-02 1.36442459522252046e+07 -3.02057805609687881e+10
6.33850448876399630e-02 1.27810009679644406e+07 -2.82942379392271080e+10
6.34145680183793581e-02 1.19723886617344767e+07 -2.65034635342368584e+10
6.34440911491187393e-02 1.12149570281327423e+07 -2.48258537578581238e+10
6.34736142798581343e-02 1.05054714382939506e+07 -2.32542812574678040e+10
6.35031374105975155e-02 9.84090102179633453e+06 -2.17820652958617821e+10
6.35326605413369105e-02 9.21840589581633359e+06 -2.04029439571024742e+10
6.35621836720762917e-02 8.63532518927430362e+06 -1.91110480669740219e+10
6.35917068028156868e-02 8.08916581291577313e+06 -1.79008767234143257e+10
6.36212299335550679e-02 7.57759192926205695e+06 -1.67672743385981560e+10
6.36507530642944630e-02 7.09841507917989977e+06 -1.57054091002690716e+10
6.36802761950338442e-02 6.64958492446502671e+06 -1.47107527654893723e+10
6.37097993257732392e-02 6.22918056831619050e+06 -1.37790617052265377e+10
6.37393224565126343e-02 5.83540241792023368e+06 -1.29063591231318798e+10
6.37688455872520155e-02 5.46656455742772203e+06 -1.20889181896909618e+10
6.37983687179914105e-02 5.12108760077153333e+06 -1.13232466437541161e+10
6.38278918487307917e-02 4.79749198012556043e+06 -1.06060722662786560e+10
6.38574149794701867e-02 4.49439165924726892e+06 -9.93432889960375404e+09
6.38869381102095679e-02 4.21048824244494364e+06 -9.30514354186426163e+09
6.39164612409489630e-02 3.94456545258672722e+06 -8.71582424382842827e+09
6.39459843716883442e-02 3.69548395520123700e+06 -8.16384875873007393e+09
6.39755075024277392e-02 3.46217650712867174e+06 -7.64685389866384697e+09
6.40050306331671204e-02 3.24364340951517550e+06 -7.16262555395537186e+09
6.40345537639065154e-02 3.03894824618547689e+06 -6.70908933456679344e+09
6.40640768946458966e-02 2.84721388960527116e+06 -6.28430179510938358e+09
6.40936000253852917e-02 2.66761875773977628e+06 -5.88644220737448502e+09
6.41231231561246867e-02 2.49939330615026504e+06 -5.51380484650697422e+09
6.41526462868640679e-02 2.34181674063828262e+06 -5.16479175901908970e+09
6.41821694176034629e-02 2.19421393665755307e+06 -4.83790598278920174e+09
6.42116925483428441e-02 2.05595255256795418e+06 -4.53174519102538490e+09
6.42412156790822392e-02 1.92644032385646063e+06 -4.24499580847068262e+09
6.42707388098216204e-02 1.80512252657429385e+06 -3.97642732690513515e+09
6.43002619405610154e-02 1.69147960515473690e+06 -3.72488701148765659e+09
6.43297850713003966e-02 1.58502494777578372e+06 -3.48929508091159868e+09
6.43593082020397916e-02 1.48530280118751712e+06 -3.26864010687669659e+09
6.43888313327791728e-02 1.39188631705609686e+06 -3.06197470213969755e+09
6.44183544635185679e-02 1.30437572157204221e+06 -2.86841147916776419e+09
6.44478775942579629e-02 1.22239660058665439e+06 -2.68711926253307104e+09
6.44774007249973441e-02 1.14559829301993805e+06 -2.51731953922307348e+09
6.45069238557367391e-02 1.07365238573871693e+06 -2.35828313202464628e+09
6.45364469864761203e-02 1.00625130352637346e+06 -2.20932708205423737e+09
6.45659701172155154e-02 9.43106988164038863e+05 -2.06981172737000108e+09
6.45954932479548966e-02 8.83949661017994396e+05 -1.93913796541157579e+09
6.46250163786942916e-02 8.28526663876891485e+05 -1.81674468777184677e+09
6.46545395094336728e-02 7.76601373112056055e+05 -1.70210637651806879e+09
6.46840626401730678e-02 7.27952182542670984e+05 -1.59473085195062876e+09
6.47135857709124490e-02 6.82371550085917115e+05 -1.49415722101225090e+09
6.47431089016518441e-02 6.39665103831389570e+05 -1.39995382235050797e+09
6.47726320323912252e-02 5.99650808325342834e+05 -1.31171632787249017e+09
6.48021551631306203e-02 5.62158182133993483e+05 -1.22906607598054814e+09
6.48316782938700154e-02 5.27027564360036864e+05 -1.15164844501433110e+09
6.48612014246093965e-02 4.94109427646957280e+05 -1.07913132942177224e+09
6.48907245553487916e-02 4.63263734735319507e+05 -1.01120371220506001e+09
6.49202476860881728e-02 4.34359335818493273e+05 -9.47574327588678598e+08
6.49497708168275678e-02 4.07273404119131388e+05 -8.87970408235464454e+08
6.49792939475669490e-02 3.81890907269500545e+05 -8.32136511690517187e+08
6.50088170783063440e-02 3.58104112231080711e+05 -7.79833421066120744e+08
6.50383402090457252e-02 3.35812121631467831e+05 -7.30837115292062402e+08
6.50678633397851203e-02 3.14920439529832511e+05 -6.84937804548387647e+08
6.50973864705245014e-02 2.95340564748339937e+05 -6.41939026772812128e+08
6.51269096012638965e-02 2.76989610023458139e+05 -6.01656801391438007e+08
6.51564327320032777e-02 2.59789945341886312e+05 -5.63918836663439512e+08
6.51859558627426727e-02 2.43668863378476322e+05 -5.28563841987980664e+08
6.52154789934820678e-02 2.28558265315629949e+05 -4.95440760281358063e+08
6.52450021242214490e-02 2.14394369978546893e+05 -4.64408073721941471e+08
6.52745252549608440e-02 2.01117440031942388e+05 -4.35333257878224611e+08
6.53040483857002252e-02 1.88671524998788169e+05 -4.08092209983810842e+08
6.53335715164396202e-02 1.77004220616655395e+05 -3.82568713506960511e+08
6.53630946471790014e-02 1.66066443494176143e+05 -3.58653936717290223e+08
6.53926177779183965e-02 1.55812220096276142e+05 -3.36245963097762644e+08
6.54221409086577776e-02 1.46198489147985994e+05 -3.15249351585231245e+08
6.54516640393971727e-02 1.37184916604361206e+05 -2.95574724749822319e+08
6.54811871701365539e-02 1.28733722388201160e+05 -2.77138383143174887e+08
6.55107103008759489e-02 1.20809518147582392e+05 -2.59861944156486690e+08
6.55402334316153301e-02 1.13379155332940485e+05 -2.43672003834732354e+08
6.55697565623547252e-02 1.06411582937549014e+05 -2.28499820191019118e+08
6.55992796930941202e-02 9.98777142871069664e+04 -2.14281016657293677e+08
6.56288028238335014e-02 9.37503023029256583e+04 -2.00955304393640131e+08
6.56583259545728964e-02 8.80038226999090839e+04 -1.88466222259380311e+08
6.56878490853122776e-02 8.26143646144816885e+04 -1.76760893324494213e+08
6.57173722160516727e-02 7.75595281899890251e+04 -1.65789796871375471e+08
6.57468953467910538e-02 7.28183286767913960e+04 -1.55506554902824819e+08
6.57764184775304489e-02 6.83711066325893771e+04 -1.45867732234833419e+08
6.58059416082698301e-02 6.41994438348149488e+04 -1.36832649311001211e+08
6.58354647390092251e-02 6.02860845415097792e+04 -1.28363206929945797e+08
6.58649878697486063e-02 5.66148617603568637e+04 -1.20423722128568500e+08
6.58945110004880014e-02 5.31706282070304296e+04 -1.12980774511764333e+08
6.59240341312273964e-02 4.99391916544010237e+04 -1.06003062364338472e+08
6.59535572619667776e-02 4.69072543930804604e+04 -9.94612679229568541e+07
6.59830803927061726e-02 4.40623565415376361e+04 -9.33279312253673673e+07
6.60126035234455538e-02 4.13928229607376707e+04 -8.75773319912120700e+07
6.60421266541849489e-02 3.88877135438013720e+04 -8.21853790233730972e+07
6.60716497849243301e-02 3.65367766657816537e+04 -7.71295066511303931e+07
6.61011729156637251e-02 3.43304055923700798e+04 -7.23885777669858783e+07
