# N_electron( psi ) IN geq'S OWN GAUGE -- phi_0 pinned at one global
# point, psi_n = 0.5 on the midplane. NOT what meq::Species wants.
# Present so the comparison can assert that using it is WRONG.
#
#    psi            f( psi )        f'( psi )
5.63780116139572449e-03 6.97716201305331098e+18 4.08724464340120306e+20
5.66732429213511347e-03 6.98925990775345562e+18 4.10830380854118384e+20
5.69684742287450158e-03 7.00142008224211046e+18 4.12943521962726457e+20
5.72637055361389057e-03 7.01364275045059277e+18 4.15063930944152928e+20
5.75589368435327955e-03 7.02592812759010509e+18 4.17191651254583362e+20
5.78541681509266766e-03 7.03827643015775232e+18 4.19326726529421017e+20
5.81493994583205664e-03 7.05068787594155418e+18 4.21469200584470233e+20
5.84446307657144476e-03 7.06316268402543923e+18 4.23619117417121972e+20
5.87398620731083374e-03 7.07570107479526912e+18 4.25776521207603266e+20
5.90350933805022272e-03 7.08830326994411213e+18 4.27941456320185303e+20
5.93303246878961084e-03 7.10096949247723725e+18 4.30113967304376517e+20
5.96255559952899982e-03 7.11369996671790387e+18 4.32294098896167567e+20
5.99207873026838880e-03 7.12649491831308800e+18 4.34481896019274564e+20
6.02160186100777692e-03 7.13935457423879066e+18 4.36677403786360586e+20
6.05112499174716590e-03 7.15227916280558080e+18 4.38880667500273992e+20
6.08064812248655488e-03 7.16526891366423450e+18 4.41091732655295365e+20
6.11017125322594300e-03 7.17832405781190554e+18 4.43310644938420912e+20
6.13969438396533198e-03 7.19144482759702630e+18 4.45537450230570156e+20
6.16921751470472096e-03 7.20463145672560640e+18 4.47772194607882633e+20
6.19874064544410908e-03 7.21788418026691686e+18 4.50014924342980379e+20
6.22826377618349806e-03 7.23120323465925939e+18 4.52265685906238603e+20
6.25778690692288704e-03 7.24458885771561370e+18 4.54524525967051260e+20
6.28731003766227516e-03 7.25804128862999757e+18 4.56791491395145040e+20
6.31683316840166414e-03 7.27156076798314291e+18 4.59066629261853393e+20
6.34635629914105225e-03 7.28514753774810522e+18 4.61349986841389236e+20
6.37587942988044123e-03 7.29880184129704755e+18 4.63641611612195455e+20
6.40540256061983022e-03 7.31252392340677427e+18 4.65941551258219053e+20
6.43492569135921833e-03 7.32631403026481050e+18 4.68249853670223970e+20
6.46444882209860731e-03 7.34017240947564134e+18 4.70566566947116089e+20
6.49397195283799630e-03 7.35409931006691738e+18 4.72891739397270209e+20
6.52349508357738441e-03 7.36809498249572147e+18 4.75225419539864617e+20
6.55301821431677339e-03 7.38215967865454387e+18 4.77567656106199220e+20
6.58254134505616151e-03 7.39629365187772109e+18 4.79918498041047548e+20
6.61206447579555049e-03 7.41049715300265984e+18 4.82277593351894729e+20
6.64158760653493947e-03 7.42477041847950848e+18 4.84644586136642781e+20
6.67111073727432759e-03 7.43911368210585600e+18 4.87019519743064998e+20
6.70063386801371657e-03 7.45352717896141926e+18 4.89402437661555884e+20
6.73015699875310555e-03 7.46801114541163315e+18 4.91793383525921260e+20
6.75968012949249367e-03 7.48256581911279821e+18 4.94192401114269876e+20
6.78920326023188265e-03 7.49719143901512806e+18 4.96599534349766427e+20
6.81872639097127163e-03 7.51188824536821965e+18 4.99014827301542822e+20
6.84824952171065975e-03 7.52665647972499968e+18 5.01438324185509462e+20
6.87777265245004873e-03 7.54149638494542643e+18 5.03870069365147173e+20
6.90729578318943771e-03 7.55640820520188211e+18 5.06310107352414487e+20
6.93681891392882582e-03 7.57139218598275789e+18 5.08758482808528765e+20
6.96634204466821481e-03 7.58644857409763021e+18 5.11215240544858341e+20
6.99586517540760379e-03 7.60157761768073318e+18 5.13680425523696042e+20
7.02538830614699190e-03 7.61677956619640013e+18 5.16154082859164762e+20
7.05491143688638089e-03 7.63205467044285440e+18 5.18636257818013467e+20
7.08443456762576987e-03 7.64740317967376896e+18 5.21126702629784781e+20
7.11395769836515798e-03 7.66282533290593997e+18 5.23625166521394332e+20
7.14348082910454697e-03 7.67832136749215437e+18 5.26131690444651233e+20
7.17300395984393508e-03 7.69389152199530598e+18 5.28646315450353451e+20
7.20252709058332406e-03 7.70953603619203174e+18 5.31169082688801735e+20
7.23205022132271218e-03 7.72525515107516211e+18 5.33700033410225734e+20
7.26157335206210116e-03 7.74104910885690163e+18 5.36239208965259788e+20
7.29109648280149014e-03 7.75691815297179648e+18 5.38786650805398209e+20
7.32061961354087826e-03 7.77286252807939072e+18 5.41342400483427615e+20
7.35014274428026724e-03 7.78888248006799258e+18 5.43906499653931172e+20
7.37966587501965622e-03 7.80497825605664051e+18 5.46478990073665552e+20
7.40918900575904434e-03 7.82115010439906406e+18 5.49059913602072510e+20
7.43871213649843332e-03 7.83739827468617011e+18 5.51649312201684812e+20
7.46823526723782230e-03 7.85372301774936883e+18 5.54247227938586296e+20
7.49775839797721042e-03 7.87012458566341427e+18 5.56853702982836814e+20
7.52728152871659940e-03 7.88660323174959514e+18 5.59468779608914657e+20
7.55680465945598838e-03 7.90315920744473600e+18 5.62092181489267180e+20
7.58632779019537649e-03 7.91979275284865536e+18 5.64723628820398866e+20
7.61585092093476548e-03 7.93650410603674624e+18 5.67363158773701280e+20
7.64537405167415446e-03 7.95329350618267546e+18 5.70010808563593511e+20
7.67489718241354257e-03 7.97016119355926528e+18 5.72666615447514251e+20
7.70442031315293156e-03 7.98710740953992499e+18 5.75330616725945647e+20
7.73394344389232054e-03 8.00413239660004454e+18 5.78002849742429094e+20
7.76346657463170865e-03 8.02123639831808717e+18 5.80683351883553309e+20
7.79298970537109763e-03 8.03841965937686528e+18 5.83372160578949743e+20
7.82251283611048662e-03 8.05568242556492390e+18 5.86069313301289173e+20
7.85203596684987473e-03 8.07302494377792410e+18 5.88774847566272528e+20
7.88155909758926285e-03 8.09044746201922867e+18 5.91488800932558143e+20
7.91108222832865270e-03 8.10795022940231373e+18 5.94211211001814712e+20
7.94060535906804081e-03 8.12553349615089050e+18 5.96942115418601947e+20
7.97012848980742893e-03 8.14319751360109363e+18 5.99681551870396727e+20
7.99965162054681878e-03 8.16094253420211098e+18 6.02429558087496499e+20
8.02917475128620689e-03 8.17876880856788685e+18 6.05185871884802851e+20
8.05869788202559501e-03 8.19667657657763430e+18 6.07950227613732307e+20
8.08822101276498312e-03 8.21466607613502362e+18 6.10722657828434477e+20
8.11774414350437297e-03 8.23273754610438554e+18 6.13503195065344459e+20
8.14726727424376108e-03 8.25089122631053926e+18 6.16291871842763014e+20
8.17679040498315093e-03 8.26912735753783706e+18 6.19088720660371210e+20
8.20631353572253905e-03 8.28744618153019597e+18 6.21893773998809547e+20
8.23583666646192716e-03 8.30584794098994074e+18 6.24707064319160484e+20
8.26535979720131528e-03 8.32433287957739622e+18 6.27528624062479335e+20
8.29488292794070513e-03 8.34290124191052390e+18 6.30358485649319657e+20
8.32440605868009324e-03 8.36155327356413133e+18 6.33196681479219708e+20
8.35392918941948309e-03 8.38028922106889114e+18 6.36043243930164396e+20
8.38345232015887121e-03 8.39910933191170458e+18 6.38898205358142521e+20
8.41297545089825932e-03 8.41801385453373542e+18 6.41761598096518414e+20
8.44249858163764744e-03 8.43700303833080730e+18 6.44633454455575413e+20
8.47202171237703729e-03 8.45607713365211955e+18 6.47513806721922630e+20
8.50154484311642540e-03 8.47523638898508288e+18 6.50402400930881339e+20
8.53106797385581525e-03 8.49448104245957939e+18 6.53298979623521485e+20
8.56059110459520337e-03 8.51381133020074701e+18 6.56203569764474159e+20
8.59011423533459148e-03 8.53322748912868659e+18 6.59116198234292486e+20
8.61963736607397960e-03 8.55272975695590502e+18 6.62036891828519174e+20
8.64916049681336944e-03 8.57231837218436506e+18 6.64965677256713044e+20
8.67868362755275756e-03 8.59199357410366669e+18 6.67902581141553545e+20
8.70820675829214567e-03 8.61175560278803558e+18 6.70847630017843036e+20
8.73772988903153552e-03 8.63160469909359718e+18 6.73800850331523219e+20
8.76725301977092364e-03 8.65154110465616691e+18 6.76762268438720020e+20
8.79677615051031175e-03 8.67156506188827238e+18 6.79731910604721619e+20
8.82629928124969987e-03 8.69167681397615514e+18 6.82709803002942325e+20
8.85582241198908972e-03 8.71187660487802470e+18 6.85695971713978335e+20
8.88534554272847783e-03 8.73216467932031795e+18 6.88690442724495327e+20
8.91486867346786768e-03 8.75254128279521690e+18 6.91693241926205702e+20
8.94439180420725580e-03 8.77300666155814400e+18 6.94704395114835476e+20
8.97391493494664391e-03 8.79356106002690867e+18 6.97723663822496596e+20
9.00343806568603203e-03 8.81420471293703475e+18 7.00750806172852814e+20
9.03296119642542188e-03 8.83493785304613990e+18 7.03785842661383733e+20
9.06248432716480999e-03 8.85576071371465523e+18 7.06828793629186851e+20
9.09200745790419984e-03 8.87667352890106266e+18 7.09879679261553066e+20
9.12153058864358796e-03 8.89767653315739443e+18 7.12938519586552676e+20
9.15105371938297607e-03 8.91876996162482483e+18 7.16005334473619276e+20
9.18057685012236419e-03 8.93995405002890445e+18 7.19080143632095511e+20
9.21009998086175403e-03 8.96122903467436646e+18 7.22162966609732436e+20
9.23962311160114215e-03 8.98259515244077773e+18 7.25253822791249035e+20
9.26914624234053200e-03 9.00405264077777203e+18 7.28352731396846649e+20
9.29866937307992011e-03 9.02560173769946112e+18 7.31459711480646992e+20
9.32819250381930823e-03 9.04724268178066739e+18 7.34574781929268183e+20
9.35771563455869634e-03 9.06897571215086387e+18 7.37697961460205355e+20
9.38723876529808619e-03 9.09080106848979866e+18 7.40829268620336300e+20
9.41676189603747431e-03 9.11271899102218138e+18 7.43968721784343626e+20
9.44628502677686242e-03 9.13472971817238118e+18 7.47116101151486640e+20
9.47580815751625227e-03 9.15683347949294182e+18 7.50271183671796302e+20
9.50533128825564039e-03 9.17903050260048486e+18 7.53433982546623594e+20
9.53485441899502850e-03 9.20132101549808947e+18 7.56604510749951001e+20
9.56437754973441662e-03 9.22370524656842342e+18 7.59782781026509783e+20
9.59390068047380647e-03 9.24618342456700928e+18 7.62968805889897529e+20
9.62342381121319458e-03 9.26875577861531238e+18 7.66162597620671054e+20
9.65294694195258443e-03 9.29142253819402445e+18 7.69364168264447033e+20
9.68247007269197255e-03 9.31418393313597235e+18 7.72573529629959782e+20
9.71199320343136066e-03 9.33704019361889075e+18 7.75790693287099630e+20
9.74151633417074878e-03 9.35999155015894426e+18 7.79015670565004247e+20
9.77103946491013862e-03 9.38303823360252518e+18 7.82248472549994267e+20
9.80056259564952674e-03 9.40618047512045568e+18 7.85489110083703144e+20
9.83008572638891659e-03 9.42941850619952742e+18 7.88737593760972669e+20
9.85960885712830470e-03 9.45275255863599718e+18 7.91993933927903920e+20
9.88913198786769282e-03 9.47618286452740301e+18 7.95258140679758807e+20
9.91865511860708093e-03 9.49970965422805606e+18 7.98530016598396240e+20
9.94817824934647078e-03 9.52333315018642842e+18 8.01809361259960336e+20
9.97770138008585890e-03 9.54705357298032845e+18 8.05096179837091447e+20
1.00072245108252487e-02 9.57087114333582950e+18 8.08390477200896950e+20
1.00367476415646369e-02 9.59478608211833446e+18 8.11692257918650417e+20
1.00662707723040250e-02 9.61879861032323277e+18 8.15001526251445813e+20
1.00957939030434131e-02 9.64290894906785382e+18 8.18318286151954989e+20
1.01253170337828012e-02 9.66711731958108570e+18 8.21642541261977420e+20
1.01548401645221911e-02 9.69142394319478784e+18 8.24974294910133731e+20
1.01843632952615809e-02 9.71582904133471642e+18 8.28313550109508895e+20
1.02138864260009690e-02 9.74033283551075533e+18 8.31660309555229491e+20
1.02434095567403571e-02 9.76493554730735616e+18 8.35014575622049104e+20
1.02729326874797453e-02 9.78963739837473997e+18 8.38376350361990726e+20
1.03024558182191334e-02 9.81443861041870848e+18 8.41745635501863076e+20
1.03319789489585232e-02 9.83933940519121101e+18 8.45122432440832623e+20
1.03615020796979113e-02 9.86434000448077824e+18 8.48506742247976731e+20
1.03910252104373012e-02 9.88944062840202854e+18 8.51898392736465158e+20
1.04205483411766893e-02 9.91464149025076634e+18 8.55297209032759968e+20
1.04500714719160774e-02 9.93994280153351782e+18 8.58703187646882120e+20
1.04795946026554655e-02 9.96534477364802765e+18 8.62116324713504047e+20
1.05091177333948554e-02 9.99084761787270963e+18 8.65536615989317075e+20
1.05386408641342435e-02 1.00164515453546578e+19 8.68964056850270388e+20
1.05681639948736333e-02 1.00421567670992957e+19 8.72398642288944087e+20
1.05976871256130215e-02 1.00679634939582341e+19 8.75840366911760105e+20
1.06272102563524096e-02 1.00938719366179021e+19 8.79289224936254210e+20
1.06567333870917977e-02 1.01198823055887360e+19 8.82745210188390334e+20
1.06862565178311875e-02 1.01459948111927255e+19 8.86208316099725361e+20
1.07157796485705756e-02 1.01722096635520819e+19 8.89678535704665391e+20
1.07453027793099655e-02 1.01985270725776876e+19 8.93155861637698421e+20
1.07748259100493536e-02 1.02249472479570391e+19 8.96640286130575245e+20
1.08043490407887417e-02 1.02514703991420150e+19 9.00131801009470833e+20
1.08338721715281298e-02 1.02780967353372324e+19 9.03630397692189999e+20
1.08633953022675180e-02 1.03048264641542328e+19 9.07135931513566003e+20
1.08929184330069078e-02 1.03316597875687977e+19 9.10648255509056848e+20
1.09224415637462977e-02 1.03585969058620334e+19 9.14167357005843923e+20
1.09519646944856858e-02 1.03856380189345321e+19 9.17693222883905896e+20
1.09814878252250739e-02 1.04127833262929818e+19 9.21225839573012185e+20
1.10110109559644620e-02 1.04400330270361559e+19 9.24765193049655083e+20
1.10405340867038501e-02 1.04673873198429020e+19 9.28311268834156741e+20
1.10700572174432400e-02 1.04948464029571359e+19 9.31864051987506790e+20
1.10995803481826298e-02 1.05224104741752852e+19 9.35423527108413358e+20
1.11291034789220179e-02 1.05500797308322263e+19 9.38989678330217497e+20
1.11586266096614060e-02 1.05778543697871094e+19 9.42562489317793595e+20
1.11881497404007942e-02 1.06057345874102538e+19 9.46141943264543506e+20
1.12176728711401823e-02 1.06337205795688653e+19 9.49728022889281225e+20
1.12471960018795721e-02 1.06618125416125399e+19 9.53320710433097777e+20
1.12767191326189602e-02 1.06900106683597087e+19 9.56919987656306065e+20
1.13062422633583501e-02 1.07183151540831744e+19 9.60525835835302609e+20
1.13357653940977382e-02 1.07467261915485327e+19 9.64138139424772850e+20
1.13652885248371263e-02 1.07752439691380490e+19 9.67756781025111966e+20
1.13948116555765144e-02 1.08038686736425923e+19 9.71381738381641515e+20
1.14243347863159043e-02 1.08326004911880172e+19 9.75012988723937542e+20
1.14538579170552924e-02 1.08614396072205763e+19 9.78650508762657194e+20
1.14833810477946822e-02 1.08903862064910172e+19 9.82294274686245011e+20
1.15129041785340704e-02 1.09194404730394255e+19 9.85944262157707510e+20
1.15424273092734585e-02 1.09486025901797356e+19 9.89600446311358136e+20
1.15719504400128466e-02 1.09778727404838584e+19 9.93262801749526184e+20
1.16014735707522347e-02 1.10072511057659023e+19 9.96931302539276714e+20
1.16309967014916246e-02 1.10367378670664212e+19 1.00060592220913061e+21
1.16605198322310144e-02 1.10663332046363750e+19 1.00428663374576117e+21
1.16900429629704025e-02 1.10960372979214049e+19 1.00797340959072112e+21
1.17195660937097906e-02 1.11258503255454495e+19 1.01166622163710889e+21
1.17490892244491787e-02 1.11557724652941947e+19 1.01536504122622240e+21
1.17786123551885669e-02 1.11858038940992799e+19 1.01906983914428314e+21
1.18081354859279567e-02 1.12159447874737336e+19 1.02278052989771383e+21
1.18376586166673466e-02 1.12461953178399990e+19 1.02649702662926605e+21
1.18671817474067347e-02 1.12765556561363231e+19 1.03021929722883185e+21
1.18967048781461228e-02 1.13070259723441787e+19 1.03394730900687854e+21
1.19262280088855109e-02 1.13376064354712637e+19 1.03768102869107055e+21
1.19557511396248990e-02 1.13682972135344886e+19 1.04142042242289317e+21
1.19852742703642889e-02 1.13990984735427052e+19 1.04516545575425802e+21
1.20147974011036770e-02 1.14300103814784328e+19 1.04891609364401907e+21
1.20443205318430668e-02 1.14610331022814413e+19 1.05267230045466382e+21
1.20738436625824549e-02 1.14921667998302024e+19 1.05643403994881327e+21
1.21033667933218431e-02 1.15234116369244426e+19 1.06020127528582906e+21
1.21328899240612312e-02 1.15547677752672932e+19 1.06397396901838599e+21
1.21624130548006210e-02 1.15862353754476564e+19 1.06775208308907285e+21
1.21919361855400091e-02 1.16178145969213174e+19 1.07153557882688124e+21
1.22214593162793990e-02 1.16495055979936788e+19 1.07532441694385065e+21
1.22509824470187871e-02 1.16813085358007706e+19 1.07911855753156061e+21
1.22805055777581752e-02 1.17132235661476188e+19 1.08291794542826684e+21
1.23100287084975633e-02 1.17452508430546227e+19 1.08672252463145589e+21
1.23395518392369515e-02 1.17773905191655363e+19 1.09053225302852986e+21
1.23690749699763413e-02 1.18096427458709279e+19 1.09434708786981070e+21
1.23985981007157312e-02 1.18420076732903956e+19 1.09816698576517779e+21
1.24281212314551193e-02 1.18744854502524436e+19 1.10199190268049804e+21
1.24576443621945074e-02 1.19070762242764247e+19 1.10582179393425664e+21
1.24871674929338955e-02 1.19397801415527793e+19 1.10965661419403621e+21
1.25166906236732836e-02 1.19725973469240320e+19 1.11349631747307681e+21
1.25462137544126735e-02 1.20055279838651638e+19 1.11734085712678591e+21
1.25757368851520633e-02 1.20385721944645571e+19 1.12119018584931277e+21
1.26052600158914514e-02 1.20717301194038395e+19 1.12504425567002742e+21
1.26347831466308395e-02 1.21050018979388744e+19 1.12890301795011933e+21
1.26643062773702277e-02 1.21383876678795694e+19 1.13276642337909467e+21
1.26938294081096158e-02 1.21718875655699005e+19 1.13663442197130379e+21
1.27233525388490056e-02 1.22055017258681876e+19 1.14050696306250573e+21
1.27528756695883937e-02 1.22392302823845130e+19 1.14438402149771654e+21
1.27823988003277836e-02 1.22730733682388316e+19 1.14826557182283638e+21
1.28119219310671717e-02 1.23070311152775004e+19 1.15215156190030411e+21
1.28414450618065598e-02 1.23411036537980887e+19 1.15604193890510386e+21
1.28709681925459479e-02 1.23752911125281485e+19 1.15993664932124544e+21
1.29004913232853378e-02 1.24095936186047693e+19 1.16383563893832850e+21
1.29300144540247259e-02 1.24440112975548150e+19 1.16773885284818407e+21
1.29595375847641157e-02 1.24785442732734812e+19 1.17164623544137233e+21
1.29890607155035039e-02 1.25131926680035369e+19 1.17555773040375811e+21
1.30185838462428920e-02 1.25479566023153623e+19 1.17947328071317416e+21
1.30481069769822801e-02 1.25828361950847447e+19 1.18339282863589032e+21
1.30776301077216682e-02 1.26178315634727137e+19 1.18731631572328514e+21
1.31071532384610581e-02 1.26529428229043876e+19 1.19124368280844396e+21
1.31366763692004479e-02 1.26881700870469079e+19 1.19517487000268282e+21
1.31661994999398360e-02 1.27235134677889802e+19 1.19910981669224107e+21
1.31957226306792241e-02 1.27589730752190525e+19 1.20304846153486120e+21
1.32252457614186122e-02 1.27945490182529597e+19 1.20699080851337983e+21
1.32547688921580004e-02 1.28302414065757942e+19 1.21093686185851853e+21
1.32842920228973902e-02 1.28660503486965371e+19 1.21488655950592475e+21
1.33138151536367801e-02 1.29019759512814449e+19 1.21883983866135970e+21
1.33433382843761682e-02 1.29380183191317893e+19 1.22279663579730726e+21
1.33728614151155563e-02 1.29741775551624561e+19 1.22675688664968357e+21
1.34023845458549444e-02 1.30104537603805041e+19 1.23072052621456048e+21
1.34319076765943325e-02 1.30468470338623549e+19 1.23468748874477575e+21
1.34614308073337224e-02 1.30833574727328256e+19 1.23865770774673857e+21
1.34909539380731105e-02 1.31199851721422889e+19 1.24263111597707415e+21
1.35204770688125003e-02 1.31567302252449690e+19 1.24660764543939694e+21
1.35500001995518884e-02 1.31935927231760855e+19 1.25058722738099192e+21
1.35795233302912766e-02 1.32305727550305198e+19 1.25456979228966283e+21
1.36090464610306647e-02 1.32676704078392136e+19 1.25855526989038302e+21
1.36385695917700545e-02 1.33048857665469747e+19 1.26254358914210149e+21
1.36680927225094426e-02 1.33422189139903836e+19 1.26653467823457881e+21
1.36976158532488308e-02 1.33796699319001600e+19 1.27052856895029641e+21
1.37271389839882206e-02 1.34172389039806198e+19 1.27452529385945301e+21
1.37566621147276087e-02 1.34549259128480481e+19 1.27852478118363320e+21
1.37861852454669968e-02 1.34927310389888266e+19 1.28252695838091195e+21
1.38157083762063867e-02 1.35306543607362601e+19 1.28653175214266778e+21
1.38452315069457748e-02 1.35686959542475182e+19 1.29053908839043144e+21
1.38747546376851629e-02 1.36068558934822113e+19 1.29454889227291066e+21
1.39042777684245528e-02 1.36451342501778821e+19 1.29856108816274607e+21
1.39338008991639409e-02 1.36835310938283090e+19 1.30257559965355475e+21
1.39633240299033290e-02 1.37220464916594913e+19 1.30659234955678030e+21
1.39928471606427188e-02 1.37606805086076785e+19 1.31061125989875660e+21
1.40223702913821070e-02 1.37994332072946872e+19 1.31463225191754262e+21
1.40518934221214951e-02 1.38383046480059474e+19 1.31865524606003787e+21
1.40814165528608849e-02 1.38772948886664192e+19 1.32268016197891968e+21
1.41109396836002730e-02 1.39164039848170004e+19 1.32670691852965721e+21
1.41404628143396612e-02 1.39556319895911424e+19 1.33073543376756356e+21
1.41699859450790510e-02 1.39949789550738043e+19 1.33476576554976752e+21
1.41995090758184391e-02 1.40344449364560466e+19 1.33879797304250126e+21
1.42290322065578272e-02 1.40740299879179244e+19 1.34283197507358032e+21
1.42585553372972171e-02 1.41137341612320195e+19 1.34686768968297637e+21
1.42880784680366052e-02 1.41535575057397228e+19 1.35090503411992625e+21
1.43176015987759933e-02 1.41935000683268588e+19 1.35494392484000222e+21
1.43471247295153814e-02 1.42335618934020137e+19 1.35898427750246908e+21
1.43766478602547713e-02 1.42737430228713779e+19 1.36302600696733395e+21
1.44061709909941594e-02 1.43140434961156096e+19 1.36706902729261816e+21
1.44356941217335475e-02 1.43544633499665183e+19 1.37111325173163832e+21
1.44652172524729374e-02 1.43950026186828698e+19 1.37515859273023016e+21
1.44947403832123255e-02 1.44356613339262935e+19 1.37920496192401519e+21
1.45242635139517136e-02 1.44764395247384556e+19 1.38325227013581151e+21
1.45537866446911034e-02 1.45173372175154811e+19 1.38730042737281545e+21
1.45833097754304915e-02 1.45583544359847588e+19 1.39134934282403840e+21
1.46128329061698797e-02 1.45994912011803382e+19 1.39539892485763996e+21
1.46423560369092695e-02 1.46407475331336643e+19 1.39944925537935976e+21
1.46718791676486576e-02 1.46821234560297288e+19 1.40350041809728307e+21
1.47014022983880457e-02 1.47236189931090063e+19 1.40755232286554377e+21
1.47309254291274356e-02 1.47652341649384243e+19 1.41160487873560471e+21
1.47604485598668237e-02 1.48069689893883720e+19 1.41565799395382369e+21
1.47899716906062118e-02 1.48488234816079401e+19 1.41971157595888157e+21
1.48194948213456017e-02 1.48907976540018811e+19 1.42376553137940778e+21
1.48490179520849898e-02 1.49328915162064527e+19 1.42781976603152561e+21
1.48785410828243779e-02 1.49751050750648586e+19 1.43187418491639379e+21
1.49080642135637677e-02 1.50174383346040115e+19 1.43592869221790463e+21
1.49375873443031559e-02 1.50598912960099328e+19 1.43998319130028356e+21
1.49671104750425440e-02 1.51024639576029962e+19 1.44403758470570731e+21
1.49966336057819338e-02 1.51451563148145746e+19 1.44809177415208770e+21
1.50261567365213219e-02 1.51879683601624699e+19 1.45214566053077398e+21
1.50556798672607101e-02 1.52309000832258253e+19 1.45619914390423654e+21
1.50852029980000982e-02 1.52739514706212680e+19 1.46025212350390442e+21
1.51147261287394880e-02 1.53171225079966863e+19 1.46430470304259506e+21
1.51442492594788761e-02 1.53604131861077975e+19 1.46835698849278512e+21
1.51737723902182643e-02 1.54038234948190577e+19 1.47240888124639989e+21
1.52032955209576541e-02 1.54473534210710241e+19 1.47646028188764366e+21
1.52328186516970422e-02 1.54910029488575713e+19 1.48051109019101194e+21
1.52623417824364303e-02 1.55347720592014008e+19 1.48456120511917221e+21
1.52918649131758202e-02 1.55786607301305999e+19 1.48861052482098194e+21
1.53213880439152083e-02 1.56226689366541414e+19 1.49265894662943592e+21
1.53509111746545964e-02 1.56667966507376599e+19 1.49670636705967689e+21
1.53804343053939863e-02 1.57110438412796047e+19 1.50075268180707718e+21
1.54099574361333744e-02 1.57554104740872376e+19 1.50479778574534024e+21
1.54394805668727625e-02 1.57998965118513357e+19 1.50884157292451463e+21
1.54690036976121523e-02 1.58445019141234237e+19 1.51288393656928384e+21
1.54985268283515405e-02 1.58892266372893512e+19 1.51692476907694902e+21
1.55280499590909286e-02 1.59340706345470894e+19 1.52096396201584335e+21
1.55575730898303184e-02 1.59790338558804316e+19 1.52500140612340050e+21
1.55870962205697065e-02 1.60241162503282156e+19 1.52903722454448891e+21
1.56166193513090946e-02 1.60693177728915804e+19 1.53307154309891306e+21
1.56461424820484862e-02 1.61146383777198735e+19 1.53710425531104284e+21
1.56756656127878743e-02 1.61600780158072177e+19 1.54113525390229714e+21
1.57051887435272625e-02 1.62056366349687808e+19 1.54516443078951410e+21
1.57347118742666506e-02 1.62513141798166487e+19 1.54919167708331770e+21
1.57642350050060387e-02 1.62971105917362258e+19 1.55321688308657239e+21
1.57937581357454268e-02 1.63430258088627261e+19 1.55723993829288313e+21
1.58232812664848149e-02 1.63890597660565524e+19 1.56126073138502723e+21
1.58528043972242030e-02 1.64352123948799222e+19 1.56527915023354167e+21
1.58823275279635912e-02 1.64814836235722793e+19 1.56929508189523516e+21
1.59118506587029793e-02 1.65278733770270720e+19 1.57330841261186561e+21
1.59413737894423709e-02 1.65743815767668511e+19 1.57731902780869994e+21
1.59708969201817590e-02 1.66210081409196052e+19 1.58132681209322878e+21
1.60004200509211471e-02 1.66677529841946092e+19 1.58533164925387303e+21
1.60299431816605387e-02 1.67146160178578678e+19 1.58933342225869780e+21
1.60594663123999268e-02 1.67615971522448998e+19 1.59333227125194673e+21
1.60889894431393149e-02 1.68086963044029256e+19 1.59732833942157551e+21
1.61185125738787030e-02 1.68559133905572803e+19 1.60132151309437003e+21
1.61480357046180911e-02 1.69032483235655475e+19 1.60531167780832621e+21
1.61775588353574792e-02 1.69507010128948572e+19 1.60929871831157519e+21
1.62070819660968674e-02 1.69982713645972296e+19 1.61328251856116436e+21
1.62366050968362555e-02 1.70459592812877619e+19 1.61726296172214773e+21
1.62661282275756436e-02 1.70937646621205176e+19 1.62123993016649410e+21
1.62956513583150352e-02 1.71416874027643699e+19 1.62521330547203559e+21
1.63251744890544233e-02 1.71897273953808630e+19 1.62918296842164240e+21
1.63546976197938114e-02 1.72378845286003814e+19 1.63314879900228072e+21
1.63842207505332030e-02 1.72861586874974126e+19 1.63711067640402307e+21
1.64137438812725911e-02 1.73345497535689626e+19 1.64106847901940108e+21
1.64432670120119792e-02 1.73830576047096484e+19 1.64502208444248175e+21
1.64727901427513673e-02 1.74316821151884923e+19 1.64897136946814832e+21
1.65023132734907554e-02 1.74804231556250583e+19 1.65291621009135947e+21
1.65318364042301436e-02 1.75292805957148324e+19 1.65685676103317979e+21
1.65613595349695317e-02 1.75782543125110600e+19 1.66079318037832375e+21
1.65908826657089198e-02 1.76273441822642627e+19 1.66472534799322500e+21
1.66204057964483079e-02 1.76765500776679506e+19 1.66865314297897602e+21
1.66499289271876960e-02 1.77258718678338826e+19 1.67257644367052459e+21
1.66794520579270876e-02 1.77753094182709473e+19 1.67649512763625570e+21
1.67089751886664757e-02 1.78248625908626514e+19 1.68040907167748037e+21
1.67384983194058638e-02 1.78745312438429471e+19 1.68431815182780911e+21
1.67680214501452554e-02 1.79243152317757153e+19 1.68822224335290997e+21
1.67975445808846435e-02 1.79742144055301857e+19 1.69212122074992817e+21
1.68270677116240316e-02 1.80242286122592584e+19 1.69601495774721632e+21
1.68565908423634198e-02 1.80743576953762877e+19 1.69990332730396613e+21
1.68861139731028079e-02 1.81246014945331405e+19 1.70378620160999870e+21
1.69156371038421960e-02 1.81749598455964549e+19 1.70766345208542973e+21
1.69451602345815841e-02 1.82254325806256804e+19 1.71153494938054689e+21
1.69746833653209722e-02 1.82760195278500925e+19 1.71540056337562993e+21
1.70042064960603603e-02 1.83267205145741660e+19 1.71926046101524762e+21
1.70337296267997519e-02 1.83775353760052900e+19 1.72311481287778238e+21
1.70632527575391400e-02 1.84284639465594307e+19 1.72696349316659256e+21
1.70927758882785281e-02 1.84795060569279529e+19 1.73080637535166556e+21
1.71222990190179197e-02 1.85306615340560835e+19 1.73464333216957386e+21
1.71518221497573078e-02 1.85819302011203666e+19 1.73847423562337852e+21
1.71813452804966960e-02 1.86333118775086899e+19 1.74229895698281398e+21
1.72108684112360841e-02 1.86848063787965481e+19 1.74611736678416305e+21
1.72403915419754722e-02 1.87364135167270871e+19 1.74992933483052637e+21
1.72699146727148603e-02 1.87881330991885640e+19 1.75373473019189369e+21
1.72994378034542484e-02 1.88399649301930680e+19 1.75753342120537411e+21
1.73289609341936365e-02 1.88919088098542469e+19 1.76132527547537555e+21
1.73584840649330246e-02 1.89439645343672730e+19 1.76511015987403896e+21
1.73880071956724128e-02 1.89961318959852216e+19 1.76888794054137741e+21
1.74175303264118043e-02 1.90484106829986693e+19 1.77265848288576222e+21
1.74470534571511925e-02 1.91008006797140992e+19 1.77642165158433862e+21
1.74765765878905806e-02 1.91533016695088415e+19 1.78017762357040120e+21
1.75060997186299722e-02 1.92059134441102828e+19 1.78392657963171683e+21
1.75356228493693603e-02 1.92586357944597094e+19 1.78766838915866506e+21
1.75651459801087484e-02 1.93114685076327178e+19 1.79140292084850360e+21
1.75946691108481365e-02 1.93644113668179313e+19 1.79513004270578853e+21
1.76241922415875246e-02 1.94174641512965530e+19 1.79884962204291511e+21
1.76537153723269127e-02 1.94706266364230615e+19 1.80256152548080196e+21
1.76832385030663009e-02 1.95238985936035512e+19 1.80626561894940226e+21
1.77127616338056890e-02 1.95772797902756127e+19 1.80996176768839739e+21
1.77422847645450771e-02 1.96307699898879754e+19 1.81364983624791281e+21
1.77718078952844687e-02 1.96843689518807122e+19 1.81732968848932602e+21
1.78013310260238568e-02 1.97380764316643615e+19 1.82100118758601759e+21
1.78308541567632449e-02 1.97918921805993411e+19 1.82466419602419378e+21
1.78603772875026365e-02 1.98458159459769426e+19 1.82831857560389576e+21
1.78899004182420246e-02 1.98998474709975491e+19 1.83196418743979737e+21
1.79194235489814127e-02 1.99539864947513754e+19 1.83560089196227933e+21
1.79489466797208008e-02 2.00082327553940931e+19 1.83922887401699672e+21
1.79784698104601889e-02 2.00625859997864018e+19 1.84284832247677400e+21
1.80079929411995771e-02 2.01170459740056617e+19 1.84645910281534649e+21
1.80375160719389652e-02 2.01716124201477775e+19 1.85006107986098677e+21
1.80670392026783533e-02 2.02262850763088732e+19 1.85365411779761301e+21
1.80965623334177414e-02 2.02810636765655695e+19 1.85723808016581027e+21
1.81260854641571295e-02 2.03359479509565891e+19 1.86081282986401333e+21
1.81556085948965211e-02 2.03909376254632346e+19 1.86437822914962863e+21
1.81851317256359092e-02 2.04460324219909038e+19 1.86793413964029310e+21
1.82146548563752973e-02 2.05012320583500882e+19 1.87148042231512459e+21
1.82441779871146889e-02 2.05565362482374042e+19 1.87501693751602079e+21
1.82737011178540770e-02 2.06119447012170629e+19 1.87854354494903550e+21
1.83032242485934651e-02 2.06674571227021476e+19 1.88206010368578447e+21
1.83327473793328533e-02 2.07230732139357471e+19 1.88556647216487832e+21
1.83622705100722414e-02 2.07787926719713976e+19 1.88906250819333207e+21
1.83917936408116295e-02 2.08346151896568300e+19 1.89254806894832438e+21
1.84213167715510176e-02 2.08905404588997100e+19 1.89602334530002878e+21
1.84508399022904057e-02 2.09465681805833585e+19 1.89948853227303364e+21
1.84803630330297938e-02 2.10026980548091453e+19 1.90294349236030590e+21
1.85098861637691854e-02 2.10589297776105185e+19 1.90638808746397689e+21
1.85394092945085735e-02 2.11152630409349939e+19 1.90982217889685858e+21
1.85689324252479616e-02 2.11716975326261821e+19 1.91324562738401116e+21
1.85984555559873532e-02 2.12282329364085555e+19 1.91665829306458964e+21
1.86279786867267413e-02 2.12848689318679224e+19 1.92006003549335034e+21
1.86575018174661295e-02 2.13416051944352604e+19 1.92345071364249459e+21
1.86870249482055176e-02 2.13984413953698365e+19 1.92683018590349322e+21
1.87165480789449057e-02 2.14553772017408819e+19 1.93019831008881751e+21
1.87460712096842938e-02 2.15124122764115886e+19 1.93355494343392362e+21
1.87755943404236819e-02 2.15695462780219515e+19 1.93689994259917098e+21
1.88051174711630700e-02 2.16267788609718149e+19 1.94023316367180117e+21
1.88346406019024581e-02 2.16841096754035302e+19 1.94355446216792395e+21
1.88641637326418497e-02 2.17415383671855841e+19 1.94686369303462884e+21
1.88936868633812378e-02 2.17990645812462797e+19 1.95016105148915122e+21
1.89232099941206260e-02 2.18566879716834836e+19 1.95344673698803509e+21
1.89527331248600141e-02 2.19144081918163722e+19 1.95672061001270533e+21
1.89822562555994057e-02 2.19722248908380406e+19 1.95998253051440582e+21
1.90117793863387938e-02 2.20301377137986355e+19 1.96323235791616763e+21
1.90413025170781819e-02 2.20881463015900979e+19 1.96646995111495965e+21
1.90708256478175700e-02 2.21462502909313106e+19 1.96969516848391337e+21
1.91003487785569581e-02 2.22044493143518577e+19 1.97290786787446253e+21
1.91298719092963462e-02 2.22627430001776108e+19 1.97610790661868303e+21
1.91593950400357343e-02 2.23211309725135340e+19 1.97929514153142570e+21
1.91889181707751225e-02 2.23796128512313098e+19 1.98246942891291365e+21
1.92184413015145106e-02 2.24381882519504978e+19 1.98563062455080767e+21
1.92479644322539022e-02 2.24968567860280893e+19 1.98877858372305342e+21
1.92774875629932903e-02 2.25556180605388472e+19 1.99191316119994892e+21
1.93070106937326784e-02 2.26144716782633984e+19 1.99503421124694376e+21
1.93365338244720700e-02 2.26734172376722514e+19 1.99814158762710978e+21
1.93660569552114581e-02 2.27324543363017073e+19 2.00123548845093736e+21
1.93955800859508462e-02 2.27915825809822966e+19 2.00431611611428736e+21
1.94251032166902343e-02 2.28508015777752269e+19 2.00738333008325273e+21
1.94546263474296224e-02 2.29101109285863383e+19 2.01043698935961747e+21
1.94841494781690105e-02 2.29695102311515996e+19 2.01347695248333786e+21
1.95136726089083987e-02 2.30289990790233743e+19 2.01650307753512455e+21
1.95431957396477868e-02 2.30885770615583457e+19 2.01951522213920978e+21
1.95727188703871749e-02 2.31482437639024722e+19 2.02251324346588647e+21
1.96022420011265665e-02 2.32079987669785805e+19 2.02549699823432027e+21
1.96317651318659546e-02 2.32678416474724475e+19 2.02846634271525857e+21
1.96612882626053427e-02 2.33277719778205942e+19 2.03142113273393316e+21
1.96908113933447308e-02 2.33877893261953475e+19 2.03436122367275382e+21
1.97203345240841224e-02 2.34478932564941251e+19 2.03728647047441364e+21
1.97498576548235105e-02 2.35080833283246858e+19 2.04019672764467249e+21
1.97793807855628986e-02 2.35683590969930916e+19 2.04309184925541938e+21
1.98089039163022868e-02 2.36287201134911201e+19 2.04597168894772039e+21
1.98384270470416749e-02 2.36891659278902600e+19 2.04883644650154413e+21
1.98679501777810630e-02 2.37496960996229530e+19 2.05168632599357738e+21
1.98974733085204511e-02 2.38103101873686692e+19 2.05452118689129693e+21
1.99269964392598392e-02 2.38710077456524329e+19 2.05734088826819733e+21
1.99565195699992273e-02 2.39317883248325591e+19 2.06014528880672165e+21
1.99860427007386189e-02 2.39926514710889718e+19 2.06293424680127352e+21
2.00155658314780070e-02 2.40535967264135168e+19 2.06570762016143652e+21
2.00450889622173951e-02 2.41146236285967524e+19 2.06846526641492119e+21
2.00746120929567867e-02 2.41757317112170742e+19 2.07120704271075010e+21
2.01041352236961748e-02 2.42369205036309381e+19 2.07393280582256689e+21
2.01336583544355630e-02 2.42981895309599662e+19 2.07664241215171645e+21
2.01631814851749511e-02 2.43595383140804772e+19 2.07933571773056077e+21
2.01927046159143392e-02 2.44209663696144015e+19 2.08201257822595292e+21
2.02222277466537273e-02 2.44824732099159450e+19 2.08467284894237694e+21
2.02517508773931154e-02 2.45440583430626468e+19 2.08731638482549893e+21
2.02812740081325035e-02 2.46057212728443412e+19 2.08994304046557430e+21
2.03107971388718916e-02 2.46674615021566812e+19 2.09255301631832700e+21
2.03403202696112832e-02 2.47292785432723825e+19 2.09514651711672864e+21
2.03698434003506713e-02 2.47911719077380669e+19 2.09772340336037095e+21
2.03993665310900595e-02 2.48531411029769789e+19 2.10028353522875892e+21
2.04288896618294476e-02 2.49151856322793677e+19 2.10282677258466702e+21
2.04584127925688392e-02 2.49773049947935703e+19 2.10535297497758695e+21
2.04879359233082273e-02 2.50394986855178650e+19 2.10786200164727102e+21
2.05174590540476154e-02 2.51017661952890757e+19 2.11035371152703200e+21
2.05469821847870035e-02 2.51641070107749949e+19 2.11282796324739351e+21
2.05765053155263916e-02 2.52265206144662036e+19 2.11528461513972384e+21
2.06060284462657797e-02 2.52890064846651679e+19 2.11772352523966769e+21
2.06355515770051678e-02 2.53515640954793288e+19 2.12014455129094829e+21
2.06650747077445560e-02 2.54141929168127386e+19 2.12254755074907229e+21
2.06945978384839441e-02 2.54768924143561605e+19 2.12493238078494186e+21
2.07241209692233357e-02 2.55396620495792620e+19 2.12729889828867093e+21
2.07536440999627238e-02 2.56025012797227377e+19 2.12964695987342515e+21
2.07831672307021119e-02 2.56654095611728568e+19 2.13197676590169745e+21
2.08126903614415035e-02 2.57283863596684083e+19 2.13428852096706150e+21
2.08422134921808916e-02 2.57914311402603520e+19 2.13658208763909243e+21
2.08717366229202797e-02 2.58545433639384842e+19 2.13885732824394262e+21
2.09012597536596678e-02 2.59177224876250440e+19 2.14111410486811741e+21
2.09307828843990559e-02 2.59809679641662177e+19 2.14335227936209974e+21
2.09603060151384440e-02 2.60442792423270728e+19 2.14557171334429331e+21
2.09898291458778322e-02 2.61076557667834675e+19 2.14777226820473612e+21
2.10193522766172203e-02 2.61710969781159199e+19 2.14995380510900722e+21
2.10488754073566084e-02 2.62346023128023081e+19 2.15211618500206369e+21
2.10783985380960000e-02 2.62981712032128819e+19 2.15425926861229313e+21
2.11079216688353881e-02 2.63618030776017060e+19 2.15638291645530348e+21
2.11374447995747762e-02 2.64254973601034240e+19 2.15848698883817341e+21
2.11669679303141643e-02 2.64892534707236004e+19 2.16057134586320493e+21
2.11964910610535559e-02 2.65530708253363036e+19 2.16263584743229804e+21
2.12260141917929440e-02 2.66169488356756111e+19 2.16468035325084906e+21
2.12555373225323321e-02 2.66808869126759424e+19 2.16670506303389906e+21
2.12850604532717202e-02 2.67448844765675274e+19 2.16871018065861594e+21
2.13145835840111084e-02 2.68089409469457859e+19 2.17069557180259605e+21
2.13441067147504965e-02 2.68730557394384691e+19 2.17266110197858566e+21
2.13736298454898846e-02 2.69372282657004544e+19 2.17460663653844700e+21
2.14031529762292762e-02 2.70014579334086738e+19 2.17653204067715567e+21
2.14326761069686643e-02 2.70657441462586982e+19 2.17843717943695901e+21
2.14621992377080524e-02 2.71300863039589417e+19 2.18032191771136256e+21
2.14917223684474405e-02 2.71944838022267085e+19 2.18218612024929183e+21
2.15212454991868286e-02 2.72589360327851581e+19 2.18402965165935034e+21
2.15507686299262168e-02 2.73234423833570918e+19 2.18585237641384506e+21
2.15802917606656049e-02 2.73880022376625234e+19 2.18765415885314143e+21
2.16098148914049965e-02 2.74526149754150748e+19 2.18943486318994601e+21
2.16393380221443846e-02 2.75172799723170734e+19 2.19119435351350759e+21
2.16688611528837727e-02 2.75819966000567706e+19 2.19293249379401413e+21
2.16983842836231608e-02 2.76467642263046840e+19 2.19464914788694098e+21
2.17279074143625489e-02 2.77115822180036690e+19 2.19634451450711769e+21
2.17574305451019370e-02 2.77764499513103606e+19 2.19801879644337026e+21
2.17869536758413286e-02 2.78413668018172600e+19 2.19967186351211938e+21
2.18164768065807167e-02 2.79063321412725719e+19 2.20130358544445263e+21
2.18459999373201048e-02 2.79713453375765504e+19 2.20291383189025063e+21
2.18755230680594930e-02 2.80364057547807621e+19 2.20450247242256430e+21
2.19050461987988811e-02 2.81015127530848666e+19 2.20606937654181573e+21
2.19345693295382692e-02 2.81666656888343634e+19 2.20761441368009605e+21
2.19640924602776608e-02 2.82318639145198141e+19 2.20913745320559955e+21
2.19936155910170489e-02 2.82971067787734344e+19 2.21063836442686836e+21
2.20231387217564370e-02 2.83623936263687987e+19 2.21211701659730680e+21
2.20526618524958251e-02 2.84277237982174495e+19 2.21357327891946589e+21
2.20821849832352132e-02 2.84930966313711206e+19 2.21500702054979364e+21
2.21117081139746013e-02 2.85585114590151721e+19 2.21641811060271219e+21
2.21412312447139929e-02 2.86239676104722760e+19 2.21780641815551803e+21
2.21707543754533810e-02 2.86894644111987507e+19 2.21917181225272921e+21
2.22002775061927692e-02 2.87550011860141138e+19 2.22051449044117461e+21
2.22298006369321573e-02 2.88205772688534528e+19 2.22183465423793763e+21
2.22593237676715454e-02 2.88861919931754619e+19 2.22313217861399111e+21
2.22888468984109335e-02 2.89518446887478927e+19 2.22440693853461335e+21
2.23183700291503216e-02 2.90175346816472637e+19 2.22565880896375777e+21
2.23478931598897132e-02 2.90832612942574305e+19 2.22688766486835469e+21
2.23774162906291013e-02 2.91490238452732436e+19 2.22809338122301578e+21
2.24069394213684894e-02 2.92148216496967393e+19 2.22927583301418589e+21
2.24364625521078775e-02 2.92806540188399903e+19 2.23043489524481864e+21
2.24659856828472657e-02 2.93465202603250852e+19 2.23157044293885048e+21
2.24955088135866538e-02 2.94124196780849889e+19 2.23268235114575534e+21
2.25250319443260454e-02 2.94783515723635507e+19 2.23377049494505311e+21
2.25545550750654335e-02 2.95443152397172736e+19 2.23483474945096575e+21
2.25840782058048216e-02 2.96103099730172723e+19 2.23587498981710391e+21
2.26136013365442097e-02 2.96763350614475407e+19 2.23689109124088935e+21
2.26431244672835978e-02 2.97423897905099121e+19 2.23788292896849946e+21
2.26726475980229859e-02 2.98084734451805594e+19 2.23885069937764886e+21
2.27021707287623775e-02 2.98745853194405192e+19 2.23979460269983715e+21
2.27316938595017656e-02 2.99407247069031588e+19 2.24071452005334149e+21
2.27612169902411537e-02 3.00068908976744325e+19 2.24161033262971617e+21
2.27907401209805419e-02 3.00730831783527711e+19 2.24248192169810670e+21
2.28202632517199300e-02 3.01393008320322847e+19 2.24332916860982159e+21
2.28497863824593181e-02 3.02055431383063183e+19 2.24415195480294556e+21
2.28793095131987097e-02 3.02718093732686070e+19 2.24495016180678499e+21
2.29088326439380978e-02 3.03380988095172977e+19 2.24572367124653697e+21
2.29383557746774859e-02 3.04044107161563546e+19 2.24647236484778007e+21
2.29678789054168740e-02 3.04707443588003103e+19 2.24719612444122101e+21
2.29974020361562621e-02 3.05370989995757240e+19 2.24789483196721476e+21
2.30269251668956502e-02 3.06034738971261993e+19 2.24856836948055215e+21
2.30564482976350384e-02 3.06698683066145341e+19 2.24921661915505518e+21
2.30859714283744299e-02 3.07362814797261087e+19 2.24983946328826865e+21
2.31154945591138181e-02 3.08027126646747464e+19 2.25043678430635098e+21
2.31450176898532062e-02 3.08691611092800143e+19 2.25100877756300761e+21
2.31745408205925943e-02 3.09356260702532772e+19 2.25155564213962827e+21
2.32040639513319824e-02 3.10021068040670413e+19 2.25207726626325633e+21
2.32335870820713705e-02 3.10686025638965903e+19 2.25257353831149024e+21
2.32631102128107621e-02 3.11351125996229345e+19 2.25304434681689486e+21
2.32926333435501502e-02 3.12016361578389996e+19 2.25348958047166294e+21
2.33221564742895383e-02 3.12681724818539684e+19 2.25390912813214650e+21
2.33516796050289265e-02 3.13347208116984218e+19 2.25430287882345670e+21
2.33812027357683146e-02 3.14012803841298268e+19 2.25467072174409567e+21
2.34107258665077027e-02 3.14678504326348268e+19 2.25501254627036942e+21
2.34402489972470943e-02 3.15344301874397061e+19 2.25532824196139293e+21
2.34697721279864824e-02 3.16010188755102392e+19 2.25561769856334089e+21
2.34992952587258705e-02 3.16676157205617910e+19 2.25588080601444673e+21
2.35288183894652586e-02 3.17342199430627942e+19 2.25611745444952880e+21
2.35583415202046467e-02 3.18008307602406277e+19 2.25632753420469744e+21
2.35878646509440348e-02 3.18674473860885381e+19 2.25651093582214542e+21
2.36173877816834264e-02 3.19340690343592059e+19 2.25666785390233099e+21
2.36469109124228145e-02 3.20006949275852882e+19 2.25679848663995934e+21
2.36764340431622027e-02 3.20673242882096824e+19 2.25690273029241962e+21
2.37059571739015908e-02 3.21339563356155740e+19 2.25698048134256027e+21
2.37354803046409789e-02 3.22005902861324739e+19 2.25703163650314574e+21
2.37650034353803670e-02 3.22672253530448773e+19 2.25705609272150354e+21
2.37945265661197551e-02 3.23338607465981460e+19 2.25705374718398222e+21
2.38240496968591467e-02 3.24004956740060733e+19 2.25702449732053133e+21
2.38535728275985348e-02 3.24671293394572206e+19 2.25696824080919849e+21
2.38830959583379229e-02 3.25337609441239245e+19 2.25688487558082068e+21
2.39126190890773110e-02 3.26003896861684531e+19 2.25677429982351642e+21
2.39421422198166992e-02 3.26670147607504241e+19 2.25663641198727555e+21
2.39716653505560873e-02 3.27336353600366961e+19 2.25647111078871905e+21
2.40011884812954789e-02 3.28002506732069888e+19 2.25627829521556911e+21
2.40307116120348670e-02 3.28668598864633446e+19 2.25605786453139023e+21
2.40602347427742551e-02 3.29334621830371901e+19 2.25580971828016447e+21
2.40897578735136432e-02 3.30000567460946493e+19 2.25553405068366551e+21
2.41192810042530313e-02 3.30666427674745651e+19 2.25523105941914491e+21
2.41488041349924194e-02 3.31332194390970368e+19 2.25490064964751118e+21
2.41783272657318110e-02 3.31997859500851937e+19 2.25454272682683086e+21
2.42078503964711991e-02 3.32663414867761234e+19 2.25415719671689511e+21
2.42373735272105872e-02 3.33328852327279944e+19 2.25374396538352855e+21
2.42668966579499754e-02 3.33994163687317176e+19 2.25330293920320848e+21
2.42964197886893635e-02 3.34659340728180859e+19 2.25283402486737483e+21
2.43259429194287516e-02 3.35324375202685460e+19 2.25233712938699011e+21
2.43554660501681432e-02 3.35989258836225516e+19 2.25181216009686824e+21
2.43849891809075313e-02 3.36653983326903091e+19 2.25125902466036688e+21
2.44145123116469194e-02 3.37318540345594225e+19 2.25067763107366987e+21
2.44440354423863075e-02 3.37982921536071803e+19 2.25006788767044993e+21
2.44735585731256956e-02 3.38647118515093955e+19 2.24942970312629682e+21
2.45030817038650837e-02 3.39311122872500716e+19 2.24876298646320369e+21
2.45326048346044719e-02 3.39974926171341210e+19 2.24806764705425628e+21
2.45621279653438634e-02 3.40638519975926211e+19 2.24734387919933224e+21
2.45916510960832516e-02 3.41301895936368886e+19 2.24659188051186627e+21
2.46211742268226397e-02 3.41965045705467290e+19 2.24581156587223594e+21
2.46506973575620278e-02 3.42627960910948147e+19 2.24500285052595706e+21
2.46802204883014159e-02 3.43290633155568026e+19 2.24416565008792263e+21
2.47097436190408040e-02 3.43953054017215570e+19 2.24329988054663876e+21
2.47392667497801956e-02 3.44615215049056748e+19 2.24240545826874904e+21
2.47687898805195837e-02 3.45277107779595878e+19 2.24148230000299685e+21
2.47983130112589718e-02 3.45938723712837673e+19 2.24053032288485009e+21
2.48278361419983599e-02 3.46600054328365793e+19 2.23954944444057518e+21
2.48573592727377481e-02 3.47261091081480479e+19 2.23853958259169716e+21
2.48868824034771362e-02 3.47921825403298898e+19 2.23750065565920946e+21
2.49164055342165278e-02 3.48582248700900844e+19 2.23643258236807361e+21
2.49459286649559159e-02 3.49242352357416428e+19 2.23533528185134724e+21
2.49754517956953040e-02 3.49902127732167148e+19 2.23420867365464441e+21
2.50049749264346921e-02 3.50561566160785613e+19 2.23305267774045893e+21
2.50344980571740802e-02 3.51220658982326723e+19 2.23186748900480909e+21
2.50640211879134683e-02 3.51879397620813742e+19 2.23065330551303700e+21
2.50935443186528599e-02 3.52537773505054065e+19 2.22941005261550256e+21
2.51230674493922480e-02 3.53195778041876890e+19 2.22813765609087409e+21
2.51525905801316361e-02 3.53853402616275108e+19 2.22683604215030612e+21
2.51821137108710243e-02 3.54510638591508726e+19 2.22550513744137106e+21
2.52116368416104124e-02 3.55167477309256663e+19 2.22414486905229096e+21
2.52411599723498005e-02 3.55823910089732710e+19 2.22275516451593414e+21
2.52706831030891921e-02 3.56479928231816970e+19 2.22133595181390653e+21
2.53002062338285802e-02 3.57135523013204419e+19 2.21988715938074250e+21
2.53297293645679683e-02 3.57790685690529137e+19 2.21840871610793643e+21
2.53592524953073564e-02 3.58445407499481702e+19 2.21690055134792620e+21
2.53887756260467445e-02 3.59099679654986998e+19 2.21536259491844483e+21
2.54182987567861327e-02 3.59753493351306158e+19 2.21379477710639543e+21
2.54478218875255208e-02 3.60406839762193777e+19 2.21219702867205921e+21
2.54773450182649124e-02 3.61059710041028035e+19 2.21056928085312956e+21
2.55068681490043005e-02 3.61712095346959114e+19 2.20891172970002278e+21
2.55363912797436886e-02 3.62363986923412029e+19 2.20722457428726120e+21
2.55659144104830767e-02 3.63015376020897874e+19 2.20550775111165673e+21
2.55954375412224648e-02 3.63666253871248712e+19 2.20376119715623810e+21
2.56249606719618529e-02 3.64316611687766917e+19 2.20198484989411826e+21
2.56544838027012445e-02 3.64966440665362514e+19 2.20017864729227952e+21
2.56840069334406326e-02 3.65615731980710093e+19 2.19834252781546950e+21
2.57135300641800207e-02 3.66264476792393523e+19 2.19647643043001480e+21
2.57430531949194089e-02 3.66912666241044439e+19 2.19458029460758489e+21
2.57725763256587970e-02 3.67560291449504932e+19 2.19265406032909540e+21
2.58020994563981851e-02 3.68207343522973082e+19 2.19069766808849770e+21
2.58316225871375767e-02 3.68853813549147382e+19 2.18871105889655167e+21
2.58611457178769648e-02 3.69499692598405939e+19 2.18669417428479508e+21
2.58906688486163529e-02 3.70144971723918787e+19 2.18464695630910692e+21
2.59201919793557410e-02 3.70789641961842852e+19 2.18256934755375094e+21
2.59497151100951291e-02 3.71433694331459748e+19 2.18046129113506723e+21
2.59792382408345172e-02 3.72077119860330660e+19 2.17832298483671341e+21
2.60087613715739088e-02 3.72719909659782676e+19 2.17615462932129356e+21
2.60382845023132969e-02 3.73362054850689761e+19 2.17395617282646291e+21
2.60678076330526851e-02 3.74003546538728653e+19 2.17172756412813017e+21
2.60973307637920732e-02 3.74644375814533202e+19 2.16946875254396368e+21
2.61268538945314613e-02 3.75284533753841009e+19 2.16717968793684279e+21
2.61563770252708494e-02 3.75924011417687491e+19 2.16486032071857354e+21
2.61859001560102375e-02 3.76562799852541379e+19 2.16251060185324926e+21
2.62154232867496291e-02 3.77200890090471178e+19 2.16013048286078095e+21
2.62449464174890172e-02 3.77838273149328343e+19 2.15771991582051087e+21
2.62744695482284053e-02 3.78474940032883589e+19 2.15527885337454549e+21
2.63039926789677934e-02 3.79110881731015066e+19 2.15280724873137016e+21
2.63335158097071816e-02 3.79746089219878502e+19 2.15030505566935109e+21
2.63630389404465697e-02 3.80380553462062940e+19 2.14777222854013773e+21
2.63925620711859613e-02 3.81014265406762844e+19 2.14520872227215245e+21
2.64220852019253494e-02 3.81647215989954314e+19 2.14261449237408226e+21
2.64516083326647375e-02 3.82279396158562714e+19 2.13998973894347666e+21
2.64811314634041256e-02 3.82910796942954660e+19 2.13733466481229588e+21
2.65106545941435137e-02 3.83541409385660662e+19 2.13464923046395773e+21
2.65401777248829018e-02 3.84171224517630525e+19 2.13193339696561914e+21
2.65697008556222934e-02 3.84800233358420460e+19 2.12918712597144745e+21
2.65992239863616815e-02 3.85428426916319724e+19 2.12641037972554541e+21
2.66287471171010696e-02 3.86055796188599501e+19 2.12360312106553469e+21
2.66582702478404578e-02 3.86682332161617265e+19 2.12076531342532778e+21
2.66877933785798459e-02 3.87308025811034440e+19 2.11789692083851153e+21
2.67173165093192340e-02 3.87932868101985731e+19 2.11499790794144691e+21
2.67468396400586256e-02 3.88556849989254840e+19 2.11206823997638915e+21
2.67763627707980137e-02 3.89179962417434214e+19 2.10910788279450993e+21
2.68058859015374018e-02 3.89802196321152532e+19 2.10611680285926647e+21
2.68354090322767899e-02 3.90423542625214300e+19 2.10309496724928174e+21
2.68649321630161780e-02 3.91043992244801372e+19 2.10004234366154441e+21
2.68944552937555661e-02 3.91663536085639250e+19 2.09695890041440043e+21
2.69239784244949543e-02 3.92282165067226726e+19 2.09384484048476439e+21
2.69535015552343458e-02 3.92899870192341565e+19 2.09070036944034044e+21
2.69830246859737340e-02 3.93516642478687355e+19 2.08752546041872200e+21
2.70125478167131221e-02 3.94132472936134574e+19 2.08432008717982944e+21
2.70420709474525102e-02 3.94747352566901555e+19 2.08108422410870351e+21
2.70715940781918983e-02 3.95361272365717422e+19 2.07781784621818577e+21
2.71011172089312864e-02 3.95974223320049992e+19 2.07452092915192745e+21
2.71306403396706780e-02 3.96586196410269368e+19 2.07119344918703899e+21
2.71601634704100661e-02 3.97197182609810801e+19 2.06783538323672190e+21
2.71896866011494542e-02 3.97807172885410120e+19 2.06444670885326356e+21
2.72192097318888424e-02 3.98416158197273559e+19 2.06102740423066858e+21
2.72487328626282305e-02 3.99024129499244790e+19 2.05757744820726268e+21
2.72782559933676186e-02 3.99631077739029299e+19 2.05409682026857366e+21
2.73077791241070102e-02 4.00236993858372239e+19 2.05058550054995440e+21
2.73373022548463983e-02 4.00841868793247334e+19 2.04704346983924708e+21
2.73668253855857864e-02 4.01445693474049966e+19 2.04347070957944622e+21
2.73963485163251745e-02 4.02048458847856722e+19 2.03986742616079440e+21
2.74258716470645626e-02 4.02650155945071165e+19 2.03623382842214449e+21
2.74553947778039507e-02 4.03250775813889556e+19 2.03256990246102971e+21
2.74849179085433423e-02 4.03850309498500465e+19 2.02887563502846004e+21
2.75144410392827304e-02 4.04448748039274496e+19 2.02515101353129594e+21
2.75439641700221186e-02 4.05046082472953037e+19 2.02139602603460080e+21
2.75734873007615067e-02 4.05642303832880087e+19 2.01761066126418772e+21
2.76030104315008948e-02 4.06237403149142999e+19 2.01379490860869301e+21
2.76325335622402829e-02 4.06831371448794563e+19 2.00994875812203856e+21
2.76620566929796710e-02 4.07424199756072632e+19 2.00607220052585952e+21
2.76915798237190626e-02 4.08015879092551598e+19 2.00216522721157631e+21
2.77211029544584507e-02 4.08606400477360538e+19 1.99822783024277959e+21
2.77506260851978388e-02 4.09195754927411200e+19 1.99426000235763755e+21
2.77801492159372269e-02 4.09783933457550705e+19 1.99026173697092144e+21
2.78096723466766151e-02 4.10370927080782316e+19 1.98623302817633901e+21
2.78391954774160032e-02 4.10956726808480563e+19 1.98217387074882319e+21
2.78687186081553948e-02 4.11541323671687987e+19 1.97808447498061349e+21
2.78982417388947829e-02 4.12124708785002332e+19 1.97396505347180174e+21
2.79277648696341710e-02 4.12706873283742761e+19 1.96981560547748872e+21
2.79572880003735591e-02 4.13287808303131689e+19 1.96563613092982161e+21
2.79868111311129472e-02 4.13867504978468618e+19 1.96142663043981089e+21
2.80163342618523353e-02 4.14445954445313556e+19 1.95718710529918134e+21
2.80458573925917269e-02 4.15023147839737938e+19 1.95291755748251481e+21
2.80753805233311150e-02 4.15599076298482401e+19 1.94861798964893870e+21
2.81049036540705031e-02 4.16173730959173878e+19 1.94428840514406869e+21
2.81344267848098913e-02 4.16747102960528835e+19 1.93992880800186866e+21
2.81639499155492794e-02 4.17319183442556273e+19 1.93553920294648860e+21
2.81934730462886675e-02 4.17889963546762035e+19 1.93111959539408647e+21
2.82229961770280591e-02 4.18459434416359506e+19 1.92666999145465722e+21
2.82525193077674472e-02 4.19027587196462367e+19 1.92219039793376395e+21
2.82820424385068353e-02 4.19594413034293658e+19 1.91768082233431530e+21
2.83115655692462234e-02 4.20159903079400489e+19 1.91314127285835242e+21
2.83410886999856115e-02 4.20724048504087347e+19 1.90857196413109142e+21
2.83706118307249996e-02 4.21286840564563968e+19 1.90397311294603946e+21
2.84001349614643878e-02 4.21848270540787876e+19 1.89934473180131151e+21
2.84296580922037793e-02 4.22408329716523909e+19 1.89468683388750555e+21
2.84591812229431675e-02 4.22967009379536323e+19 1.88999943308912361e+21
2.84887043536825556e-02 4.23524300821776220e+19 1.88528254398595046e+21
2.85182274844219437e-02 4.24080195339613880e+19 1.88053618185461537e+21
2.85477506151613318e-02 4.24634684234029793e+19 1.87576036266994277e+21
2.85772737459007199e-02 4.25187758810830029e+19 1.87095510310639396e+21
2.86067968766401115e-02 4.25739410380828672e+19 1.86612042053933780e+21
2.86363200073794996e-02 4.26289630260097516e+19 1.86125633304659807e+21
2.86658431381188877e-02 4.26838409770125066e+19 1.85636285940958075e+21
2.86953662688582758e-02 4.27385740238066975e+19 1.85144001911477738e+21
2.87248893995976640e-02 4.27931612996933059e+19 1.84648783235496935e+21
2.87544125303370521e-02 4.28476019385789891e+19 1.84150632003048230e+21
2.87839356610764437e-02 4.29018950749991485e+19 1.83649550375053374e+21
2.88134587918158318e-02 4.29560398460739338e+19 1.83145560283551629e+21
2.88429819225552199e-02 4.30100353973659566e+19 1.82638683863596453e+21
2.88725050532946080e-02 4.30638808771170959e+19 1.82128923686266234e+21
2.89020281840339961e-02 4.31175754343419658e+19 1.81616282392627721e+21
2.89315513147733842e-02 4.31711182188422021e+19 1.81100762693808239e+21
2.89610744455127758e-02 4.32245083812308091e+19 1.80582367371108601e+21
2.89905975762521639e-02 4.32777450729535160e+19 1.80061099276100960e+21
2.90201207069915521e-02 4.33308274463074058e+19 1.79536961330712805e+21
2.90496438377309402e-02 4.33837546544628777e+19 1.79009956527323087e+21
2.90791669684703283e-02 4.34365258514836029e+19 1.78480087928847231e+21
2.91086900992097164e-02 4.34891401923497656e+19 1.77947358668833790e+21
2.91382132299491045e-02 4.35415968329740452e+19 1.77411771951528962e+21
2.91677363606884961e-02 4.35938949302286418e+19 1.76873331051983772e+21
2.91972594914278842e-02 4.36460336419612508e+19 1.76332039316114086e+21
2.92267826221672723e-02 4.36980121270178775e+19 1.75787900160786275e+21
2.92563057529066604e-02 4.37498295452652995e+19 1.75240917073898688e+21
2.92858288836460486e-02 4.38014850594651587e+19 1.74691112485534984e+21
2.93153520143854367e-02 4.38529778408846213e+19 1.74138509015086295e+21
2.93448751451248283e-02 4.39043070637755351e+19 1.73583110540090461e+21
2.93743982758642164e-02 4.39554719035473265e+19 1.73024921007978316e+21
2.94039214066036045e-02 4.40064715367835976e+19 1.72463944436107811e+21
2.94334445373429926e-02 4.40573051412636877e+19 1.71900184911815691e+21
2.94629676680823807e-02 4.41079718959858729e+19 1.71333646592473144e+21
2.94924907988217688e-02 4.41584709811852165e+19 1.70764333705518042e+21
2.95220139295611604e-02 4.42088015783548846e+19 1.70192250548498648e+21
2.95515370603005485e-02 4.42589628702671749e+19 1.69617401489113874e+21
2.95810601910399366e-02 4.43089540409942180e+19 1.69039790965249960e+21
2.96105833217793248e-02 4.43587742759299727e+19 1.68459423485019501e+21
2.96401064525187129e-02 4.44084227618078310e+19 1.67876303626781721e+21
2.96696295832581010e-02 4.44578986867247759e+19 1.67290436039185295e+21
2.96991527139974926e-02 4.45072012401593631e+19 1.66701825441185268e+21
2.97286758447368807e-02 4.45563296129949614e+19 1.66110476622077651e+21
2.97581989754762688e-02 4.46052829993176433e+19 1.65516412530109737e+21
2.97877221062156569e-02 4.46540606017922826e+19 1.64919656289224622e+21
2.98172452369550450e-02 4.47026616263718912e+19 1.64320213056749594e+21
2.98467683676944331e-02 4.47510852805419418e+19 1.63718088058979877e+21
2.98762914984338213e-02 4.47993307733426668e+19 1.63113286591186390e+21
2.99058146291732128e-02 4.48473973153842790e+19 1.62505814017595408e+21
2.99353377599126010e-02 4.48952841188750049e+19 1.61895675771412441e+21
2.99648608906519891e-02 4.49429903976344617e+19 1.61282877354790617e+21
2.99943840213913772e-02 4.49905153671177667e+19 1.60667424338835774e+21
3.00239071521307653e-02 4.50378582444353372e+19 1.60049322363593294e+21
3.00534302828701534e-02 4.50850182483725353e+19 1.59428577138032483e+21
3.00829534136095450e-02 4.51319945994090988e+19 1.58805194440027695e+21
3.01124765443489331e-02 4.51787865197433078e+19 1.58179180116353850e+21
3.01419996750883212e-02 4.52253932333081395e+19 1.57550540082651411e+21
3.01715228058277093e-02 4.52718139657935585e+19 1.56919280323410657e+21
3.02010459365670975e-02 4.53180479446658499e+19 1.56285406891943186e+21
3.02305690673064856e-02 4.53640944008972452e+19 1.55648943265908969e+21
3.02600921980458772e-02 4.54099525741196575e+19 1.55009913085125119e+21
3.02896153287852653e-02 4.54556217075490161e+19 1.54368322748209850e+21
3.03191384595246534e-02 4.55011010462996070e+19 1.53724178721021415e+21
3.03486615902640415e-02 4.55463898374058476e+19 1.53077487536616060e+21
3.03781847210034296e-02 4.55914873298382356e+19 1.52428255795184193e+21
3.04077078517428177e-02 4.56363927745283768e+19 1.51776490164014809e+21
3.04372309824822093e-02 4.56811054243851633e+19 1.51122197377427911e+21
3.04667541132215974e-02 4.57256245343149097e+19 1.50465384236717782e+21
3.04962772439609855e-02 4.57699493612430950e+19 1.49806057610099478e+21
3.05258003747003737e-02 4.58140791641317622e+19 1.49144224432638604e+21
3.05553235054397618e-02 4.58580132039999734e+19 1.48479891706188739e+21
3.05848466361791499e-02 4.59017507439454126e+19 1.47813066499330461e+21
3.06143697669185380e-02 4.59452910491611873e+19 1.47143755947292361e+21
3.06438928976579296e-02 4.59886333869561119e+19 1.46471967251881158e+21
3.06734160283973177e-02 4.60317770267779564e+19 1.45797707681418969e+21
3.07029391591367058e-02 4.60747212418663956e+19 1.45121001245039893e+21
3.07324622898760939e-02 4.61174653142134866e+19 1.44441872100569593e+21
3.07619854206154821e-02 4.61600085296782377e+19 1.43760327837775299e+21
3.07915085513548702e-02 4.62023501763716219e+19 1.43076376111150688e+21
3.08210316820942617e-02 4.62444895446716826e+19 1.42390024639807042e+21
3.08505548128336499e-02 4.62864259272458895e+19 1.41701281207384854e+21
3.08800779435730380e-02 4.63281586190698906e+19 1.41010153661951535e+21
3.09096010743124261e-02 4.63696869174451405e+19 1.40316649915894019e+21
3.09391242050518142e-02 4.64110101220192256e+19 1.39620777945816996e+21
3.09686473357912023e-02 4.64521275348031488e+19 1.38922545792429929e+21
3.09981704665305939e-02 4.64930384601919078e+19 1.38221961560441540e+21
3.10276935972699820e-02 4.65337422049816904e+19 1.37519033418442342e+21
3.10572167280093701e-02 4.65742380783917138e+19 1.36813769598798293e+21
3.10867398587487583e-02 4.66145253920793969e+19 1.36106178397522729e+21
3.11162629894881464e-02 4.66546034601610936e+19 1.35396268174162448e+21
3.11457861202275345e-02 4.66944715992308859e+19 1.34684047351676010e+21
3.11753092509669261e-02 4.67341291299568681e+19 1.33969540463510343e+21
3.12048323817063142e-02 4.67735753818497679e+19 1.33252772178351279e+21
3.12343555124457023e-02 4.68128096885581087e+19 1.32533751215644528e+21
3.12638786431850904e-02 4.68518313863167263e+19 1.31812486356279388e+21
3.12934017739244785e-02 4.68906398139609252e+19 1.31088986442434609e+21
3.13229249046638666e-02 4.69292343129445007e+19 1.30363260377433453e+21
3.13524480354032548e-02 4.69676142273608090e+19 1.29635317125604835e+21
3.13819711661426498e-02 4.70057789039570780e+19 1.28905165712123625e+21
3.14114942968820310e-02 4.70437276921550111e+19 1.28172815222866339e+21
3.14410174276214260e-02 4.70814599440666870e+19 1.27438274804251571e+21
3.14705405583608072e-02 4.71189750145140818e+19 1.26701553663088368e+21
3.15000636891002023e-02 4.71562722610455265e+19 1.25962661066413992e+21
3.15295868198395834e-02 4.71933510439564984e+19 1.25221606341341453e+21
3.15591099505789785e-02 4.72302107263016141e+19 1.24478398874881098e+21
3.15886330813183666e-02 4.72668506739180257e+19 1.23733048113790661e+21
3.16181562120577547e-02 4.73032702554396262e+19 1.22985563564398949e+21
3.16476793427971428e-02 4.73394688438380544e+19 1.22235970268088815e+21
3.16772024735365310e-02 4.73754458210183332e+19 1.21484293388042817e+21
3.17067256042759191e-02 4.74112005732827873e+19 1.20730542701040448e+21
3.17362487350153072e-02 4.74467324898296545e+19 1.19974728041284502e+21
3.17657718657547022e-02 4.74820409627676099e+19 1.19216859300208548e+21
3.17952949964940834e-02 4.75171253871347302e+19 1.18456946426293309e+21
3.18248181272334785e-02 4.75519851609145590e+19 1.17694999424873975e+21
3.18543412579728596e-02 4.75866196850532598e+19 1.16931028357948021e+21
3.18838643887122547e-02 4.76210283634749194e+19 1.16165043343976602e+21
3.19133875194516428e-02 4.76552106031005860e+19 1.15397054557693123e+21
3.19429106501910309e-02 4.76891658138631537e+19 1.14627072229899554e+21
3.19724337809304190e-02 4.77228934087218463e+19 1.13855106647259834e+21
3.20019569116698072e-02 4.77563928036854415e+19 1.13081168152112595e+21
3.20314800424091953e-02 4.77896634178202583e+19 1.12305267142244866e+21
3.20610031731485834e-02 4.78227046732728812e+19 1.11527414070699478e+21
3.20905263038879784e-02 4.78555159952834150e+19 1.10747619445557703e+21
3.21200494346273596e-02 4.78880968136743567e+19 1.09965908790901264e+21
3.21495725653667547e-02 4.79204465672903639e+19 1.09182307739170085e+21
3.21790956961061358e-02 4.79525646996141015e+19 1.08396827041818909e+21
3.22086188268455309e-02 4.79844506573071401e+19 1.07609477503020053e+21
3.22381419575849121e-02 4.80161038902312550e+19 1.06820269979449216e+21
3.22676650883243071e-02 4.80475238514594775e+19 1.06029215380045745e+21
3.22971882190636952e-02 4.80787099972952064e+19 1.05236324665789553e+21
3.23267113498030834e-02 4.81096617872831693e+19 1.04441608849457899e+21
3.23562344805424715e-02 4.81403786842287063e+19 1.03645078995398623e+21
3.23857576112818596e-02 4.81708601542102548e+19 1.02846746219286823e+21
3.24152807420212477e-02 4.82011056665962086e+19 1.02046621687889029e+21
3.24448038727606358e-02 4.82311146940585329e+19 1.01244716618818663e+21
3.24743270035000309e-02 4.82608867125895086e+19 1.00441042280296376e+21
3.25038501342394121e-02 4.82904212015145533e+19 9.96356099909000888e+20
3.25333732649788071e-02 4.83197176435084247e+19 9.88284311193206653e+20
3.25628963957181883e-02 4.83487755246103429e+19 9.80195170841131614e+20
3.25924195264575833e-02 4.83775943356634726e+19 9.72088938582978986e+20
3.26219426571969645e-02 4.84061735766217114e+19 9.63965875098056131e+20
3.26514657879363596e-02 4.84345127522893906e+19 9.55826096725010416e+20
3.26809889186757477e-02 4.84626113709142508e+19 9.47669720276531544e+20
3.27105120494151358e-02 4.84904689442003599e+19 9.39496863036680438e+20
3.27400351801545239e-02 4.85180849873185341e+19 9.31307642758156255e+20
3.27695583108939120e-02 4.85454590189253345e+19 9.23102177659711783e+20
3.27990814416333001e-02 4.85725905611736515e+19 9.14880586423388340e+20
3.28286045723726883e-02 4.85994791397270487e+19 9.06642988191808225e+20
3.28581277031120833e-02 4.86261242837740257e+19 8.98389502565447107e+20
3.28876508338514645e-02 4.86525255260386918e+19 8.90120249599824888e+20
3.29171739645908595e-02 4.86786824027976499e+19 8.81835349802794877e+20
3.29466970953302407e-02 4.87045944538932920e+19 8.73534924131748938e+20
3.29762202260696358e-02 4.87302612227428925e+19 8.65219093990730367e+20
3.30057433568090169e-02 4.87556822563562291e+19 8.56887981227687018e+20
3.30352664875484120e-02 4.87808571053466010e+19 8.48541708131588112e+20
3.30647896182878001e-02 4.88057853253326438e+19 8.40180538506267460e+20
3.30943127490271882e-02 4.88304664811193631e+19 8.31804736969817194e+20
3.31238358797665763e-02 4.88549001425590927e+19 8.23414427674803175e+20
3.31533590105059645e-02 4.88790858831753298e+19 8.15009735188897202e+20
3.31828821412453526e-02 4.89030232801753170e+19 8.06590784491899453e+20
3.32124052719847407e-02 4.89267119144614134e+19 7.98157700972729074e+20
3.32419284027241357e-02 4.89501513706442015e+19 7.89710610426427343e+20
3.32714515334635169e-02 4.89733412370548163e+19 7.81249639051133190e+20
3.33009746642029120e-02 4.89962811057556685e+19 7.72774913445017813e+20
3.33304977949422931e-02 4.90189705725523149e+19 7.64286560603224277e+20
3.33600209256816882e-02 4.90414092370053939e+19 7.55784707914793878e+20
3.33895440564210763e-02 4.90635967024422502e+19 7.47269483159572709e+20
3.34190671871604644e-02 4.90855325759687803e+19 7.38741014505107489e+20
3.34485903178998525e-02 4.91072164684808110e+19 7.30199430503520141e+20
3.34781134486392407e-02 4.91286479946736763e+19 7.21644860088341365e+20
3.35076365793786288e-02 4.91498267730569134e+19 7.13077432571407106e+20
3.35371597101180169e-02 4.91707524273164534e+19 7.04497415342696694e+20
3.35666828408574119e-02 4.91914245903966044e+19 6.95905076471399580e+20
3.35962059715967931e-02 4.92118429004558500e+19 6.87300546835358810e+20
3.36257291023361882e-02 4.92320069995211080e+19 6.78683957663651463e+20
3.36552522330755693e-02 4.92519165334983639e+19 6.70055440533322727e+20
3.36847753638149644e-02 4.92715711521825751e+19 6.61415127366098092e+20
3.37142984945543456e-02 4.92909705092702536e+19 6.52763150425118605e+20
3.37438216252937406e-02 4.93101142623673467e+19 6.44099642311600112e+20
3.37733447560331287e-02 4.93290020729985434e+19 6.35424735961499828e+20
3.38028678867725169e-02 4.93476336066180956e+19 6.26738564642192097e+20
3.38323910175119050e-02 4.93660085326209761e+19 6.18041261949133783e+20
3.38619141482512931e-02 4.93841265243493745e+19 6.09332961802459546e+20
3.38914372789906812e-02 4.94019872591050179e+19 6.00613798443639243e+20
3.39209604097300693e-02 4.94195904181586248e+19 5.91883906432086311e+20
3.39504835404694644e-02 4.94369356867553526e+19 5.83143420641706574e+20
3.39800066712088455e-02 4.94540227541296988e+19 5.74392476257550795e+20
3.40095298019482406e-02 4.94708513148373156e+19 5.65631343705691455e+20
3.40390529326876218e-02 4.94874210727552041e+19 5.56860293956063855e+20
3.40685760634270168e-02 4.95037317371087503e+19 5.48079463455186878e+20
3.40980991941663980e-02 4.95197830211579576e+19 5.39288988932758372e+20
3.41276223249057931e-02 4.95355746422036644e+19 5.30489007398120980e+20
3.41571454556451812e-02 4.95511063215922299e+19 5.21679656136704786e+20
3.41866685863845693e-02 4.95663777847331062e+19 5.12861072706597028e+20
3.42161917171239574e-02 4.95813887610962985e+19 5.04033394934886302e+20
3.42457148478633455e-02 4.95961389842255380e+19 4.95196760914166415e+20
3.42752379786027336e-02 4.96106281917471130e+19 4.86351308998981648e+20
3.43047611093421217e-02 4.96248561253743903e+19 4.77497177802219520e+20
3.43342842400815168e-02 4.96388225309160899e+19 4.68634506191533703e+20
3.43638073708208980e-02 4.96525271582869012e+19 4.59763433285778211e+20
3.43933305015602930e-02 4.96659697615103181e+19 4.50884098451357368e+20
3.44228536322996742e-02 4.96791500987286569e+19 4.41996641298637324e+20
3.44523767630390693e-02 4.96920679322095370e+19 4.33101201678312735e+20
3.44818998937784504e-02 4.97047230296585994e+19 4.24198052449773552e+20
3.45114230245178455e-02 4.97171151681517240e+19 4.15287466880601096e+20
3.45409461552572336e-02 4.97292441302214246e+19 4.06369585772749062e+20
3.45704692859966217e-02 4.97411097025623818e+19 3.97444550139834728e+20
3.45999924167360098e-02 4.97527116760341299e+19 3.88512501203413041e+20
3.46295155474753980e-02 4.97640498456695603e+19 3.79573580389292114e+20
3.46590386782147861e-02 4.97751240106791731e+19 3.70627929323806589e+20
3.46885618089541742e-02 4.97859339744586875e+19 3.61675689830109807e+20
3.47180849396935692e-02 4.97964795445919908e+19 3.52717003924424098e+20
3.47476080704329504e-02 4.98067605328602890e+19 3.43752013812329742e+20
3.47771312011723455e-02 4.98167767552452035e+19 3.34780861885002678e+20
3.48066543319117266e-02 4.98265280319334564e+19 3.25803690715457913e+20
3.48361774626511217e-02 4.98360141873264394e+19 3.16820643054818492e+20
3.48657005933905098e-02 4.98452350500408115e+19 3.07831861828517888e+20
3.48952237241298979e-02 4.98541904529153884e+19 2.98837490132538098e+20
3.49247468548692860e-02 4.98628802330167788e+19 2.89837671229632479e+20
3.49542699856086742e-02 4.98713042329338020e+19 2.80832679767467426e+20
3.49837931163480623e-02 4.98794623046598656e+19 2.71822790665976840e+20
3.50133162470874504e-02 4.98873543057255055e+19 2.62808147824573809e+20
3.50428393778268454e-02 4.98949800979109233e+19 2.53788895280227025e+20
3.50723625085662266e-02 4.99023395472514662e+19 2.44765177203640631e+20
3.51018856393056217e-02 4.99094325240393482e+19 2.35737137895409877e+20
3.51314087700450028e-02 4.99162589028313334e+19 2.26704921782201254e+20
3.51609319007843979e-02 4.99228185624478106e+19 2.17668673412886528e+20
3.51904550315237791e-02 4.99291113859795190e+19 2.08628537454708883e+20
3.52199781622631741e-02 4.99351372607892193e+19 1.99584658689421443e+20
3.52495012930025622e-02 4.99408960785167892e+19 1.90537182009436045e+20
3.52790244237419504e-02 4.99463877350792397e+19 1.81486252413948166e+20
3.53085475544813385e-02 4.99516121306787840e+19 1.72432015005088383e+20
3.53380706852207266e-02 4.99565691698008392e+19 1.63374614984032158e+20
3.53675938159601147e-02 4.99612587612204728e+19 1.54314197647137276e+20
3.53971169466995028e-02 4.99656808180026081e+19 1.45250908382055334e+20
3.54266400774388979e-02 4.99698352587879137e+19 1.36185022949019025e+20
3.54561632081782790e-02 4.99737220116431176e+19 1.27116817244439871e+20
3.54856863389176741e-02 4.99773410102172385e+19 1.18046436975050408e+20
3.55152094696570553e-02 4.99806921924619469e+19 1.08974027909356814e+20
3.55447326003964503e-02 4.99837755006333092e+19 9.98997358737356718e+19
3.55742557311358315e-02 4.99865908812934513e+19 9.08237067485282796e+19
3.56037788618752266e-02 4.99891382853113856e+19 8.17460864641318912e+19
3.56333019926146147e-02 4.99914176678672712e+19 7.26670209970947850e+19
3.56628251233540028e-02 4.99934289884490875e+19 6.35866563661968015e+19
3.56923482540933909e-02 4.99951722108581151e+19 5.45051386285430374e+19
3.57218713848327790e-02 4.99966473032067727e+19 4.54226138756443750e+19
3.57513945155721671e-02 4.99978542379217306e+19 3.63392282295040860e+19
3.57809176463115552e-02 4.99987929917444260e+19 2.72551278386994790e+19
3.58104407770509503e-02 4.99994635457317192e+19 1.81704588744627692e+19
3.58399639077903315e-02 4.99998658852537139e+19 9.08536752676065792e+18
3.58694870385297265e-02 4.99999999999999427e+19 3.76051928376260102e+08
3.58990101692691077e-02 4.99998658852537139e+19 -9.08536752601149338e+18
3.59285333000085028e-02 4.99994635457317192e+19 -1.81704588737224253e+19
3.59580564307478839e-02 4.99987929917444260e+19 -2.72551278379738358e+19
3.59875795614872790e-02 4.99978542379217306e+19 -3.63392282287990211e+19
3.60171026922266671e-02 4.99966473032067727e+19 -4.54226138749657580e+19
3.60466258229660552e-02 4.99951722108577546e+19 -5.45051386278963692e+19
3.60761489537054433e-02 4.99934289884494479e+19 -6.35866563655892009e+19
3.61056720844448314e-02 4.99914176678676234e+19 -7.26670209965313147e+19
3.61351952151842196e-02 4.99891382853120983e+19 -8.17460864636190392e+19
3.61647183459236077e-02 4.99865908812930908e+19 -9.08237067480694292e+19
3.61942414766630027e-02 4.99837755006336614e+19 -9.98997358733398835e+19
3.62237646074023839e-02 4.99806921924619469e+19 -1.08974027909027922e+20
3.62532877381417790e-02 4.99773410102175908e+19 -1.18046436974795751e+20
3.62828108688811601e-02 4.99737220116434698e+19 -1.27116817244264579e+20
3.63123339996205552e-02 4.99698352587882660e+19 -1.36185022948928979e+20
3.63418571303599433e-02 4.99656808180029604e+19 -1.45250908382056350e+20
3.63713802610993314e-02 4.99612587612211773e+19 -1.54314197647233417e+20
3.64009033918387195e-02 4.99565691698015519e+19 -1.63374614984222376e+20
3.64304265225781077e-02 4.99516121306791363e+19 -1.72432015005371367e+20
3.64599496533174958e-02 4.99463877350795919e+19 -1.81486252414325096e+20
3.64894727840568839e-02 4.99408960785171415e+19 -1.90537182009906921e+20
3.65189959147962789e-02 4.99351372607895716e+19 -1.99584658689986167e+20
3.65485190455356601e-02 4.99291113859795190e+19 -2.08628537455366046e+20
3.65780421762750552e-02 4.99228185624478106e+19 -2.17668673413637472e+20
3.66075653070144363e-02 4.99162589028316856e+19 -2.26704921783047586e+20
3.66370884377538314e-02 4.99094325240393482e+19 -2.35737137896348320e+20
3.66666115684932126e-02 4.99023395472518267e+19 -2.44765177204674527e+20
3.66961346992326076e-02 4.98949800979105710e+19 -2.53788895281350967e+20
3.67256578299719957e-02 4.98873543057255055e+19 -2.62808147825793237e+20
3.67551809607113839e-02 4.98794623046598656e+19 -2.71822790667289854e+20
3.67847040914507720e-02 4.98713042329338020e+19 -2.80832679768873992e+20
3.68142272221901601e-02 4.98628802330167788e+19 -2.89837671231132566e+20
3.68437503529295482e-02 4.98541904529153884e+19 -2.98837490134115549e+20
3.68732734836689363e-02 4.98452350500408115e+19 -3.07831861830140494e+20
3.69027966144083314e-02 4.98360141873260872e+19 -3.16820643056451715e+20
3.69323197451477125e-02 4.98265280319331041e+19 -3.25803690717071671e+20
3.69618428758871076e-02 4.98167767552452035e+19 -3.34780861886567219e+20
3.69913660066264888e-02 4.98067605328599368e+19 -3.43752013813808169e+20
3.70208891373658838e-02 4.97964795445916303e+19 -3.52717003925786460e+20
3.70504122681052650e-02 4.97859339744583352e+19 -3.61675689831324189e+20
3.70799353988446601e-02 4.97751240106788209e+19 -3.70627929324840747e+20
3.71094585295840412e-02 4.97640498456685036e+19 -3.79573580390108627e+20
3.71389816603234363e-02 4.97527116760334254e+19 -3.88512501203987792e+20
3.71685047910628313e-02 4.97411097025613251e+19 -3.97444550140130230e+20
3.71980279218022125e-02 4.97292441302207119e+19 -4.06369585772738904e+20
3.72275510525416076e-02 4.97171151681510113e+19 -4.15287466880250479e+20
3.72570741832809887e-02 4.97047230296582472e+19 -4.24198052449053508e+20
3.72865973140203838e-02 4.96920679322088325e+19 -4.33101201677185384e+20
3.73161204447597650e-02 4.96791500987279524e+19 -4.41996641297121870e+20
3.73456435754991600e-02 4.96659697615099658e+19 -4.50884098449521508e+20
3.73751667062385412e-02 4.96525271582865490e+19 -4.59763433283683090e+20
3.74046898369779363e-02 4.96388225309157376e+19 -4.68634506189243744e+20
3.74342129677173174e-02 4.96248561253740380e+19 -4.77497177799798817e+20
3.74637360984567125e-02 4.96106281917467607e+19 -4.86351308996494557e+20
3.74932592291960937e-02 4.95961389842255380e+19 -4.95196760911680635e+20
3.75227823599354887e-02 4.95813887610959462e+19 -5.04033394932458914e+20
3.75523054906748838e-02 4.95663777847331062e+19 -5.12861072704299139e+20
3.75818286214142649e-02 4.95511063215929344e+19 -5.21679656134604292e+20
3.76113517521536600e-02 4.95355746422036644e+19 -5.30489007396266902e+20
3.76408748828930412e-02 4.95197830211583099e+19 -5.39288988931225879e+20
3.76703980136324362e-02 4.95037317371091026e+19 -5.48079463454036001e+20
3.76999211443718174e-02 4.94874210727552041e+19 -5.56860293955354362e+20
3.77294442751112125e-02 4.94708513148380201e+19 -5.65631343705498976e+20
3.77589674058505936e-02 4.94540227541300511e+19 -5.74392476257926840e+20
3.77884905365899887e-02 4.94369356867557048e+19 -5.83143420642650423e+20
3.78180136673293699e-02 4.94195904181589770e+19 -5.91883906433524957e+20
3.78475367980687649e-02 4.94019872591053701e+19 -6.00613798445499810e+20
3.78770599288081461e-02 4.93841265243493745e+19 -6.09332961804664832e+20
3.79065830595475411e-02 4.93660085326209761e+19 -6.18041261951615238e+20
3.79361061902869362e-02 4.93476336066177434e+19 -6.26738564644872651e+20
3.79656293210263174e-02 4.93290020729981993e+19 -6.35424735964311323e+20
3.79951524517657124e-02 4.93101142623673467e+19 -6.44099642314474258e+20
3.80246755825050936e-02 4.92909705092702536e+19 -6.52763150427978596e+20
3.80541987132444887e-02 4.92715711521818788e+19 -6.61415127368862269e+20
3.80837218439838698e-02 4.92519165334976594e+19 -6.70055440535927783e+20
3.81132449747232649e-02 4.92320069995204035e+19 -6.78683957666025570e+20
3.81427681054626461e-02 4.92118429004551537e+19 -6.87300546837429617e+20
3.81722912362020411e-02 4.91914245903955558e+19 -6.95905076473090015e+20
3.82018143669414223e-02 4.91707524273154048e+19 -7.04497415343939912e+20
3.82313374976808173e-02 4.91498267730565693e+19 -7.13077432572141502e+20
3.82608606284201985e-02 4.91286479946733240e+19 -7.21644860088542691e+20
3.82903837591595936e-02 4.91072164684801147e+19 -7.30199430503227064e+20
3.83199068898989886e-02 4.90855325759680840e+19 -7.38741014504368767e+20
3.83494300206383698e-02 4.90635967024415539e+19 -7.47269483158431990e+20
3.83789531513777649e-02 4.90414092370050417e+19 -7.55784707913300050e+20
3.84084762821171460e-02 4.90189705725516186e+19 -7.64286560601410372e+20
3.84379994128565411e-02 4.89962811057549722e+19 -7.72774913442932457e+20
3.84675225435959223e-02 4.89733412370541199e+19 -7.81249639048820031e+20
3.84970456743353173e-02 4.89501513706438574e+19 -7.89710610423935271e+20
3.85265688050746985e-02 4.89267119144610611e+19 -7.98157700970095706e+20
3.85560919358140936e-02 4.89030232801753170e+19 -8.06590784489173942e+20
3.85856150665534747e-02 4.88790858831753298e+19 -8.15009735186117165e+20
3.86151381972928698e-02 4.88549001425590927e+19 -8.23414427672011604e+20
3.86446613280322648e-02 4.88304664811193631e+19 -8.31804736967056949e+20
3.86741844587716460e-02 4.88057853253326438e+19 -8.40180538503581794e+20
3.87037075895110411e-02 4.87808571053469450e+19 -8.48541708129025917e+20
3.87332307202504222e-02 4.87556822563562291e+19 -8.56887981225265070e+20
3.87627538509898173e-02 4.87302612227432366e+19 -8.65219093988474356e+20
3.87922769817291985e-02 4.87045944538936443e+19 -8.73534924129667645e+20
3.88218001124685935e-02 4.86786824027983462e+19 -8.81835349800908489e+20
3.88513232432079747e-02 4.86525255260393882e+19 -8.90120249598140875e+20
3.88808463739473698e-02 4.86261242837743698e+19 -8.98389502563973464e+20
3.89103695046867509e-02 4.85994791397277450e+19 -9.06642988190571954e+20
3.89398926354261460e-02 4.85725905611739955e+19 -9.14880586422390358e+20
3.89694157661655272e-02 4.85454590189260227e+19 -9.23102177658978959e+20
3.89989388969049222e-02 4.85180849873188782e+19 -9.31307642757689639e+20
3.90284620276443173e-02 4.84904689442007040e+19 -9.39496863036500345e+20
3.90579851583836984e-02 4.84626113709149389e+19 -9.47669720276658815e+20
3.90875082891230935e-02 4.84345127522897347e+19 -9.55826096725445575e+20
3.91170314198624747e-02 4.84061735766223995e+19 -9.63965875098826310e+20
3.91465545506018697e-02 4.83775943356641608e+19 -9.72088938584091394e+20
3.91760776813412509e-02 4.83487755246106870e+19 -9.80195170842593198e+20
3.92056008120806460e-02 4.83197176435091128e+19 -9.88284311195007975e+20
3.92351239428200271e-02 4.82904212015152333e+19 -9.96356099911074972e+20
3.92646470735594222e-02 4.82608867125901885e+19 -1.00441042280525070e+21
3.92941702042988034e-02 4.82311146940592128e+19 -1.01244716619062693e+21
3.93236933350381984e-02 4.82011056665965527e+19 -1.02046621688141683e+21
3.93532164657775796e-02 4.81708601542102548e+19 -1.02846746219542125e+21
3.93827395965169746e-02 4.81403786842287063e+19 -1.03645078995651369e+21
3.94122627272563697e-02 4.81096617872831693e+19 -1.04441608849702126e+21
3.94417858579957509e-02 4.80787099972952064e+19 -1.05236324666019375e+21
3.94713089887351459e-02 4.80475238514594775e+19 -1.06029215380255212e+21
3.95008321194745271e-02 4.80161038902309192e+19 -1.06820269979631708e+21
3.95303552502139222e-02 4.79844506573068042e+19 -1.07609477503170432e+21
3.95598783809533033e-02 4.79525646996134216e+19 -1.08396827041930491e+21
3.95894015116926984e-02 4.79204465672903639e+19 -1.09182307739239357e+21
3.96189246424320796e-02 4.78880968136743567e+19 -1.09965908790920806e+21
3.96484477731714746e-02 4.78555159952834150e+19 -1.10747619445521711e+21
3.96779709039108558e-02 4.78227046732728812e+19 -1.11527414070608580e+21
3.97074940346502508e-02 4.77896634178199224e+19 -1.12305267142105353e+21
3.97370171653896320e-02 4.77563928036851057e+19 -1.13081168151932345e+21
3.97665402961290271e-02 4.77228934087218463e+19 -1.13855106647046737e+21
3.97960634268684221e-02 4.76891658138631537e+19 -1.14627072229659810e+21
3.98255865576078033e-02 4.76552106031005860e+19 -1.15397054557433836e+21
3.98551096883471984e-02 4.76210283634752635e+19 -1.16165043343705598e+21
3.98846328190865795e-02 4.75866196850532598e+19 -1.16931028357670647e+21
3.99141559498259746e-02 4.75519851609148948e+19 -1.17694999424598907e+21
3.99436790805653558e-02 4.75171253871350661e+19 -1.18456946426026682e+21
3.99732022113047508e-02 4.74820409627679457e+19 -1.19216859299957336e+21
4.00027253420441320e-02 4.74467324898303263e+19 -1.19974728041056489e+21
4.00322484727835270e-02 4.74112005732834673e+19 -1.20730542700841717e+21
4.00617716035229082e-02 4.73754458210190049e+19 -1.21484293387880287e+21
4.00912947342623033e-02 4.73394688438387261e+19 -1.22235970267969408e+21
4.01208178650016983e-02 4.73032702554399621e+19 -1.22985563564328668e+21
4.01503409957410795e-02 4.72668506739186975e+19 -1.23733048113771866e+21
4.01798641264804746e-02 4.72302107263022858e+19 -1.24478398874907260e+21
4.02093872572198557e-02 4.71933510439568343e+19 -1.25221606341406124e+21
4.02389103879592508e-02 4.71562722610461901e+19 -1.25962661066513292e+21
4.02684335186986320e-02 4.71189750145147453e+19 -1.26701553663215822e+21
4.02979566494380270e-02 4.70814599440666870e+19 -1.27438274804399840e+21
4.03274797801774082e-02 4.70437276921553469e+19 -1.28172815223032565e+21
4.03570029109168033e-02 4.70057789039577416e+19 -1.28905165712302198e+21
4.03865260416561844e-02 4.69676142273611448e+19 -1.29635317125788441e+21
4.04160491723955795e-02 4.69292343129448284e+19 -1.30363260377617452e+21
4.04455723031349607e-02 4.68906398139615887e+19 -1.31088986442614466e+21
4.04750954338743557e-02 4.68518313863170621e+19 -1.31812486356447737e+21
4.05046185646137508e-02 4.68128096885581087e+19 -1.32533751215795837e+21
4.05341416953531319e-02 4.67735753818494321e+19 -1.33252772178480044e+21
4.05636648260925270e-02 4.67341291299572040e+19 -1.33969540463614021e+21
4.05931879568319082e-02 4.66944715992308859e+19 -1.34684047351746239e+21
4.06227110875713032e-02 4.66546034601610936e+19 -1.35396268174199593e+21
4.06522342183106844e-02 4.66145253920793969e+19 -1.36106178397530934e+21
4.06817573490500795e-02 4.65742380783920497e+19 -1.36813769598782721e+21
4.07112804797894606e-02 4.65337422049820262e+19 -1.37519033418406167e+21
4.07408036105288557e-02 4.64930384601922355e+19 -1.38221961560388849e+21
4.07703267412682369e-02 4.64521275348034765e+19 -1.38922545792364839e+21
4.07998498720076319e-02 4.64110101220192256e+19 -1.39620777945742705e+21
4.08293730027470131e-02 4.63696869174454682e+19 -1.40316649915816555e+21
4.08588961334864081e-02 4.63281586190702182e+19 -1.41010153661873992e+21
4.08884192642258032e-02 4.62864259272462254e+19 -1.41701281207311349e+21
4.09179423949651844e-02 4.62444895446716826e+19 -1.42390024639740615e+21
4.09474655257045794e-02 4.62023501763716219e+19 -1.43076376111096398e+21
4.09769886564439606e-02 4.61600085296785654e+19 -1.43760327837738205e+21
4.10065117871833557e-02 4.61174653142138143e+19 -1.44441872100552737e+21
4.10360349179227368e-02 4.60747212418663956e+19 -1.45121001245046237e+21
4.10655580486621319e-02 4.60317770267779564e+19 -1.45797707681453572e+21
4.10950811794015131e-02 4.59886333869567672e+19 -1.46471967251946353e+21
4.11246043101409081e-02 4.59452910491611873e+19 -1.47143755947380362e+21
4.11541274408802893e-02 4.59017507439457403e+19 -1.47813066499440876e+21
4.11836505716196843e-02 4.58580132040003011e+19 -1.48479891706316980e+21
4.12131737023590655e-02 4.58140791641320899e+19 -1.49144224432781132e+21
4.12426968330984606e-02 4.57699493612430950e+19 -1.49806057610251705e+21
4.12722199638378556e-02 4.57256245343152374e+19 -1.50465384236878319e+21
4.13017430945772368e-02 4.56811054243851633e+19 -1.51122197377591096e+21
4.13312662253166319e-02 4.56363927745287045e+19 -1.51776490164179331e+21
4.13607893560560130e-02 4.55914873298379162e+19 -1.52428255795343314e+21
4.13903124867954081e-02 4.55463898374055199e+19 -1.53077487536768470e+21
4.14198356175347893e-02 4.55011010462996070e+19 -1.53724178721164729e+21
4.14493587482741843e-02 4.54556217075486966e+19 -1.54368322748338458e+21
4.14788818790135655e-02 4.54099525741193380e+19 -1.55009913085236635e+21
4.15084050097529605e-02 4.53640944008965980e+19 -1.55648943265998832e+21
4.15379281404923417e-02 4.53180479446655222e+19 -1.56285406892010216e+21
4.15674512712317368e-02 4.52718139657929196e+19 -1.56919280323452207e+21
4.15969744019711318e-02 4.52253932333075005e+19 -1.57550540082670993e+21
4.16264975327105130e-02 4.51787865197429883e+19 -1.58179180116354977e+21
4.16560206634499081e-02 4.51319945994087793e+19 -1.58805194440011704e+21
4.16855437941892892e-02 4.50850182483722158e+19 -1.59428577138001812e+21
4.17150669249286843e-02 4.50378582444346982e+19 -1.60049322363549201e+21
4.17445900556680655e-02 4.49905153671177667e+19 -1.60667424338784105e+21
4.17741131864074605e-02 4.49429903976338227e+19 -1.61282877354729197e+21
4.18036363171468417e-02 4.48952841188746854e+19 -1.61895675771347062e+21
4.18331594478862367e-02 4.48473973153842790e+19 -1.62505814017528457e+21
4.18626825786256179e-02 4.47993307733423473e+19 -1.63113286591117997e+21
4.18922057093650130e-02 4.47510852805416305e+19 -1.63718088058913528e+21
4.19217288401043942e-02 4.47026616263715717e+19 -1.64320213056687650e+21
4.19512519708437892e-02 4.46540606017919631e+19 -1.64919656289169415e+21
4.19807751015831843e-02 4.46052829993173238e+19 -1.65516412530063573e+21
4.20102982323225654e-02 4.45563296129949614e+19 -1.66110476622044149e+21
4.20398213630619605e-02 4.45072012401593631e+19 -1.66701825441163431e+21
4.20693444938013417e-02 4.44578986867247759e+19 -1.67290436039173263e+21
4.20988676245407367e-02 4.44084227618078310e+19 -1.67876303626777684e+21
4.21283907552801179e-02 4.43587742759296614e+19 -1.68459423485020393e+21
4.21579138860195130e-02 4.43089540409945293e+19 -1.69039790965257535e+21
4.21874370167588941e-02 4.42589628702668636e+19 -1.69617401489121503e+21
4.22169601474982892e-02 4.42088015783545733e+19 -1.70192250548506932e+21
4.22464832782376704e-02 4.41584709811852165e+19 -1.70764333705526326e+21
4.22760064089770654e-02 4.41079718959861842e+19 -1.71333646592479697e+21
4.23055295397164466e-02 4.40573051412636877e+19 -1.71900184911816242e+21
4.23350526704558416e-02 4.40064715367832781e+19 -1.72463944436100471e+21
4.23645758011952367e-02 4.39554719035470152e+19 -1.73024921007962613e+21
4.23940989319346179e-02 4.39043070637752238e+19 -1.73583110540064588e+21
4.24236220626740129e-02 4.38529778408839987e+19 -1.74138509015047235e+21
4.24531451934133941e-02 4.38014850594651587e+19 -1.74691112485484652e+21
4.24826683241527892e-02 4.37498295452652995e+19 -1.75240917073832863e+21
4.25121914548921703e-02 4.36980121270178775e+19 -1.75787900160705115e+21
4.25417145856315654e-02 4.36460336419609395e+19 -1.76332039316018456e+21
4.25712377163709466e-02 4.35938949302286418e+19 -1.76873331051878233e+21
4.26007608471103416e-02 4.35415968329740452e+19 -1.77411771951414378e+21
4.26302839778497228e-02 4.34891401923500769e+19 -1.77947358668713440e+21
4.26598071085891178e-02 4.34365258514839060e+19 -1.78480087928721873e+21
4.26893302393284990e-02 4.33837546544625664e+19 -1.79009956527192303e+21
4.27188533700678941e-02 4.33308274463074058e+19 -1.79536961330582441e+21
4.27483765008072891e-02 4.32777450729532129e+19 -1.80061099275970517e+21
4.27778996315466703e-02 4.32245083812308091e+19 -1.80582367370982641e+21
4.28074227622860654e-02 4.31711182188422021e+19 -1.81100762693687496e+21
4.28369458930254465e-02 4.31175754343422689e+19 -1.81616282392515497e+21
4.28664690237648416e-02 4.30638808771177103e+19 -1.82128923686164575e+21
4.28959921545042228e-02 4.30100353973662679e+19 -1.82638683863504781e+21
4.29255152852436178e-02 4.29560398460745400e+19 -1.83145560283474480e+21
4.29550384159829990e-02 4.29018950749997548e+19 -1.83649550374991456e+21
4.29845615467223940e-02 4.28476019385792922e+19 -1.84150632003000834e+21
4.30140846774617752e-02 4.27931612996939121e+19 -1.84648783235465845e+21
4.30436078082011703e-02 4.27385740238073037e+19 -1.85144001911460908e+21
4.30731309389405653e-02 4.26838409770128097e+19 -1.85636285940953383e+21
4.31026540696799465e-02 4.26289630260106609e+19 -1.86125633304670424e+21
4.31321772004193416e-02 4.25739410380831703e+19 -1.86612042053953598e+21
4.31617003311587227e-02 4.25187758810833060e+19 -1.87095510310670356e+21
4.31912234618981178e-02 4.24634684234035855e+19 -1.87576036267036875e+21
4.32207465926374990e-02 4.24080195339616911e+19 -1.88053618185512314e+21
4.32502697233768940e-02 4.23524300821776220e+19 -1.88528254398653268e+21
4.32797928541162752e-02 4.22967009379545416e+19 -1.88999943308982668e+21
4.33093159848556702e-02 4.22408329716526940e+19 -1.89468683388825397e+21
4.33388391155950514e-02 4.21848270540790907e+19 -1.89934473180212468e+21
4.33683622463344465e-02 4.21286840564563968e+19 -1.90397311294689588e+21
4.33978853770738277e-02 4.20724048504093327e+19 -1.90857196413202465e+21
4.34274085078132227e-02 4.20159903079403520e+19 -1.91314127285931423e+21
4.34569316385526178e-02 4.19594413034293658e+19 -1.91768082233529755e+21
4.34864547692919989e-02 4.19027587196462367e+19 -1.92219039793477347e+21
4.35159779000313940e-02 4.18459434416362455e+19 -1.92666999145570003e+21
4.35455010307707752e-02 4.17889963546762035e+19 -1.93111959539512744e+21
4.35750241615101702e-02 4.17319183442562171e+19 -1.93553920294756182e+21
4.36045472922495514e-02 4.16747102960528835e+19 -1.93992880800291199e+21
4.36340704229889464e-02 4.16173730959173878e+19 -1.94428840514510180e+21
4.36635935537283276e-02 4.15599076298485350e+19 -1.94861798964996840e+21
4.36931166844677227e-02 4.15023147839740887e+19 -1.95291755748352013e+21
4.37226398152071039e-02 4.14445954445310689e+19 -1.95718710530012715e+21
4.37521629459464989e-02 4.13867504978468618e+19 -1.96142663044073154e+21
4.37816860766858801e-02 4.13287808303128740e+19 -1.96563613093068171e+21
4.38112092074252751e-02 4.12706873283736945e+19 -1.96981560547828197e+21
4.38407323381646702e-02 4.12124708784996516e+19 -1.97396505347253391e+21
4.38702554689040514e-02 4.11541323671687987e+19 -1.97808447498130634e+21
4.38997785996434464e-02 4.10956726808477614e+19 -1.98217387074942717e+21
4.39293017303828276e-02 4.10370927080782316e+19 -1.98623302817688034e+21
4.39588248611222226e-02 4.09783933457547756e+19 -1.99026173697137417e+21
4.39883479918616038e-02 4.09195754927408251e+19 -1.99426000235801897e+21
4.40178711226009989e-02 4.08606400477357670e+19 -1.99822783024309207e+21
4.40473942533403801e-02 4.08015879092548649e+19 -2.00216522721182220e+21
4.40769173840797751e-02 4.07424199756066816e+19 -2.00607220052602703e+21
4.41064405148191563e-02 4.06831371448791613e+19 -2.00994875812215914e+21
4.41359636455585513e-02 4.06237403149137265e+19 -2.01379490860874072e+21
4.41654867762979464e-02 4.05642303832877220e+19 -2.01761066126419375e+21
4.41950099070373276e-02 4.05046082472950170e+19 -2.02139602603455309e+21
4.42245330377767226e-02 4.04448748039268762e+19 -2.02515101353118296e+21
4.42540561685161038e-02 4.03850309498494730e+19 -2.02887563502829830e+21
4.42835792992554989e-02 4.03250775813886689e+19 -2.03256990246083625e+21
4.43131024299948800e-02 4.02650155945068298e+19 -2.03623382842190751e+21
4.43426255607342751e-02 4.02048458847850988e+19 -2.03986742616050185e+21
4.43721486914736563e-02 4.01445693474047099e+19 -2.04347070957912982e+21
4.44016718222130513e-02 4.00841868793244467e+19 -2.04704346983889528e+21
4.44311949529524325e-02 4.00236993858369372e+19 -2.05058550054957298e+21
4.44607180836918275e-02 3.99631077739029299e+19 -2.05409682026818149e+21
4.44902412144312087e-02 3.99024129499241923e+19 -2.05757744820683512e+21
4.45197643451706038e-02 3.98416158197270774e+19 -2.06102740423022582e+21
4.45492874759099988e-02 3.97807172885410120e+19 -2.06444670885282395e+21
4.45788106066493800e-02 3.97197182609805148e+19 -2.06783538323624663e+21
4.46083337373887751e-02 3.96586196410263716e+19 -2.07119344918656188e+21
4.46378568681281562e-02 3.95974223320052777e+19 -2.07452092915149754e+21
4.46673799988675513e-02 3.95361272365717422e+19 -2.07781784621774904e+21
4.46969031296069325e-02 3.94747352566898688e+19 -2.08108422410826364e+21
4.47264262603463275e-02 3.94132472936134574e+19 -2.08432008717942181e+21
4.47559493910857087e-02 3.93516642478687355e+19 -2.08752546041833587e+21
4.47854725218251037e-02 3.92899870192338780e+19 -2.09070036943996558e+21
4.48149956525644849e-02 3.92282165067223941e+19 -2.09384484048441993e+21
4.48445187833038800e-02 3.91663536085639250e+19 -2.09695890041410604e+21
4.48740419140432611e-02 3.91043992244798587e+19 -2.10004234366127440e+21
4.49035650447826562e-02 3.90423542625214300e+19 -2.10309496724907072e+21
4.49330881755220513e-02 3.89802196321149747e+19 -2.10611680285908874e+21
4.49626113062614324e-02 3.89179962417431429e+19 -2.10910788279438515e+21
4.49921344370008275e-02 3.88556849989249270e+19 -2.11206823997630657e+21
4.50216575677402087e-02 3.87932868101985731e+19 -2.11499790794145582e+21
4.50511806984796037e-02 3.87308025811034440e+19 -2.11789692083858650e+21
4.50807038292189849e-02 3.86682332161617265e+19 -2.12076531342547327e+21
4.51102269599583799e-02 3.86055796188596716e+19 -2.12360312106573942e+21
4.51397500906977611e-02 3.85428426916322509e+19 -2.12641037972585998e+21
4.51692732214371562e-02 3.84800233358417756e+19 -2.12918712597181471e+21
4.51987963521765373e-02 3.84171224517630525e+19 -2.13193339696608864e+21
4.52283194829159324e-02 3.83541409385660662e+19 -2.13464923046451898e+21
4.52578426136553136e-02 3.82910796942951956e+19 -2.13733466481293787e+21
4.52873657443947086e-02 3.82279396158562714e+19 -2.13998973894423347e+21
4.53168888751341037e-02 3.81647215989954314e+19 -2.14261449237494340e+21
4.53464120058734849e-02 3.81014265406760141e+19 -2.14520872227309093e+21
4.53759351366128799e-02 3.80380553462062940e+19 -2.14777222854115695e+21
4.54054582673522611e-02 3.79746089219875799e+19 -2.15030505567039311e+21
4.54349813980916561e-02 3.79110881731012362e+19 -2.15280724873242424e+21
4.54645045288310373e-02 3.78474940032880968e+19 -2.15527885337558463e+21
4.54940276595704324e-02 3.77838273149325640e+19 -2.15771991582150781e+21
4.55235507903098136e-02 3.77200890090471178e+19 -2.16013048286172493e+21
4.55530739210492086e-02 3.76562799852541379e+19 -2.16251060185409887e+21
4.55825970517885898e-02 3.75924011417684787e+19 -2.16486032071928683e+21
4.56121201825279848e-02 3.75284533753835684e+19 -2.16717968793739408e+21
4.56416433132673799e-02 3.74644375814527877e+19 -2.16946875254434221e+21
4.56711664440067611e-02 3.74003546538723410e+19 -2.17172756412831053e+21
4.57006895747461561e-02 3.73362054850684436e+19 -2.17395617282641887e+21
4.57302127054855373e-02 3.72719909659777352e+19 -2.17615462932099944e+21
4.57597358362249323e-02 3.72077119860327956e+19 -2.17832298483615950e+21
4.57892589669643135e-02 3.71433694331454505e+19 -2.18046129113419822e+21
4.58187820977037086e-02 3.70789641961840230e+19 -2.18256934755260695e+21
4.58483052284430898e-02 3.70144971723913544e+19 -2.18464695630770156e+21
4.58778283591824848e-02 3.69499692598400614e+19 -2.18669417428318736e+21
4.59073514899218660e-02 3.68853813549144760e+19 -2.18871105889480239e+21
4.59368746206612610e-02 3.68207343522970460e+19 -2.19069766808663464e+21
4.59663977514006422e-02 3.67560291449504932e+19 -2.19265406032717755e+21
4.59959208821400373e-02 3.66912666241044439e+19 -2.19458029460564004e+21
4.60254440128794323e-02 3.66264476792396104e+19 -2.19647643042810220e+21
4.60549671436188135e-02 3.65615731980710093e+19 -2.19834252781360067e+21
4.60844902743582086e-02 3.64966440665359933e+19 -2.20017864729049694e+21
4.61140134050975897e-02 3.64316611687769498e+19 -2.20198484989251132e+21
4.61435365358369848e-02 3.63666253871251292e+19 -2.20376119715481780e+21
4.61730596665763660e-02 3.63015376020900454e+19 -2.20550775111046503e+21
4.62025827973157610e-02 3.62363986923417149e+19 -2.20722457428635550e+21
4.62321059280551422e-02 3.61712095346961695e+19 -2.20891172969941382e+21
4.62616290587945372e-02 3.61059710041030615e+19 -2.21056928085287371e+21
4.62911521895339184e-02 3.60406839762198897e+19 -2.21219702867217298e+21
4.63206753202733135e-02 3.59753493351308698e+19 -2.21379477710680857e+21
4.63501984510126946e-02 3.59099679654989537e+19 -2.21536259491913374e+21
4.63797215817520897e-02 3.58445407499484283e+19 -2.21690055134885183e+21
4.64092447124914848e-02 3.57790685690529137e+19 -2.21840871610904425e+21
4.64387678432308659e-02 3.57135523013206958e+19 -2.21988715938202596e+21
4.64682909739702610e-02 3.56479928231819469e+19 -2.22133595181531084e+21
4.64978141047096422e-02 3.55823910089735209e+19 -2.22275516451742155e+21
4.65273372354490372e-02 3.55167477309256663e+19 -2.22414486905380798e+21
4.65568603661884184e-02 3.54510638591511224e+19 -2.22550513744291168e+21
4.65863834969278134e-02 3.53853402616277647e+19 -2.22683604215181686e+21
4.66159066276671946e-02 3.53195778041874391e+19 -2.22813765609228599e+21
4.66454297584065897e-02 3.52537773505051566e+19 -2.22941005261681040e+21
4.66749528891459708e-02 3.51879397620811244e+19 -2.23065330551420381e+21
4.67044760198853659e-02 3.51220658982326723e+19 -2.23186748900581442e+21
4.67339991506247471e-02 3.50561566160783114e+19 -2.23305267774123409e+21
4.67635222813641421e-02 3.49902127732164649e+19 -2.23420867365519675e+21
4.67930454121035372e-02 3.49242352357413970e+19 -2.23533528185169668e+21
4.68225685428429184e-02 3.48582248700898345e+19 -2.23643258236823903e+21
4.68520916735823134e-02 3.47921825403296440e+19 -2.23750065565920998e+21
4.68816148043216946e-02 3.47261091081478021e+19 -2.23853958259155219e+21
4.69111379350610896e-02 3.46600054328365793e+19 -2.23954944444031854e+21
4.69406610658004708e-02 3.45938723712837673e+19 -2.24053032288448519e+21
4.69701841965398659e-02 3.45277107779593421e+19 -2.24148230000252630e+21
4.69997073272792470e-02 3.44615215049051873e+19 -2.24240545826819172e+21
4.70292304580186421e-02 3.43953054017215570e+19 -2.24329988054606073e+21
4.70587535887580233e-02 3.43290633155563151e+19 -2.24416565008727828e+21
4.70882767194974183e-02 3.42627960910945731e+19 -2.24500285052531324e+21
4.71177998502368134e-02 3.41965045705464873e+19 -2.24581156587159421e+21
4.71473229809761946e-02 3.41301895936368886e+19 -2.24659188051126098e+21
4.71768461117155896e-02 3.40638519975926211e+19 -2.24734387919876496e+21
4.72063692424549708e-02 3.39974926171338793e+19 -2.24806764705372858e+21
4.72358923731943658e-02 3.39311122872500716e+19 -2.24876298646275490e+21
4.72654155039337470e-02 3.38647118515093955e+19 -2.24942970312590649e+21
4.72949386346731421e-02 3.37982921536069386e+19 -2.25006788767009866e+21
4.73244617654125233e-02 3.37318540345594225e+19 -2.25067763107338466e+21
4.73539848961519183e-02 3.36653983326903091e+19 -2.25125902466012755e+21
4.73835080268912995e-02 3.35989258836225516e+19 -2.25181216009667058e+21
4.74130311576306945e-02 3.35324375202683044e+19 -2.25233712938681421e+21
4.74425542883700757e-02 3.34659340728183235e+19 -2.25283402486726525e+21
4.74720774191094708e-02 3.33994163687317176e+19 -2.25330293920311253e+21
4.75016005498488658e-02 3.33328852327277568e+19 -2.25374396538344204e+21
4.75311236805882470e-02 3.32663414867758899e+19 -2.25415719671683010e+21
4.75606468113276420e-02 3.31997859500851937e+19 -2.25454272682679966e+21
4.75901699420670232e-02 3.31332194390972744e+19 -2.25490064964750986e+21
4.76196930728064183e-02 3.30666427674747986e+19 -2.25523105941915330e+21
4.76492162035457995e-02 3.30000567460944159e+19 -2.25553405068364769e+21
4.76787393342851945e-02 3.29334621830371901e+19 -2.25580971828016447e+21
4.77082624650245757e-02 3.28668598864633446e+19 -2.25605786453139102e+21
4.77377855957639707e-02 3.28002506732069888e+19 -2.25627829521557330e+21
4.77673087265033519e-02 3.27336353600366961e+19 -2.25647111078872744e+21
4.77968318572427470e-02 3.26670147607506575e+19 -2.25663641198730700e+21
4.78263549879821281e-02 3.26003896861684531e+19 -2.25677429982354054e+21
4.78558781187215232e-02 3.25337609441236951e+19 -2.25688487558083903e+21
4.78854012494609182e-02 3.24671293394572206e+19 -2.25696824080924515e+21
4.79149243802002994e-02 3.24004956740058440e+19 -2.25702449732057616e+21
4.79444475109396945e-02 3.23338607465981460e+19 -2.25705374718405929e+21
4.79739706416790757e-02 3.22672253530446479e+19 -2.25705609272158244e+21
4.80034937724184707e-02 3.22005902861324739e+19 -2.25703163650326004e+21
4.80330169031578519e-02 3.21339563356155740e+19 -2.25698048134269633e+21
4.80625400338972469e-02 3.20673242882099118e+19 -2.25690273029259500e+21
4.80920631646366281e-02 3.20006949275855135e+19 -2.25679848664015936e+21
4.81215862953760232e-02 3.19340690343589765e+19 -2.25666785390252576e+21
4.81511094261154043e-02 3.18674473860883087e+19 -2.25651093582236877e+21
4.81806325568547994e-02 3.18008307602404024e+19 -2.25632753420494753e+21
4.82101556875941806e-02 3.17342199430627942e+19 -2.25611745444981611e+21
4.82396788183335756e-02 3.16676157205617910e+19 -2.25588080601474925e+21
4.82692019490729707e-02 3.16010188755102392e+19 -2.25561769856365258e+21
4.82987250798123519e-02 3.15344301874397061e+19 -2.25532824196170881e+21
4.83282482105517469e-02 3.14678504326348268e+19 -2.25501254627068373e+21
4.83577713412911281e-02 3.14012803841296015e+19 -2.25467072174438692e+21
4.83872944720305231e-02 3.13347208116984218e+19 -2.25430287882375083e+21
4.84168176027699043e-02 3.12681724818537472e+19 -2.25390912813240680e+21
4.84463407335092994e-02 3.12016361578385531e+19 -2.25348958047188366e+21
4.84758638642486805e-02 3.11351125996227133e+19 -2.25304434681710274e+21
4.85053869949880756e-02 3.10686025638963692e+19 -2.25257353831166404e+21
4.85349101257274568e-02 3.10021068040672625e+19 -2.25207726626342253e+21
4.85644332564668518e-02 3.09356260702530560e+19 -2.25155564213971714e+21
4.85939563872062469e-02 3.08691611092797972e+19 -2.25100877756304694e+21
4.86234795179456281e-02 3.08027126646747464e+19 -2.25043678430635098e+21
4.86530026486850231e-02 3.07362814797261087e+19 -2.24983946328821177e+21
4.86825257794244043e-02 3.06698683066138829e+19 -2.24921661915489527e+21
4.87120489101637993e-02 3.06034738971259822e+19 -2.24856836948037180e+21
4.87415720409031805e-02 3.05370989995757240e+19 -2.24789483196699954e+21
4.87710951716425756e-02 3.04707443588003103e+19 -2.24719612444095755e+21
4.88006183023819567e-02 3.04044107161563546e+19 -2.24647236484746943e+21
4.88301414331213518e-02 3.03380988095170806e+19 -2.24572367124616577e+21
4.88596645638607330e-02 3.02718093732686070e+19 -2.24495016180638679e+21
4.88891876946001280e-02 3.02055431383063183e+19 -2.24415195480250647e+21
4.89187108253395092e-02 3.01393008320320676e+19 -2.24332916860932692e+21
4.89482339560789043e-02 3.00730831783527711e+19 -2.24248192169759159e+21
4.89777570868182993e-02 3.00068908976744325e+19 -2.24161033262916619e+21
4.90072802175576805e-02 2.99407247069031588e+19 -2.24071452005275822e+21
4.90368033482970755e-02 2.98745853194403062e+19 -2.23979460269920695e+21
4.90663264790364567e-02 2.98084734451805594e+19 -2.23885069937700530e+21
4.90958496097758518e-02 2.97423897905099121e+19 -2.23788292896782837e+21
4.91253727405152329e-02 2.96763350614477537e+19 -2.23689109124021197e+21
4.91548958712546280e-02 2.96103099730172723e+19 -2.23587498981639743e+21
4.91844190019940092e-02 2.95443152397174825e+19 -2.23483474945027054e+21
4.92139421327334042e-02 2.94783515723635507e+19 -2.23377049494434637e+21
4.92434652634727854e-02 2.94124196780851978e+19 -2.23268235114507718e+21
4.92729883942121805e-02 2.93465202603252941e+19 -2.23157044293819381e+21
4.93025115249515616e-02 2.92806540188401992e+19 -2.23043489524419212e+21
4.93320346556909567e-02 2.92148216496967393e+19 -2.22927583301358138e+21
4.93615577864303517e-02 2.91490238452734525e+19 -2.22809338122247419e+21
4.93910809171697329e-02 2.90832612942578401e+19 -2.22688766486788335e+21
4.94206040479091280e-02 2.90175346816472637e+19 -2.22565880896331868e+21
4.94501271786485092e-02 2.89518446887481016e+19 -2.22440693853426182e+21
4.94796503093879042e-02 2.88861919931756667e+19 -2.22313217861371927e+21
4.95091734401272854e-02 2.88205772688538624e+19 -2.22183465423776933e+21
4.95386965708666804e-02 2.87550011860145193e+19 -2.22051449044110174e+21
4.95682197016060616e-02 2.86894644111989555e+19 -2.21917181225274520e+21
4.95977428323454567e-02 2.86239676104726815e+19 -2.21780641815565330e+21
4.96272659630848378e-02 2.85585114590155776e+19 -2.21641811060294156e+21
4.96567890938242329e-02 2.84930966313713254e+19 -2.21500702055009354e+21
4.96863122245636141e-02 2.84277237982178509e+19 -2.21357327891985806e+21
4.97158353553030091e-02 2.83623936263689994e+19 -2.21211701659775114e+21
4.97453584860424042e-02 2.82971067787736351e+19 -2.21063836442737299e+21
4.97748816167817854e-02 2.82318639145200148e+19 -2.20913745320615530e+21
4.98044047475211804e-02 2.81666656888347648e+19 -2.20761441368071025e+21
4.98339278782605616e-02 2.81015127530850673e+19 -2.20606937654244803e+21
4.98634510089999566e-02 2.80364057547811594e+19 -2.20450247242323775e+21
4.98929741397393378e-02 2.79713453375769477e+19 -2.20291383189094164e+21
4.99224972704787329e-02 2.79063321412727685e+19 -2.20130358544513709e+21
4.99520204012181140e-02 2.78413668018174566e+19 -2.19967186351280488e+21
4.99815435319575091e-02 2.77764499513103606e+19 -2.19801879644403296e+21
5.00110666626968903e-02 2.77115822180038656e+19 -2.19634451450778013e+21
5.00405897934362853e-02 2.76467642263046840e+19 -2.19464914788756488e+21
5.00701129241756804e-02 2.75819966000569672e+19 -2.19293249379462519e+21
5.00996360549150616e-02 2.75172799723172700e+19 -2.19119435351408902e+21
5.01291591856544566e-02 2.74526149754150748e+19 -2.18943486319048078e+21
5.01586823163938378e-02 2.73880022376625234e+19 -2.18765415885364344e+21
5.01882054471332328e-02 2.73234423833570918e+19 -2.18585237641431299e+21
5.02177285778726140e-02 2.72589360327849656e+19 -2.18402965165976741e+21
5.02472517086120091e-02 2.71944838022265160e+19 -2.18218612024967194e+21
5.02767748393513902e-02 2.71300863039587492e+19 -2.18032191771170413e+21
5.03062979700907853e-02 2.70657441462585057e+19 -2.17843717943726073e+21
5.03358211008301665e-02 2.70014579334086738e+19 -2.17653204067743171e+21
5.03653442315695615e-02 2.69372282657004544e+19 -2.17460663653868031e+21
5.03948673623089427e-02 2.68730557394382807e+19 -2.17266110197875973e+21
5.04243904930483378e-02 2.68089409469455974e+19 -2.17069557180272476e+21
5.04539136237877328e-02 2.67448844765675274e+19 -2.16871018065871372e+21
5.04834367545271140e-02 2.66808869126759424e+19 -2.16670506303394834e+21
5.05129598852665090e-02 2.66169488356754186e+19 -2.16468035325083333e+21
5.05424830160058902e-02 2.65530708253363036e+19 -2.16263584743224928e+21
5.05720061467452853e-02 2.64892534707234120e+19 -2.16057134586309614e+21
5.06015292774846664e-02 2.64254973601030513e+19 -2.15848698883800773e+21
5.06310524082240615e-02 2.63618030776017060e+19 -2.15638291645513020e+21
5.06605755389634427e-02 2.62981712032126935e+19 -2.15425926861206900e+21
5.06900986697028377e-02 2.62346023128023081e+19 -2.15211618500182331e+21
5.07196218004422189e-02 2.61710969781157356e+19 -2.14995380510872306e+21
5.07491449311816140e-02 2.61076557667834675e+19 -2.14777226820444173e+21
5.07786680619209951e-02 2.60442792423270728e+19 -2.14557171334397664e+21
5.08081911926603902e-02 2.59809679641662177e+19 -2.14335227936176420e+21
5.08377143233997852e-02 2.59177224876250440e+19 -2.14111410486776535e+21
5.08672374541391664e-02 2.58545433639382999e+19 -2.13885732824356304e+21
5.08967605848785615e-02 2.57914311402603520e+19 -2.13658208763871783e+21
5.09262837156179426e-02 2.57283863596684083e+19 -2.13428852096668061e+21
5.09558068463573377e-02 2.56654095611728568e+19 -2.13197676590131315e+21
5.09853299770967189e-02 2.56025012797225574e+19 -2.12964695987302538e+21
5.10148531078361139e-02 2.55396620495790817e+19 -2.12729889828827326e+21
5.10443762385754951e-02 2.54768924143559803e+19 -2.12493238078454943e+21
5.10738993693148902e-02 2.54141929168130990e+19 -2.12254755074873334e+21
5.11034225000542713e-02 2.53515640954793288e+19 -2.12014455129059099e+21
5.11329456307936664e-02 2.52890064846651679e+19 -2.11772352523932454e+21
5.11624687615330476e-02 2.52265206144660234e+19 -2.11528461513938253e+21
5.11919918922724426e-02 2.51641070107749949e+19 -2.11282796324708758e+21
5.12215150230118377e-02 2.51017661952890757e+19 -2.11035371152674888e+21
5.12510381537512189e-02 2.50394986855180452e+19 -2.10786200164702880e+21
5.12805612844906139e-02 2.49773049947939226e+19 -2.10535297497738746e+21
5.13100844152299951e-02 2.49151856322795438e+19 -2.10282677258448431e+21
5.13396075459693901e-02 2.48531411029767987e+19 -2.10028353522858013e+21
5.13691306767087713e-02 2.47911719077382431e+19 -2.09772340336025928e+21
5.13986538074481664e-02 2.47292785432725586e+19 -2.09514651711665629e+21
5.14281769381875475e-02 2.46674615021566812e+19 -2.09255301631828217e+21
5.14577000689269426e-02 2.46057212728443412e+19 -2.08994304046557430e+21
5.14872231996663238e-02 2.45440583430626468e+19 -2.08731638482554271e+21
5.15167463304057188e-02 2.44824732099159450e+19 -2.08467284894246031e+21
5.15462694611451139e-02 2.44209663696144015e+19 -2.08201257822607140e+21
5.15757925918844951e-02 2.43595383140806492e+19 -2.07933571773072435e+21
5.16053157226238901e-02 2.42981895309601382e+19 -2.07664241215190598e+21
5.16348388533632713e-02 2.42369205036311101e+19 -2.07393280582277844e+21
5.16643619841026663e-02 2.41757317112174182e+19 -2.07120704271099311e+21
5.16938851148420475e-02 2.41146236285969244e+19 -2.06846526641516236e+21
5.17234082455814426e-02 2.40535967264136888e+19 -2.06570762016168634e+21
5.17529313763208237e-02 2.39926514710889718e+19 -2.06293424680151338e+21
5.17824545070602188e-02 2.39317883248327270e+19 -2.06014528880697593e+21
5.18119776377996000e-02 2.38710077456524329e+19 -2.05734088826843300e+21
5.18415007685389950e-02 2.38103101873686692e+19 -2.05452118689152395e+21
5.18710238992783762e-02 2.37496960996229530e+19 -2.05168632599379208e+21
5.19005470300177713e-02 2.36891659278900920e+19 -2.04883644650172763e+21
5.19300701607571663e-02 2.36287201134912881e+19 -2.04597168894791280e+21
5.19595932914965475e-02 2.35683590969932595e+19 -2.04309184925558846e+21
5.19891164222359425e-02 2.35080833283246858e+19 -2.04019672764480199e+21
5.20186395529753237e-02 2.34478932564941251e+19 -2.03728647047451745e+21
5.20481626837147188e-02 2.33877893261953475e+19 -2.03436122367283089e+21
5.20776858144540999e-02 2.33277719778205942e+19 -2.03142113273398192e+21
5.21072089451934950e-02 2.32678416474724475e+19 -2.02846634271527771e+21
5.21367320759328762e-02 2.32079987669785805e+19 -2.02549699823430848e+21
5.21662552066722712e-02 2.31482437639026360e+19 -2.02251324346585737e+21
5.21957783374116524e-02 2.30885770615583457e+19 -2.01951522213913297e+21
5.22253014681510475e-02 2.30289990790232105e+19 -2.01650307753499925e+21
5.22548245988904286e-02 2.29695102311517635e+19 -2.01347695248320600e+21
5.22843477296298237e-02 2.29101109285863383e+19 -2.01043698935943450e+21
5.23138708603692187e-02 2.28508015777753907e+19 -2.00738333008304616e+21
5.23433939911085999e-02 2.27915825809822966e+19 -2.00431611611402732e+21
5.23729171218479950e-02 2.27324543363018670e+19 -2.00123548845065162e+21
5.24024402525873761e-02 2.26734172376722514e+19 -1.99814158762676899e+21
5.24319633833267712e-02 2.26144716782633984e+19 -1.99503421124656628e+21
5.24614865140661524e-02 2.25556180605390070e+19 -1.99191316119956016e+21
5.24910096448055474e-02 2.24968567860282491e+19 -1.98877858372264971e+21
5.25205327755449286e-02 2.24381882519506575e+19 -1.98563062455039977e+21
5.25500559062843237e-02 2.23796128512313098e+19 -1.98246942891249815e+21
5.25795790370237048e-02 2.23211309725136937e+19 -1.97929514153104114e+21
5.26091021677630999e-02 2.22627430001776108e+19 -1.97610790661831157e+21
5.26386252985024811e-02 2.22044493143520133e+19 -1.97290786787414245e+21
5.26681484292418761e-02 2.21462502909314662e+19 -1.96969516848364100e+21
5.26976715599812712e-02 2.20881463015900979e+19 -1.96646995111473132e+21
5.27271946907206523e-02 2.20301377137987912e+19 -1.96323235791602083e+21
5.27567178214600474e-02 2.19722248908380406e+19 -1.95998253051432324e+21
5.27862409521994286e-02 2.19144081918166835e+19 -1.95672061001273809e+21
5.28157640829388236e-02 2.18566879716836393e+19 -1.95344673698815174e+21
5.28452872136782048e-02 2.17990645812465869e+19 -1.95016105148938872e+21
5.28748103444175999e-02 2.17415383671855841e+19 -1.94686369303495600e+21
5.29043334751569810e-02 2.16841096754036859e+19 -1.94355446216837929e+21
5.29338566058963761e-02 2.16267788609719665e+19 -1.94023316367235613e+21
5.29633797366357573e-02 2.15695462780221030e+19 -1.93689994259981114e+21
5.29929028673751523e-02 2.15124122764115886e+19 -1.93355494343462119e+21
5.30224259981145474e-02 2.14553772017408819e+19 -1.93019831008957170e+21
5.30519491288539286e-02 2.13984413953698365e+19 -1.92683018590429014e+21
5.30814722595933236e-02 2.13416051944352604e+19 -1.92345071364332034e+21
5.31109953903327048e-02 2.12848689318679224e+19 -1.92006003549419078e+21
5.31405185210720998e-02 2.12282329364085555e+19 -1.91665829306543086e+21
5.31700416518114810e-02 2.11716975326261821e+19 -1.91324562738483954e+21
5.31995647825508761e-02 2.11152630409348424e+19 -1.90982217889764685e+21
5.32290879132902572e-02 2.10589297776103670e+19 -1.90638808746472532e+21
5.32586110440296523e-02 2.10026980548091453e+19 -1.90294349236101500e+21
5.32881341747690335e-02 2.09465681805833585e+19 -1.89948853227367616e+21
5.33176573055084285e-02 2.08905404588995625e+19 -1.89602334530057824e+21
5.33471804362478097e-02 2.08346151896566825e+19 -1.89254806894878130e+21
5.33767035669872048e-02 2.07787926719712502e+19 -1.88906250819369225e+21
5.34062266977265998e-02 2.07230732139355996e+19 -1.88556647216514728e+21
5.34357498284659810e-02 2.06674571227020001e+19 -1.88206010368596797e+21
5.34652729592053760e-02 2.06119447012169155e+19 -1.87854354494913826e+21
5.34947960899447572e-02 2.05565362482372567e+19 -1.87501693751604806e+21
5.35243192206841523e-02 2.05012320583499448e+19 -1.87148042231508265e+21
5.35538423514235334e-02 2.04460324219907564e+19 -1.86793413964018588e+21
5.35833654821629285e-02 2.03909376254629437e+19 -1.86437822914944880e+21
5.36128886129023097e-02 2.03359479509564457e+19 -1.86081282986379208e+21
5.36424117436417047e-02 2.02810636765654262e+19 -1.85723808016553974e+21
5.36719348743810859e-02 2.02262850763088732e+19 -1.85365411779731128e+21
5.37014580051204810e-02 2.01716124201474908e+19 -1.85006107986061925e+21
5.37309811358598621e-02 2.01170459740055183e+19 -1.84645910281495747e+21
5.37605042665992572e-02 2.00625859997864018e+19 -1.84284832247636820e+21
5.37900273973386522e-02 2.00082327553939497e+19 -1.83922887401655317e+21
5.38195505280780334e-02 1.99539864947510927e+19 -1.83560089196180301e+21
5.38490736588174285e-02 1.98998474709975491e+19 -1.83196418743933259e+21
5.38785967895568096e-02 1.98458159459768033e+19 -1.82831857560340949e+21
5.39081199202962047e-02 1.97918921805994803e+19 -1.82466419602373031e+21
5.39376430510355859e-02 1.97380764316640788e+19 -1.82100118758551847e+21
5.39671661817749809e-02 1.96843689518808515e+19 -1.81732968848887434e+21
5.39966893125143621e-02 1.96307699898879754e+19 -1.81364983624746323e+21
5.40262124432537572e-02 1.95772797902756127e+19 -1.80996176768796774e+21
5.40557355739931383e-02 1.95238985936035512e+19 -1.80626561894899830e+21
5.40852587047325334e-02 1.94706266364230615e+19 -1.80256152548042945e+21
5.41147818354719146e-02 1.94174641512965530e+19 -1.79884962204257983e+21
5.41443049662113096e-02 1.93644113668179313e+19 -1.79513004270549546e+21
5.41738280969507047e-02 1.93114685076325827e+19 -1.79140292084824565e+21
5.42033512276900858e-02 1.92586357944597094e+19 -1.78766838915847317e+21
5.42328743584294809e-02 1.92059134441102828e+19 -1.78392657963158366e+21
5.42623974891688621e-02 1.91533016695089766e+19 -1.78017762357034457e+21
5.42919206199082571e-02 1.91008006797140992e+19 -1.77642165158433862e+21
5.43214437506476383e-02 1.90484106829988045e+19 -1.77265848288584086e+21
5.43509668813870334e-02 1.89961318959850865e+19 -1.76888794054148542e+21
5.43804900121264145e-02 1.89439645343672730e+19 -1.76511015987420253e+21
5.44100131428658096e-02 1.88919088098541117e+19 -1.76132527547555827e+21
5.44395362736051908e-02 1.88399649301930680e+19 -1.75753342120558985e+21
5.44690594043445858e-02 1.87881330991885640e+19 -1.75373473019211914e+21
5.44985825350839809e-02 1.87364135167270871e+19 -1.74992933483074971e+21
5.45281056658233620e-02 1.86848063787965481e+19 -1.74611736678437382e+21
5.45576287965627571e-02 1.86333118775086899e+19 -1.74229895698300115e+21
5.45871519273021383e-02 1.85819302011204977e+19 -1.73847423562354367e+21
5.46166750580415333e-02 1.85306615340562186e+19 -1.73464333216969445e+21
5.46461981887809145e-02 1.84795060569278218e+19 -1.73080637535170567e+21
5.46757213195203096e-02 1.84284639465592996e+19 -1.72696349316656608e+21
5.47052444502596907e-02 1.83775353760052900e+19 -1.72311481287769142e+21
5.47347675809990858e-02 1.83267205145741660e+19 -1.71926046101506988e+21
5.47642907117384670e-02 1.82760195278500925e+19 -1.71540056337535494e+21
5.47938138424778620e-02 1.82254325806256804e+19 -1.71153494938017805e+21
5.48233369732172432e-02 1.81749598455963259e+19 -1.70766345208497124e+21
5.48528601039566382e-02 1.81246014945330115e+19 -1.70378620160947913e+21
5.48823832346960333e-02 1.80743576953762877e+19 -1.69990332730341405e+21
5.49119063654354145e-02 1.80242286122593874e+19 -1.69601495774664773e+21
5.49414294961748095e-02 1.79742144055303148e+19 -1.69212122074934673e+21
5.49709526269141907e-02 1.79243152317758423e+19 -1.68822224335233168e+21
5.50004757576535858e-02 1.78745312438430740e+19 -1.68431815182724969e+21
5.50299988883929669e-02 1.78248625908625244e+19 -1.68040907167693170e+21
5.50595220191323620e-02 1.77753094182710743e+19 -1.67649512763578122e+21
5.50890451498717432e-02 1.77258718678340076e+19 -1.67257644367011512e+21
5.51185682806111382e-02 1.76765500776680755e+19 -1.66865314297864703e+21
5.51480914113505194e-02 1.76273441822645125e+19 -1.66472534799300349e+21
5.51776145420899145e-02 1.75782543125111849e+19 -1.66079318037820106e+21
5.52071376728292956e-02 1.75292805957149573e+19 -1.65685676103318294e+21
5.52366608035686907e-02 1.74804231556251812e+19 -1.65291621009150234e+21
5.52661839343080857e-02 1.74316821151886172e+19 -1.64897136946843039e+21
5.52957070650474669e-02 1.73830576047098962e+19 -1.64502208444289751e+21
5.53252301957868620e-02 1.73345497535692083e+19 -1.64106847901992170e+21
5.53547533265262431e-02 1.72861586874974126e+19 -1.63711067640460817e+21
5.53842764572656382e-02 1.72378845286005043e+19 -1.63314879900294867e+21
5.54137995880050194e-02 1.71897273953811067e+19 -1.62918296842237667e+21
5.54433227187444144e-02 1.71416874027643699e+19 -1.62521330547278479e+21
5.54728458494837956e-02 1.70937646621205176e+19 -1.62123993016726533e+21
5.55023689802231907e-02 1.70459592812880036e+19 -1.61726296172294780e+21
5.55318921109625718e-02 1.69982713645972296e+19 -1.61328251856193166e+21
5.55614152417019669e-02 1.69507010128948572e+19 -1.60929871831231601e+21
5.55909383724413481e-02 1.69032483235655475e+19 -1.60531167780902561e+21
5.56204615031807431e-02 1.68559133905571615e+19 -1.60132151309500049e+21
5.56499846339201382e-02 1.68086963044026860e+19 -1.59732833942212130e+21
5.56795077646595193e-02 1.67615971522446602e+19 -1.59333227125240470e+21
5.57090308953989144e-02 1.67146160178578678e+19 -1.58933342225907502e+21
5.57385540261382956e-02 1.66677529841944904e+19 -1.58533164925413202e+21
5.57680771568776906e-02 1.66210081409196052e+19 -1.58132681209340048e+21
5.57976002876170718e-02 1.65743815767668511e+19 -1.57731902780878199e+21
5.58271234183564669e-02 1.65278733770269553e+19 -1.57330841261185434e+21
5.58566465490958480e-02 1.64814836235722793e+19 -1.56929508189516150e+21
5.58861696798352431e-02 1.64352123948796887e+19 -1.56527915023338019e+21
5.59156928105746243e-02 1.63890597660564357e+19 -1.56126073138481961e+21
5.59452159413140193e-02 1.63430258088626094e+19 -1.55723993829262623e+21
5.59747390720534144e-02 1.62971105917361091e+19 -1.55321688308627407e+21
5.60042622027927955e-02 1.62513141798165320e+19 -1.54919167708298582e+21
5.60337853335321906e-02 1.62056366349688975e+19 -1.54516443078917856e+21
5.60633084642715718e-02 1.61600780158072177e+19 -1.54113525390193249e+21
5.60928315950109668e-02 1.61146383777197588e+19 -1.53710425531065696e+21
5.61223547257503480e-02 1.60693177728914657e+19 -1.53307154309852457e+21
5.61518778564897431e-02 1.60241162503282156e+19 -1.52903722454411615e+21
5.61814009872291242e-02 1.59790338558804316e+19 -1.52500140612303978e+21
5.62109241179685193e-02 1.59340706345470894e+19 -1.52096396201549863e+21
5.62404472487079005e-02 1.58892266372894638e+19 -1.51692476907663104e+21
5.62699703794472955e-02 1.58445019141233111e+19 -1.51288393656896035e+21
5.62994935101866767e-02 1.57998965118513357e+19 -1.50884157292421736e+21
5.63290166409260717e-02 1.57554104740873503e+19 -1.50479778574506970e+21
5.63585397716654668e-02 1.57110438412797174e+19 -1.50075268180682211e+21
5.63880629024048480e-02 1.56667966507376599e+19 -1.49670636705942628e+21
5.64175860331442430e-02 1.56226689366541414e+19 -1.49265894662920077e+21
5.64471091638836242e-02 1.55786607301305999e+19 -1.48861052482076226e+21
5.64766322946230193e-02 1.55347720592014008e+19 -1.48456120511896774e+21
5.65061554253624004e-02 1.54910029488576819e+19 -1.48051109019083316e+21
5.65356785561017955e-02 1.54473534210710241e+19 -1.47646028188746934e+21
5.65652016868411767e-02 1.54038234948190577e+19 -1.47240888124624051e+21
5.65947248175805717e-02 1.53604131861079060e+19 -1.46835698849265117e+21
5.66242479483199529e-02 1.53171225079966863e+19 -1.46430470304246530e+21
5.66537710790593479e-02 1.52739514706214851e+19 -1.46025212350381031e+21
5.66832942097987291e-02 1.52309000832260403e+19 -1.45619914390415632e+21
5.67128173405381242e-02 1.51879683601626849e+19 -1.45214566053070714e+21
5.67423404712775192e-02 1.51451563148146811e+19 -1.44809177415202295e+21
5.67718636020169004e-02 1.51024639576029962e+19 -1.44403758470564335e+21
5.68013867327562955e-02 1.50598912960099328e+19 -1.43998319130023009e+21
5.68309098634956766e-02 1.50174383346041180e+19 -1.43592869221787055e+21
5.68604329942350717e-02 1.49751050750649651e+19 -1.43187418491636836e+21
5.68899561249744529e-02 1.49328915162064527e+19 -1.42781976603149756e+21
5.69194792557138479e-02 1.48907976540019876e+19 -1.42376553137939651e+21
5.69490023864532291e-02 1.48488234816079401e+19 -1.41971157595886584e+21
5.69785255171926242e-02 1.48069689893884785e+19 -1.41565799395382290e+21
5.70080486479320053e-02 1.47652341649385288e+19 -1.41160487873560786e+21
5.70375717786714004e-02 1.47236189931090063e+19 -1.40755232286554010e+21
5.70670949094107816e-02 1.46821234560297288e+19 -1.40350041809728124e+21
5.70966180401501766e-02 1.46407475331336643e+19 -1.39944925537935950e+21
5.71261411708895717e-02 1.45994912011804406e+19 -1.39539892485764966e+21
5.71556643016289528e-02 1.45583544359847588e+19 -1.39134934282403814e+21
5.71851874323683479e-02 1.45173372175155835e+19 -1.38730042737282358e+21
5.72147105631077291e-02 1.44764395247385580e+19 -1.38325227013581754e+21
5.72442336938471241e-02 1.44356613339263959e+19 -1.37920496192401834e+21
5.72737568245865053e-02 1.43950026186828698e+19 -1.37515859273021994e+21
5.73032799553259004e-02 1.43544633499665183e+19 -1.37111325173162312e+21
5.73328030860652815e-02 1.43140434961157100e+19 -1.36706902729260741e+21
5.73623262168046766e-02 1.42737430228714803e+19 -1.36302600696731691e+21
5.73918493475440578e-02 1.42335618934022164e+19 -1.35898427750245440e+21
5.74213724782834528e-02 1.41935000683271598e+19 -1.35494392483998938e+21
5.74508956090228479e-02 1.41535575057398231e+19 -1.35090503411988562e+21
5.74804187397622290e-02 1.41137341612321178e+19 -1.34686768968292604e+21
5.75099418705016241e-02 1.40740299879179244e+19 -1.34283197507351033e+21
5.75394650012410053e-02 1.40344449364560466e+19 -1.33879797304242025e+21
5.75689881319804003e-02 1.39949789550741033e+19 -1.33476576554970356e+21
5.75985112627197815e-02 1.39556319895912407e+19 -1.33073543376746788e+21
5.76280343934591766e-02 1.39164039848171971e+19 -1.32670691852956231e+21
5.76575575241985577e-02 1.38772948886665175e+19 -1.32268016197881509e+21
5.76870806549379528e-02 1.38383046480061440e+19 -1.31865524605995005e+21
5.77166037856773340e-02 1.37994332072946872e+19 -1.31463225191745192e+21
5.77461269164167290e-02 1.37606805086077768e+19 -1.31061125989869866e+21
5.77756500471561102e-02 1.37220464916595876e+19 -1.30659234955675383e+21
5.78051731778955052e-02 1.36835310938283090e+19 -1.30257559965355894e+21
5.78346963086349003e-02 1.36451342501779784e+19 -1.29856108816280637e+21
5.78642194393742815e-02 1.36068558934824038e+19 -1.29454889227303544e+21
5.78937425701136765e-02 1.35686959542477107e+19 -1.29053908839061887e+21
5.79232657008530577e-02 1.35306543607364526e+19 -1.28653175214292546e+21
5.79527888315924528e-02 1.34927310389889229e+19 -1.28252695838123832e+21
5.79823119623318339e-02 1.34549259128481444e+19 -1.27852478118404476e+21
5.80118350930712290e-02 1.34172389039807140e+19 -1.27452529385995685e+21
5.80413582238106102e-02 1.33796699319002542e+19 -1.27052856895090065e+21
5.80708813545500052e-02 1.33422189139904778e+19 -1.26653467823529001e+21
5.81004044852893864e-02 1.33048857665470689e+19 -1.26254358914291361e+21
5.81299276160287814e-02 1.32676704078392136e+19 -1.25855526989126723e+21
5.81594507467681626e-02 1.32305727550305198e+19 -1.25456979229060786e+21
5.81889738775075577e-02 1.31935927231760855e+19 -1.25058722738197810e+21
5.82184970082469527e-02 1.31567302252448748e+19 -1.24660764544039571e+21
5.82480201389863339e-02 1.31199851721420104e+19 -1.24263111597805771e+21
5.82775432697257290e-02 1.30833574727326392e+19 -1.23865770774771374e+21
5.83070664004651101e-02 1.30468470338621706e+19 -1.23468748874571501e+21
5.83365895312045052e-02 1.30104537603801334e+19 -1.23072052621542687e+21
5.83661126619438864e-02 1.29741775551622717e+19 -1.22675688665049412e+21
5.83956357926832814e-02 1.29380183191316050e+19 -1.22279663579802527e+21
5.84251589234226626e-02 1.29019759512810783e+19 -1.21883983866194978e+21
5.84546820541620576e-02 1.28660503486961725e+19 -1.21488655950638586e+21
5.84842051849014388e-02 1.28302414065754296e+19 -1.21093686185883232e+21
5.85137283156408339e-02 1.27945490182526874e+19 -1.20699080851353738e+21
5.85432514463802289e-02 1.27589730752187802e+19 -1.20304846153483551e+21
5.85727745771196101e-02 1.27235134677887078e+19 -1.19910981669203398e+21
5.86022977078590052e-02 1.26881700870466376e+19 -1.19517487000231582e+21
5.86318208385983863e-02 1.26529428229040292e+19 -1.19124368280792937e+21
5.86613439693377814e-02 1.26178315634725356e+19 -1.18731631572266936e+21
5.86908671000771626e-02 1.25828361950845665e+19 -1.18339282863517650e+21
5.87203902308165576e-02 1.25479566023150060e+19 -1.17947328071236662e+21
5.87499133615559388e-02 1.25131926680032707e+19 -1.17555773040290169e+21
5.87794364922953338e-02 1.24785442732732150e+19 -1.17164623544047921e+21
5.88089596230347150e-02 1.24440112975547269e+19 -1.16773885284729068e+21
5.88384827537741101e-02 1.24095936186046812e+19 -1.16383563893743800e+21
5.88680058845134913e-02 1.23752911125280604e+19 -1.15993664932037735e+21
5.88975290152528863e-02 1.23411036537980006e+19 -1.15604193890427758e+21
5.89270521459922814e-02 1.23070311152775004e+19 -1.15215156189954730e+21
5.89565752767316625e-02 1.22730733682387436e+19 -1.14826557182215179e+21
5.89860984074710576e-02 1.22392302823846011e+19 -1.14438402149714769e+21
5.90156215382104388e-02 1.22055017258681876e+19 -1.14050696306204672e+21
5.90451446689498338e-02 1.21718875655698145e+19 -1.13663442197095829e+21
5.90746677996892150e-02 1.21383876678795694e+19 -1.13276642337886634e+21
5.91041909304286101e-02 1.21050018979388744e+19 -1.12890301794998839e+21
5.91337140611679912e-02 1.20717301194037535e+19 -1.12504425566997394e+21
5.91632371919073863e-02 1.20385721944645571e+19 -1.12119018584934095e+21
5.91927603226467675e-02 1.20055279838651638e+19 -1.11734085712687635e+21
5.92222834533861625e-02 1.19725973469241180e+19 -1.11349631747322557e+21
5.92518065841255437e-02 1.19397801415528632e+19 -1.10965661419422364e+21
5.92813297148649387e-02 1.19070762242764247e+19 -1.10582179393446386e+21
5.93108528456043338e-02 1.18744854502524436e+19 -1.10199190268072126e+21
5.93403759763437150e-02 1.18420076732903956e+19 -1.09816698576540598e+21
5.93698991070831100e-02 1.18096427458709279e+19 -1.09434708787003274e+21
5.93994222378224912e-02 1.17773905191655363e+19 -1.09053225302873473e+21
5.94289453685618863e-02 1.17452508430547067e+19 -1.08672252463164018e+21
5.94584684993012674e-02 1.17132235661476188e+19 -1.08291794542840447e+21
5.94879916300406625e-02 1.16813085358007706e+19 -1.07911855753164843e+21
5.95175147607800437e-02 1.16495055979936788e+19 -1.07532441694388735e+21
5.95470378915194387e-02 1.16178145969213174e+19 -1.07153557882687442e+21
5.95765610222588199e-02 1.15862353754476564e+19 -1.06775208308903025e+21
5.96060841529982149e-02 1.15547677752672932e+19 -1.06397396901831534e+21
5.96356072837375961e-02 1.15234116369244426e+19 -1.06020127528573796e+21
5.96651304144769912e-02 1.14921667998302024e+19 -1.05643403994870933e+21
5.96946535452163862e-02 1.14610331022814413e+19 -1.05267230045455437e+21
5.97241766759557674e-02 1.14300103814784328e+19 -1.04891609364391173e+21
5.97536998066951625e-02 1.13990984735426232e+19 -1.04516545575415251e+21
5.97832229374345436e-02 1.13682972135345705e+19 -1.04142042242281924e+21
5.98127460681739387e-02 1.13376064354712637e+19 -1.03768102869101288e+21
5.98422691989133199e-02 1.13070259723441787e+19 -1.03394730900685206e+21
5.98717923296527149e-02 1.12765556561363231e+19 -1.03021929722884338e+21
5.99013154603920961e-02 1.12461953178400788e+19 -1.02649702662933027e+21
5.99308385911314911e-02 1.12159447874737336e+19 -1.02278052989782288e+21
5.99603617218708723e-02 1.11858038940992799e+19 -1.01906983914445131e+21
5.99898848526102674e-02 1.11557724652941169e+19 -1.01536504122644195e+21
6.00194079833496624e-02 1.11258503255454495e+19 -1.01166622163738598e+21
6.00489311140890436e-02 1.10960372979214049e+19 -1.00797340959104054e+21
6.00784542448284387e-02 1.10663332046363750e+19 -1.00428663374611481e+21
6.01079773755678198e-02 1.10367378670664212e+19 -1.00060592220951046e+21
6.01375005063072149e-02 1.10072511057659023e+19 -9.96931302539675173e+20
6.01670236370465961e-02 1.09778727404838584e+19 -9.93262801749935260e+20
6.01965467677859911e-02 1.09486025901797356e+19 -9.89600446311769833e+20
6.02260698985253723e-02 1.09194404730393477e+19 -9.85944262158107279e+20
6.02555930292647673e-02 1.08903862064908636e+19 -9.82294274686625382e+20
6.02851161600041485e-02 1.08614396072205005e+19 -9.78650508763024458e+20
6.03146392907435436e-02 1.08326004911878636e+19 -9.75012988724270072e+20
6.03441624214829248e-02 1.08038686736425165e+19 -9.71381738381945733e+20
6.03736855522223198e-02 1.07752439691379732e+19 -9.67756781025373585e+20
6.04032086829617149e-02 1.07467261915483791e+19 -9.64138139424977715e+20
6.04327318137010960e-02 1.07183151540829450e+19 -9.60525835835443249e+20
6.04622549444404911e-02 1.06900106683595571e+19 -9.56919987656395194e+20
6.04917780751798723e-02 1.06618125416123884e+19 -9.53320710433133167e+20
6.05213012059192673e-02 1.06337205795687158e+19 -9.49728022889267593e+20
6.05508243366586485e-02 1.06057345874101780e+19 -9.46141943264491864e+20
6.05803474673980435e-02 1.05778543697870336e+19 -9.42562489317702107e+20
6.06098705981374247e-02 1.05500797308320010e+19 -9.38989678330077250e+20
6.06393937288768198e-02 1.05224104741752115e+19 -9.35423527108255678e+20
6.06689168596162010e-02 1.04948464029569864e+19 -9.31864051987315818e+20
6.06984399903555960e-02 1.04673873198427525e+19 -9.28311268833943880e+20
6.07279631210949772e-02 1.04400330270360822e+19 -9.24765193049431343e+20
6.07574862518343722e-02 1.04127833262929080e+19 -9.21225839572775207e+20
6.07870093825737673e-02 1.03856380189345321e+19 -9.17693222883666690e+20
6.08165325133131485e-02 1.03585969058618860e+19 -9.14167357005587153e+20
6.08460556440525435e-02 1.03316597875686502e+19 -9.10648255508799816e+20
6.08755787747919247e-02 1.03048264641541612e+19 -9.07135931513319719e+20
6.09051019055313198e-02 1.02780967353372324e+19 -9.03630397691958264e+20
6.09346250362707009e-02 1.02514703991419433e+19 -9.00131801009243030e+20
6.09641481670100960e-02 1.02249472479569654e+19 -8.96640286130358452e+20
6.09936712977494772e-02 1.01985270725776159e+19 -8.93155861637493424e+20
6.10231944284888722e-02 1.01722096635520102e+19 -8.89678535704472584e+20
6.10527175592282534e-02 1.01459948111926538e+19 -8.86208316099545268e+20
6.10822406899676484e-02 1.01198823055886643e+19 -8.82745210188223611e+20
6.11117638207070296e-02 1.00938719366178304e+19 -8.79289224936101249e+20
6.11412869514464247e-02 1.00679634939581624e+19 -8.75840366911621431e+20
6.11708100821858197e-02 1.00421567670992241e+19 -8.72398642288820093e+20
6.12003332129252009e-02 1.00164515453547295e+19 -8.68964056850174181e+20
6.12298563436645960e-02 9.99084761787263795e+18 -8.65536615989224276e+20
6.12593794744039771e-02 9.96534477364795802e+18 -8.62116324713427763e+20
6.12889026051433722e-02 9.93994280153344614e+18 -8.58703187646822613e+20
6.13184257358827534e-02 9.91464149025076634e+18 -8.55297209032723661e+20
6.13479488666221484e-02 9.88944062840202854e+18 -8.51898392736446808e+20
6.13774719973615296e-02 9.86434000448077824e+18 -8.48506742247976731e+20
6.14069951281009246e-02 9.83933940519121101e+18 -8.45122432440850448e+20
6.14365182588403058e-02 9.81443861041870848e+18 -8.41745635501897679e+20
6.14660413895797009e-02 9.78963739837473997e+18 -8.38376350362040795e+20
6.14955645203190959e-02 9.76493554730728653e+18 -8.35014575622107300e+20
6.15250876510584771e-02 9.74033283551075533e+18 -8.31660309555306824e+20
6.15546107817978722e-02 9.71582904133471642e+18 -8.28313550109598024e+20
6.15841339125372533e-02 9.69142394319472026e+18 -8.24974294910227579e+20
6.16136570432766484e-02 9.66711731958101606e+18 -8.21642541262080573e+20
6.16431801740160296e-02 9.64290894906771661e+18 -8.18318286152060633e+20
6.16727033047554246e-02 9.61879861032309760e+18 -8.15001526251558535e+20
6.17022264354948058e-02 9.59478608211826483e+18 -8.11692257918774673e+20
6.17317495662342008e-02 9.57087114333575987e+18 -8.08390477201026056e+20
6.17612726969735820e-02 9.54705357298026086e+18 -8.05096179837224223e+20
6.17907958277129771e-02 9.52333315018636083e+18 -8.01809361260095603e+20
6.18203189584523582e-02 9.49970965422798848e+18 -7.98530016598532817e+20
6.18498420891917533e-02 9.47618286452726784e+18 -7.95258140679890010e+20
6.18793652199311484e-02 9.45275255863586406e+18 -7.91993933928033550e+20
6.19088883506705295e-02 9.42941850619946189e+18 -7.88737593761103348e+20
6.19384114814099246e-02 9.40618047512032256e+18 -7.85489110083820978e+20
6.19679346121493058e-02 9.38303823360245965e+18 -7.82248472550108037e+20
6.19974577428887008e-02 9.35999155015881114e+18 -7.79015670565099536e+20
6.20269808736280820e-02 9.33704019361882317e+18 -7.75790693287185220e+20
6.20565040043674770e-02 9.31418393313583923e+18 -7.72573529630021779e+20
6.20860271351068582e-02 9.29142253819395891e+18 -7.69364168264494088e+20
6.21155502658462533e-02 9.26875577861524685e+18 -7.66162597620694909e+20
6.21450733965856345e-02 9.24618342456687821e+18 -7.62968805889889927e+20
6.21745965273250295e-02 9.22370524656835789e+18 -7.59782781026479243e+20
6.22041196580644107e-02 9.20132101549795840e+18 -7.56604510749884023e+20
6.22336427888038057e-02 9.17903050260042035e+18 -7.53433982546528436e+20
6.22631659195432008e-02 9.15683347949281178e+18 -7.50271183671659856e+20
6.22926890502825820e-02 9.13472971817225114e+18 -7.47116101151311528e+20
6.23222121810219770e-02 9.11271899102211584e+18 -7.43968721784132600e+20
6.23517353117613582e-02 9.09080106848973414e+18 -7.40829268620086739e+20
6.23812584425007532e-02 9.06897571215079936e+18 -7.37697961459923943e+20
6.24107815732401344e-02 9.04724268178053939e+18 -7.34574781928957280e+20
6.24403047039795295e-02 9.02560173769946112e+18 -7.31459711480328749e+20
6.24698278347189107e-02 9.00405264077770854e+18 -7.28352731396512678e+20
6.24993509654583057e-02 8.98259515244071424e+18 -7.25253822790911394e+20
6.25288740961976869e-02 8.96122903467436646e+18 -7.22162966609403052e+20
6.25583972269370819e-02 8.93995405002884096e+18 -7.19080143631770976e+20
6.25879203576764631e-02 8.91876996162482483e+18 -7.16005334473316631e+20
6.26174434884158582e-02 8.89767653315733094e+18 -7.12938519586268381e+20
6.26469666191552532e-02 8.87667352890112614e+18 -7.09879679261309010e+20
6.26764897498946344e-02 8.85576071371471872e+18 -7.06828793628979626e+20
6.27060128806340294e-02 8.83493785304620237e+18 -7.03785842661219631e+20
6.27355360113734106e-02 8.81420471293709722e+18 -7.00750806172738650e+20
6.27650591421128057e-02 8.79356106002684621e+18 -6.97723663822428963e+20
6.27945822728521869e-02 8.77300666155814400e+18 -6.94704395114835476e+20
6.28241054035915819e-02 8.75254128279521690e+18 -6.91693241926267568e+20
6.28536285343309631e-02 8.73216467932031795e+18 -6.88690442724611195e+20
6.28831516650703581e-02 8.71187660487808717e+18 -6.85695971714145190e+20
6.29126747958097393e-02 8.69167681397615514e+18 -6.82709803003142472e+20
6.29421979265491344e-02 8.67156506188827238e+18 -6.79731910604952044e+20
6.29717210572885294e-02 8.65154110465622835e+18 -6.76762268438978101e+20
6.30012441880279106e-02 8.63160469909365862e+18 -6.73800850331795980e+20
6.30307673187673057e-02 8.61175560278803558e+18 -6.70847630018118287e+20
6.30602904495066868e-02 8.59199357410372710e+18 -6.67902581141832991e+20
6.30898135802460819e-02 8.57231837218436506e+18 -6.64965677256980169e+20
6.31193367109854631e-02 8.55272975695590502e+18 -6.62036891828770701e+20
6.31488598417248581e-02 8.53322748912868659e+18 -6.59116198234521076e+20
6.31783829724642393e-02 8.51381133020074701e+18 -6.56203569764672471e+20
6.32079061032036343e-02 8.49448104245951898e+18 -6.53298979623677723e+20
6.32374292339430155e-02 8.47523638898502246e+18 -6.50402400930992357e+20
6.32669523646824106e-02 8.45607713365205914e+18 -6.47513806721981612e+20
6.32964754954217917e-02 8.43700303833068749e+18 -6.44633454455577248e+20
6.33259986261611868e-02 8.41801385453373542e+18 -6.41761598096482894e+20
6.33555217569005819e-02 8.39910933191164518e+18 -6.38898205358062043e+20
6.33850448876399630e-02 8.38028922106889114e+18 -6.36043243930054164e+20
6.34145680183793581e-02 8.36155327356407194e+18 -6.33196681479076708e+20
6.34440911491187393e-02 8.34290124191052390e+18 -6.30358485649158832e+20
6.34736142798581343e-02 8.32433287957739622e+18 -6.27528624062302257e+20
6.35031374105975155e-02 8.30584794098988237e+18 -6.24707064318968726e+20
6.35326605413369105e-02 8.28744618153019597e+18 -6.21893773998617657e+20
6.35621836720762917e-02 8.26912735753783706e+18 -6.19088720660180894e+20
6.35917068028156868e-02 8.25089122631053926e+18 -6.16291871842579775e+20
6.36212299335550679e-02 8.23273754610438554e+18 -6.13503195065174196e+20
6.36507530642944630e-02 8.21466607613502362e+18 -6.10722657828282958e+20
6.36802761950338442e-02 8.19667657657763430e+18 -6.07950227613605167e+20
6.37097993257732392e-02 8.17876880856788685e+18 -6.05185871884705858e+20
6.37393224565126343e-02 8.16094253420211098e+18 -6.02429558087435158e+20
6.37688455872520155e-02 8.14319751360115200e+18 -5.99681551870375363e+20
6.37983687179914105e-02 8.12553349615094886e+18 -5.96942115418611122e+20
6.38278918487307917e-02 8.10795022940225638e+18 -5.94211211001840271e+20
6.38574149794701867e-02 8.09044746201928602e+18 -5.91488800932611752e+20
6.38869381102095679e-02 8.07302494377798144e+18 -5.88774847566340489e+20
6.39164612409489630e-02 8.05568242556498125e+18 -5.86069313301366112e+20
6.39459843716883442e-02 8.03841965937686528e+18 -5.83372160579026551e+20
6.39755075024277392e-02 8.02123639831808717e+18 -5.80683351883628675e+20
6.40050306331671204e-02 8.00413239660004454e+18 -5.78002849742497907e+20
6.40345537639065154e-02 7.98710740953992499e+18 -5.75330616726002860e+20
6.40640768946458966e-02 7.97016119355932160e+18 -5.72666615447558881e+20
6.40936000253852917e-02 7.95329350618267546e+18 -5.70010808563612189e+20
6.41231231561246867e-02 7.93650410603674624e+18 -5.67363158773693022e+20
6.41526462868640679e-02 7.91979275284859904e+18 -5.64723628820354826e+20
6.41821694176034629e-02 7.90315920744479232e+18 -5.62092181489194369e+20
6.42116925483428441e-02 7.88660323174965146e+18 -5.59468779608800035e+20
6.42412156790822392e-02 7.87012458566335898e+18 -5.56853702982673105e+20
6.42707388098216204e-02 7.85372301774936883e+18 -5.54247227938391654e+20
6.43002619405610154e-02 7.83739827468617011e+18 -5.51649312201461137e+20
6.43297850713003966e-02 7.82115010439906406e+18 -5.49059913601826226e+20
6.43593082020397916e-02 7.80497825605664051e+18 -5.46478990073402556e+20
6.43888313327791728e-02 7.78888248006799258e+18 -5.43906499653657428e+20
6.44183544635185679e-02 7.77286252807939072e+18 -5.41342400483149283e+20
6.44478775942579629e-02 7.75691815297185178e+18 -5.38786650805124923e+20
6.44774007249973441e-02 7.74104910885695693e+18 -5.36239208964993647e+20
6.45069238557367391e-02 7.72525515107521638e+18 -5.33700033409972568e+20
6.45364469864761203e-02 7.70953603619214131e+18 -5.31169082688571245e+20
6.45659701172155154e-02 7.69389152199536026e+18 -5.28646315450143867e+20
6.45954932479548966e-02 7.67832136749215437e+18 -5.26131690444468322e+20
6.46250163786942916e-02 7.66282533290610278e+18 -5.23625166521258803e+20
6.46545395094336728e-02 7.64740317967387750e+18 -5.21126702629687329e+20
6.46840626401730678e-02 7.63205467044290867e+18 -5.18636257817959793e+20
6.47135857709124490e-02 7.61677956619645338e+18 -5.16154082859159192e+20
6.47431089016518441e-02 7.60157761768078643e+18 -5.13680425523734315e+20
6.47726320323912252e-02 7.58644857409773773e+18 -5.11215240544940327e+20
6.48021551631306203e-02 7.57139218598286643e+18 -5.08758482808646271e+20
6.48316782938700154e-02 7.55640820520198963e+18 -5.06310107352563384e+20
6.48612014246093965e-02 7.54149638494548070e+18 -5.03870069365320122e+20
6.48907245553487916e-02 7.52665647972505293e+18 -5.01438324185705415e+20
6.49202476860881728e-02 7.51188824536832717e+18 -4.99014827301761778e+20
6.49497708168275678e-02 7.49719143901518131e+18 -4.96599534349996982e+20
6.49792939475669490e-02 7.48256581911279821e+18 -4.94192401114508165e+20
6.50088170783063440e-02 7.46801114541168640e+18 -4.91793383526170231e+20
6.50383402090457252e-02 7.45352717896141926e+18 -4.89402437661804593e+20
6.50678633397851203e-02 7.43911368210590822e+18 -4.87019519743316525e+20
6.50973864705245014e-02 7.42477041847950848e+18 -4.84644586136886313e+20
6.51269096012638965e-02 7.41049715300265984e+18 -4.82277593352129610e+20
6.51564327320032777e-02 7.39629365187772109e+18 -4.79918498041270043e+20
6.51859558627426727e-02 7.38215967865454387e+18 -4.77567656106407559e+20
6.52154789934820678e-02 7.36809498249572147e+18 -4.75225419540058735e+20
6.52450021242214490e-02 7.35409931006696960e+18 -4.72891739397453840e+20
6.52745252549608440e-02 7.34017240947558912e+18 -4.70566566947279274e+20
6.53040483857002252e-02 7.32631403026470707e+18 -4.68249853670370247e+20
6.53335715164396202e-02 7.31252392340677427e+18 -4.65941551258358514e+20
6.53630946471790014e-02 7.29880184129704755e+18 -4.63641611612321546e+20
6.53926177779183965e-02 7.28514753774805299e+18 -4.61349986841498943e+20
6.54221409086577776e-02 7.27156076798303949e+18 -4.59066629261946913e+20
6.54516640393971727e-02 7.25804128862994534e+18 -4.56791491395228991e+20
6.54811871701365539e-02 7.24458885771561370e+18 -4.54524525967125774e+20
6.55107103008759489e-02 7.23120323465920819e+18 -4.52265685906297455e+20
6.55402334316153301e-02 7.21788418026686566e+18 -4.50014924343026778e+20
6.55697565623547252e-02 7.20463145672555520e+18 -4.47772194607916843e+20
6.55992796930941202e-02 7.19144482759697510e+18 -4.45537450230592373e+20
6.56288028238335014e-02 7.17832405781185434e+18 -4.43310644938431267e+20
6.56583259545728964e-02 7.16526891366423450e+18 -4.41091732655297069e+20
6.56878490853122776e-02 7.15227916280553062e+18 -4.38880667500261016e+20
6.57173722160516727e-02 7.13935457423873946e+18 -4.36677403786336076e+20
6.57468953467910538e-02 7.12649491831313818e+18 -4.34481896019244941e+20
6.57764184775304489e-02 7.11369996671785370e+18 -4.32294098896120644e+20
6.58059416082698301e-02 7.10096949247723725e+18 -4.30113967304321663e+20
6.58354647390092251e-02 7.08830326994411213e+18 -4.27941456320119505e+20
6.58649878697486063e-02 7.07570107479531930e+18 -4.25776521207529800e+20
6.58945110004880014e-02 7.06316268402538906e+18 -4.23619117417031860e+20
6.59240341312273964e-02 7.05068787594150400e+18 -4.21469200584369701e+20
6.59535572619667776e-02 7.03827643015775232e+18 -4.19326726529313145e+20
6.59830803927061726e-02 7.02592812759010509e+18 -4.17191651254465266e+20
6.60126035234455538e-02 7.01364275045059277e+18 -4.15063930944024805e+20
6.60421266541849489e-02 7.00142008224215962e+18 -4.12943521962591322e+20
6.60716497849243301e-02 6.98925990775340544e+18 -4.10830380853967651e+20
6.61011729156637251e-02 6.97716201305331098e+18 -4.08724464339962888e+20
