# N_deuterium( psi ) IN geq'S OWN GAUGE -- phi_0 pinned at one global
# point, psi_n = 0.5 on the midplane. NOT what meq::Species wants.
# Present so the comparison can assert that using it is WRONG.
#
#    psi            f( psi )        f'( psi )
5.63780116139572449e-03 8.93441795312123600e+15 -9.77067552292756890e+18
5.66732429213511347e-03 8.65106812577111400e+15 -9.42669361113677619e+18
5.69684742287450158e-03 8.37767619343653400e+15 -9.09599813861457920e+18
5.72637055361389057e-03 8.11385816768251000e+15 -8.77803320228246630e+18
5.75589368435327955e-03 7.85924610104322600e+15 -8.47226783065253274e+18
5.78541681509266766e-03 7.61348736866449300e+15 -8.17819479490023731e+18
5.81493994583205664e-03 7.37624398415564300e+15 -7.89532947983872205e+18
5.84446307657144476e-03 7.14719194792916800e+15 -7.62320881162226995e+18
5.87398620731083374e-03 6.92602062639665900e+15 -7.36139023918136320e+18
5.90350933805022272e-03 6.71243216047868900e+15 -7.10945076656082842e+18
5.93303246878961084e-03 6.50614090196395100e+15 -6.86698603348472013e+18
5.96255559952899982e-03 6.30687287633317800e+15 -6.63360944162241536e+18
5.99207873026838880e-03 6.11436527073294600e+15 -6.40895132416587878e+18
6.02160186100777692e-03 5.92836594585429200e+15 -6.19265815646011699e+18
6.05112499174716590e-03 5.74863297053750200e+15 -5.98439180555377152e+18
6.08064812248655488e-03 5.57493417798198700e+15 -5.78382881664913306e+18
6.11017125322594300e-03 5.40704674250155500e+15 -5.59065973454407782e+18
6.13969438396533198e-03 5.24475677581892100e+15 -5.40458845826054861e+18
6.16921751470472096e-03 5.08785894194460900e+15 -5.22533162715116442e+18
6.19874064544410908e-03 4.93615608973511100e+15 -5.05261803686833562e+18
6.22826377618349806e-03 4.78945890227186000e+15 -4.88618808366748160e+18
6.25778690692288704e-03 4.64758556224567000e+15 -4.72579323559701914e+18
6.28731003766227516e-03 4.51036143257304200e+15 -4.57119552920550246e+18
6.31683316840166414e-03 4.37761875151105200e+15 -4.42216709047033293e+18
6.34635629914105225e-03 4.24919634157332400e+15 -4.27848967872001229e+18
6.37587942988044123e-03 4.12493933158573150e+15 -4.13995425238797414e+18
6.40540256061983022e-03 4.00469889125391050e+15 -4.00636055549768243e+18
6.43492569135921833e-03 3.88833197764588550e+15 -3.87751672383639706e+18
6.46444882209860731e-03 3.77570109302305700e+15 -3.75323890982998528e+18
6.49397195283799630e-03 3.66667405348190400e+15 -3.63335092518377011e+18
6.52349508357738441e-03 3.56112376789432750e+15 -3.51768390040223795e+18
6.55301821431677339e-03 3.45892802666176300e+15 -3.40607596034845286e+18
6.58254134505616151e-03 3.35996929982041200e+15 -3.29837191504601139e+18
6.61206447579555049e-03 3.26413454405955000e+15 -3.19442296496951808e+18
6.64158760653493947e-03 3.17131501823564650e+15 -3.09408642010784461e+18
6.67111073727432759e-03 3.08140610698528400e+15 -2.99722543212123341e+18
6.70063386801371657e-03 2.99430715206089800e+15 -2.90370873894980710e+18
6.73015699875310555e-03 2.90992129102964000e+15 -2.81341042126212147e+18
6.75968012949249367e-03 2.82815530299545550e+15 -2.72620967016590643e+18
6.78920326023188265e-03 2.74891946101931850e+15 -2.64199056563113114e+18
6.81872639097127163e-03 2.67212739092964650e+15 -2.56064186510487398e+18
6.84824952171065975e-03 2.59769593622899050e+15 -2.48205680182317466e+18
6.87777265245004873e-03 2.52554502881790850e+15 -2.40613289235083059e+18
6.90729578318943771e-03 2.45559756527008750e+15 -2.33277175290359245e+18
6.93681891392882582e-03 2.38777928840584800e+15 -2.26187892403002189e+18
6.96634204466821481e-03 2.32201867392328600e+15 -2.19336370325164032e+18
6.99586517540760379e-03 2.25824682185734850e+15 -2.12713898527972634e+18
7.02538830614699190e-03 2.19639735264900150e+15 -2.06312110944716826e+18
7.05491143688638089e-03 2.13640630761653900e+15 -2.00122971401144730e+18
7.08443456762576987e-03 2.07821205363077375e+15 -1.94138759700183091e+18
7.11395769836515798e-03 2.02175519180563700e+15 -1.88352058330056192e+18
7.14348082910454697e-03 1.96697847002484250e+15 -1.82755739766344909e+18
7.17300395984393508e-03 1.91382669913293600e+15 -1.77342954339916314e+18
7.20252709058332406e-03 1.86224667262790450e+15 -1.72107118644117990e+18
7.23205022132271218e-03 1.81218708970000750e+15 -1.67041904455928858e+18
7.26157335206210116e-03 1.76359853709365850e+15 -1.62140112145390541e+18
7.29109648280149014e-03 1.71643457791863275e+15 -1.57389660317374822e+18
7.32061961354087826e-03 1.67065150856396775e+15 -1.52784707788968422e+18
7.35014274428026724e-03 1.62620705163715250e+15 -1.48320682353896602e+18
7.37966587501965622e-03 1.58306025807425625e+15 -1.43993156880836992e+18
7.40918900575904434e-03 1.54117146498924550e+15 -1.39797844730800333e+18
7.43871213649843332e-03 1.50050225485531150e+15 -1.35730595316296986e+18
7.46823526723782230e-03 1.46101541597665900e+15 -1.31787389798055654e+18
7.49775839797721042e-03 1.42267490421108500e+15 -1.27964336915238656e+18
7.52728152871659940e-03 1.38544580590446775e+15 -1.24257668945171123e+18
7.55680465945598838e-03 1.34929430199924725e+15 -1.20663737788695629e+18
7.58632779019537649e-03 1.31418763328066325e+15 -1.17179011177420595e+18
7.61585092093476548e-03 1.28009406672521450e+15 -1.13800068999200410e+18
7.64537405167415446e-03 1.24698286291680750e+15 -1.10523599738280704e+18
7.67489718241354257e-03 1.21482424449753325e+15 -1.07346397026682765e+18
7.70442031315293156e-03 1.18358936562050925e+15 -1.04265356303451264e+18
7.73394344389232054e-03 1.15325028237344925e+15 -1.01277471578507827e+18
7.76346657463170865e-03 1.12377992414271688e+15 -9.83798322979570560e+17
7.79298970537109763e-03 1.09515206588809575e+15 -9.55696203077431296e+17
7.82251283611048662e-03 1.06734130129995650e+15 -9.28441069126913024e+17
7.85203596684987473e-03 1.04032301681087688e+15 -9.02006500280107904e+17
7.88155909758926285e-03 1.01407336643501862e+15 -8.76366914204540288e+17
7.91108222832865270e-03 9.88569247409026750e+14 -8.51497540363774848e+17
7.94060535906804081e-03 9.63788276609224625e+14 -8.27374394140466944e+17
7.97012848980742893e-03 9.39708767720867375e+14 -8.03974251776235520e+17
7.99965162054681878e-03 9.16309709135253000e+14 -7.81274626102875648e+17
8.02917475128620689e-03 8.93570742552067125e+14 -7.59253743040889984e+17
8.05869788202559501e-03 8.71472142264572875e+14 -7.37890518841616128e+17
8.08822101276498312e-03 8.49994795105893375e+14 -7.17164538049888128e+17
8.11774414350437297e-03 8.29120181035530875e+14 -6.97056032165024896e+17
8.14726727424376108e-03 8.08830354346004500e+14 -6.77545858978686720e+17
8.17679040498315093e-03 7.89107925469576625e+14 -6.58615482568309376e+17
8.20631353572253905e-03 7.69936043366292625e+14 -6.40246953925996672e+17
8.23583666646192716e-03 7.51298378474790000e+14 -6.22422892203052800e+17
8.26535979720131528e-03 7.33179106207949125e+14 -6.05126466550958080e+17
8.29488292794070513e-03 7.15562890976126750e+14 -5.88341378540253568e+17
8.32440605868009324e-03 6.98434870721013125e+14 -5.72051845139163136e+17
8.35392918941948309e-03 6.81780641944148625e+14 -5.56242582234703168e+17
8.38345232015887121e-03 6.65586245213957125e+14 -5.40898788678994880e+17
8.41297545089825932e-03 6.49838151136393125e+14 -5.26006130844614592e+17
8.44249858163764744e-03 6.34523246774158500e+14 -5.11550727672810176e+17
8.47202171237703729e-03 6.19628777225389625e+14 -4.97523912771992384e+17
8.50154484311642540e-03 6.05142180485863875e+14 -4.83917713913568896e+17
8.53106797385581525e-03 5.91051239302763750e+14 -4.70718606415033536e+17
8.56059110459520337e-03 5.77344129175625125e+14 -4.57913515938594944e+17
8.59011423533459148e-03 5.64009404999785250e+14 -4.45489812530532608e+17
8.61963736607397960e-03 5.51035988182277625e+14 -4.33435294773690304e+17
8.64916049681336944e-03 5.38413154216681938e+14 -4.21738174528863552e+17
8.67868362755275756e-03 5.26130520700155500e+14 -4.10387062242600064e+17
8.70820675829214567e-03 5.14178035776040562e+14 -3.99370952799442432e+17
8.73772988903153552e-03 5.02545966986490938e+14 -3.88679211897846144e+17
8.76725301977092364e-03 4.91224890519725375e+14 -3.78301562929483520e+17
8.79677615051031175e-03 4.80205680837538312e+14 -3.68228074342792768e+17
8.82629928124969987e-03 4.69479500668904000e+14 -3.58449147472117952e+17
8.85582241198908972e-03 4.59037791356309938e+14 -3.48955504814726208e+17
8.88534554272847783e-03 4.48872263541705750e+14 -3.39738178738483328e+17
8.91486867346786768e-03 4.38974888179765562e+14 -3.30788500603894464e+17
8.94439180420725580e-03 4.29337887866321438e+14 -3.22098090284615168e+17
8.97391493494664391e-03 4.19953728470532938e+14 -3.13658846071356480e+17
9.00343806568603203e-03 4.10815111059605875e+14 -3.05462934944556416e+17
9.03296119642542188e-03 4.01914964105439875e+14 -2.97502783201870848e+17
9.06248432716480999e-03 3.93246435962921375e+14 -2.89771067427039104e+17
9.09200745790419984e-03 3.84802887609952438e+14 -2.82260705787188960e+17
9.12153058864358796e-03 3.76577885639699000e+14 -2.74964849646169760e+17
9.15105371938297607e-03 3.68565195495957812e+14 -2.67876875482027904e+17
9.18057685012236419e-03 3.60758774942766562e+14 -2.60990377097116128e+17
9.21009998086175403e-03 3.53152767759815875e+14 -2.54299158109849504e+17
9.23962311160114215e-03 3.45741497655543750e+14 -2.47797224717552416e+17
9.26914624234053200e-03 3.38519462389929875e+14 -2.41478778720129696e+17
9.29866937307992011e-03 3.31481328099617688e+14 -2.35338210794918432e+17
9.32819250381930823e-03 3.24621923817940375e+14 -2.29370094013214016e+17
9.35771563455869634e-03 3.17936236182890062e+14 -2.23569177589467200e+17
9.38723876529808619e-03 3.11419404326363125e+14 -2.17930380854519552e+17
9.41676189603747431e-03 3.05066714938066125e+14 -2.12448787444438944e+17
9.44628502677686242e-03 2.98873597497938375e+14 -2.07119639697001600e+17
9.47580815751625227e-03 2.92835619671035500e+14 -2.01938333248075104e+17
9.50533128825564039e-03 2.86948482859064125e+14 -1.96900411820468896e+17
9.53485441899502850e-03 2.81208017903040438e+14 -1.92001562198152512e+17
9.56437754973441662e-03 2.75610180931659250e+14 -1.87237609378950080e+17
9.59390068047380647e-03 2.70151049350209906e+14 -1.82604511899118560e+17
9.62342381121319458e-03 2.64826817965097562e+14 -1.78098357323492192e+17
9.65294694195258443e-03 2.59633795239094469e+14 -1.73715357895035328e+17
9.68247007269197255e-03 2.54568399672787906e+14 -1.69451846337995072e+17
9.71199320343136066e-03 2.49627156307722812e+14 -1.65304271808971104e+17
9.74151633417074878e-03 2.44806693201697594e+14 -1.61269235991990912e+17
9.77103946491013862e-03 2.40103731575261344e+14 -1.57343827743002080e+17
9.80056259564952674e-03 2.35515080566079281e+14 -1.53524899546017344e+17
9.83008572638891659e-03 2.31037643510554625e+14 -1.49809287186059232e+17
9.85960885712830470e-03 2.26668415666977969e+14 -1.46193927190682048e+17
9.88913198786769282e-03 2.22404481291859188e+14 -1.42675853425697872e+17
9.91865511860708093e-03 2.18243010814931969e+14 -1.39252193811869808e+17
9.94817824934647078e-03 2.14181258109405844e+14 -1.35920167158126688e+17
9.97770138008585890e-03 2.10216557854010938e+14 -1.32677080106924896e+17
1.00072245108252487e-02 2.06346322983648344e+14 -1.29520324187640592e+17
1.00367476415646369e-02 2.02568042225461281e+14 -1.26447372973962304e+17
1.00662707723040250e-02 1.98879277717362000e+14 -1.23455779341471104e+17
1.00957939030434131e-02 1.95277662706085438e+14 -1.20543172821698704e+17
1.01253170337828012e-02 1.91760899321965281e+14 -1.17707257049104528e+17
1.01548401645221911e-02 1.88326756427772062e+14 -1.14945807297576464e+17
1.01843632952615809e-02 1.84973067539002625e+14 -1.12256668103157920e+17
1.02138864260009690e-02 1.81697728813092469e+14 -1.09637750969824464e+17
1.02434095567403571e-02 1.78498697105202906e+14 -1.07087032155305616e+17
1.02729326874797453e-02 1.75373988088218938e+14 -1.04602550534001456e+17
1.03024558182191334e-02 1.72321674434737188e+14 -1.02182405534190048e+17
1.03319789489585232e-02 1.69339884058890969e+14 -9.98247551468199840e+16
1.03615020796979113e-02 1.66426798415938406e+14 -9.75278140032862080e+16
1.03910252104373012e-02 1.63580650857618344e+14 -9.52898515196868320e+16
1.04205483411766893e-02 1.60799725041328750e+14 -9.31091901051403840e+16
1.04500714719160774e-02 1.58082353391302812e+14 -9.09842034318645280e+16
1.04795946026554655e-02 1.55426915609954250e+14 -8.89133147647621600e+16
1.05091177333948554e-02 1.52831837237696688e+14 -8.68949953483854560e+16
1.05386408641342435e-02 1.50295588259568969e+14 -8.49277628492085600e+16
1.05681639948736333e-02 1.47816681757045438e+14 -8.30101798512100320e+16
1.05976871256130215e-02 1.45393672603502500e+14 -8.11408524028604480e+16
1.06272102563524096e-02 1.43025156201851781e+14 -7.93184286136729440e+16
1.06567333870917977e-02 1.40709767262891562e+14 -7.75415972985362720e+16
1.06862565178311875e-02 1.38446178622996562e+14 -7.58090866681261760e+16
1.07157796485705756e-02 1.36233100099821844e+14 -7.41196630637577280e+16
1.07453027793099655e-02 1.34069277384705688e+14 -7.24721297350804800e+16
1.07748259100493536e-02 1.31953490970555781e+14 -7.08653256591080000e+16
1.08043490407887417e-02 1.29884555114004672e+14 -6.92981243991054320e+16
1.08338721715281298e-02 1.27861316830691766e+14 -6.77694330019288240e+16
1.08633953022675180e-02 1.25882654922532812e+14 -6.62781909324426000e+16
1.08929184330069078e-02 1.23947479035936750e+14 -6.48233690437235840e+16
1.09224415637462977e-02 1.22054728749890328e+14 -6.34039685817666960e+16
1.09519646944856858e-02 1.20203372692959016e+14 -6.20190202235027280e+16
1.09814878252250739e-02 1.18392407688185344e+14 -6.06675831469289120e+16
1.10110109559644620e-02 1.16620857924999500e+14 -5.93487441322486960e+16
1.10405340867038501e-02 1.14887774157214141e+14 -5.80616166929186400e+16
1.10700572174432400e-02 1.13192232926237812e+14 -5.68053402355564720e+16
1.10995803481826298e-02 1.11533335808699453e+14 -5.55790792477165280e+16
1.11291034789220179e-02 1.09910207173935781e+14 -5.43822248157037280e+16
1.11586266096614060e-02 1.08321982415090906e+14 -5.32144504189203600e+16
1.11881497404007942e-02 1.06767814355620375e+14 -5.20749730582041440e+16
1.12176728711401823e-02 1.05246879150181484e+14 -5.09630127885440800e+16
1.12471960018795721e-02 1.03758375632419703e+14 -4.98778130720700400e+16
1.12767191326189602e-02 1.02301524635202344e+14 -4.88186400183810000e+16
1.13062422633583501e-02 1.00875568332879469e+14 -4.77847816511451440e+16
1.13357653940977382e-02 9.94797696048226562e+13 -4.67755472000148880e+16
1.13652885248371263e-02 9.81134114195178750e+13 -4.57902664169360880e+16
1.13948116555765144e-02 9.67757962384768281e+13 -4.48282889159471440e+16
1.14243347863159043e-02 9.54662454393154375e+13 -4.38889835356268320e+16
1.14538579170552924e-02 9.41840987573317188e+13 -4.29717377233615920e+16
1.14833810477946822e-02 9.29287137449337188e+13 -4.20759569406334960e+16
1.15129041785340704e-02 9.16994652483475938e+13 -4.12010640885853200e+16
1.15424273092734585e-02 9.04957449009728594e+13 -4.03464989531097040e+16
1.15719504400128466e-02 8.93169606328595625e+13 -3.95117176687763440e+16
1.16014735707522347e-02 8.81625361957257344e+13 -3.86961922009034080e+16
1.16309967014916246e-02 8.70319107030190781e+13 -3.78994098451345920e+16
1.16605198322310144e-02 8.59245381844903750e+13 -3.71208727438829760e+16
1.16900429629704025e-02 8.48398871548161562e+13 -3.63600974190499920e+16
1.17195660937097906e-02 8.37774401957655312e+13 -3.56166143204235800e+16
1.17490892244491787e-02 8.27366935514922812e+13 -3.48899673892121160e+16
1.17786123551885669e-02 8.17171567364873594e+13 -3.41797136361646400e+16
1.18081354859279567e-02 8.07183521557761562e+13 -3.34854227337623120e+16
1.18376586166673466e-02 7.97398147369591719e+13 -3.28066766219857520e+16
1.18671817474067347e-02 7.87810915736936719e+13 -3.21430691271739080e+16
1.18967048781461228e-02 7.78417415802424531e+13 -3.14942055935151880e+16
1.19262280088855109e-02 7.69213351567197969e+13 -3.08597025267241160e+16
1.19557511396248990e-02 7.60194538646847031e+13 -3.02391872494765680e+16
1.19852742703642889e-02 7.51356901127308906e+13 -2.96322975681870880e+16
1.20147974011036770e-02 7.42696468517668750e+13 -2.90386814507400200e+16
1.20443205318430668e-02 7.34209372796345156e+13 -2.84579967147779560e+16
1.20738436625824549e-02 7.25891845547979531e+13 -2.78899107261943320e+16
1.21033667933218431e-02 7.17740215187703438e+13 -2.73341001074605000e+16
1.21328899240612312e-02 7.09750904270247969e+13 -2.67902504554576360e+16
1.21624130548006210e-02 7.01920426880922891e+13 -2.62580560684758360e+16
1.21919361855400091e-02 6.94245386105857188e+13 -2.57372196820645680e+16
1.22214593162793990e-02 6.86722471579079844e+13 -2.52274522134345440e+16
1.22509824470187871e-02 6.79348457103643672e+13 -2.47284725141039640e+16
1.22805055777581752e-02 6.72120198344779219e+13 -2.42400071305196480e+16
1.23100287084975633e-02 6.65034630592454141e+13 -2.37617900723674400e+16
1.23395518392369515e-02 6.58088766591303516e+13 -2.32935625883154880e+16
1.23690749699763413e-02 6.51279694435638594e+13 -2.28350729489311480e+16
1.23985981007157312e-02 6.44604575527597969e+13 -2.23860762365314880e+16
1.24281212314551193e-02 6.38060642596259531e+13 -2.19463341417252080e+16
1.24576443621945074e-02 6.31645197775912578e+13 -2.15156147664229880e+16
1.24871674929338955e-02 6.25355610741571016e+13 -2.10936924330953520e+16
1.25166906236732836e-02 6.19189316899851797e+13 -2.06803475000637160e+16
1.25462137544126735e-02 6.13143815633549141e+13 -2.02753661826236840e+16
1.25757368851520633e-02 6.07216668558484375e+13 -1.98785432243105960e+16
1.26052600158914514e-02 6.01405477555702734e+13 -1.94898493869164960e+16
1.26347831466308395e-02 5.95707851239020156e+13 -1.91091822122955040e+16
1.26643062773702277e-02 5.90121449863507578e+13 -1.87363395618793320e+16
1.26938294081096158e-02 5.84643992539955469e+13 -1.83711248365118040e+16
1.27233525388490056e-02 5.79273255624378359e+13 -1.80133468087962480e+16
1.27528756695883937e-02 5.74007071156167422e+13 -1.76628194608970960e+16
1.27823988003277836e-02 5.68843325343353672e+13 -1.73193618276070780e+16
1.28119219310671717e-02 5.63779957093454688e+13 -1.69827978444973740e+16
1.28414450618065598e-02 5.58814956588434844e+13 -1.66529562009744900e+16
1.28709681925459479e-02 5.53946363902306875e+13 -1.63296701980726900e+16
1.29004913232853378e-02 5.49172267660076250e+13 -1.60127776108210020e+16
1.29300144540247259e-02 5.44490803736651875e+13 -1.57021205550255860e+16
1.29595375847641157e-02 5.39900153994445000e+13 -1.53975453583159480e+16
1.29890607155035039e-02 5.35398545058436797e+13 -1.50989024353093840e+16
1.30185838462428920e-02 5.30984247127508047e+13 -1.48060461667522580e+16
1.30481069769822801e-02 5.26655572820878672e+13 -1.45188347825025820e+16
1.30776301077216682e-02 5.22410876058544766e+13 -1.42371302482230080e+16
1.31071532384610581e-02 5.18248550974652344e+13 -1.39607981556585500e+16
1.31366763692004479e-02 5.14167030862694688e+13 -1.36897076163755260e+16
1.31661994999398360e-02 5.10164787151670156e+13 -1.34237311588483540e+16
1.31957226306792241e-02 5.06240328412064688e+13 -1.31627446287767860e+16
1.32252457614186122e-02 5.02392199390831328e+13 -1.29066270925275580e+16
1.32547688921580004e-02 4.98618980074462812e+13 -1.26552607435955720e+16
1.32842920228973902e-02 4.94919284779172656e+13 -1.24085308119804040e+16
1.33138151536367801e-02 4.91291761267470703e+13 -1.21663254763839780e+16
1.33433382843761682e-02 4.87735089890256250e+13 -1.19285357791336420e+16
1.33728614151155563e-02 4.84247982753577656e+13 -1.16950555437383120e+16
1.34023845458549444e-02 4.80829182909437812e+13 -1.14657812949936440e+16
1.34319076765943325e-02 4.77477463569755391e+13 -1.12406121815479540e+16
1.34614308073337224e-02 4.74191627342871562e+13 -1.10194499008498580e+16
1.34909539380731105e-02 4.70970505491837422e+13 -1.08021986263972180e+16
1.35204770688125003e-02 4.67812957213904609e+13 -1.05887649372136000e+16
1.35500001995518884e-02 4.64717868940456406e+13 -1.03790577494762000e+16
1.35795233302912766e-02 4.61684153656846562e+13 -1.01729882502267760e+16
1.36090464610306647e-02 4.58710750241515312e+13 -9.97046983309666400e+15
1.36385695917700545e-02 4.55796622823782422e+13 -9.77141803597969600e+15
1.36680927225094426e-02 4.52940760159748828e+13 -9.57575048058944000e+15
1.36976158532488308e-02 4.50142175025794922e+13 -9.38338681384010000e+15
1.37271389839882206e-02 4.47399903629111328e+13 -9.19424865099113800e+15
1.37566621147276087e-02 4.44713005034775469e+13 -9.00825952049893200e+15
1.37861852454669968e-02 4.42080560608819062e+13 -8.82534481051905500e+15
1.38157083762063867e-02 4.39501673476931172e+13 -8.64543171700837700e+15
1.38452315069457748e-02 4.36975467998169297e+13 -8.46844919337221100e+15
1.38747546376851629e-02 4.34501089253386484e+13 -8.29432790160990300e+15
1.39042777684245528e-02 4.32077702547807266e+13 -8.12300016490824200e+15
1.39338008991639409e-02 4.29704492927427344e+13 -7.95439992163819700e+15
1.39633240299033290e-02 4.27380664708797812e+13 -7.78846268070951600e+15
1.39928471606427188e-02 4.25105441021757734e+13 -7.62512547823913400e+15
1.40223702913821070e-02 4.22878063364797812e+13 -7.46432683549283600e+15
1.40518934221214951e-02 4.20697791172690078e+13 -7.30600671805976500e+15
1.40814165528608849e-02 4.18563901395899219e+13 -7.15010649621854100e+15
1.41109396836002730e-02 4.16475688091625625e+13 -6.99656890646075200e+15
1.41404628143396612e-02 4.14432461037353984e+13 -6.84535659392978300e+15
1.41699859450790510e-02 4.12433527485144141e+13 -6.69650924156511800e+15
1.41995090758184391e-02 4.10478194102490781e+13 -6.54998463657180300e+15
1.42290322065578272e-02 4.08565783205652969e+13 -6.40572837313613800e+15
1.42585553372972171e-02 4.06695632977876875e+13 -6.26368736251450500e+15
1.42880784680366052e-02 4.04867097085882969e+13 -6.12380979701589900e+15
1.43176015987759933e-02 4.03079544306854297e+13 -5.98604511506491600e+15
1.43471247295153814e-02 4.01332358165571016e+13 -5.85034396731003900e+15
1.43766478602547713e-02 3.99624936581403047e+13 -5.71665818374411700e+15
1.44061709909941594e-02 3.97956691524853828e+13 -5.58494074180470900e+15
1.44356941217335475e-02 3.96327048683405625e+13 -5.45514573542367000e+15
1.44652172524729374e-02 3.94735447136332812e+13 -5.32722834499515000e+15
1.44947403832123255e-02 3.93181339038282891e+13 -5.20114480823394600e+15
1.45242635139517136e-02 3.91664189311316406e+13 -5.07685239189550000e+15
1.45537866446911034e-02 3.90183475345156562e+13 -4.95430936433051100e+15
1.45833097754304915e-02 3.88738686705470781e+13 -4.83347496884885900e+15
1.46128329061698797e-02 3.87329324849828438e+13 -4.71430939786602800e+15
1.46423560369092695e-02 3.85954902851242734e+13 -4.59677376780938000e+15
1.46718791676486576e-02 3.84614945128991406e+13 -4.48083009475956950e+15
1.47014022983880457e-02 3.83308987186492109e+13 -4.36644127080425150e+15
1.47309254291274356e-02 3.82036575356116250e+13 -4.25357104108311850e+15
1.47604485598668237e-02 3.80797266550618672e+13 -4.14218398150155400e+15
1.47899716906062118e-02 3.79590628021108750e+13 -4.03224547709370550e+15
1.48194948213456017e-02 3.78416237121239844e+13 -3.92372170101359850e+15
1.48490179520849898e-02 3.77273681077611250e+13 -3.81657959413700400e+15
1.48785410828243779e-02 3.76162556766022578e+13 -3.71078684525347200e+15
1.49080642135637677e-02 3.75082470493515781e+13 -3.60631187183174500e+15
1.49375873443031559e-02 3.74033037786030000e+13 -3.50312380134107750e+15
1.49671104750425440e-02 3.73013883181475391e+13 -3.40119245311130550e+15
1.49966336057819338e-02 3.72024640028079531e+13 -3.30048832071555750e+15
1.50261567365213219e-02 3.71064950287875625e+13 -3.20098255486010500e+15
1.50556798672607101e-02 3.70134464345160156e+13 -3.10264694676589150e+15
1.50852029980000982e-02 3.69232840819780078e+13 -3.00545391202711200e+15
1.51147261287394880e-02 3.68359746385136484e+13 -2.90937647493283350e+15
1.51442492594788761e-02 3.67514855590726641e+13 -2.81438825323753950e+15
1.51737723902182643e-02 3.66697850689131641e+13 -2.72046344336762350e+15
1.52032955209576541e-02 3.65908421467312500e+13 -2.62757680605086700e+15
1.52328186516970422e-02 3.65146265082070703e+13 -2.53570365235629900e+15
1.52623417824364303e-02 3.64411085899592578e+13 -2.44481983013268900e+15
1.52918649131758202e-02 3.63702595338914609e+13 -2.35490171083366500e+15
1.53213880439152083e-02 3.63020511719259766e+13 -2.26592617671863300e+15
1.53509111746545964e-02 3.62364560111051172e+13 -2.17787060841799575e+15
1.53804343053939863e-02 3.61734472190590000e+13 -2.09071287285274075e+15
1.54099574361333744e-02 3.61129986098210234e+13 -2.00443131149762175e+15
1.54394805668727625e-02 3.60550846299884453e+13 -1.91900472897850450e+15
1.54690036976121523e-02 3.59996803452111562e+13 -1.83441238199387225e+15
1.54985268283515405e-02 3.59467614270071406e+13 -1.75063396855167500e+15
1.55280499590909286e-02 3.58963041398860547e+13 -1.66764961751202300e+15
1.55575730898303184e-02 3.58482853287812109e+13 -1.58543987842755100e+15
1.55870962205697065e-02 3.58026824067767656e+13 -1.50398571167276600e+15
1.56166193513090946e-02 3.57594733431187344e+13 -1.42326847885412925e+15
1.56461424820484862e-02 3.57186366515106484e+13 -1.34326993349338475e+15
1.56756656127878743e-02 3.56801513786743281e+13 -1.26397221197599100e+15
1.57051887435272625e-02 3.56439970931775703e+13 -1.18535782475767425e+15
1.57347118742666506e-02 3.56101538745201250e+13 -1.10740964782186212e+15
1.57642350050060387e-02 3.55786023024615000e+13 -1.03011091438073962e+15
1.57937581357454268e-02 3.55493233105062969e+13 -9.53459421404281625e+14
1.58232812664848149e-02 3.55222977216518750e+13 -8.77454862996450375e+14
1.58528043972242030e-02 3.54975066703794219e+13 -8.02081433153526750e+14
1.58823275279635912e-02 3.54749317530335781e+13 -7.27323659522060875e+14
1.59118506587029793e-02 3.54545550177510781e+13 -6.53166407229271750e+14
1.59413737894423709e-02 3.54363589546059141e+13 -5.79594871636669750e+14
1.59708969201817590e-02 3.54203264859614609e+13 -5.06594571307051188e+14
1.60004200509211471e-02 3.54064409570339844e+13 -4.34151341179245688e+14
1.60299431816605387e-02 3.53946861266470703e+13 -3.62251325944749188e+14
1.60594663123999268e-02 3.53850461581827500e+13 -2.90880973620995375e+14
1.60889894431393149e-02 3.53775056107210234e+13 -2.20027029315907281e+14
1.61185125738787030e-02 3.53720494303552734e+13 -1.49676529178562812e+14
1.61480357046180911e-02 3.53686629416890469e+13 -7.98167945311067969e+13
1.61775588353574792e-02 3.53673318395012656e+13 -1.04354261770263418e+13
1.62070819660968674e-02 3.53680421805760000e+13 5.84797011188506484e+13
1.62366050968362555e-02 3.53707803756941641e+13 1.26940443983150016e+14
1.62661282275756436e-02 3.53755331817806094e+13 1.94958395623936188e+14
1.62956513583150352e-02 3.53822876942011016e+13 2.62544890862128781e+14
1.63251744890544233e-02 3.53910313392084453e+13 3.29711011008503188e+14
1.63546976197938114e-02 3.54017518665236172e+13 3.96467588590201188e+14
1.63842207505332030e-02 3.54144373420647109e+13 4.62825211930774562e+14
1.64137438812725911e-02 3.54290761407980703e+13 5.28794229587341062e+14
1.64432670120119792e-02 3.54456569397269297e+13 5.94384754648694875e+14
1.64727901427513673e-02 3.54641687109998047e+13 6.59606668897773375e+14
1.65023132734907554e-02 3.54846007151405547e+13 7.24469626841975000e+14
1.65318364042301436e-02 3.55069424943991641e+13 7.88983059614746375e+14
1.65613595349695317e-02 3.55311838662104375e+13 8.53156178751506750e+14
1.65908826657089198e-02 3.55573149167662969e+13 9.16997979843241125e+14
1.66204057964483079e-02 3.55853259946925938e+13 9.80517246070709625e+14
1.66499289271876960e-02 3.56152077048290000e+13 1.04372255162229038e+15
1.66794520579270876e-02 3.56469509021075312e+13 1.10662226499831588e+15
1.67089751886664757e-02 3.56805466855279375e+13 1.16922455220474800e+15
1.67384983194058638e-02 3.57159863922247266e+13 1.23153737983886375e+15
1.67680214501452554e-02 3.57532615916245078e+13 1.29356851806965350e+15
1.67975445808846435e-02 3.57923640796900469e+13 1.35532554351549825e+15
1.68270677116240316e-02 3.58332858732460234e+13 1.41681584202155150e+15
1.68565908423634198e-02 3.58760192043882422e+13 1.47804661133943550e+15
1.68861139731028079e-02 3.59205565149667578e+13 1.53902486371137775e+15
1.69156371038421960e-02 3.59668904511487031e+13 1.59975742836141350e+15
1.69451602345815841e-02 3.60150138580484141e+13 1.66025095389552750e+15
1.69746833653209722e-02 3.60649197744305781e+13 1.72051191061325250e+15
1.70042064960603603e-02 3.61166014274788125e+13 1.78054659273264800e+15
1.70337296267997519e-02 3.61700522276284141e+13 1.84036112053078475e+15
1.70632527575391400e-02 3.62252657634628438e+13 1.89996144240185200e+15
1.70927758882785281e-02 3.62822357966676875e+13 1.95935333683466825e+15
1.71222990190179197e-02 3.63409562570428828e+13 2.01854241431168000e+15
1.71518221497573078e-02 3.64014212375700781e+13 2.07753411913126175e+15
1.71813452804966960e-02 3.64636249895322578e+13 2.13633373115512950e+15
1.72108684112360841e-02 3.65275619176831328e+13 2.19494636748261725e+15
1.72403915419754722e-02 3.65932265754666562e+13 2.25337698405370600e+15
1.72699146727148603e-02 3.66606136602820000e+13 2.31163037718236050e+15
1.72994378034542484e-02 3.67297180087918125e+13 2.36971118502181500e+15
1.73289609341936365e-02 3.68005345922747891e+13 2.42762388896362550e+15
1.73584840649330246e-02 3.68730585120165000e+13 2.48537281497181500e+15
1.73880071956724128e-02 3.69472849947392422e+13 2.54296213485382950e+15
1.74175303264118043e-02 3.70232093880703828e+13 2.60039586746992250e+15
1.74470534571511925e-02 3.71008271560428516e+13 2.65767787988215400e+15
1.74765765878905806e-02 3.71801338746289844e+13 2.71481188844464100e+15
1.75060997186299722e-02 3.72611252449778672e+13 2.77180536188602450e+15
1.75356228493693603e-02 3.73437975661692188e+13 2.82868940660129050e+15
1.75651459801087484e-02 3.74281477906197422e+13 2.88547297972890050e+15
1.75946691108481365e-02 3.75141730037272891e+13 2.94215955748017800e+15
1.76241922415875246e-02 3.76018703916033125e+13 2.99875248643833200e+15
1.76537153723269127e-02 3.76912372372567422e+13 3.05525498426269950e+15
1.76832385030663009e-02 3.77822709167963984e+13 3.11167014034646850e+15
1.77127616338056890e-02 3.78749688956538281e+13 3.16800091642915650e+15
1.77422847645450771e-02 3.79693287248233438e+13 3.22425014716473100e+15
1.77718078952844687e-02 3.80653480371168438e+13 3.28042054064627800e+15
1.78013310260238568e-02 3.81630245434367031e+13 3.33651467888858600e+15
1.78308541567632449e-02 3.82623560290574688e+13 3.39253501826896200e+15
1.78603772875026365e-02 3.83633403499250938e+13 3.44848388992804350e+15
1.78899004182420246e-02 3.84659754289634922e+13 3.50436350013082700e+15
1.79194235489814127e-02 3.85702592523925391e+13 3.56017593058924600e+15
1.79489466797208008e-02 3.86761898660565312e+13 3.61592313874729550e+15
1.79784698104601889e-02 3.87837653717582344e+13 3.67160695802922650e+15
1.80079929411995771e-02 3.88929839236000547e+13 3.72722909805194850e+15
1.80375160719389652e-02 3.90038437243331172e+13 3.78279114480272900e+15
1.80670392026783533e-02 3.91163430217080000e+13 3.83829456078254300e+15
1.80965623334177414e-02 3.92304801048325547e+13 3.89374068511658500e+15
1.81260854641571295e-02 3.93462533005280312e+13 3.94913073363201200e+15
1.81556085948965211e-02 3.94636609696922500e+13 4.00446579890476200e+15
1.81851317256359092e-02 3.95827015036602500e+13 4.05974685027541650e+15
1.82146548563752973e-02 3.97033733205650859e+13 4.11497473383530450e+15
1.82441779871146889e-02 3.98256748616997812e+13 4.17015017238388850e+15
1.82737011178540770e-02 3.99496045878754141e+13 4.22527376535782850e+15
1.83032242485934651e-02 4.00751609757782734e+13 4.28034598873293300e+15
1.83327473793328533e-02 4.02023425143238047e+13 4.33536719489969650e+15
1.83622705100722414e-02 4.03311477010031328e+13 4.39033761251283900e+15
1.83917936408116295e-02 4.04615750382312188e+13 4.44525734631674350e+15
1.84213167715510176e-02 4.05936230296829844e+13 4.50012637694621250e+15
1.84508399022904057e-02 4.07272901766268906e+13 4.55494456070444600e+15
1.84803630330297938e-02 4.08625749742501250e+13 4.60971162931851300e+15
1.85098861637691854e-02 4.09994759079791875e+13 4.66442718967361500e+15
1.85394092945085735e-02 4.11379914497863125e+13 4.71909072352594300e+15
1.85689324252479616e-02 4.12781200544942109e+13 4.77370158719645400e+15
1.85984555559873532e-02 4.14198601560655000e+13 4.82825901124485600e+15
1.86279786867267413e-02 4.15632101638860391e+13 4.88276210012577600e+15
1.86575018174661295e-02 4.17081684590374844e+13 4.93720983182743500e+15
1.86870249482055176e-02 4.18547333905553906e+13 4.99160105749328700e+15
1.87165480789449057e-02 4.20029032716812656e+13 5.04593450102849000e+15
1.87460712096842938e-02 4.21526763760993516e+13 5.10020875869101100e+15
1.87755943404236819e-02 4.23040509341602266e+13 5.15442229866847300e+15
1.88051174711630700e-02 4.24570251290960547e+13 5.20857346064225800e+15
1.88346406019024581e-02 4.26115970932176719e+13 5.26266045533850600e+15
1.88641637326418497e-02 4.27677649041032500e+13 5.31668136406814500e+15
1.88936868633812378e-02 4.29255265807680312e+13 5.37063413825552400e+15
1.89232099941206260e-02 4.30848800798225703e+13 5.42451659895744900e+15
1.89527331248600141e-02 4.32458232916199219e+13 5.47832643637363400e+15
1.89822562555994057e-02 4.34083540363818984e+13 5.53206120934817400e+15
1.90117793863387938e-02 4.35724700603135938e+13 5.58571834486412200e+15
1.90413025170781819e-02 4.37381690317055156e+13 5.63929513753201300e+15
1.90708256478175700e-02 4.39054485370151641e+13 5.69278874907220100e+15
1.91003487785569581e-02 4.40743060769367188e+13 5.74619620779301200e+15
1.91298719092963462e-02 4.42447390624567656e+13 5.79951440806541700e+15
1.91593950400357343e-02 4.44167448108875547e+13 5.85274010979400300e+15
1.91889181707751225e-02 4.45903205418944844e+13 5.90586993788737300e+15
1.92184413015145106e-02 4.47654633734996172e+13 5.95890038172654700e+15
1.92479644322539022e-02 4.49421703180730781e+13 6.01182779463380500e+15
1.92774875629932903e-02 4.51204382783087188e+13 6.06464839334252200e+15
1.93070106937326784e-02 4.53002640431920781e+13 6.11735828808282700e+15
1.93365338244720700e-02 4.54816447831387422e+13 6.17000286190297200e+15
1.93660569552114581e-02 4.56645794116906641e+13 6.22262367347869500e+15
1.93955800859508462e-02 4.58490671863577500e+13 6.27521793055593800e+15
1.94251032166902343e-02 4.60351072806318516e+13 6.32778273365412100e+15
1.94546263474296224e-02 4.62226987808126172e+13 6.38031507545969900e+15
1.94841494781690105e-02 4.64118406828148125e+13 6.43281184021903700e+15
1.95136726089083987e-02 4.66025318889594922e+13 6.48526980313152700e+15
1.95431957396477868e-02 4.67947712047420312e+13 6.53768562974255800e+15
1.95727188703871749e-02 4.69885573355907969e+13 6.59005587533887800e+15
1.96022420011265665e-02 4.71838888835984297e+13 6.64237698434445700e+15
1.96317651318659546e-02 4.73807643442429297e+13 6.69464528971988700e+15
1.96612882626053427e-02 4.75791821030867422e+13 6.74685701236426200e+15
1.96908113933447308e-02 4.77791404324599062e+13 6.79900826052102900e+15
1.97203345240841224e-02 4.79806374881255547e+13 6.85109502918825300e+15
1.97498576548235105e-02 4.81836713059279297e+13 6.90311319953389600e+15
1.97793807855628986e-02 4.83882397984223047e+13 6.95505853831671600e+15
1.98089039163022868e-02 4.85943407514895469e+13 7.00692669731380500e+15
1.98384270470416749e-02 4.88019718209347812e+13 7.05871321275538900e+15
1.98679501777810630e-02 4.90111305290635781e+13 7.11041350476654800e+15
1.98974733085204511e-02 4.92218142612505078e+13 7.16202287681873300e+15
1.99269964392598392e-02 4.94340202624844062e+13 7.21353651518942900e+15
1.99565195699992273e-02 4.96477456339021250e+13 7.26494948843241600e+15
1.99860427007386189e-02 4.98629873293032188e+13 7.31625674685815700e+15
2.00155658314780070e-02 5.00797421516548125e+13 7.36745312202641000e+15
2.00450889622173951e-02 5.02980067495750156e+13 7.41853332624998900e+15
2.00746120929567867e-02 5.05177776138071562e+13 7.46949195211227400e+15
2.01041352236961748e-02 5.07390510736773438e+13 7.52032347199797500e+15
2.01336583544355630e-02 5.09618232935392500e+13 7.57102223763849800e+15
2.01631814851749511e-02 5.11860902692055000e+13 7.62158247967252800e+15
2.01927046159143392e-02 5.14118478243665625e+13 7.67199830722269000e+15
2.02222277466537273e-02 5.16390916069975078e+13 7.72226370748902100e+15
2.02517508773931154e-02 5.18678170857499766e+13 7.77237254535967800e+15
2.02812740081325035e-02 5.20980195463407266e+13 7.82231856304122900e+15
2.03107971388718916e-02 5.23296940879197031e+13 7.87209537970677100e+15
2.03403202696112832e-02 5.25628356194347891e+13 7.92169649116516600e+15
2.03698434003506713e-02 5.27974388559854453e+13 7.97111526955097500e+15
2.03993665310900595e-02 5.30334983151660391e+13 8.02034496303599300e+15
2.04288896618294476e-02 5.32710083134033984e+13 8.06937869556378300e+15
2.04584127925688392e-02 5.35099629622838828e+13 8.11820946660727000e+15
2.04879359233082273e-02 5.37503561648766641e+13 8.16683015095120900e+15
2.05174590540476154e-02 5.39921816120500312e+13 8.21523349849975400e+15
2.05469821847870035e-02 5.42354327787795000e+13 8.26341213410974300e+15
2.05765053155263916e-02 5.44801029204573516e+13 8.31135855745196000e+15
2.06060284462657797e-02 5.47261850691927656e+13 8.35906514289942300e+15
2.06355515770051678e-02 5.49736720301111016e+13 8.40652413944487100e+15
2.06650747077445560e-02 5.52225563776536016e+13 8.45372767064836100e+15
2.06945978384839441e-02 5.54728304518710547e+13 8.50066773461478500e+15
2.07241209692233357e-02 5.57244863547228203e+13 8.54733620400384100e+15
2.07536440999627238e-02 5.59775159463716328e+13 8.59372482607178400e+15
2.07831672307021119e-02 5.62319108414821484e+13 8.63982522274691800e+15
2.08126903614415035e-02 5.64876624055255703e+13 8.68562889074003600e+15
2.08422134921808916e-02 5.67447617510811172e+13 8.73112720168911500e+15
2.08717366229202797e-02 5.70031997341488906e+13 8.77631140234133500e+15
2.09012597536596678e-02 5.72629669504627891e+13 8.82117261477142800e+15
2.09307828843990559e-02 5.75240537318169453e+13 8.86570183663924400e+15
2.09603060151384440e-02 5.77864501423950625e+13 8.90988994148563700e+15
2.09898291458778322e-02 5.80501459751102656e+13 8.95372767906869400e+15
2.10193522766172203e-02 5.83151307479573672e+13 8.99720567574129700e+15
2.10488754073566084e-02 5.85813937003758281e+13 9.04031443487060800e+15
2.10783985380960000e-02 5.88489237896239297e+13 9.08304433730026600e+15
2.11079216688353881e-02 5.91177096871711094e+13 9.12538564185718800e+15
2.11374447995747762e-02 5.93877397751001641e+13 9.16732848590243200e+15
2.11669679303141643e-02 5.96590021425348828e+13 9.20886288592928800e+15
2.11964910610535559e-02 5.99314845820773281e+13 9.24997873820696400e+15
2.12260141917929440e-02 6.02051748130170312e+13 9.29069915149947000e+15
2.12555373225323321e-02 6.04800626738982344e+13 9.33111428010537200e+15
2.12850604532717202e-02 6.07561392092457188e+13 9.37122278752912600e+15
2.13145835840111084e-02 6.10333952489054219e+13 9.41101668295886200e+15
2.13441067147504965e-02 6.13118213854853672e+13 9.45048788570766800e+15
2.13736298454898846e-02 6.15914079717008594e+13 9.48962822559277400e+15
2.14031529762292762e-02 6.18721451177432812e+13 9.52842944334710400e+15
2.14326761069686643e-02 6.21540226886558359e+13 9.56688319106112200e+15
2.14621992377080524e-02 6.24370303017208281e+13 9.60498103265607200e+15
2.14917223684474405e-02 6.27211573238668828e+13 9.64271444439032200e+15
2.15212454991868286e-02 6.30063928690876172e+13 9.68007481539793000e+15
2.15507686299262168e-02 6.32927257958778672e+13 9.71705344826079000e+15
2.15802917606656049e-02 6.35801447046860703e+13 9.75364155961451800e+15
2.16098148914049965e-02 6.38686379353887500e+13 9.78983028078944400e+15
2.16393380221443846e-02 6.41581935647801016e+13 9.82561065848597200e+15
2.16688611528837727e-02 6.44487994040836562e+13 9.86097365548582600e+15
2.16983842836231608e-02 6.47404429964883828e+13 9.89591015139990600e+15
2.17279074143625489e-02 6.50331116146994766e+13 9.93041094345161400e+15
2.17574305451019370e-02 6.53267922585249453e+13 9.96446674729934000e+15
2.17869536758413286e-02 6.56214716524738906e+13 9.99806819789468000e+15
2.18164768065807167e-02 6.59171362433888203e+13 1.00312058503802580e+16
2.18459999373201048e-02 6.62137721981073516e+13 1.00638701810267460e+16
2.18755230680594930e-02 6.65113654011409375e+13 1.00960515882075480e+16
2.19050461987988811e-02 6.68099014523951875e+13 1.01277403934152620e+16
2.19345693295382692e-02 6.71093656649139141e+13 1.01589268423175160e+16
2.19640924602776608e-02 6.74097430626564219e+13 1.01896011058539020e+16
2.19936155910170489e-02 6.77110183783075000e+13 1.02197532813743520e+16
2.20231387217564370e-02 6.80131760511243359e+13 1.02493733938197900e+16
2.20526618524958251e-02 6.83162002248137891e+13 1.02784513969444440e+16
2.20821849832352132e-02 6.86200747454524922e+13 1.03069771745819180e+16
2.21117081139746013e-02 6.89247831594381406e+13 1.03349405419536260e+16
2.21412312447139929e-02 6.92303087114873438e+13 1.03623312470221180e+16
2.21707543754533810e-02 6.95366343426670391e+13 1.03891389718876060e+16
2.22002775061927692e-02 6.98437426884748906e+13 1.04153533342302620e+16
2.22298006369321573e-02 7.01516160769555234e+13 1.04409638887965600e+16
2.22593237676715454e-02 7.04602365268682656e+13 1.04659601289321980e+16
2.22888468984109335e-02 7.07695857458936250e+13 1.04903314881599260e+16
2.23183700291503216e-02 7.10796451288972031e+13 1.05140673418052920e+16
2.23478931598897132e-02 7.13903957562291094e+13 1.05371570086671280e+16
2.23774162906291013e-02 7.17018183920851562e+13 1.05595897527369960e+16
2.24069394213684894e-02 7.20138934829131719e+13 1.05813547849651360e+16
2.24364625521078775e-02 7.23266011558734844e+13 1.06024412650744920e+16
2.24659856828472657e-02 7.26399212173534219e+13 1.06228383034228960e+16
2.24955088135866538e-02 7.29538331515399844e+13 1.06425349629141160e+16
2.25250319443260454e-02 7.32683161190458750e+13 1.06615202609571780e+16
2.25545550750654335e-02 7.35833489555966719e+13 1.06797831714751720e+16
2.25840782058048216e-02 7.38989101707754375e+13 1.06973126269630780e+16
2.26136013365442097e-02 7.42149779468350000e+13 1.07140975205961520e+16
2.26431244672835978e-02 7.45315301375633906e+13 1.07301267083867560e+16
2.26726475980229859e-02 7.48485442672230938e+13 1.07453890113927160e+16
2.27021707287623775e-02 7.51659975295501406e+13 1.07598732179750820e+16
2.27316938595017656e-02 7.54838667868251406e+13 1.07735680861071180e+16
2.27612169902411537e-02 7.58021285690071719e+13 1.07864623457330940e+16
2.27907401209805419e-02 7.61207590729453906e+13 1.07985447011789800e+16
2.28202632517199300e-02 7.64397341616565469e+13 1.08098038336132860e+16
2.28497863824593181e-02 7.67590293636795938e+13 1.08202284035595080e+16
2.28793095131987097e-02 7.70786198725022344e+13 1.08298070534593620e+16
2.29088326439380978e-02 7.73984805460681094e+13 1.08385284102878640e+16
2.29383557746774859e-02 7.77185859063576406e+13 1.08463810882191260e+16
2.29678789054168740e-02 7.80389101390493438e+13 1.08533536913436360e+16
2.29974020361562621e-02 7.83594270932653594e+13 1.08594348164373560e+16
2.30269251668956502e-02 7.86801102813950156e+13 1.08646130557814880e+16
2.30564482976350384e-02 7.90009328790041719e+13 1.08688770000338160e+16
2.30859714283744299e-02 7.93218677248333438e+13 1.08722152411516900e+16
2.31154945591138181e-02 7.96428873208750469e+13 1.08746163753650860e+16
2.31450176898532062e-02 7.99639638325479219e+13 1.08760690062017740e+16
2.31745408205925943e-02 8.02850690889582344e+13 1.08765617475630320e+16
2.32040639513319824e-02 8.06061746706760469e+13 1.08761015904542840e+16
2.32335870820713705e-02 8.09272540021471250e+13 1.08747955940749600e+16
2.32631102128107621e-02 8.12482824880471094e+13 1.08726556620238540e+16
2.32926333435501502e-02 8.15692353777337500e+13 1.08696729743468060e+16
2.33221564742895383e-02 8.18900876605107969e+13 1.08658387346855540e+16
2.33516796050289265e-02 8.22108140663681875e+13 1.08611441725637540e+16
2.33812027357683146e-02 8.25313890667691406e+13 1.08555805456993300e+16
2.34107258665077027e-02 8.28517868755258594e+13 1.08491391423482560e+16
2.34402489972470943e-02 8.31719814497307344e+13 1.08418112836750700e+16
2.34697721279864824e-02 8.34919464907661719e+13 1.08335883261527460e+16
2.34992952587258705e-02 8.38116554453805312e+13 1.08244616639898420e+16
2.35288183894652586e-02 8.41310815068399688e+13 1.08144227315858240e+16
2.35583415202046467e-02 8.44501976161505625e+13 1.08034630060133480e+16
2.35878646509440348e-02 8.47689764633580000e+13 1.07915740095280000e+16
2.36173877816834264e-02 8.50873904889129531e+13 1.07787473121034860e+16
2.36469109124228145e-02 8.54054118851230156e+13 1.07649745339944880e+16
2.36764340431622027e-02 8.57230125976747188e+13 1.07502473483245140e+16
2.37059571739015908e-02 8.60401643272298281e+13 1.07345574836988000e+16
2.37354803046409789e-02 8.63568385311034531e+13 1.07178967268426880e+16
2.37650034353803670e-02 8.66730064250222500e+13 1.07002569252646700e+16
2.37945265661197551e-02 8.69886389849548438e+13 1.06816299899425620e+16
2.38240496968591467e-02 8.73037069490262031e+13 1.06620078980337100e+16
2.38535728275985348e-02 8.76181808195129688e+13 1.06413826956081980e+16
2.38830959583379229e-02 8.79320308649186562e+13 1.06197465004043620e+16
2.39126190890773110e-02 8.82452271221279062e+13 1.05970915046058540e+16
2.39421422198166992e-02 8.85577393986500312e+13 1.05734099776408360e+16
2.39716653505560873e-02 8.88695372749354219e+13 1.05486942690006680e+16
2.40011884812954789e-02 8.91805901067886875e+13 1.05229368110802960e+16
2.40307116120348670e-02 8.94908670278488750e+13 1.04961301220360360e+16
2.40602347427742551e-02 8.98003369521734375e+13 1.04682668086644660e+16
2.40897578735136432e-02 9.01089685768901562e+13 1.04393395692974160e+16
2.41192810042530313e-02 9.04167303849470156e+13 1.04093411967158540e+16
2.41488041349924194e-02 9.07235906479438750e+13 1.03782645810800000e+16
2.41783272657318110e-02 9.10295174290463125e+13 1.03461027128749380e+16
2.42078503964711991e-02 9.13344785859970469e+13 1.03128486858727120e+16
2.42373735272105872e-02 9.16384417742059375e+13 1.02784957001079060e+16
2.42668966579499754e-02 9.19413744499325938e+13 1.02430370648674480e+16
2.42964197886893635e-02 9.22432438735541562e+13 1.02064662016929980e+16
2.43259429194287516e-02 9.25440171129252500e+13 1.01687766473958160e+16
2.43554660501681432e-02 9.28436610468269688e+13 1.01299620570828680e+16
2.43849891809075313e-02 9.31421423685035625e+13 1.00900162071931340e+16
2.44145123116469194e-02 9.34394275892828125e+13 1.00489329985427740e+16
2.44440354423863075e-02 9.37354830423090469e+13 1.00067064593813980e+16
2.44735585731256956e-02 9.40302748863319062e+13 9.96333074845222600e+15
2.45030817038650837e-02 9.43237691096169062e+13 9.91880015806247600e+15
2.45326048346044719e-02 9.46159315339300312e+13 9.87310911715768400e+15
2.45621279653438634e-02 9.49067278186165312e+13 9.82625219440125400e+15
2.45916510960832516e-02 9.51961234647712500e+13 9.77822410125790600e+15
2.46211742268226397e-02 9.54840838195008594e+13 9.72901969507998600e+15
2.46506973575620278e-02 9.57705740802778750e+13 9.67863398219567800e+15
2.46802204883014159e-02 9.60555592993823906e+13 9.62706212099754800e+15
2.47097436190408040e-02 9.63390043884384844e+13 9.57429942503113000e+15
2.47392667497801956e-02 9.66208741230376250e+13 9.52034136608166800e+15
2.47687898805195837e-02 9.69011331474594531e+13 9.46518357725896800e+15
2.47983130112589718e-02 9.71797459794792656e+13 9.40882185607814000e+15
2.48278361419983599e-02 9.74566770152652188e+13 9.35125216753546600e+15
2.48573592727377481e-02 9.77318905343710000e+13 9.29247064717875400e+15
2.48868824034771362e-02 9.80053507048134219e+13 9.23247360417005000e+15
2.49164055342165278e-02 9.82770215882453594e+13 9.17125752434051200e+15
2.49459286649559159e-02 9.85468671452150625e+13 9.10881907323540200e+15
2.49754517956953040e-02 9.88148512405195781e+13 9.04515509914874400e+15
2.50049749264346921e-02 9.90809376486411406e+13 8.98026263614541900e+15
2.50344980571740802e-02 9.93450900592762344e+13 8.91413890707032100e+15
2.50640211879134683e-02 9.96072720829566562e+13 8.84678132654335500e+15
2.50935443186528599e-02 9.98674472567518438e+13 8.77818750393796300e+15
2.51230674493922480e-02 1.00125579050064500e+14 8.70835524634310700e+15
2.51525905801316361e-02 1.00381630870511938e+14 8.63728256150666800e+15
2.51821137108710243e-02 1.00635566069889172e+14 8.56496766075872600e+15
2.52116368416104124e-02 1.00887347950227125e+14 8.49140896191452000e+15
2.52411599723498005e-02 1.01136939769926312e+14 8.41660509215416900e+15
2.52706831030891921e-02 1.01384304799182734e+14 8.34056658613999500e+15
2.53002062338285802e-02 1.01629407915656484e+14 8.26338820181096000e+15
2.53297293645679683e-02 1.01872215972449844e+14 8.18509132477641900e+15
2.53592524953073564e-02 1.02112695957779125e+14 8.10567663896242900e+15
2.53887756260467445e-02 1.02350814882895766e+14 8.02514502117965200e+15
2.54182987567861327e-02 1.02586539787808703e+14 7.94349754295944200e+15
2.54478218875255208e-02 1.02819837747056312e+14 7.86073547235845100e+15
2.54773450182649124e-02 1.03050675875537578e+14 7.77686027573163000e+15
2.55068681490043005e-02 1.03279021334392938e+14 7.69187361947195100e+15
2.55363912797436886e-02 1.03504841336930234e+14 7.60577737171557200e+15
2.55659144104830767e-02 1.03728103154612078e+14 7.51857360401279800e+15
2.55954375412224648e-02 1.03948774123084078e+14 7.43026459296234500e+15
2.56249606719618529e-02 1.04166821648246297e+14 7.34085282180820100e+15
2.56544838027012445e-02 1.04382213212385969e+14 7.25034098199948600e+15
2.56840069334406326e-02 1.04594916380337328e+14 7.15873197470991700e+15
2.57135300641800207e-02 1.04804898805706438e+14 7.06602891231868500e+15
2.57430531949194089e-02 1.05012128237118250e+14 6.97223511984882000e+15
2.57725763256587970e-02 1.05216572524519781e+14 6.87735413636454100e+15
2.58020994563981851e-02 1.05418199625519328e+14 6.78138971632523700e+15
2.58316225871375767e-02 1.05616977611762062e+14 6.68434583089528200e+15
2.58611457178769648e-02 1.05812874675351922e+14 6.58622666920942900e+15
2.58906688486163529e-02 1.06005859135300312e+14 6.48703663959158700e+15
2.59201919793557410e-02 1.06195899444016984e+14 6.38678037072717100e+15
2.59497151100951291e-02 1.06382964193829500e+14 6.28546271278721200e+15
2.59792382408345172e-02 1.06567022123541891e+14 6.18308873850408100e+15
2.60087613715739088e-02 1.06748042125022219e+14 6.07966374419726800e+15
2.60382845023132969e-02 1.06925993249808969e+14 5.97519325074783000e+15
2.60678076330526851e-02 1.07100844715764406e+14 5.86968300452229700e+15
2.60973307637920732e-02 1.07272565913743078e+14 5.76313897824329200e+15
2.61268538945314613e-02 1.07441126414276953e+14 5.65556737180623000e+15
2.61563770252708494e-02 1.07606495974309500e+14 5.54697461304299800e+15
2.61859001560102375e-02 1.07768644543922078e+14 5.43736735842869800e+15
2.62154232867496291e-02 1.07927542273100797e+14 5.32675249373329800e+15
2.62449464174890172e-02 1.08083159518514859e+14 5.21513713461581800e+15
2.62744695482284053e-02 1.08235466850307938e+14 5.10252862716034800e+15
2.63039926789677934e-02 1.08384435058909688e+14 4.98893454835354800e+15
2.63335158097071816e-02 1.08530035161865219e+14 4.87436270650266600e+15
2.63630389404465697e-02 1.08672238410659078e+14 4.75882114159226700e+15
2.63925620711859613e-02 1.08811016297564156e+14 4.64231812558036700e+15
2.64220852019253494e-02 1.08946340562500094e+14 4.52486216263250300e+15
2.64516083326647375e-02 1.09078183199882203e+14 4.40646198929217150e+15
2.64811314634041256e-02 1.09206516465487562e+14 4.28712657458818350e+15
2.65106545941435137e-02 1.09331312883323375e+14 4.16686512007753050e+15
2.65401777248829018e-02 1.09452545252482500e+14 4.04568705982250900e+15
2.65697008556222934e-02 1.09570186654014281e+14 3.92360206030261200e+15
2.65992239863616815e-02 1.09684210457782625e+14 3.80062002025938900e+15
2.66287471171010696e-02 1.09794590329318359e+14 3.67675107047397250e+15
2.66582702478404578e-02 1.09901300236667297e+14 3.55200557347671300e+15
2.66877933785798459e-02 1.10004314457223859e+14 3.42639412318796150e+15
2.67173165093192340e-02 1.10103607584562578e+14 3.29992754448987650e+15
2.67468396400586256e-02 1.10199154535241016e+14 3.17261689272779450e+15
2.67763627707980137e-02 1.10290930555604906e+14 3.04447345314166450e+15
2.68058859015374018e-02 1.10378911228559906e+14 2.91550874022588250e+15
2.68354090322767899e-02 1.10463072480327875e+14 2.78573449701763300e+15
2.68649321630161780e-02 1.10543390587188391e+14 2.65516269431322850e+15
2.68944552937555661e-02 1.10619842182190406e+14 2.52380552981158150e+15
2.69239784244949543e-02 1.10692404261831281e+14 2.39167542718435900e+15
2.69535015552343458e-02 1.10761054192721453e+14 2.25878503507280900e+15
2.69830246859737340e-02 1.10825769718201875e+14 2.12514722601014650e+15
2.70125478167131221e-02 1.10886528964945047e+14 1.99077509526977300e+15
2.70420709474525102e-02 1.10943310449508328e+14 1.85568195963836675e+15
2.70715940781918983e-02 1.10996093084861047e+14 1.71988135611388975e+15
2.71011172089312864e-02 1.11044856186853000e+14 1.58338704052772075e+15
2.71306403396706780e-02 1.11089579480667219e+14 1.44621298609129575e+15
2.71601634704100661e-02 1.11130243107209094e+14 1.30837338186625125e+15
2.71896866011494542e-02 1.11166827629453734e+14 1.16988263115821100e+15
2.72192097318888424e-02 1.11199314038753688e+14 1.03075534983400900e+15
2.72487328626282305e-02 1.11227683761077469e+14 8.91006364561851500e+14
2.72782559933676186e-02 1.11251918663217281e+14 7.50650710974666000e+14
2.73077791241070102e-02 1.11272001058923891e+14 6.09703631756110500e+14
2.73373022548463983e-02 1.11287913714991812e+14 4.68180574649381625e+14
2.73668253855857864e-02 1.11299639857284516e+14 3.26097190388635875e+14
2.73963485163251745e-02 1.11307163176690359e+14 1.83469330552990156e+14
2.74258716470645626e-02 1.11310467879034375e+14 4.03211880924066875e+13
2.74553947778039507e-02 1.11309539458702969e+14 -1.03290624730290891e+14
2.74849179085433423e-02 1.11304364606386172e+14 -2.47344195286076469e+14
2.75144410392827304e-02 1.11294930524586297e+14 -3.91822927114037312e+14
2.75439641700221186e-02 1.11281224908274359e+14 -5.36710055630392750e+14
2.75734873007615067e-02 1.11263235949808688e+14 -6.81988650854188500e+14
2.76030104315008948e-02 1.11240952343785656e+14 -8.27641620201262500e+14
2.76325335622402829e-02 1.11214363291789438e+14 -9.73651711345992750e+14
2.76620566929796710e-02 1.11183458507070547e+14 -1.12000151515061350e+15
2.76915798237190626e-02 1.11148228219130531e+14 -1.26667346866157650e+15
2.77211029544584507e-02 1.11108663178215703e+14 -1.41364985817254075e+15
2.77506260851978388e-02 1.11064754659724188e+14 -1.56091282235357700e+15
2.77801492159372269e-02 1.11016494468517156e+14 -1.70844435544603700e+15
2.78096723466766151e-02 1.10963874943131828e+14 -1.85622631052251500e+15
2.78391954774160032e-02 1.10906888959904906e+14 -2.00424040281150650e+15
2.78687186081553948e-02 1.10845529936989984e+14 -2.15246821308596550e+15
2.78982417388947829e-02 1.10779791838273953e+14 -2.30089119111520550e+15
2.79277648696341710e-02 1.10709669177199141e+14 -2.44949065917969250e+15
2.79572880003735591e-02 1.10635157020465188e+14 -2.59824781564753200e+15
2.79868111311129472e-02 1.10556250991643906e+14 -2.74714373861269200e+15
2.80163342618523353e-02 1.10472947274668719e+14 -2.89615938959340650e+15
2.80458573925917269e-02 1.10385242617225625e+14 -3.04527561729062300e+15
2.80753805233311150e-02 1.10293134334022281e+14 -3.19447316140516200e+15
2.81049036540705031e-02 1.10196620309955234e+14 -3.34373265651332200e+15
2.81344267848098913e-02 1.10095699003148531e+14 -3.49303463599934250e+15
2.81639499155492794e-02 1.09990369447891094e+14 -3.64235953604469350e+15
2.81934730462886675e-02 1.09880631257438328e+14 -3.79168769967224300e+15
2.82229961770280591e-02 1.09766484626707484e+14 -3.94099938084529700e+15
2.82525193077674472e-02 1.09647930334844297e+14 -4.09027474861987800e+15
2.82820424385068353e-02 1.09524969747667750e+14 -4.23949389134946200e+15
2.83115655692462234e-02 1.09397604819989969e+14 -4.38863682094107750e+15
2.83410886999856115e-02 1.09265838097811281e+14 -4.53768347716174500e+15
2.83706118307249996e-02 1.09129672720381172e+14 -4.68661373199380400e+15
2.84001349614643878e-02 1.08989112422138500e+14 -4.83540739403860900e+15
2.84296580922037793e-02 1.08844161534518625e+14 -4.98404421296696000e+15
2.84591812229431675e-02 1.08694824987621641e+14 -5.13250388401485200e+15
2.84887043536825556e-02 1.08541108311757875e+14 -5.28076605252410100e+15
2.85182274844219437e-02 1.08383017638850297e+14 -5.42881031852568800e+15
2.85477506151613318e-02 1.08220559703704875e+14 -5.57661624136515900e+15
2.85772737459007199e-02 1.08053741845142859e+14 -5.72416334436845500e+15
2.86067968766401115e-02 1.07882572006994969e+14 -5.87143111954694300e+15
2.86363200073794996e-02 1.07707058738955875e+14 -6.01839903234024100e+15
2.86658431381188877e-02 1.07527211197297500e+14 -6.16504652639537500e+15
2.86953662688582758e-02 1.07343039145442922e+14 -6.31135302838104900e+15
2.87248893995976640e-02 1.07154552954396172e+14 -6.45729795283534500e+15
2.87544125303370521e-02 1.06961763603025375e+14 -6.60286070704528000e+15
2.87839356610764437e-02 1.06764682678211234e+14 -6.74802069595748700e+15
2.88134587918158318e-02 1.06563322374833406e+14 -6.89275732711688000e+15
2.88429819225552199e-02 1.06357695495627406e+14 -7.03705001563381300e+15
2.88725050532946080e-02 1.06147815450888312e+14 -7.18087818917674200e+15
2.89020281840339961e-02 1.05933696258021562e+14 -7.32422129298884600e+15
2.89315513147733842e-02 1.05715352540954172e+14 -7.46705879492787900e+15
2.89610744455127758e-02 1.05492799529384984e+14 -7.60937019052623900e+15
2.89905975762521639e-02 1.05266053057905453e+14 -7.75113500807182500e+15
2.90201207069915521e-02 1.05035129564945344e+14 -7.89233281370480500e+15
2.90496438377309402e-02 1.04800046091582797e+14 -8.03294321653144000e+15
2.90791669684703283e-02 1.04560820280204656e+14 -8.17294587375225800e+15
2.91086900992097164e-02 1.04317470373009938e+14 -8.31232049580240500e+15
2.91382132299491045e-02 1.04070015210353297e+14 -8.45104685150205600e+15
2.91677363606884961e-02 1.03818474228957031e+14 -8.58910477321746200e+15
2.91972594914278842e-02 1.03562867459952000e+14 -8.72647416202771100e+15
2.92267826221672723e-02 1.03303215526774250e+14 -8.86313499289752600e+15
2.92563057529066604e-02 1.03039539642906469e+14 -8.99906731985343400e+15
2.92858288836460486e-02 1.02771861609468891e+14 -9.13425128116183200e+15
2.93153520143854367e-02 1.02500203812655812e+14 -9.26866710450681600e+15
2.93448751451248283e-02 1.02224589221017891e+14 -9.40229511216589200e+15
2.93743982758642164e-02 1.01945041382593016e+14 -9.53511572618191400e+15
2.94039214066036045e-02 1.01661584421886172e+14 -9.66710947352943400e+15
2.94334445373429926e-02 1.01374243036695266e+14 -9.79825699127324000e+15
2.94629676680823807e-02 1.01083042494782125e+14 -9.92853903171709800e+15
2.94924907988217688e-02 1.00788008630400047e+14 -1.00579364675418300e+16
2.95220139295611604e-02 1.00489167840656375e+14 -1.01864302969286480e+16
2.95515370603005485e-02 1.00186547081739062e+14 -1.03140016486687120e+16
2.95810601910399366e-02 9.98801738649825781e+13 -1.04406317872543680e+16
2.96105833217793248e-02 9.95700762527851719e+13 -1.05663021179513620e+16
2.96401064525187129e-02 9.92562828543790156e+13 -1.06909941918501400e+16
2.96696295832581010e-02 9.89388227267161406e+13 -1.08147006809501100e+16
2.96991527139974926e-02 9.86177249173940469e+13 -1.09374205809770200e+16
2.97286758447368807e-02 9.82930188188530625e+13 -1.10591357488745920e+16
2.97581989754762688e-02 9.79647343630611094e+13 -1.11798279793234360e+16
2.97877221062156569e-02 9.76329020171020469e+13 -1.12994792276277340e+16
2.98172452369550450e-02 9.72975527783677344e+13 -1.14180716147856540e+16
2.98467683676944331e-02 9.69587181695772812e+13 -1.15355874325273900e+16
2.98762914984338213e-02 9.66164302336782656e+13 -1.16520091483251320e+16
2.99058146291732128e-02 9.62707215285779531e+13 -1.17673194103667200e+16
2.99353377599126010e-02 9.59216251217308594e+13 -1.18815010524938500e+16
2.99648608906519891e-02 9.55691745845914219e+13 -1.19945370991038440e+16
2.99943840213913772e-02 9.52134039869149375e+13 -1.21064107700107420e+16
3.00239071521307653e-02 9.48543478909169844e+13 -1.22171054852648180e+16
3.00534302828701534e-02 9.44920413452885625e+13 -1.23266048699279380e+16
3.00829534136095450e-02 9.41265198790749219e+13 -1.24348927588036840e+16
3.01124765443489331e-02 9.37578194954173906e+13 -1.25419532011199620e+16
3.01419996750883212e-02 9.33859766651517500e+13 -1.26477704651610540e+16
3.01715228058277093e-02 9.30110283202712500e+13 -1.27523290428480320e+16
3.02010459365670975e-02 9.26330118472585781e+13 -1.28556136542659020e+16
3.02305690673064856e-02 9.22519650802874531e+13 -1.29576092521354520e+16
3.02600921980458772e-02 9.18679262942827344e+13 -1.30583010262260940e+16
3.02896153287852653e-02 9.14809341978633750e+13 -1.31576744077108800e+16
3.03191384595246534e-02 9.10910279261480625e+13 -1.32557150734587500e+16
3.03486615902640415e-02 9.06982470334401406e+13 -1.33524089502641580e+16
3.03781847210034296e-02 9.03026314857868438e+13 -1.34477422190112980e+16
3.04077078517428177e-02 8.99042216534196562e+13 -1.35417013187716820e+16
3.04372309824822093e-02 8.95030583030689062e+13 -1.36342729508320340e+16
3.04667541132215974e-02 8.90991825901645156e+13 -1.37254440826520280e+16
3.04962772439609855e-02 8.86926360509220000e+13 -1.38152019517497580e+16
3.05258003747003737e-02 8.82834605943112344e+13 -1.39035340695123520e+16
3.05553235054397618e-02 8.78716984939169219e+13 -1.39904282249310740e+16
3.05848466361791499e-02 8.74573923796867344e+13 -1.40758724882582020e+16
3.06143697669185380e-02 8.70405852295771094e+13 -1.41598552145852080e+16
3.06438928976579296e-02 8.66213203610902812e+13 -1.42423650473390980e+16
3.06734160283973177e-02 8.61996414227116719e+13 -1.43233909216965160e+16
3.07029391591367058e-02 8.57755923852477812e+13 -1.44029220679134200e+16
3.07324622898760939e-02 8.53492175330646250e+13 -1.44809480145684960e+16
3.07619854206154821e-02 8.49205614552359375e+13 -1.45574585917198140e+16
3.07915085513548702e-02 8.44896690365964062e+13 -1.46324439339719720e+16
3.08210316820942617e-02 8.40565854487015938e+13 -1.47058944834520500e+16
3.08505548128336499e-02 8.36213561407162031e+13 -1.47778009926962900e+16
3.08800779435730380e-02 8.31840268301983438e+13 -1.48481545274398460e+16
3.09096010743124261e-02 8.27446434938192969e+13 -1.49169464693147880e+16
3.09391242050518142e-02 8.23032523579945938e+13 -1.49841685184501640e+16
3.09686473357912023e-02 8.18598998894472031e+13 -1.50498126959760560e+16
3.09981704665305939e-02 8.14146327856896875e+13 -1.51138713464274400e+16
3.10276935972699820e-02 8.09674979654495000e+13 -1.51763371400505480e+16
3.10572167280093701e-02 8.05185425590155625e+13 -1.52372030750059420e+16
3.10867398587487583e-02 8.00678138985230625e+13 -1.52964624794697060e+16
3.11162629894881464e-02 7.96153595081886094e+13 -1.53541090136334280e+16
3.11457861202275345e-02 7.91612270944719375e+13 -1.54101366715967860e+16
3.11753092509669261e-02 7.87054645361962656e+13 -1.54645397831572740e+16
3.12048323817063142e-02 7.82481198746107344e+13 -1.55173130154922760e+16
3.12343555124457023e-02 7.77892413034046250e+13 -1.55684513747338520e+16
3.12638786431850904e-02 7.73288771586827031e+13 -1.56179502074365420e+16
3.12934017739244785e-02 7.68670759088900312e+13 -1.56658052019344560e+16
3.13229249046638666e-02 7.64038861447054062e+13 -1.57120123895899460e+16
3.13524480354032548e-02 7.59393565688975781e+13 -1.57565681459313820e+16
3.13819711661426498e-02 7.54735359861448750e+13 -1.57994691916787160e+16
3.14114942968820310e-02 7.50064732928378438e+13 -1.58407125936596200e+16
3.14410174276214260e-02 7.45382174668403438e+13 -1.58802957656097200e+16
3.14705405583608072e-02 7.40688175572421719e+13 -1.59182164688626700e+16
3.15000636891002023e-02 7.35983226740890625e+13 -1.59544728129258700e+16
3.15295868198395834e-02 7.31267819780935781e+13 -1.59890632559413820e+16
3.15591099505789785e-02 7.26542446703371406e+13 -1.60219866050331240e+16
3.15886330813183666e-02 7.21807599819643750e+13 -1.60532420165395300e+16
3.16181562120577547e-02 7.17063771638719219e+13 -1.60828289961311400e+16
3.16476793427971428e-02 7.12311454763932031e+13 -1.61107473988123840e+16
3.16772024735365310e-02 7.07551141789863750e+13 -1.61369974288082720e+16
3.17067256042759191e-02 7.02783325199271406e+13 -1.61615796393354140e+16
3.17362487350153072e-02 6.98008497260147031e+13 -1.61844949322585080e+16
3.17657718657547022e-02 6.93227149922768125e+13 -1.62057445576280900e+16
3.17952949964940834e-02 6.88439774717052344e+13 -1.62253301131060980e+16
3.18248181272334785e-02 6.83646862649996250e+13 -1.62432535432734800e+16
3.18543412579728596e-02 6.78848904103404062e+13 -1.62595171388238500e+16
3.18838643887122547e-02 6.74046388731803750e+13 -1.62741235356402900e+16
3.19133875194516428e-02 6.69239805360684844e+13 -1.62870757137577520e+16
3.19429106501910309e-02 6.64429641885096484e+13 -1.62983769962116820e+16
3.19724337809304190e-02 6.59616384875915234e+13 -1.63080378117496260e+16
3.20019569116698072e-02 6.54800510717596719e+13 -1.63161138143696780e+16
3.20314800424091953e-02 6.49982484291075859e+13 -1.63226184383015380e+16
3.20610031731485834e-02 6.45162769136930781e+13 -1.63275543109762740e+16
3.20905263038879784e-02 6.40341827970583203e+13 -1.63309243948091620e+16
3.21200494346273596e-02 6.35520122583509375e+13 -1.63327319863671140e+16
3.21495725653667547e-02 6.30698113744713594e+13 -1.63329807154195160e+16
3.21790956961061358e-02 6.25876261102533438e+13 -1.63316745438734660e+16
3.22086188268455309e-02 6.21055023086738438e+13 -1.63288177645917980e+16
3.22381419575849121e-02 6.16234856811016562e+13 -1.63244150000955940e+16
3.22676650883243071e-02 6.11416217975841875e+13 -1.63184712011505520e+16
3.22971882190636952e-02 6.06599560771823516e+13 -1.63109916452391900e+16
3.23267113498030834e-02 6.01785337783437188e+13 -1.63019819349158780e+16
3.23562344805424715e-02 5.96973999893359453e+13 -1.62914479960501160e+16
3.23857576112818596e-02 5.92165996187254531e+13 -1.62793960759536660e+16
3.24152807420212477e-02 5.87361773859183750e+13 -1.62658327413957580e+16
3.24448038727606358e-02 5.82561778117590469e+13 -1.62507648765049740e+16
3.24743270035000309e-02 5.77766452091930703e+13 -1.62341996805593920e+16
3.25038501342394121e-02 5.72976236739969766e+13 -1.62161446656654640e+16
3.25333732649788071e-02 5.68191570755791016e+13 -1.61966076543268700e+16
3.25628963957181883e-02 5.63412890478509766e+13 -1.61755967769030180e+16
3.25924195264575833e-02 5.58640629801796797e+13 -1.61531204689602640e+16
3.26219426571969645e-02 5.53875220084148359e+13 -1.61291874685140760e+16
3.26514657879363596e-02 5.49117090060055156e+13 -1.61038068131667040e+16
3.26809889186757477e-02 5.44366665751937812e+13 -1.60769878371366740e+16
3.27105120494151358e-02 5.39624370383078047e+13 -1.60487401681870700e+16
3.27400351801545239e-02 5.34890624291369453e+13 -1.60190737244477520e+16
3.27695583108939120e-02 5.30165844844138750e+13 -1.59879987111392640e+16
3.27990814416333001e-02 5.25450446353815156e+13 -1.59555256171922680e+16
3.28286045723726883e-02 5.20744839994730703e+13 -1.59216652117714620e+16
3.28581277031120833e-02 5.16049433720890625e+13 -1.58864285406996860e+16
3.28876508338514645e-02 5.11364632184844453e+13 -1.58498269227867420e+16
3.29171739645908595e-02 5.06690836657626953e+13 -1.58118719460626660e+16
3.29466970953302407e-02 5.02028444949874062e+13 -1.57725754639194740e+16
3.29762202260696358e-02 4.97377851334021172e+13 -1.57319495911591400e+16
3.30057433568090169e-02 4.92739446467756875e+13 -1.56900066999542120e+16
3.30352664875484120e-02 4.88113617318635234e+13 -1.56467594157187760e+16
3.30647896182878001e-02 4.83500747089909062e+13 -1.56022206128927380e+16
3.30943127490271882e-02 4.78901215147679922e+13 -1.55564034106435340e+16
3.31238358797665763e-02 4.74315396949271172e+13 -1.55093211684832180e+16
3.31533590105059645e-02 4.69743663972914219e+13 -1.54609874818050400e+16
3.31828821412453526e-02 4.65186383648811250e+13 -1.54114161773426860e+16
3.32124052719847407e-02 4.60643919291487344e+13 -1.53606213085506240e+16
3.32419284027241357e-02 4.56116630033556953e+13 -1.53086171509108640e+16
3.32714515334635169e-02 4.51604870760877734e+13 -1.52554181971666420e+16
3.33009746642029120e-02 4.47108992049118594e+13 -1.52010391524853020e+16
3.33304977949422931e-02 4.42629340101771484e+13 -1.51454949295528000e+16
3.33600209256816882e-02 4.38166256689612812e+13 -1.50888006436015040e+16
3.33895440564210763e-02 4.33720079091637969e+13 -1.50309716073736760e+16
3.34190671871604644e-02 4.29291140037533984e+13 -1.49720233260244520e+16
3.34485903178998525e-02 4.24879767651589688e+13 -1.49119714919624740e+16
3.34781134486392407e-02 4.20486285398218125e+13 -1.48508319796359840e+16
3.35076365793786288e-02 4.16111012028971016e+13 -1.47886208402618620e+16
3.35371597101180169e-02 4.11754261531123750e+13 -1.47253542965022640e+16
3.35666828408574119e-02 4.07416343077890078e+13 -1.46610487370926900e+16
3.35962059715967931e-02 4.03097560980150859e+13 -1.45957207114193440e+16
3.36257291023361882e-02 3.98798214639850703e+13 -1.45293869240531820e+16
3.36552522330755693e-02 3.94518598504995391e+13 -1.44620642292402600e+16
3.36847753638149644e-02 3.90259002026276250e+13 -1.43937696253513080e+16
3.37142984945543456e-02 3.86019709615338281e+13 -1.43245202492932480e+16
3.37438216252937406e-02 3.81801000604728672e+13 -1.42543333708861300e+16
3.37733447560331287e-02 3.77603149209467812e+13 -1.41832263872054680e+16
3.38028678867725169e-02 3.73426424490335469e+13 -1.41112168168956480e+16
3.38323910175119050e-02 3.69271090318814062e+13 -1.40383222944544540e+16
3.38619141482512931e-02 3.65137405343731250e+13 -1.39645605644925980e+16
3.38914372789906812e-02 3.61025622959611328e+13 -1.38899494759709100e+16
3.39209604097300693e-02 3.56935991276708359e+13 -1.38145069764165240e+16
3.39504835404694644e-02 3.52868753092768516e+13 -1.37382511061222580e+16
3.39800066712088455e-02 3.48824145866499883e+13 -1.36611999923307440e+16
3.40095298019482406e-02 3.44802401692769219e+13 -1.35833718434065880e+16
3.40390529326876218e-02 3.40803747279499492e+13 -1.35047849429979500e+16
3.40685760634270168e-02 3.36828403926318008e+13 -1.34254576441920620e+16
3.40980991941663980e-02 3.32876587504915352e+13 -1.33454083636656340e+16
3.41276223249057931e-02 3.28948508441127227e+13 -1.32646555758332400e+16
3.41571454556451812e-02 3.25044371698774648e+13 -1.31832178069976480e+16
3.41866685863845693e-02 3.21164376765189062e+13 -1.31011136295018500e+16
3.42161917171239574e-02 3.17308717638479297e+13 -1.30183616558876480e+16
3.42457148478633455e-02 3.13477582816543984e+13 -1.29349805330637240e+16
3.42752379786027336e-02 3.09671155287761641e+13 -1.28509889364830200e+16
3.43047611093421217e-02 3.05889612523444336e+13 -1.27664055643357840e+16
3.43342842400815168e-02 3.02133126471967188e+13 -1.26812491317573140e+16
3.43638073708208980e-02 2.98401863501765039e+13 -1.25955403795300880e+16
3.43933305015602930e-02 2.94695979050611133e+13 -1.25093367964440460e+16
3.44228536322996742e-02 2.91015613386609531e+13 -1.24226698601279420e+16
3.44523767630390693e-02 2.87360900949549648e+13 -1.23355555416758700e+16
3.44818998937784504e-02 2.83731971458343086e+13 -1.22480098500220160e+16
3.45114230245178455e-02 2.80128949900614961e+13 -1.21600488267810400e+16
3.45409461552572336e-02 2.76551956523800117e+13 -1.20716885410871460e+16
3.45704692859966217e-02 2.73001106827815898e+13 -1.19829450844373660e+16
3.45999924167360098e-02 2.69476511559183281e+13 -1.18938345655358180e+16
3.46295155474753980e-02 2.65978276706723750e+13 -1.18043731051471580e+16
3.46590386782147861e-02 2.62506503498764727e+13 -1.17145768309586740e+16
3.46885618089541742e-02 2.59061288401835977e+13 -1.16244618724528040e+16
3.47180849396935692e-02 2.55642723120905938e+13 -1.15340443557949000e+16
3.47476080704329504e-02 2.52250894601114688e+13 -1.14433403987367620e+16
3.47771312011723455e-02 2.48885885030998672e+13 -1.13523661055384640e+16
3.48066543319117266e-02 2.45547771847228398e+13 -1.12611375619119860e+16
3.48361774626511217e-02 2.42236627740826094e+13 -1.11696708299878400e+16
3.48657005933905098e-02 2.38952520664871680e+13 -1.10779819433077400e+16
3.48952237241298979e-02 2.35695513843666172e+13 -1.09860869018445960e+16
3.49247468548692860e-02 2.32465665783388086e+13 -1.08940016670541680e+16
3.49542699856086742e-02 2.29263030284184570e+13 -1.08017421569584080e+16
3.49837931163480623e-02 2.26087656453716719e+13 -1.07093242412641480e+16
3.50133162470874504e-02 2.22939588722138203e+13 -1.06167637365188480e+16
3.50428393778268454e-02 2.19818866858503711e+13 -1.05240764013060880e+16
3.50723625085662266e-02 2.16725525988580508e+13 -1.04312779314821960e+16
3.51018856393056217e-02 2.13659596614072891e+13 -1.03383839554573500e+16
3.51314087700450028e-02 2.10621104633216055e+13 -1.02454100295217760e+16
3.51609319007843979e-02 2.07610071362757852e+13 -1.01523716332207660e+16
3.51904550315237791e-02 2.04626513561295547e+13 -1.00592841647796780e+16
3.52199781622631741e-02 2.01670443453946367e+13 -9.96616293658070000e+15
3.52495012930025622e-02 1.98741868758351562e+13 -9.87302317069410400e+15
3.52790244237419504e-02 1.95840792712005547e+13 -9.77987999446645000e+15
3.53085475544813385e-02 1.92967214100844336e+13 -9.68674843616515800e+15
3.53380706852207266e-02 1.90121127289151133e+13 -9.59364342068521000e+15
3.53675938159601147e-02 1.87302522250692930e+13 -9.50057976531635800e+15
3.53971169466995028e-02 1.84511384601101406e+13 -9.40757217557435400e+15
3.54266400774388979e-02 1.81747695631489297e+13 -9.31463524109844200e+15
3.54561632081782790e-02 1.79011432343253047e+13 -9.22178343161541000e+15
3.54856863389176741e-02 1.76302567484064219e+13 -9.12903109297305000e+15
3.55152094696570553e-02 1.73621069585011387e+13 -9.03639244324375200e+15
3.55447326003964503e-02 1.70966902998901562e+13 -8.94388156890147400e+15
3.55742557311358315e-02 1.68340027939660586e+13 -8.85151242107157100e+15
3.56037788618752266e-02 1.65740400522837773e+13 -8.75929881185646900e+15
3.56333019926146147e-02 1.63167972807182852e+13 -8.66725441073815600e+15
3.56628251233540028e-02 1.60622692837271680e+13 -8.57539274105888600e+15
3.56923482540933909e-02 1.58104504687164980e+13 -8.48372717658188000e+15
3.57218713848327790e-02 1.55613348505062559e+13 -8.39227093813260000e+15
3.57513945155721671e-02 1.53149160558945449e+13 -8.30103709032279500e+15
3.57809176463115552e-02 1.50711873283161797e+13 -8.21003853835742500e+15
3.58104407770509503e-02 1.48301415325954648e+13 -8.11928802492694300e+15
3.58399639077903315e-02 1.45917711597892109e+13 -8.02879812718522000e+15
3.58694870385297265e-02 1.43560683321164375e+13 -7.93858125381368400e+15
3.58990101692691077e-02 1.41230248079757090e+13 -7.84864964217452300e+15
3.59285333000085028e-02 1.38926319870428789e+13 -7.75901535555150800e+15
3.59580564307478839e-02 1.36648809154508027e+13 -7.66969028048149800e+15
3.59875795614872790e-02 1.34397622910451543e+13 -7.58068612417580700e+15
3.60171026922266671e-02 1.32172664687162441e+13 -7.49201441203362000e+15
3.60466258229660552e-02 1.29973834658015898e+13 -7.40368648524673300e+15
3.60761489537054433e-02 1.27801029675591680e+13 -7.31571349849784600e+15
3.61056720844448314e-02 1.25654143327059375e+13 -7.22810641775147200e+15
3.61351952151842196e-02 1.23533065990214199e+13 -7.14087601813947300e+15
3.61647183459236077e-02 1.21437684890113398e+13 -7.05403288194049600e+15
3.61942414766630027e-02 1.19367884156299609e+13 -6.96758739665450400e+15
3.62237646074023839e-02 1.17323544880582305e+13 -6.88154975317281100e+15
3.62532877381417790e-02 1.15304545175332930e+13 -6.79592994404294000e+15
3.62828108688811601e-02 1.13310760232294297e+13 -6.71073776183031000e+15
3.63123339996205552e-02 1.11342062381851270e+13 -6.62598279757546900e+15
3.63418571303599433e-02 1.09398321152736914e+13 -6.54167443934720500e+15
3.63713802610993314e-02 1.07479403332160117e+13 -6.45782187089245900e+15
3.64009033918387195e-02 1.05585173026320879e+13 -6.37443407038279000e+15
3.64304265225781077e-02 1.03715491721270488e+13 -6.29151980925648100e+15
3.64599496533174958e-02 1.01870218344105059e+13 -6.20908765115723200e+15
3.64894727840568839e-02 1.00049209324457539e+13 -6.12714595096891100e+15
3.65189959147962789e-02 9.82523186562641211e+12 -6.04570285394644600e+15
3.65485190455356601e-02 9.64793979597664844e+12 -5.96476629494196000e+15
3.65780421762750552e-02 9.47302965437332812e+12 -5.88434399772657200e+15
3.66075653070144363e-02 9.30048614678662109e+12 -5.80444347440709300e+15
3.66370884377538314e-02 9.13029376053617773e+12 -5.72507202493715000e+15
3.66666115684932126e-02 8.96243677056120703e+12 -5.64623673672297000e+15
3.66961346992326076e-02 8.79689924569964844e+12 -5.56794448432203300e+15
3.67256578299719957e-02 8.63366505497548535e+12 -5.49020192923513200e+15
3.67551809607113839e-02 8.47271787389120312e+12 -5.41301551979108000e+15
3.67847040914507720e-02 8.31404119072164844e+12 -5.33639149112272500e+15
3.68142272221901601e-02 8.15761831280688379e+12 -5.26033586523371400e+15
3.68437503529295482e-02 8.00343236613597852e+12 -5.18485619810301500e+15
3.68732734836689363e-02 7.85146603591943262e+12 -5.10997453955425000e+15
3.69027966144083314e-02 7.70170150877723438e+12 -5.03569896483802900e+15
3.69323197451477125e-02 7.55412083900011719e+12 -4.96203298644645800e+15
3.69618428758871076e-02 7.40870597938531543e+12 -4.88897996730300400e+15
3.69913660066264888e-02 7.26543878565985645e+12 -4.81654312031614400e+15
3.70208891373658838e-02 7.12430102091450781e+12 -4.74472550800557000e+15
3.70504122681052650e-02 6.98527436004874902e+12 -4.67353004220236700e+15
3.70799353988446601e-02 6.84834039422299707e+12 -4.60295948382182400e+15
3.71094585295840412e-02 6.71348063531640527e+12 -4.53301644270883400e+15
3.71389816603234363e-02 6.58067652038866211e+12 -4.46370337755592450e+15
3.71685047910628313e-02 6.44990941614258691e+12 -4.39502259589276000e+15
3.71980279218022125e-02 6.32116062338610156e+12 -4.32697625414710400e+15
3.72275510525416076e-02 6.19441138149161523e+12 -4.25956635777688750e+15
3.72570741832809887e-02 6.06964287285044531e+12 -4.19279476147258000e+15
3.72865973140203838e-02 5.94683622731976855e+12 -4.12666316942901150e+15
3.73161204447597650e-02 5.82597252666116016e+12 -4.06117313568677800e+15
3.73456435754991600e-02 5.70703280896754395e+12 -3.99632606454175350e+15
3.73751667062385412e-02 5.58999807307727246e+12 -3.93212321102252650e+15
3.74046898369779363e-02 5.47484928297320508e+12 -3.86856568143490100e+15
3.74342129677173174e-02 5.36156737216450488e+12 -3.80565443397246250e+15
3.74637360984567125e-02 5.25013324804960742e+12 -3.74339027939266950e+15
3.74932592291960937e-02 5.14052779625820898e+12 -3.68177388175743400e+15
3.75227823599354887e-02 5.03273188497038477e+12 -3.62080575923729650e+15
3.75523054906748838e-02 4.92672636921135156e+12 -3.56048628497855050e+15
3.75818286214142649e-02 4.82249209511910645e+12 -3.50081568803165200e+15
3.76113517521536600e-02 4.72000990418451270e+12 -3.44179405434094500e+15
3.76408748828930412e-02 4.61926063746064258e+12 -3.38342132779360350e+15
3.76703980136324362e-02 4.52022513974070410e+12 -3.32569731132755200e+15
3.76999211443718174e-02 4.42288426370203418e+12 -3.26862166809663800e+15
3.77294442751112125e-02 4.32721887401528711e+12 -3.21219392269255250e+15
3.77589674058505936e-02 4.23320985141638232e+12 -3.15641346242176400e+15
3.77884905365899887e-02 4.14083809674010596e+12 -3.10127953863663550e+15
3.78180136673293699e-02 4.05008453491362939e+12 -3.04679126811942400e+15
3.78475367980687649e-02 3.96093011890833105e+12 -2.99294763451784950e+15
3.78770599288081461e-02 3.87335583364848975e+12 -2.93974748983105050e+15
3.79065830595475411e-02 3.78734269987554834e+12 -2.88718955594473900e+15
3.79361061902869362e-02 3.70287177796613672e+12 -2.83527242621399550e+15
3.79656293210263174e-02 3.61992417170270703e+12 -2.78399456709251700e+15
3.79951524517657124e-02 3.53848103199571240e+12 -2.73335431980723200e+15
3.80246755825050936e-02 3.45852356055496338e+12 -2.68334990207604950e+15
3.80541987132444887e-02 3.38003301351060889e+12 -2.63397940986874150e+15
3.80837218439838698e-02 3.30299070498074219e+12 -2.58524081920812850e+15
3.81132449747232649e-02 3.22737801058558008e+12 -2.53713198801106900e+15
3.81427681054626461e-02 3.15317637090676025e+12 -2.48965065796756300e+15
3.81722912362020411e-02 3.08036729489043457e+12 -2.44279445645634900e+15
3.82018143669414223e-02 3.00893236319342090e+12 -2.39656089849579750e+15
3.82313374976808173e-02 2.93885323147119531e+12 -2.35094738872846350e+15
3.82608606284201985e-02 2.87011163360692334e+12 -2.30595122343796600e+15
3.82903837591595936e-02 2.80268938488029834e+12 -2.26156959259644900e+15
3.83199068898989886e-02 2.73656838507559424e+12 -2.21779958194137975e+15
3.83494300206383698e-02 2.67173062152817725e+12 -2.17463817508024100e+15
3.83789531513777649e-02 2.60815817210807715e+12 -2.13208225562112850e+15
3.84084762821171460e-02 2.54583320814067578e+12 -2.09012860932839800e+15
3.84379994128565411e-02 2.48473799726314551e+12 -2.04877392630131725e+15
3.84675225435959223e-02 2.42485490621650244e+12 -2.00801480317463400e+15
3.84970456743353173e-02 2.36616640357209766e+12 -1.96784774533909550e+15
3.85265688050746985e-02 2.30865506239250049e+12 -1.92826916918083575e+15
3.85560919358140936e-02 2.25230356282583301e+12 -1.88927540433778125e+15
3.85856150665534747e-02 2.19709469463347729e+12 -1.85086269597190675e+15
3.86151381972928698e-02 2.14301135965021411e+12 -1.81302720705542200e+15
3.86446613280322648e-02 2.09003657417689795e+12 -1.77576502066980575e+15
3.86741844587716460e-02 2.03815347130503906e+12 -1.73907214231597550e+15
3.87037075895110411e-02 1.98734530317285718e+12 -1.70294450223399125e+15
3.87332307202504222e-02 1.93759544315307812e+12 -1.66737795773128350e+15
3.87627538509898173e-02 1.88888738797145093e+12 -1.63236829551725375e+15
3.87922769817291985e-02 1.84120475975670459e+12 -1.59791123404357450e+15
3.88218001124685935e-02 1.79453130802098096e+12 -1.56400242584802400e+15
3.88513232432079747e-02 1.74885091157128564e+12 -1.53063745990098800e+15
3.88808463739473698e-02 1.70414758035147485e+12 -1.49781186395283950e+15
3.89103695046867509e-02 1.66040545721508105e+12 -1.46552110688107625e+15
3.89398926354261460e-02 1.61760881962871973e+12 -1.43376060103557500e+15
3.89694157661655272e-02 1.57574208130644238e+12 -1.40252570458086600e+15
3.89989388969049222e-02 1.53478979377490771e+12 -1.37181172383387025e+15
3.90284620276443173e-02 1.49473664786965039e+12 -1.34161391559587800e+15
3.90579851583836984e-02 1.45556747516261621e+12 -1.31192748947745575e+15
3.90875082891230935e-02 1.41726724932113501e+12 -1.28274761021493975e+15
3.91170314198624747e-02 1.37982108739864136e+12 -1.25406939997728725e+15
3.91465545506018697e-02 1.34321425105759106e+12 -1.22588794066218250e+15
3.91760776813412509e-02 1.30743214772453369e+12 -1.19819827617983350e+15
3.92056008120806460e-02 1.27246033167809424e+12 -1.17099541472359800e+15
3.92351239428200271e-02 1.23828450507014917e+12 -1.14427433102617225e+15
3.92646470735594222e-02 1.20489051888054907e+12 -1.11802996860009712e+15
3.92941702042988034e-02 1.17226437380595288e+12 -1.09225724196154750e+15
3.93236933350381984e-02 1.14039222108330005e+12 -1.06695103883632862e+15
3.93532164657775796e-02 1.10926036324842163e+12 -1.04210622234697062e+15
3.93827395965169746e-02 1.07885525483032812e+12 -1.01771763317984825e+15
3.94122627272563697e-02 1.04916349066569275e+12 -9.93781570252348000e+14
3.94417858579957509e-02 1.02017174213755078e+12 -9.70295234555977250e+14
3.94713089887351459e-02 9.91866813892134277e+11 -9.47253023153509500e+14
3.95008321194745271e-02 9.64235677366675659e+11 -9.24649290014598625e+14
3.95303552502139222e-02 9.37265470486428833e+11 -9.02478402859255625e+14
3.95598783809533033e-02 9.10943497243577515e+11 -8.80734744184949250e+14
3.95894015116926984e-02 8.85257227245848633e+11 -8.59412712289867500e+14
3.96189246424320796e-02 8.60194295234939209e+11 -8.38506722291463375e+14
3.96484477731714746e-02 8.35742500575045898e+11 -8.18011207139602500e+14
3.96779709039108558e-02 8.11889806711442871e+11 -7.97920618623261625e+14
3.97074940346502508e-02 7.88624340599622925e+11 -7.78229428370300500e+14
3.97370171653896320e-02 7.65934392104812378e+11 -7.58932128839117250e+14
3.97665402961290271e-02 7.43808413372542480e+11 -7.40023234301861250e+14
3.97960634268684221e-02 7.22235018170206787e+11 -7.21497281818124125e+14
3.98255865576078033e-02 7.01202981200047485e+11 -7.03348832198539375e+14
3.98551096883471984e-02 6.80701237383883911e+11 -6.85572470957587625e+14
3.98846328190865795e-02 6.60718881119818604e+11 -6.68162809254828125e+14
3.99141559498259746e-02 6.41245165511407837e+11 -6.51114484824028125e+14
3.99436790805653558e-02 6.22269501569512817e+11 -6.34422162889388750e+14
3.99732022113047508e-02 6.03781457387377197e+11 -6.18080537068402625e+14
4.00027253420441320e-02 5.85770757289163330e+11 -6.02084330260561250e+14
4.00322484727835270e-02 5.68227280952559326e+11 -5.86428295521520875e+14
4.00617716035229082e-02 5.51141062505729858e+11 -5.71107216921992625e+14
4.00912947342623033e-02 5.34502289599189087e+11 -5.56115910390940188e+14
4.01208178650016983e-02 5.18301302452981995e+11 -5.41449224542477188e+14
4.01503409957410795e-02 5.02528592879721680e+11 -5.27102041486027875e+14
4.01798641264804746e-02 4.87174803283955261e+11 -5.13069277619244938e+14
4.02093872572198557e-02 4.72230725638383606e+11 -4.99345884403239812e+14
4.02389103879592508e-02 4.57687300437446960e+11 -4.85926849119677875e+14
4.02684335186986320e-02 4.43535615628856689e+11 -4.72807195609367750e+14
4.02979566494380270e-02 4.29766905523567993e+11 -4.59981984991898125e+14
4.03274797801774082e-02 4.16372549684821777e+11 -4.47446316366022625e+14
4.03570029109168033e-02 4.03344071796776855e+11 -4.35195327490394312e+14
4.03865260416561844e-02 3.90673138513333496e+11 -4.23224195444348188e+14
4.04160491723955795e-02 3.78351558287792114e+11 -4.11528137268483625e+14
4.04455723031349607e-02 3.66371280183821045e+11 -4.00102410584636938e+14
4.04750954338743557e-02 3.54724392668518860e+11 -3.88942314195176750e+14
4.05046185646137508e-02 3.43403122388013367e+11 -3.78043188661200625e+14
4.05341416953531319e-02 3.32399832926364563e+11 -3.67400416859581812e+14
4.05636648260925270e-02 3.21707023548292908e+11 -3.57009424518554688e+14
4.05931879568319082e-02 3.11317327926443787e+11 -3.46865680731761250e+14
4.06227110875713032e-02 3.01223512853778992e+11 -3.36964698450553938e+14
4.06522342183106844e-02 2.91418476941754089e+11 -3.27302034954452062e+14
4.06817573490500795e-02 2.81895249304955139e+11 -3.17873292299676562e+14
4.07112804797894606e-02 2.72646988232784698e+11 -3.08674117745613625e+14
4.07408036105288557e-02 2.63666979848906006e+11 -2.99700204159209750e+14
4.07703267412682369e-02 2.54948636759060730e+11 -2.90947290397215250e+14
4.07998498720076319e-02 2.46485496687948700e+11 -2.82411161666290938e+14
4.08293730027470131e-02 2.38271221105777771e+11 -2.74087649860925281e+14
4.08588961334864081e-02 2.30299593845184296e+11 -2.65972633879230750e+14
4.08884192642258032e-02 2.22564519709150726e+11 -2.58062039916625469e+14
4.09179423949651844e-02 2.15060023070570129e+11 -2.50351841737452188e+14
4.09474655257045794e-02 2.07780246464126740e+11 -2.42838060924629312e+14
4.09769886564439606e-02 2.00719449171132050e+11 -2.35516767107416156e+14
4.10065117871833557e-02 1.93872005797940613e+11 -2.28384078167376844e+14
4.10360349179227368e-02 1.87232404848628448e+11 -2.21436160422717000e+14
4.10655580486621319e-02 1.80795247292528687e+11 -2.14669228791086281e+14
4.10950811794015131e-02 1.74555245127285370e+11 -2.08079546931037625e+14
4.11246043101409081e-02 1.68507219938040863e+11 -2.01663427362304812e+14
4.11541274408802893e-02 1.62646101453390350e+11 -1.95417231565099906e+14
4.11836505716196843e-02 1.56966926098693512e+11 -1.89337370058604625e+14
4.12131737023590655e-02 1.51464835547393951e+11 -1.83420302458924219e+14
4.12426968330984606e-02 1.46135075270916534e+11 -1.77662537516695969e+14
4.12722199638378556e-02 1.40972993087758270e+11 -1.72060633134623906e+14
4.13017430945772368e-02 1.35974037712342209e+11 -1.66611196365175750e+14
4.13312662253166319e-02 1.31133757304245285e+11 -1.61310883388751688e+14
4.13607893560560130e-02 1.26447798018342819e+11 -1.56156399472573656e+14
4.13903124867954081e-02 1.21911902556457809e+11 -1.51144498910620406e+14
4.14198356175347893e-02 1.17521908721045746e+11 -1.46271984944887031e+14
4.14493587482741843e-02 1.13273747971492859e+11 -1.41535709668326594e+14
4.14788818790135655e-02 1.09163443983530624e+11 -1.36932573909760422e+14
4.15084050097529605e-02 1.05187111212324127e+11 -1.32459527101135031e+14
4.15379281404923417e-02 1.01340953459721420e+11 -1.28113567127435594e+14
4.15674512712317368e-02 9.76212624461973724e+10 -1.23891740159646797e+14
4.15969744019711318e-02 9.40244163879704132e+10 -1.19791140471104016e+14
4.16264975327105130e-02 9.05468785797776794e+10 -1.15808910237607656e+14
4.16560206634499081e-02 8.71851959837952576e+10 -1.11942239321696250e+14
4.16855437941892892e-02 8.39359978251487274e+10 -1.08188365041442438e+14
4.17150669249286843e-02 8.07959941944754944e+10 -1.04544571924176562e+14
4.17445900556680655e-02 7.77619746579797363e+10 -1.01008191445538125e+14
4.17741131864074605e-02 7.48308068753959045e+10 -9.75766017542416875e+13
4.18036363171468417e-02 7.19994352262865295e+10 -9.42472273829783750e+13
4.18331594478862367e-02 6.92648794450813751e+10 -9.10175389458679844e+13
4.18626825786256179e-02 6.66242332652302475e+10 -8.78850528228523281e+13
4.18922057093650130e-02 6.40746630728717041e+10 -8.48473308314776562e+13
4.19217288401043942e-02 6.16134065703644791e+10 -8.19019798864603750e+13
4.19512519708437892e-02 5.92377714500517807e+10 -7.90466516474806562e+13
4.19807751015831843e-02 5.69451340785885544e+10 -7.62790421556120000e+13
4.20102982323225654e-02 5.47329381921640396e+10 -7.35968914588168906e+13
4.20398213630619605e-02 5.25986932385581589e+10 -7.09980395933143125e+13
4.20693444938013417e-02 5.05399692093634338e+10 -6.84804878696572578e+13
4.20988676245407367e-02 4.85543975668094025e+10 -6.60420836335140000e+13
4.21283907552801179e-02 4.66396730915335312e+10 -6.36807031250896016e+13
4.21579138860195130e-02 4.47935525939570465e+10 -6.13942678821413047e+13
4.21874370167588941e-02 4.30138535864914780e+10 -5.91807440947696875e+13
4.22169601474982892e-02 4.12984529747565155e+10 -5.70381419625059219e+13
4.22464832782376704e-02 3.96452857677459030e+10 -5.49645150537714297e+13
4.22760064089770654e-02 3.80523438068674469e+10 -5.29579596677793516e+13
4.23055295397164466e-02 3.65176745137837143e+10 -5.10166141989543906e+13
4.23350526704558416e-02 3.50393796569814529e+10 -4.91386585039572891e+13
4.23645758011952367e-02 3.36156141369854813e+10 -4.73223132713896250e+13
4.23940989319346179e-02 3.22445847901436691e+10 -4.55658393942768047e+13
4.24236220626740129e-02 3.09245492108936920e+10 -4.38675373454112109e+13
4.24531451934133941e-02 2.96538145924293861e+10 -4.22257465556539062e+13
4.24826683241527892e-02 2.84307365856763916e+10 -4.06388447952881094e+13
4.25121914548921703e-02 2.72537181764855270e+10 -3.91052475585219141e+13
4.25417145856315654e-02 2.61212085809506302e+10 -3.76234074512411250e+13
4.25712377163709466e-02 2.50317021587529755e+10 -3.61918135821122656e+13
4.26007608471103416e-02 2.39837373444289932e+10 -3.48089909571330703e+13
4.26302839778497228e-02 2.29758955964645157e+10 -3.34734998777433711e+13
4.26598071085891178e-02 2.20068003641013947e+10 -3.21839353425880977e+13
4.26893302393284990e-02 2.10751160717527580e+10 -3.09389264530449180e+13
4.27188533700678941e-02 2.01795471209113731e+10 -2.97371358226160508e+13
4.27483765008072891e-02 1.93188369094365273e+10 -2.85772589902899297e+13
4.27778996315466703e-02 1.84917668680995712e+10 -2.74580238379744492e+13
4.28074227622860654e-02 1.76971555142695160e+10 -2.63781900121098516e+13
4.28369458930254465e-02 1.69338575226086559e+10 -2.53365483495557695e+13
4.28664690237648416e-02 1.62007628126551361e+10 -2.43319203078609961e+13
4.28959921545042228e-02 1.54967956531598015e+10 -2.33631574000137070e+13
4.29255152852436178e-02 1.48209137830430603e+10 -2.24291406337702422e+13
4.29550384159829990e-02 1.41721075488358383e+10 -2.15287799556613398e+13
4.29845615467223940e-02 1.35493990584652233e+10 -2.06610136997716328e+13
4.30140846774617752e-02 1.29518413512421608e+10 -1.98248080413863398e+13
4.30436078082011703e-02 1.23785175839061317e+10 -1.90191564555969844e+13
4.30731309389405653e-02 1.18285402325792332e+10 -1.82430791809565664e+13
4.31026540696799465e-02 1.13010503104791584e+10 -1.74956226882715977e+13
4.31321772004193416e-02 1.07952166012383575e+10 -1.67758591546167012e+13
4.31617003311587227e-02 1.03102349076736946e+10 -1.60828859426540586e+13
4.31912234618981178e-02 9.84532731584898949e+09 -1.54158250853381758e+13
4.32207465926374990e-02 9.39974147427005005e+09 -1.47738227760829297e+13
4.32502697233768940e-02 8.97274988805044746e+09 -1.41560488644663438e+13
4.32797928541162752e-02 8.56364922788263512e+09 -1.35616963575432637e+13
4.33093159848556702e-02 8.17175965364831924e+09 -1.29899809268352637e+13
4.33388391155950514e-02 7.79642415249955559e+09 -1.24401404210631348e+13
4.33683622463344465e-02 7.43700789123992157e+09 -1.19114343846838555e+13
4.33978853770738277e-02 7.09289758283347321e+09 -1.14031435822907949e+13
4.34274085078132227e-02 6.76350086686790943e+09 -1.09145695289333320e+13
4.34569316385526178e-02 6.44824570379575157e+09 -1.04450340264068613e+13
4.34864547692919989e-02 6.14657978277727699e+09 -9.99387870556326562e+12
4.35159779000313940e-02 5.85796994294635201e+09 -9.56046457468627734e+12
4.35455010307707752e-02 5.58190160791961193e+09 -9.14417157397382031e+12
4.35750241615101702e-02 5.31787823336806774e+09 -8.74439813616538574e+12
4.36045472922495514e-02 5.06542076746918869e+09 -8.36056075334925977e+12
4.36340704229889464e-02 4.82406712405661583e+09 -7.99209354998077930e+12
4.36635935537283276e-02 4.59337166828375244e+09 -7.63844786213932227e+12
4.36931166844677227e-02 4.37290471461653996e+09 -7.29909182304783398e+12
4.37226398152071039e-02 4.16225203697023439e+09 -6.97350995487535547e+12
4.37521629459464989e-02 3.96101439080465889e+09 -6.66120276683993945e+12
4.37816860766858801e-02 3.76880704699136734e+09 -6.36168635962471777e+12
4.38112092074252751e-02 3.58525933726651430e+09 -6.07449203611763184e+12
4.38407323381646702e-02 3.41001421108230209e+09 -5.79916591848064453e+12
4.38702554689040514e-02 3.24272780367046356e+09 -5.53526857155209180e+12
4.38997785996434464e-02 3.08306901513054323e+09 -5.28237463258124707e+12
4.39293017303828276e-02 2.93071910035596228e+09 -5.04007244729111230e+12
4.39588248611222226e-02 2.78537126961161137e+09 -4.80796371226308398e+12
4.39883479918616038e-02 2.64673029957596159e+09 -4.58566312363220215e+12
4.40178711226009989e-02 2.51451215466186762e+09 -4.37279803207979248e+12
4.40473942533403801e-02 2.38844361843033886e+09 -4.16900810410662402e+12
4.40769173840797751e-02 2.26826193491203070e+09 -3.97394498956641016e+12
4.41064405148191563e-02 2.15371445965223837e+09 -3.78727199543714600e+12
4.41359636455585513e-02 2.04455832029512572e+09 -3.60866376580343506e+12
4.41654867762979464e-02 1.94056008652484703e+09 -3.43780596802200000e+12
4.41950099070373276e-02 1.84149544918097377e+09 -3.27439498503770020e+12
4.42245330377767226e-02 1.74714890836739945e+09 -3.11813761381600439e+12
4.42540561685161038e-02 1.65731347037462831e+09 -2.96875076985457861e+12
4.42835792992554989e-02 1.57179035323661280e+09 -2.82596119773426562e+12
4.43131024299948800e-02 1.49038870074421239e+09 -2.68950518766661084e+12
4.43426255607342751e-02 1.41292530473933506e+09 -2.55912829799393555e+12
4.43721486914736563e-02 1.33922433551431274e+09 -2.43458508359397705e+12
4.44016718222130513e-02 1.26911708014304304e+09 -2.31563883013985303e+12
4.44311949529524325e-02 1.20244168857192254e+09 -2.20206129416389600e+12
4.44607180836918275e-02 1.13904292729977512e+09 -2.09363244887108032e+12
4.44902412144312087e-02 1.07877194047806382e+09 -1.99014023564661572e+12
4.45197643451706038e-02 1.02148601826397574e+09 -1.89138032119962231e+12
4.45492874759099988e-02 9.67048372260947585e+08 -1.79715586028341895e+12
4.45788106066493800e-02 9.15327917882858515e+08 -1.70727726393094019e+12
4.46083337373887751e-02 8.66199063480011344e+08 -1.62156197314226318e+12
4.46378568681281562e-02 8.19541506066835642e+08 -1.53983423795945288e+12
4.46673799988675513e-02 7.75240033493347406e+08 -1.46192490186282275e+12
4.46969031296069325e-02 7.33184332904107213e+08 -1.38767119142074048e+12
4.47264262603463275e-02 6.93268805330750108e+08 -1.31691651112444214e+12
4.47559493910857087e-02 6.55392375637275577e+08 -1.24951148285874512e+12
4.47854725218251037e-02 6.19458269921740294e+08 -1.18531294637825293e+12
4.48149956525644849e-02 5.85373900602510095e+08 -1.12418102281668994e+12
4.48445187833038800e-02 5.53050729200839877e+08 -1.06598129223315649e+12
4.48740419140432611e-02 5.22404106936796486e+08 -1.01058464176274414e+12
4.49035650447826562e-02 4.93353120768914700e+08 -9.57867082166674561e+11
4.49330881755220513e-02 4.65820444771477640e+08 -9.07709569676588745e+11
4.49626113062614324e-02 4.39732196694741964e+08 -8.59997833016476807e+11
4.49921344370008275e-02 4.15017799557050586e+08 -8.14622205487719727e+11
4.50216575677402087e-02 3.91609848120937705e+08 -7.71477462003843262e+11
4.50511806984796037e-02 3.69443980108810723e+08 -7.30462660963451416e+11
4.50807038292189849e-02 3.48458752016971111e+08 -6.91480990851141724e+11
4.51102269599583799e-02 3.28595519389989018e+08 -6.54439621457776489e+11
4.51397500906977611e-02 3.09798321420670927e+08 -6.19249559613095215e+11
4.51692732214371562e-02 2.92013769743936062e+08 -5.85825509325042480e+11
4.51987963521765373e-02 2.75190941296038330e+08 -5.54085736221756958e+11
4.52283194829159324e-02 2.59281275113648325e+08 -5.23951936193737610e+11
4.52578426136553136e-02 2.44238472950273544e+08 -4.95349108135131226e+11
4.52873657443947086e-02 2.30018403590462893e+08 -4.68205430684609619e+11
4.53168888751341037e-02 2.16579010745170385e+08 -4.42452142867836548e+11
4.53464120058734849e-02 2.03880224414541453e+08 -4.18023428545064758e+11
4.53759351366128799e-02 1.91883875607144803e+08 -3.94856304568768127e+11
4.54054582673522611e-02 1.80553614307543576e+08 -3.72890512557894592e+11
4.54349813980916561e-02 1.69854830586770445e+08 -3.52068414196684937e+11
4.54645045288310373e-02 1.59754578752998143e+08 -3.32334889967566223e+11
4.54940276595704324e-02 1.50221504442333102e+08 -3.13637241229093567e+11
4.55235507903098136e-02 1.41225774552278608e+08 -2.95925095551430969e+11
4.55530739210492086e-02 1.32739009922963738e+08 -2.79150315223324707e+11
4.55825970517885898e-02 1.24734220673759282e+08 -2.63266908846022858e+11
4.56121201825279848e-02 1.17185744105370909e+08 -2.48230945931064301e+11
4.56416433132673799e-02 1.10069185079939261e+08 -2.34000474420356659e+11
4.56711664440067611e-02 1.03361358794055015e+08 -2.20535441048417755e+11
4.57006895747461561e-02 9.70402358619427085e+07 -2.07797614468130127e+11
4.57302127054855373e-02 9.10848896283741742e+07 -1.95750511062833984e+11
4.57597358362249323e-02 8.54754456331141293e+07 -1.84359323369010895e+11
4.57892589669643135e-02 8.01930331509363055e+07 -1.73590851035310272e+11
4.58187820977037086e-02 7.52197387334015965e+07 -1.63413434245075256e+11
4.58483052284430898e-02 7.05385616807250530e+07 -1.53796889530981354e+11
4.58778283591824848e-02 6.61333713741474673e+07 -1.44712447911835022e+11
4.59073514899218660e-02 6.19888664012682661e+07 -1.36132695283000580e+11
4.59368746206612610e-02 5.80905354087993950e+07 -1.28031514993336838e+11
4.59663977514006422e-02 5.44246196191635355e+07 -1.20384032542943878e+11
4.59959208821400373e-02 5.09780769492720217e+07 -1.13166562337396027e+11
4.60254440128794323e-02 4.77385476717035174e+07 -1.06356556435547745e+11
4.60549671436188135e-02 4.46943215603399873e+07 -9.99325552293679810e+10
4.60844902743582086e-02 4.18343064643090516e+07 -9.38741399956193695e+10
4.61140134050975897e-02 3.91479982558439225e+07 -8.81618872605633087e+10
4.61435365358369848e-02 3.66254520993858352e+07 -8.27773249202108307e+10
4.61730596665763660e-02 3.42572549909309000e+07 -7.77028900599687042e+10
4.62025827973157610e-02 3.20344995182643309e+07 -7.29218884188549500e+10
4.62321059280551422e-02 2.99487587943212911e+07 -6.84184554447564621e+10
4.62616290587945372e-02 2.79920625174760222e+07 -6.41775188884954453e+10
4.62911521895339184e-02 2.61568741140848882e+07 -6.01847628857500610e+10
4.63206753202733135e-02 2.44360689200925045e+07 -5.64265934771335602e+10
4.63501984510126946e-02 2.28229133599625118e+07 -5.28901055179911880e+10
4.63797215817520897e-02 2.13110450826005898e+07 -4.95630509306933823e+10
4.64092447124914848e-02 1.98944540153215751e+07 -4.64338082534405975e+10
4.64387678432308659e-02 1.85674642982427701e+07 -4.34913534407706680e+10
4.64682909739702610e-02 1.73247170628000423e+07 -4.07252318721685028e+10
4.64978141047096422e-02 1.61611540193471536e+07 -3.81255315263279724e+10
4.65273372354490372e-02 1.50720018200372998e+07 -3.56828572797742844e+10
4.65568603661884184e-02 1.40527571643871628e+07 -3.33883062896841087e+10
4.65863834969278134e-02 1.30991726160959899e+07 -3.12334444218653221e+10
4.66159066276671946e-02 1.22072431008228138e+07 -2.92102836859406853e+10
4.66454297584065897e-02 1.13731930557356495e+07 -2.73112606408761101e+10
4.66749528891459708e-02 1.05934642027144246e+07 -2.55292157350434685e+10
4.67044760198853659e-02 9.86470391813426465e+06 -2.38573735460596123e+10
4.67339991506247471e-02 9.18375417316401750e+06 -2.22893238866606903e+10
4.67635222813641421e-02 8.54764101949876733e+06 -2.08190037438839684e+10
4.67930454121035372e-02 7.95356459639520664e+06 -1.94406800198124466e+10
4.68225685428429184e-02 7.39888963580116071e+06 -1.81489330431052628e+10
4.68520916735823134e-02 6.88113644326678477e+06 -1.69386408214902821e+10
4.68816148043216946e-02 6.39797233319017943e+06 -1.58049640063220901e+10
4.69111379350610896e-02 5.94720349779046886e+06 -1.47433315412215862e+10
4.69406610658004708e-02 5.52676729001427442e+06 -1.37494269677055340e+10
4.69701841965398659e-02 5.13472490136810020e+06 -1.28191753615868855e+10
4.69997073272792470e-02 4.76925441643114388e+06 -1.19487308747823067e+10
4.70292304580186421e-02 4.42864422653892823e+06 -1.11344648579969158e+10
4.70587535887580233e-02 4.11128678584032459e+06 -1.03729545405727367e+10
4.70882767194974183e-02 3.81567269361931318e+06 -9.66097224458566475e+09
4.71177998502368134e-02 3.54038508743728837e+06 -8.99547511105293083e+09
4.71473229809761946e-02 3.28409433229415910e+06 -8.37359531687284184e+09
4.71768461117155896e-02 3.04555299162677396e+06 -7.79263076186004639e+09
4.72063692424549708e-02 2.82359106656189822e+06 -7.25003620596252441e+09
4.72358923731943658e-02 2.61711149041779432e+06 -6.74341483744879246e+09
4.72654155039337470e-02 2.42508586600642232e+06 -6.27051025354268551e+09
4.72949386346731421e-02 2.24655043382454477e+06 -5.82919883564900398e+09
4.73244617654125233e-02 2.08060225973941083e+06 -5.41748250196319771e+09
4.73539848961519183e-02 1.92639563127430109e+06 -5.03348182089349174e+09
4.73835080268912995e-02 1.78313865207808209e+06 -4.67542946933542156e+09
4.74130311576306945e-02 1.65009002462616540e+06 -4.34166402043919659e+09
4.74425542883700757e-02 1.52655601164469472e+06 -4.03062404609003735e+09
4.74720774191094708e-02 1.41188756717787962e+06 -3.74084251988594198e+09
4.75016005498488658e-02 1.30547762862994359e+06 -3.47094150694496012e+09
4.75311236805882470e-02 1.20675855993153388e+06 -3.21962744821577597e+09
4.75606468113276420e-02 1.11519970851302100e+06 -2.98568742659255266e+09
4.75901699420670232e-02 1.03030514465298131e+06 -2.76798124662975407e+09
4.76196930728064183e-02 9.51611557598892832e+05 -2.56543893285471487e+09
4.76492162035457995e-02 8.78686233990429784e+05 -2.37705702471716356e+09
4.76787393342851945e-02 8.11125151691196836e+05 -2.20189471261533785e+09
4.77082624650245757e-02 7.48551184614896891e+05 -2.03907018101034331e+09
4.77377855957639707e-02 6.90612412581361597e+05 -1.88775714858013964e+09
4.77673087265033519e-02 6.36980530528357020e+05 -1.74718159579326558e+09
4.77968318572427470e-02 5.87349351682763780e+05 -1.61661867069496512e+09
4.78263549879821281e-02 5.41433399560823222e+05 -1.49538976409721422e+09
4.78558781187215232e-02 4.98966583921315672e+05 -1.38285974574758506e+09
4.78854012494609182e-02 4.59700956038956007e+05 -1.27843435342232752e+09
4.79149243802002994e-02 4.23405538897647930e+05 -1.18155772724497080e+09
4.79444475109396945e-02 3.89865228125506954e+05 -1.09171008187502837e+09
4.79739706416790757e-02 3.58879759705804812e+05 -1.00840550954156172e+09
4.80034937724184707e-02 3.30262740700657538e+05 -9.31189907214008808e+08
4.80330169031578519e-02 3.03840739417777630e+05 -8.59639021508206606e+08
4.80625400338972469e-02 2.79452431635265588e+05 -7.93356605219311118e+08
4.80920631646366281e-02 2.56947799675531191e+05 -7.31972679655484796e+08
4.81215862953760232e-02 2.36187381287442200e+05 -6.75141897217491388e+08
4.81511094261154043e-02 2.17041565455904958e+05 -6.22541998929637074e+08
4.81806325568547994e-02 1.99389932410683919e+05 -5.73872361877470732e+08
4.82101556875941806e-02 1.83120635251635074e+05 -5.28852631747474194e+08
4.82396788183335756e-02 1.68129820745960751e+05 -4.87221435894010544e+08
4.82692019490729707e-02 1.54321086984877038e+05 -4.48735172579355955e+08
4.82987250798123519e-02 1.41604975712486397e+05 -4.13166872244009972e+08
4.83282482105517469e-02 1.29898497258945936e+05 -3.80305126867000639e+08
4.83577713412911281e-02 1.19124686123477237e+05 -3.49953083669874072e+08
4.83872944720305231e-02 1.09212185360593488e+05 -3.21927499603687704e+08
4.84168176027699043e-02 1.00094858025403082e+05 -2.96057853236015975e+08
4.84463407335092994e-02 9.17114240312062466e+04 -2.72185510824949324e+08
4.84758638642486805e-02 8.40051208650327026e+04 -2.50162943529554605e+08
4.85053869949880756e-02 7.69233866945218761e+04 -2.29852992861600786e+08
4.85349101257274568e-02 7.04175644828174409e+04 -2.11128181631769955e+08
4.85644332564668518e-02 6.44426258071323828e+04 -1.93870067785318702e+08
4.85939563872062469e-02 5.89569131515366316e+04 -1.77968638657471061e+08
4.86234795179456281e-02 5.39218995155077064e+04 -1.63321743307951689e+08
4.86530026486850231e-02 4.93019642470593899e+04 -1.49834560717280954e+08
4.86825257794244043e-02 4.50641840729791802e+04 -1.37419101744919389e+08
4.87120489101637993e-02 4.11781383590268379e+04 -1.25993742861300021e+08
4.87415720409031805e-02 3.76157276900639918e+04 -1.15482789772520915e+08
4.87710951716425756e-02 3.43510049140964402e+04 -1.05816069158034861e+08
4.88006183023819567e-02 3.13600178453248991e+04 -9.69285468384584486e+07
4.88301414331213518e-02 2.86206628696060106e+04 -8.87599707826683372e+07
4.88596645638607330e-02 2.61125487413907358e+04 -8.12545374509465247e+07
4.88891876946001280e-02 2.38168699043479828e+04 -7.43605800542252660e+07
4.89187108253395092e-02 2.17162887086228729e+04 -6.80302773886473030e+07
4.89482339560789043e-02 1.97948259361432720e+04 -6.22193819798796028e+07
4.89777570868182993e-02 1.80377590816909069e+04 -5.68869663430767357e+07
4.90072802175576805e-02 1.64315278716913963e+04 -5.19951862322015241e+07
4.90368033482970755e-02 1.49636465349760147e+04 -4.75090598168035001e+07
4.90663264790364567e-02 1.36226223702063508e+04 -4.33962617854137048e+07
4.90958496097758518e-02 1.23978801833393827e+04 -3.96269314326267168e+07
4.91253727405152329e-02 1.12796921955304460e+04 -3.61734938418283015e+07
4.91548958712546280e-02 1.02591130473161538e+04 -3.30104933275421001e+07
4.91844190019940092e-02 9.32791954886639542e+03 -3.01144383506228440e+07
4.92139421327334042e-02 8.47855484862775120e+03 -2.74636571661590002e+07
4.92434652634727854e-02 7.70407671387583923e+03 -2.50381635080869459e+07
4.92729883942121805e-02 6.99810963661808910e+03 -2.28195316562605351e+07
4.93025115249515616e-02 6.35480049701766711e+03 -2.07907802712043859e+07
4.93320346556909567e-02 5.76877753410211062e+03 -1.89362644190897048e+07
4.93615577864303517e-02 5.23511239004379877e+03 -1.72415752447291426e+07
4.93910809171697329e-02 4.74928500981079833e+03 -1.56934467836847361e+07
4.94206040479091280e-02 4.30715119254226920e+03 -1.42796694360157978e+07
4.94501271786485092e-02 3.90491260465731284e+03 -1.29890096538588330e+07
4.94796503093879042e-02 3.53908907750951357e+03 -1.18111354230120201e+07
4.95091734401272854e-02 3.20649302440111296e+03 -1.07365471450819671e+07
4.95386965708666804e-02 2.90420582301502236e+03 -9.75651355161529966e+06
4.95682197016060616e-02 2.62955601985611383e+03 -8.86301230506939627e+06
4.95977428323454567e-02 2.38009922315297126e+03 -8.04867496353608463e+06
4.96272659630848378e-02 2.15359955990106482e+03 -7.30673600690552965e+06
4.96567890938242329e-02 1.94801258136146180e+03 -6.63098564169883635e+06
4.96863122245636141e-02 1.76146950940360512e+03 -6.01572612018170021e+06
4.97158353553030091e-02 1.59226272362848385e+03 -5.45573132665490545e+06
4.97453584860424042e-02 1.43883239626152090e+03 -4.94620940006063599e+06
4.97748816167817854e-02 1.29975418839250619e+03 -4.48276817730260734e+06
4.98044047475211804e-02 1.17372792729165758e+03 -4.06138325600813050e+06
4.98339278782605616e-02 1.05956719027219947e+03 -3.67836848890967155e+06
4.98634510089999566e-02 9.56189725926776759e+02 -3.33034873464366887e+06
4.98929741397393378e-02 8.62608648560939059e+02 -3.01423470160025964e+06
4.99224972704787329e-02 7.77924346304465644e+02 -2.72719973255363759e+06
4.99520204012181140e-02 7.01317047721579684e+02 -2.46665838820071192e+06
4.99815435319575091e-02 6.32039995784366624e+02 -2.23024669747611834e+06
5.00110666626968903e-02 5.69413181838441005e+02 -2.01580395163108339e+06
5.00405897934362853e-02 5.12817595694318243e+02 -1.82135592759952252e+06
5.00701129241756804e-02 4.61689951238419724e+02 -1.64509943416000856e+06
5.00996360549150616e-02 4.15517849990140633e+02 -1.48538808186984970e+06
5.01291591856544566e-02 3.73835347850701055e+02 -1.34071918472799053e+06
5.01586823163938378e-02 3.36218892909524754e+02 -1.20972170804574038e+06
5.01882054471332328e-02 3.02283604607799134e+02 -1.09114518309612293e+06
5.02177285778726140e-02 2.71679866818944674e+02 -9.83849514799856697e+05
5.02472517086120091e-02 2.44090209503561795e+02 -8.86795614013242535e+05
5.02767748393513902e-02 2.19226455542918643e+02 -7.99036790934048477e+05
5.03062979700907853e-02 1.96827111160324023e+02 -7.19710850757513661e+05
5.03358211008301665e-02 1.76654980013458641e+02 -6.48032837017047335e+05
5.03653442315695615e-02 1.58494982591801886e+02 -5.83288372052384890e+05
5.03948673623089427e-02 1.42152165170881858e+02 -5.24827350315347547e+05
5.04243904930483378e-02 1.27449894885475729e+02 -4.72058097352933954e+05
5.04539136237877328e-02 1.14228187238415046e+02 -4.24443594141026202e+05
5.04834367545271140e-02 1.02342176259110744e+02 -3.81495853260010772e+05
5.05129598852665090e-02 9.16607339130658971e+01 -3.42771522227153764e+05
5.05424830160058902e-02 8.20652112027258767e+01 -3.07867953440150712e+05
5.05720061467452853e-02 7.34482903334766348e+01 -2.76419605676046223e+05
5.06015292774846664e-02 6.57129385546348743e+01 -2.48094750506613869e+05
5.06310524082240615e-02 5.87714550415192321e+01 -2.22592459012957173e+05
5.06605755389634427e-02 5.25446028834048562e+01 -1.99639846060602460e+05
5.06900986697028377e-02 4.69608188874126355e+01 -1.78989551140892843e+05
5.07196218004422189e-02 4.19554945039921563e+01 -1.60417436403841712e+05
5.07491449311816140e-02 3.74703217292112285e+01 -1.43720484010071639e+05
5.07786680619209951e-02 3.34526983458844924e+01 -1.28714876322763477e+05
5.08081911926603902e-02 2.98551873327817923e+01 -1.15234243752012029e+05
5.08377143233997852e-02 2.66350257016549499e+01 -1.03128066260488224e+05
5.08672374541391664e-02 2.37536784183170901e+01 -9.22602156473004434e+04
5.08967605848785615e-02 2.11764334290234544e+01 -8.25076267524771683e+04
5.09262837156179426e-02 1.88720341492888686e+01 -7.37590866732593568e+04
5.09558068463573377e-02 1.68123460812187133e+01 -6.59141319607059268e+04
5.09853299770967189e-02 1.49720545094642361e+01 -5.88820445759858048e+04
5.10148531078361139e-02 1.33283904869306848e+01 -5.25809381348255483e+04
5.10443762385754951e-02 1.18608825611261341e+01 -4.69369266602844509e+04
5.10738993693148902e-02 1.05511319121734850e+01 -4.18833687024276078e+04
5.11034225000542713e-02 9.38260877553506667e+00 -3.73601802723995279e+04
5.11329456307936664e-02 8.34046820782443632e+00 -3.33132105814336755e+04
5.11624687615330476e-02 7.41138342400985728e+00 -2.96936750758145499e+04
5.11919918922724426e-02 6.58339509005710521e+00 -2.64576407198503039e+04
5.12215150230118377e-02 5.84577509773731396e+00 -2.35655589034266777e+04
5.12510381537512189e-02 5.18890347897677273e+00 -2.09818417414068390e+04
5.12805612844906139e-02 4.60415723670946608e+00 -1.86744778915391726e+04
5.13100844152299951e-02 4.08380997859996508e+00 -1.66146843479917043e+04
5.13396075459693901e-02 3.62094134005480051e+00 -1.47765909713326182e+04
5.13691306767087713e-02 3.20935527439459323e+00 -1.31369547947579995e+04
5.13986538074481664e-02 2.84350637161831488e+00 -1.16749014025219367e+04
5.14281769381875475e-02 2.51843344350302267e+00 -1.03716909116086499e+04
5.14577000689269426e-02 2.22969968244461603e+00 -9.21050630333294430e+03
5.14872231996663238e-02 1.97333876500893846e+00 -8.17626204927894651e+03
5.15167463304057188e-02 1.74580632913630573e+00 -7.25543115719346952e+03
5.15462694611451139e-02 1.54393630679382032e+00 -6.43588892844005750e+03
5.15757925918844951e-02 1.36490164203059350e+00 -5.70677187060166034e+03
5.16053157226238901e-02 1.20617896825746551e+00 -5.05835034790963164e+03
5.16348388533632713e-02 1.06551685851054878e+00 -4.48191367940963028e+03
5.16643619841026663e-02 9.40907298802409309e-01 -3.96966651110693419e+03
5.16938851148420475e-02 8.30560067724730788e-01 -3.51463539464967289e+03
5.17234082455814426e-02 7.32879735525235110e-01 -3.11058460222515259e+03
5.17529313763208237e-02 6.46445023199830882e-01 -2.75194029601708053e+03
5.17824545070602188e-02 5.69990286957257841e-01 -2.43372225149614724e+03
5.18119776377996000e-02 5.02388915947066805e-01 -2.15148240763619242e+03
5.18415007685389950e-02 4.42638451593471260e-01 -1.90124958445536959e+03
5.18710238992783762e-02 3.89847255431558293e-01 -1.67947976962242410e+03
5.19005470300177713e-02 3.43222569167156377e-01 -1.48301143174543427e+03
5.19300701607571663e-02 3.02059825931717263e-01 -1.30902536883715334e+03
5.19595932914965475e-02 2.65733085520093892e-01 -1.15500864675327557e+03
5.19891164222359425e-02 2.33686478911340284e-01 -1.01872222451966115e+03
5.20186395529753237e-02 2.05426558698626388e-01 -8.98171901761392405e+02
5.20481626837147188e-02 1.80515462302057145e-01 -7.91582258251802614e+02
5.20776858144540999e-02 1.58564804106060137e-01 -6.97373287216601398e+02
5.21072089451934950e-02 1.39230221041076546e-01 -6.14139452735958344e+02
5.21367320759328762e-02 1.22206503699577362e-01 -5.40630927641337621e+02
5.21662552066722712e-02 1.07223251913801873e-01 -4.75736791938537181e+02
5.21957783374116524e-02 9.40409998952504295e-02 -4.18469993218316688e+02
5.22253014681510475e-02 8.24477616060429880e-02 -3.67953889938061309e+02
5.22548245988904286e-02 7.22559520563270385e-02 -3.23410216051957775e+02
5.22843477296298237e-02 6.32996447515087324e-02 -2.84148321397919517e+02
5.23138708603692187e-02 5.54321295950241516e-02 -2.49555556667519397e+02
5.23433939911085999e-02 4.85237392292711331e-02 -2.19088684828092539e+02
5.23729171218479950e-02 4.24599151078950618e-02 -1.92266212659645788e+02
5.24024402525873761e-02 3.71394875720370832e-02 -1.68661546728025485e+02
5.24319633833267712e-02 3.24731468833309236e-02 -1.47896887744621864e+02
5.24614865140661524e-02 2.83820845763634901e-02 -1.29637785957288912e+02
5.24910096448055474e-02 2.47967866592662747e-02 -1.13588288064131959e+02
5.25205327755449286e-02 2.16559621369161771e-02 -9.94866132207140765e+01
5.25500559062843237e-02 1.89055920784850333e-02 -8.71013020942700393e+01
5.25795790370237048e-02 1.64980860193457077e-02 -7.62277886714301900e+01
5.26091021677630999e-02 1.43915338943282154e-02 -6.66853497085700013e+01
5.26386252985024811e-02 1.25490429610388195e-02 -5.83143913805619363e+01
5.26681484292418761e-02 1.09381503029045528e-02 -5.09740368838625670e+01
5.26976715599812712e-02 9.53030251488143701e-03 -4.45399825283846056e+01
5.27271946907206523e-02 8.30039508220480407e-03 -3.89025932502430933e+01
5.27567178214600474e-02 7.22636477485473668e-03 -3.39652115312051563e+01
5.27862409521994286e-02 6.28882910720795964e-03 -2.96426564540479944e+01
5.28157640829388236e-02 5.47076756235672507e-03 -2.58598920864452282e+01
5.28452872136782048e-02 4.75723986164716065e-03 -2.25508465970009340e+01
5.28748103444175999e-02 4.13513707920229543e-03 -1.96573654905799131e+01
5.29043334751569810e-02 3.59296186492452868e-03 -1.71282841287161318e+01
5.29338566058963761e-02 3.12063445346264868e-03 -1.49186062950517115e+01
5.29633797366357573e-02 2.70932150604650179e-03 -1.29887769939251623e+01
5.29929028673751523e-02 2.35128516159059013e-03 -1.13040389490939042e+01
5.30224259981145474e-02 2.03974996722544599e-03 -9.83386341420756516e+00
5.30519491288539286e-02 1.76878562019335299e-03 -8.55144693067018480e+00
5.30814722595933236e-02 1.53320368621751154e-03 -7.43326658421651132e+00
5.31109953903327048e-02 1.32846666705407619e-03 -6.45868712996581440e+00
5.31405185210720998e-02 1.15060797468539110e-03 -5.60961408689307106e+00
5.31700416518114810e-02 9.96161533951176641e-04 -4.87018755557172778e+00
5.31995647825508761e-02 8.62099881531367394e-04 -4.22651209580157428e+00
5.32290879132902572e-02 7.45779759051305442e-04 -3.66641852063541407e+00
5.32586110440296523e-02 6.44894313434135331e-04 -3.17925392692349096e+00
5.32881341747690335e-02 5.57431120050007421e-04 -2.75569669570903875e+00
5.33176573055084285e-02 4.81635335631810599e-04 -2.38759330169378314e+00
5.33471804362478097e-02 4.15977462882496539e-04 -2.06780833802710751e+00
5.33767035669872048e-02 3.59125031804061515e-04 -1.79011334256398391e+00
5.34062266977265998e-02 3.09917490511209552e-04 -1.54907068906625089e+00
5.34357498284659810e-02 2.67344434521856952e-04 -1.33993134019914306e+00
5.34652729592053760e-02 2.30526564216777948e-04 -1.15854950937552048e+00
5.34947960899447572e-02 1.98699006060905971e-04 -1.00130765373595132e+00
5.35243192206841523e-02 1.71196710937591761e-04 -8.65050579267779951e-01
5.35538423514235334e-02 1.47441676831570065e-04 -7.47027578870386400e-01
5.35833654821629285e-02 1.26931773087017493e-04 -6.44841648446495386e-01
5.36128886129023097e-02 1.09230969997328264e-04 -5.56404936504215075e-01
5.36424117436417047e-02 9.39608009401876149e-05 -4.79899680785291660e-01
5.36719348743810859e-02 8.07929050002589318e-05 -4.13743972430148044e-01
5.37014580051204810e-02 6.94425163301789740e-05 -3.56561765349941273e-01
5.37309811358598621e-02 5.96627826627695810e-05 -3.07156616874465216e-01
5.37605042665992572e-02 5.12398096475922177e-05 -2.64488706343822821e-01
5.37900273973386522e-02 4.39883402605732975e-05 -2.27654731971749763e-01
5.38195505280780334e-02 3.77479896196740796e-05 -1.95870333797933366e-01
5.38490736588174285e-02 3.23799653043350849e-05 -1.68454732552585751e-01
5.38785967895568096e-02 2.77642118743612906e-05 -1.44817311392046039e-01
5.39081199202962047e-02 2.37969258505648383e-05 -1.24445900276269089e-01
5.39376430510355859e-02 2.03883940751891290e-05 -1.06896551735693027e-01
5.39671661817749809e-02 1.74611142215626698e-05 -9.17846223506963016e-02
5.39966893125143621e-02 1.49481613641650769e-05 -7.87769968288431210e-02
5.40262124432537572e-02 1.27917690361283085e-05 -6.75853114579771930e-02
5.40557355739931383e-02 1.09420971653170127e-05 -5.79600512433704890e-02
5.40852587047325334e-02 9.35616275820106116e-06 -4.96854104771113567e-02
5.41147818354719146e-02 7.99691225080048659e-06 -4.25748200797175791e-02
5.41443049662113096e-02 6.83241711939174592e-06 -3.64670570126113883e-02
5.41738280969507047e-02 5.83517668574407913e-06 -3.12228615762600824e-02
5.42033512276900858e-02 4.98151410245597243e-06 -2.67219976516914377e-02
5.42328743584294809e-02 4.25105329881085156e-06 -2.28606990626453663e-02
5.42623974891688621e-02 3.62626623763353420e-06 -1.95494523646572924e-02
5.42919206199082571e-02 3.09208120638067505e-06 -1.67110726234999188e-02
5.43214437506476383e-02 2.63554406533586305e-06 -1.42790342326551290e-02
5.43509668813870334e-02 2.24552542362435088e-06 -1.21960236299030050e-02
5.43804900121264145e-02 1.91246762856401531e-06 -1.04126849879895567e-02
5.44100131428658096e-02 1.62816625213342835e-06 -8.88653364553521757e-03
5.44395362736051908e-02 1.38558145456496100e-06 -7.58101527526253930e-03
5.44690594043445858e-02 1.17867521201029263e-06 -6.46469161322913138e-03
5.44985825350839809e-02 1.00227092406780150e-06 -5.51053604437674958e-03
5.45281056658233620e-02 8.51932377532085000e-07 -4.69532449984190296e-03
5.45576287965627571e-02 7.23859443643713398e-07 -3.99910900841730834e-03
5.45871519273021383e-02 6.14798234939368087e-07 -3.40476289202720555e-03
5.46166750580415333e-02 5.21963751151381991e-07 -2.89758803274997459e-03
5.46461981887809145e-02 4.42973307282152479e-07 -2.46497589287860211e-03
5.46757213195203096e-02 3.75789266060669625e-07 -2.09611506268005685e-03
5.47052444502596907e-02 3.18669795919130623e-07 -1.78173906304195584e-03
5.47347675809990858e-02 2.70126548292430894e-07 -1.51390895975815490e-03
5.47642907117384670e-02 2.28888297838672596e-07 -1.28582606831970786e-03
5.47938138424778620e-02 1.93869719071745373e-07 -1.09167065635002065e-03
5.48233369732172432e-02 1.64144585477972852e-07 -9.26463097177022596e-04
5.48528601039566382e-02 1.38922774718758046e-07 -7.85944402918010380e-04
5.48823832346960333e-02 1.17530547972147793e-07 -6.66473478010831222e-04
5.49119063654354145e-02 9.93936445574282290e-08 -5.64938792361328965e-04
5.49414294961748095e-02 8.40227962164644695e-08 -4.78682484192180079e-04
5.49709526269141907e-02 7.10013200981849203e-08 -4.05435172391081984e-04
5.50004757576535858e-02 5.99744967440412757e-08 -3.43259992012287908e-04
5.50299988883929669e-02 5.06404801907526366e-08 -2.90504569253839835e-04
5.50595220191323620e-02 4.27425225512089015e-08 -2.45759827786347135e-04
5.50890451498717432e-02 3.60623258521184834e-08 -2.07824670302796620e-04
5.51185682806111382e-02 3.04143601464658725e-08 -1.75675710689987140e-04
5.51480914113505194e-02 2.56410095435474552e-08 -1.48441345991177112e-04
5.51776145420899145e-02 2.16084272980976628e-08 -1.25379555687278723e-04
5.52071376728292956e-02 1.82029978969278002e-08 -1.05858900817424576e-04
5.52366608035686907e-02 1.53283185441832211e-08 -8.93422688693120407e-05
5.52661839343080857e-02 1.29026248934403711e-08 -7.53729737441278472e-05
5.52957070650474669e-02 1.08565965823045500e-08 -6.35628747854877126e-05
5.53252301957868620e-02 9.13148733185224451e-09 -5.35822260258886010e-05
5.53547533265262431e-02 7.67753228586730404e-09 -4.51510074624889891e-05
5.53842764572656382e-02 6.45259206211578700e-09 -3.80315252073870776e-05
5.54137995880050194e-02 5.42099882440893089e-09 -3.20220975298249070e-05
5.54433227187444144e-02 4.55257469342896280e-09 -2.69516697811498403e-05
5.54728458494837956e-02 3.82179711152136043e-09 -2.26752235416350205e-05
5.55023689802231907e-02 3.20708946141281747e-09 -1.90698645483467955e-05
5.55318921109625718e-02 2.69021839694143284e-09 -1.60314904852003570e-05
5.55614152417019669e-02 2.25578204942052449e-09 -1.34719539122863179e-05
5.55909383724413481e-02 1.89077559000412180e-09 -1.13166478032144468e-05
5.56204615031807431e-02 1.58422261134987519e-09 -9.50245162469494557e-06
5.56499846339201382e-02 1.32686248831289631e-09 -7.97598487207037968e-06
5.56795077646595193e-02 1.11088532808595799e-09 -6.69212267542376554e-06
5.57090308953989144e-02 9.29707360169487047e-10 -5.61273469221151315e-06
5.57385540261382956e-02 7.77780675935134697e-10 -4.70561415847274878e-06
5.57680771568776906e-02 6.50432132233513461e-10 -3.94356881465404282e-06
5.57976002876170718e-02 5.43727005730645057e-10 -3.30364956864463044e-06
5.58271234183564669e-02 4.54353643534075162e-10 -2.76649630651415286e-06
5.58566465490958480e-02 3.79525917577236225e-10 -2.31578329572066663e-06
5.58861696798352431e-02 3.16900769225265460e-10 -1.93774921936830011e-06
5.59156928105746243e-02 2.64508538699243452e-10 -1.62079909636417812e-06
5.59452159413140193e-02 2.20694121516226447e-10 -1.35516723513691505e-06
5.59747390720534144e-02 1.84067290055752610e-10 -1.13263198440206128e-06
5.60042622027927955e-02 1.53460770163160107e-10 -9.46274423196267506e-07
5.60337853335321906e-02 1.27894876867332691e-10 -7.90274308303378355e-07
5.60633084642715718e-02 1.06547695368655119e-10 -6.59737599644663464e-07
5.60928315950109668e-02 8.87299481815665282e-11 -5.50550738399643055e-07
5.61223547257503480e-02 7.38638207449691726e-11 -4.59257580158170334e-07
5.61518778564897431e-02 6.14651294022060340e-11 -3.82955504779318624e-07
5.61814009872291242e-02 5.11283103536961637e-11 -3.19207751689437391e-07
5.62109241179685193e-02 4.25137885197183733e-11 -2.65969477647483315e-07
5.62404472487079005e-02 3.53373533679570666e-11 -2.21525415138691259e-07
5.62699703794472955e-02 2.93612264928536342e-11 -1.84437333443802399e-07
5.62994935101866767e-02 2.43865546433289426e-11 -1.53499779545651594e-07
5.63290166409260717e-02 2.02471035050888277e-11 -1.27702753602820133e-07
5.63585397716654668e-02 1.68039706996505460e-11 -1.06199951143277561e-07
5.63880629024048480e-02 1.39411368828701796e-11 -8.82835807962375031e-08
5.64175860331442430e-02 1.15617204986980610e-11 -7.33614484028779615e-08
5.64471091638836242e-02 9.58485342564329797e-12 -6.09381064231967453e-08
5.64766322946230193e-02 7.94306206978903020e-12 -5.05992266157247611e-08
5.65061554253624004e-02 6.58007196125058304e-12 -4.19984666363674355e-08
5.65356785561017955e-02 5.44896818818368388e-12 -3.48464376764670974e-08
5.65652016868411767e-02 4.51065467559110198e-12 -2.89014412977008600e-08
5.65947248175805717e-02 3.73256432893609540e-12 -2.39616953175613590e-08
5.66242479483199529e-02 3.08757966941995578e-12 -1.98588123604177690e-08
5.66537710790593479e-02 2.55313000481763484e-12 -1.64523317140076937e-08
5.66832942097987291e-02 2.11043659039967850e-12 -1.36251364402849019e-08
5.67128173405381242e-02 1.74388179428049587e-12 -1.12796141514856273e-08
5.67423404712775192e-02 1.44048212242407067e-12 -9.33444221595381568e-09
5.67718636020169004e-02 1.18944819227229547e-12 -7.72189703179944641e-09
5.68013867327562955e-02 9.81817465193531205e-13 -6.38560293355084522e-09
5.68309098634956766e-02 8.10147836792452201e-13 -5.27864973074807651e-09
5.68604329942350717e-02 6.68262108357733573e-13 -4.36201920253160607e-09
5.68899561249744529e-02 5.51034979655806040e-13 -3.60327041489913028e-09
5.69194792557138479e-02 4.54215561338708214e-13 -2.97544176398796408e-09
5.69490023864532291e-02 3.74279545326236365e-13 -2.45613441378103459e-09
5.69785255171926242e-02 3.08306128181169282e-13 -2.02674748844368619e-09
5.70080486479320053e-02 2.53875584857669379e-13 -1.67184016598436364e-09
5.70375717786714004e-02 2.08984062840673413e-13 -1.37859984313676058e-09
5.70670949094107816e-02 1.71972730319853713e-13 -1.13639892136013543e-09
5.70966180401501766e-02 1.41468884105436726e-13 -9.36425602113619227e-10
5.71261411708895717e-02 1.16337018187920154e-13 -7.71376461765833042e-10
5.71556643016289528e-02 9.56381845359525112e-14 -6.35200574980572232e-10
5.71851874323683479e-02 7.85962543188150741e-14 -5.22886631189098106e-10
5.72147105631077291e-02 6.45699189783832343e-14 -4.30285893268341109e-10
5.72442336938471241e-02 5.30294638103235365e-14 -3.53965024150718243e-10
5.72737568245865053e-02 4.35375081194717382e-14 -2.91083792317137954e-10
5.73032799553259004e-02 3.57330407730214536e-14 -2.39293491716839256e-10
5.73328030860652815e-02 2.93181924368791893e-14 -1.96652601488817481e-10
5.73623262168046766e-02 2.40472795933732968e-14 -1.61556787689142672e-10
5.73918493475440578e-02 1.97177336607673514e-14 -1.32680831347850433e-10
5.74213724782834528e-02 1.61625937294181543e-14 -1.08930469956525111e-10
5.74508956090228479e-02 1.32442957423083556e-14 -8.94024758291459647e-11
5.74804187397622290e-02 1.08495361758685137e-14 -7.33515755167198588e-11
5.75099418705016241e-02 8.88502592401546124e-15 -6.01630486789157166e-11
5.75394650012410053e-02 7.27398141163502907e-15 -4.93300401439351035e-11
5.75689881319804003e-02 5.95322601456054909e-15 -4.04347817083837539e-11
5.75985112627197815e-02 4.87079651985530636e-15 -3.31330558927305326e-11
5.76280343934591766e-02 3.98396735654580096e-15 -2.71413468553288686e-11
5.76575575241985577e-02 3.25762027536073566e-15 -2.22262177286951294e-11
5.76870806549379528e-02 2.66289956760093201e-15 -1.81955319125858681e-11
5.77166037856773340e-02 2.17610321428710661e-15 -1.48912009621689609e-11
5.77461269164167290e-02 1.77776890262010436e-15 -1.21831958383195135e-11
5.77756500471561102e-02 1.45192093371119649e-15 -9.96460327189121862e-12
5.78051731778955052e-02 1.18544992020978610e-15 -8.14754636371694654e-12
5.78346963086349003e-02 9.67602040282171614e-16 -6.65981957314832020e-12
5.78642194393742815e-02 7.89558646332080585e-16 -5.44211400468982004e-12
5.78937425701136765e-02 6.44090365114501694e-16 -4.44573027236060686e-12
5.79232657008530577e-02 5.25272588735330718e-16 -3.63069394466269183e-12
5.79527888315924528e-02 4.28251541740400436e-16 -2.96420326578606111e-12
5.79823119623318339e-02 3.49051999740661097e-16 -2.41935102418667746e-12
5.80118350930712290e-02 2.84419297613772945e-16 -1.97407252513729838e-12
5.80413582238106102e-02 2.31689556563137503e-16 -1.61027997470318258e-12
5.80708813545500052e-02 1.88683125916381450e-16 -1.31315049441453561e-12
5.81004044852893864e-02 1.53617116253533304e-16 -1.07054070441371579e-12
5.81299276160287814e-02 1.25033627393145384e-16 -8.72505542203534285e-13
5.81594507467681626e-02 1.01740874555359764e-16 -7.10902893885815326e-13
5.81889738775075577e-02 8.27649107184214110e-17 -5.79068845731229050e-13
5.82184970082469527e-02 6.73100510518680003e-17 -4.71551032884646755e-13
5.82480201389863339e-02 5.47264414622721256e-17 -3.83889765889984925e-13
5.82775432697257290e-02 4.44834902335120024e-17 -3.12438434862913206e-13
5.83070664004651101e-02 3.61481098279262892e-17 -2.54216192143002564e-13
5.83365895312045052e-02 2.93669036898497317e-17 -2.06787152289099400e-13
5.83661126619438864e-02 2.38515874271452621e-17 -1.68161369032419217e-13
5.83956357926832814e-02 1.93670608782526911e-17 -1.36713690090490358e-13
5.84251589234226626e-02 1.57216521237916251e-17 -1.11117283867185189e-13
5.84546820541620576e-02 1.27591404529924408e-17 -9.02892029039179765e-14
5.84842051849014388e-02 1.03522359304128158e-17 -7.33458189059212938e-14
5.85137283156408339e-02 8.39725123648133102e-18 -5.95663509327797734e-14
5.85432514463802289e-02 6.80974910991686254e-18 -4.83630265258719772e-14
5.85727745771196101e-02 5.52098784200283164e-18 -3.92566772144054585e-14
5.86022977078590052e-02 4.47501937872792018e-18 -3.18567849569240365e-14
5.86318208385983863e-02 3.62632092618057305e-18 -2.58451728565031813e-14
5.86613439693377814e-02 2.93786255571300040e-18 -2.09626787150373773e-14
5.86908671000771626e-02 2.37953101468892692e-18 -1.69982692555275745e-14
5.87203902308165576e-02 1.92684446240924277e-18 -1.37801507486975263e-14
5.87499133615559388e-02 1.55990474172437115e-18 -1.11685121279655744e-14
5.87794364922953338e-02 1.26254353566246574e-18 -9.04960259143601290e-15
5.88089596230347150e-02 1.02162673200248941e-18 -7.33089974528540210e-15
5.88384827537741101e-02 8.26487844930073134e-19 -5.93716865825696335e-15
5.88680058845134913e-02 6.68466682731102438e-19 -4.80724851479788086e-15
5.88975290152528863e-02 5.40533818166612534e-19 -3.89143330799233993e-15
5.89270521459922814e-02 4.36984989568327442e-19 -3.14933738118211605e-15
5.89565752767316625e-02 3.53192480042357375e-19 -2.54815657734322750e-15
5.89860984074710576e-02 2.85402907762436123e-19 -2.06125208338012120e-15
5.90156215382104388e-02 2.30572809148949480e-19 -1.66699741575149980e-15
5.90451446689498338e-02 1.86234988239347843e-19 -1.34783992051547587e-15
5.90746677996892150e-02 1.50389904866389710e-19 -1.08953709503986694e-15
5.91041909304286101e-02 1.21417434693053422e-19 -8.80535341264694563e-16
5.91337140611679912e-02 9.80051993606143477e-20 -7.11464727574171823e-16
5.91632371919073863e-02 7.90903707147329233e-20 -5.74728210712189739e-16
5.91927603226467675e-02 6.38124285135125430e-20 -4.64167749639430137e-16
5.92222834533861625e-02 5.14748200972876295e-20 -3.74792992700837652e-16
5.92518065841255437e-02 4.15138527585279559e-20 -3.02560871370724631e-16
5.92813297148649387e-02 3.34734609679376044e-20 -2.44196597396819139e-16
5.93108528456043338e-02 2.69847442431645279e-20 -1.97048324760751157e-16
5.93403759763437150e-02 2.17493779526621330e-20 -1.58969176643378800e-16
5.93698991070831100e-02 1.75261674357922149e-20 -1.28221510335603631e-16
5.93994222378224912e-02 1.41201525998071897e-20 -1.03399247640806669e-16
5.94289453685618863e-02 1.13737837247732648e-20 -8.33646819661696856e-17
5.94584684993012674e-02 9.15977479636935375e-21 -6.71978365364223119e-17
5.94879916300406625e-02 7.37530617368903904e-21 -5.41549484271598751e-17
5.95175147607800437e-02 5.93733989947424382e-21 -4.36346857130935152e-17
5.95470378915194387e-02 4.77882957465525906e-21 -3.51509927755955724e-17
5.95765610222588199e-02 3.84565321496816259e-21 -2.83110882328471150e-17
5.96060841529982149e-02 3.09413182507692468e-21 -2.27976427017503333e-17
5.96356072837375961e-02 2.48902235617560729e-21 -1.83543462734783883e-17
5.96651304144769912e-02 2.00189477119475242e-21 -1.47742241508964788e-17
5.96946535452163862e-02 1.60982003780017773e-21 -1.18901796850324977e-17
5.97241766759557674e-02 1.29430974464891009e-21 -9.56734222165383000e-18
5.97536998066951625e-02 1.04045929427014681e-21 -7.69687693680179208e-18
5.97832229374345436e-02 8.36255757508707212e-22 -6.19097863250620590e-18
5.98127460681739387e-02 6.72018879155569613e-22 -4.97882407606378798e-18
5.98422691989133199e-02 5.39949727034780545e-22 -4.00330017490212469e-18
5.98717923296527149e-02 4.33766341499670953e-22 -3.21835993789379948e-18
5.99013154603920961e-02 3.48409683633872492e-22 -2.58688629187793980e-18
5.99308385911314911e-02 2.79806372815102705e-22 -2.07896662675928634e-18
5.99603617218708723e-02 2.24677289301147067e-22 -1.67049943251913617e-18
5.99898848526102674e-02 1.80383210117602637e-22 -1.34206937876970482e-18
6.00194079833496624e-02 1.44800340097652681e-22 -1.07803933218439584e-18
6.00489311140890436e-02 1.16219970174650071e-22 -8.65817645593380440e-19
6.00784542448284387e-02 9.32676033927181071e-23 -6.95267020475190247e-19
6.01079773755678198e-02 7.48377853970230150e-23 -5.58227695838571294e-19
6.01375005063072149e-02 6.00416007836567835e-23 -4.48132938346603800e-19
6.01670236370465961e-02 4.81643823634164390e-23 -3.59699034128469079e-19
6.01965467677859911e-02 3.86316536475902611e-23 -2.88675401215975009e-19
6.02260698985253723e-02 3.09817071814041113e-23 -2.31643206360977881e-19
6.02555930292647673e-02 2.48435301298339730e-23 -1.85853105546185048e-19
6.02851161600041485e-02 1.99190378457325258e-23 -1.49094534645119716e-19
6.03146392907435436e-02 1.59687774211326503e-23 -1.19590437145508323e-19
6.03441624214829248e-02 1.28004256625969583e-23 -9.59124958349847511e-20
6.03736855522223198e-02 1.02595370017070904e-23 -7.69128884863102067e-20
6.04032086829617149e-02 8.22210258589626410e-24 -6.16693572924460401e-20
6.04327318137010960e-02 6.58856707096492745e-24 -4.94410032381316945e-20
6.04622549444404911e-02 5.27901839773708964e-24 -3.96327181984220746e-20
6.04917780751798723e-02 4.22932126750460637e-24 -3.17665723375630417e-20
6.05213012059192673e-02 3.38800970819956931e-24 -2.54588009564614075e-20
6.05508243366586485e-02 2.71379012452510224e-24 -2.04012983537000010e-20
6.05803474673980435e-02 2.17353522923907496e-24 -1.63467386899762108e-20
6.06098705981374247e-02 1.74067261456168474e-24 -1.30966151115688493e-20
6.06393937288768198e-02 1.39389053597791423e-24 -1.04916264394824124e-20
6.06689168596162010e-02 1.11609862802616998e-24 -8.40395198457277203e-21
6.06984399903555960e-02 8.93593464927166458e-25 -6.73104468772371830e-21
6.07279631210949772e-02 7.15388692280767605e-25 -5.39064499216310305e-21
6.07574862518343722e-02 5.72677352520576779e-25 -4.31677600967163198e-21
6.07870093825737673e-02 4.58400379593662561e-25 -3.45652736921975436e-21
6.08165325133131485e-02 3.66900348241886308e-25 -2.76747283439327287e-21
6.08460556440525435e-02 2.93643672695510433e-25 -2.21559711847289009e-21
6.08755787747919247e-02 2.34997753832838835e-25 -1.77363174354981877e-21
6.09051019055313198e-02 1.88052230200281643e-25 -1.41971943574803522e-21
6.09346250362707009e-02 1.50475623391978503e-25 -1.13634235202401139e-21
6.09641481670100960e-02 1.20400384136904989e-25 -9.09462144207834697e-22
6.09936712977494772e-02 9.63307241261618235e-26 -7.27830086489410710e-22
6.10231944284888722e-02 7.70687262004187431e-26 -5.82433709613976748e-22
6.10527175592282534e-02 6.16551151680994556e-26 -4.66052990185785705e-22
6.10822406899676484e-02 4.93217860059385540e-26 -3.72904451963466726e-22
6.11117638207070296e-02 3.94537599040951565e-26 -2.98355801672388261e-22
6.11412869514464247e-02 3.15586992216488137e-26 -2.38697148942581757e-22
6.11708100821858197e-02 2.52424821572137340e-26 -1.90957612892289380e-22
6.12003332129252009e-02 2.01896346943217222e-26 -1.52758328878066221e-22
6.12298563436645960e-02 1.61476555235248479e-26 -1.22194644411394377e-22
6.12593794744039771e-02 1.29144607219388648e-26 -9.77417187626382723e-23
6.12889026051433722e-02 1.03283282655598454e-26 -7.81788851375233756e-23
6.13184257358827534e-02 8.25984541456312418e-27 -6.25290528320732382e-23
6.13479488666221484e-02 6.60546063432444110e-27 -5.00101639097476667e-23
6.13774719973615296e-02 5.28232080346763694e-27 -3.99963104313758925e-23
6.14069951281009246e-02 4.22413787560027915e-27 -3.19865928151464727e-23
6.14365182588403058e-02 3.37788000310910950e-27 -2.55801805768226491e-23
6.14660413895797009e-02 2.70112288739765806e-27 -2.04563420272545354e-23
6.14955645203190959e-02 2.15992978704051122e-27 -1.63584543653366956e-23
6.15250876510584771e-02 1.72715479581083601e-27 -1.30812019483120703e-23
6.15546107817978722e-02 1.38108498201078941e-27 -1.04603279408146209e-23
6.15841339125372533e-02 1.10435379032401697e-27 -8.36443073987777259e-24
6.16136570432766484e-02 8.83071574762332379e-28 -6.68839772599053598e-24
6.16431801740160296e-02 7.06129919639700424e-28 -5.34814996004539578e-24
6.16727033047554246e-02 5.64645046890866515e-28 -4.27643641239885090e-24
6.17022264354948058e-02 4.51512529022182096e-28 -3.41946836600338205e-24
6.17317495662342008e-02 3.61051069507144321e-28 -2.73422634170919444e-24
6.17612726969735820e-02 2.88717550636415903e-28 -2.18630530441791569e-24
6.17907958277129771e-02 2.30879102403312487e-28 -1.74819067098567001e-24
6.18203189584523582e-02 1.84630791017635017e-28 -1.39787907536111335e-24
6.18498420891917533e-02 1.47649803176253196e-28 -1.11777501227015536e-24
6.18793652199311484e-02 1.18078825313611417e-28 -8.93808226614302613e-25
6.19088883506705295e-02 9.44327762650734912e-29 -7.14727721957379048e-25
6.19384114814099246e-02 7.55242196386589826e-29 -5.71537073257018062e-25
6.19679346121493058e-02 6.04037168052270098e-29 -4.57042783249393396e-25
6.19974577428887008e-02 4.83121293131833875e-29 -3.65493068673611491e-25
6.20269808736280820e-02 3.86424779719040392e-29 -2.92288982271128048e-25
6.20565040043674770e-02 3.09094446626365314e-29 -2.33753393862418602e-25
6.20860271351068582e-02 2.47249860137928489e-29 -1.86946248727934334e-25
6.21155502658462533e-02 1.97788345419007679e-29 -1.49516838110284308e-25
6.21450733965856345e-02 1.58229080177635528e-29 -1.19585670312739039e-25
6.21745965273250295e-02 1.26588439222774543e-29 -9.56500140018336032e-26
6.22041196580644107e-02 1.01280327143254804e-29 -7.65083719134054802e-26
6.22336427888038057e-02 8.10364909232230088e-30 -6.12000924423385263e-26
6.22631659195432008e-02 6.48428077163553887e-30 -4.89570859806933889e-26
6.22926890502825820e-02 5.18883454758903473e-30 -3.91652203086238430e-26
6.23222121810219770e-02 4.15246358891429008e-30 -3.13334552128558394e-26
6.23517353117613582e-02 3.32331122633580030e-30 -2.50691651183520215e-26
6.23812584425007532e-02 2.65990753899958697e-30 -2.00584093232560922e-26
6.24107815732401344e-02 2.12908785648199240e-30 -1.60501579918257492e-26
6.24403047039795295e-02 1.70432853297259067e-30 -1.28436808396762755e-26
6.24698278347189107e-02 1.36441633015454795e-30 -1.02784644050025504e-26
6.24993509654583057e-02 1.09238451988352513e-30 -8.22615091054314238e-27
6.25288740961976869e-02 8.74662229608174456e-31 -6.58409336109341433e-27
6.25583972269370819e-02 7.00394273848002388e-31 -5.27020342586698399e-27
6.25879203576764631e-02 5.60897222437468435e-31 -4.21883416550205117e-27
6.26174434884158582e-02 4.49224582607291469e-31 -3.37747659764195584e-27
6.26469666191552532e-02 3.59819162474622989e-31 -2.70413322095818676e-27
6.26764897498946344e-02 2.88234950636360707e-31 -2.16521327920418347e-27
6.27060128806340294e-02 2.30914710321373551e-31 -1.73384857382640814e-27
6.27355360113734106e-02 1.85012126216713641e-31 -1.38854691004839348e-27
6.27650591421128057e-02 1.48249572934588624e-31 -1.11211545467853822e-27
6.27945822728521869e-02 1.18804365372755918e-31 -8.90799872463369911e-28
6.28241054035915819e-02 9.52177830903216195e-32 -7.13595969176781384e-28
6.28536285343309631e-02 7.63223054064665125e-32 -5.71699251184177274e-28
6.28831516650703581e-02 6.11834088868098773e-32 -4.58064750476969700e-28
6.29126747958097393e-02 4.90530102948486644e-32 -3.67055010856224174e-28
6.29421979265491344e-02 3.93322227862470391e-32 -2.94158564563420544e-28
6.29717210572885294e-02 3.15415605526274190e-32 -2.35764772627835204e-28
6.30012441880279106e-02 2.52971008094854016e-32 -1.88983735085057015e-28
6.30307673187673057e-02 2.02914107781576826e-32 -1.51502241740691041e-28
6.30602904495066868e-02 1.62782861676871893e-32 -1.21468544378281945e-28
6.30898135802460819e-02 1.30605386349836991e-32 -9.74001784123869914e-29
6.31193367109854631e-02 1.04802223956863648e-32 -7.81102188382384683e-29
6.31488598417248581e-02 8.41081225080023067e-33 -6.26482801711696806e-29
6.31783829724642393e-02 6.75094292236216174e-33 -5.02533094548412579e-29
6.32079061032036343e-02 5.41939766054114485e-33 -4.03158125554433153e-29
6.32374292339430155e-02 4.35109651606409146e-33 -3.23476265901595400e-29
6.32669523646824106e-02 3.49388460036811809e-33 -2.59577292337875804e-29
6.32964754954217917e-02 2.80596058736247995e-33 -2.08328778086750538e-29
6.33259986261611868e-02 2.25381764848390188e-33 -1.67221126781865325e-29
6.33555217569005819e-02 1.81059455846498787e-33 -1.34243526734499463e-29
6.33850448876399630e-02 1.45475514339170000e-33 -1.07784647920313192e-29
6.34145680183793581e-02 1.16903058896933337e-33 -8.65531397335697746e-30
6.34440911491187393e-02 9.39572204020222945e-34 -6.95139758102308299e-30
6.34736142798581343e-02 7.55272696605888106e-34 -5.58374826449783514e-30
6.35031374105975155e-02 6.07222391171045838e-34 -4.48585209588136884e-30
6.35326605413369105e-02 4.88273513252321280e-34 -3.60437945023979251e-30
6.35621836720762917e-02 3.92691028268130597e-34 -2.89656655424979851e-30
6.35917068028156868e-02 3.15872810361758478e-34 -2.32811799322677139e-30
6.36212299335550679e-02 2.54125350276393450e-34 -1.87152636086553186e-30
6.36507530642944630e-02 2.04483959012952109e-34 -1.50472595440517559e-30
6.36802761950338442e-02 1.64568623509298655e-34 -1.21001399617526893e-30
6.37097993257732392e-02 1.32468431330503509e-34 -9.73186128859120366e-31
6.37393224565126343e-02 1.06648891009782043e-34 -7.82843548732553222e-31
6.37688455872520155e-02 8.58776033362293673e-35 -6.29837638371165970e-31
6.37983687179914105e-02 6.91646426422916054e-35 -5.06824761610703520e-31
6.38278918487307917e-02 5.57147308800550319e-35 -4.07909327814374304e-31
6.38574149794701867e-02 4.48888669044143518e-35 -3.28357590874578790e-31
6.38869381102095679e-02 3.61735376410592227e-35 -2.64368137739020566e-31
6.39164612409489630e-02 2.91560097075560929e-35 -2.12887815119441917e-31
6.39459843716883442e-02 2.35044979842837510e-35 -1.71464080240508449e-31
6.39755075024277392e-02 1.89522463327341781e-35 -1.38126553096793522e-31
6.40050306331671204e-02 1.52847469260156672e-35 -1.11291982591124226e-31
6.40345537639065154e-02 1.23294779324970938e-35 -8.96879882584812890e-32
6.40640768946458966e-02 9.94766213791831532e-36 -7.22918599616852325e-32
6.40936000253852917e-02 8.02764755688613290e-36 -5.82814355403305942e-32
6.41231231561246867e-02 6.47959001852257354e-36 -4.69956673728320788e-32
6.41526462868640679e-02 5.23118099474953314e-36 -3.79029623666269210e-32
6.41821694176034629e-02 4.22421468223770891e-36 -3.05757593958141998e-32
6.42116925483428441e-02 3.41182904061945224e-36 -2.46701123711562944e-32
6.42412156790822392e-02 2.75628812504977403e-36 -1.99092909379606706e-32
6.42707388098216204e-02 2.22719922878790170e-36 -1.60706062513140172e-32
6.43002619405610154e-02 1.80007935172065904e-36 -1.29748259846739619e-32
6.43297850713003966e-02 1.45520235978691127e-36 -1.04776683832106669e-32
6.43593082020397916e-02 1.17667172045989493e-36 -8.46296594250719260e-33
6.43888313327791728e-02 9.51674549916251529e-37 -6.83717011489891643e-33
6.44183544635185679e-02 7.69881416623691005e-37 -5.52493327669499111e-33
6.44478775942579629e-02 6.22963337377555823e-37 -4.46555620016801077e-33
6.44774007249973441e-02 5.04203014922363237e-37 -3.61013100516584308e-33
6.45069238557367391e-02 4.08181873531813945e-37 -2.91924305264273574e-33
6.45364469864761203e-02 3.30528068682737316e-37 -2.36112211833077564e-33
6.45659701172155154e-02 2.67713554418733747e-37 -1.91015475747139359e-33
6.45954932479548966e-02 2.16890627670315270e-37 -1.54568708982280129e-33
6.46250163786942916e-02 1.75760245414555865e-37 -1.25106113903832235e-33
6.46545395094336728e-02 1.42465918571777124e-37 -1.01283902634101522e-33
6.46840626401730678e-02 1.15508198538412849e-37 -8.20178286055021615e-34
6.47135857709124490e-02 9.36757465022710962e-38 -6.64328773804831903e-34
6.47431089016518441e-02 7.59897589436614650e-38 -5.38227425067346058e-34
6.47726320323912252e-02 6.16591525365658127e-38 -4.36171771464928224e-34
6.48021551631306203e-02 5.00444181723991496e-38 -3.53556858755863348e-34
6.48316782938700154e-02 4.06284612427534948e-38 -2.86663213708651233e-34
6.48612014246093965e-02 3.29930730786043903e-38 -2.32485921240804206e-34
6.48907245553487916e-02 2.67999421698952681e-38 -1.88596814204447403e-34
6.49202476860881728e-02 2.17753260279842875e-38 -1.53033339008842128e-34
6.49497708168275678e-02 1.76976753861920303e-38 -1.24208915561417962e-34
6.49792939475669490e-02 1.43876399628277253e-38 -1.00840619754350180e-34
6.50088170783063440e-02 1.16999957488545252e-38 -8.18908290905628242e-35
6.50383402090457252e-02 9.51712296406134485e-39 -6.65201257253676335e-35
6.50678633397851203e-02 7.74373566048980578e-39 -5.40492772854804170e-35
6.50973864705245014e-02 6.30262182472795058e-39 -4.39285392959417797e-35
6.51269096012638965e-02 5.13119946404448104e-39 -3.57128639745058662e-35
6.51564327320032777e-02 4.17873174508412973e-39 -2.90418746791378933e-35
6.51859558627426727e-02 3.40407454998091725e-39 -2.36236863910422275e-35
6.52154789934820678e-02 2.77385424107616230e-39 -1.92218307142173324e-35
6.52450021242214490e-02 2.26099312307553224e-39 -1.56446873616717135e-35
6.52745252549608440e-02 1.84351597902426134e-39 -1.27369397254350053e-35
6.53040483857002252e-02 1.50358387345437754e-39 -1.03726653200522797e-35
6.53335715164396202e-02 1.22671175801552624e-39 -8.44974701468428145e-36
6.53630946471790014e-02 1.00113476147374697e-39 -6.88535154155802512e-36
6.53926177779183965e-02 8.17294783537457018e-40 -5.61227061699521003e-36
6.54221409086577776e-02 6.67424451851594445e-40 -4.57595941263946236e-36
6.54516640393971727e-02 5.45209894554337954e-40 -3.73213890216856537e-36
6.54811871701365539e-02 4.45517329223563521e-40 -3.04485425917155508e-36
6.55107103008759489e-02 3.64171335850972589e-40 -2.48490218410344777e-36
6.55402334316153301e-02 2.97774998110385331e-40 -2.02855675031238083e-36
6.55697565623547252e-02 2.43563969628482237e-40 -1.65653685291995852e-36
6.55992796930941202e-02 1.99288035724859000e-40 -1.35316924188256396e-36
6.56288028238335014e-02 1.63114965144084881e-40 -1.10570992324980863e-36
6.56583259545728964e-02 1.33552436323202221e-40 -9.03793824700060027e-37
6.56878490853122776e-02 1.09384623650923589e-40 -7.38988368803105072e-37
6.57173722160516727e-02 8.96206772513949296e-41 -6.04431243020316789e-37
6.57468953467910538e-02 7.34528543519553701e-41 -4.94536411251995985e-37
6.57764184775304489e-02 6.02224849237078302e-41 -4.04755448871235109e-37
6.58059416082698301e-02 4.93922981225864163e-41 -3.31383739712854927e-37
6.58354647390092251e-02 4.05239145440964445e-41 -2.71403060854790012e-37
6.58649878697486063e-02 3.32595349129539934e-41 -2.22353689209342979e-37
6.58945110004880014e-02 2.73070386435531387e-41 -1.82230465580960706e-37
6.59240341312273964e-02 2.24278538817234748e-41 -1.49398305621834112e-37
6.59535572619667776e-02 1.84270807657489684e-41 -1.22523500426056565e-37
6.59830803927061726e-02 1.51454470580630172e-41 -1.00517840646369955e-37
6.60126035234455538e-02 1.24527543130125992e-41 -8.24931579471500385e-38
6.60421266541849489e-02 1.02425368519219426e-41 -6.77243313426834352e-38
6.60716497849243301e-02 8.42770784046490645e-42 -5.56191737409751791e-38
6.61011729156637251e-02 6.93700899297495679e-42 -4.56939121798605212e-38
