# omega( psi ) in rad/s, sampled from geq's own spline so that both
# codes read one definition of the rotation.
#
#    psi            f( psi )        f'( psi )
5.63780116139572449e-03 4.75800000000000000e+06 4.72153622461327985e+07
5.66732429213511347e-03 4.75939360499382019e+06 4.71923078700352237e+07
5.69684742287450158e-03 4.76078652935028076e+06 4.71692534939376861e+07
5.72637055361389057e-03 4.76217877306938171e+06 4.71461991178401783e+07
5.75589368435327955e-03 4.76357033615112398e+06 4.71231447417427227e+07
5.78541681509266766e-03 4.76496121859550569e+06 4.71000903656453192e+07
5.81493994583205664e-03 4.76635142040252779e+06 4.70770359895479456e+07
5.84446307657144476e-03 4.76774094157219026e+06 4.70539816134506240e+07
5.87398620731083374e-03 4.76912978210449312e+06 4.70309272373533398e+07
5.90350933805022272e-03 4.77051794199943636e+06 4.70078728612561077e+07
5.93303246878961084e-03 4.77190542125701997e+06 4.69848184851589128e+07
5.96255559952899982e-03 4.77329221987724304e+06 4.69617641090617478e+07
5.99207873026838880e-03 4.77467833786010835e+06 4.69387097329646498e+07
6.02160186100777692e-03 4.77606377520561218e+06 4.69156553568675742e+07
6.05112499174716590e-03 4.77744853191375826e+06 4.68926009807705656e+07
6.08064812248655488e-03 4.77883260798454285e+06 4.68695466046735719e+07
6.11017125322594300e-03 4.78021600341796875e+06 4.68464922285766304e+07
6.13969438396533198e-03 4.78159871821403503e+06 4.68234378524797559e+07
6.16921751470472096e-03 4.78298075237274170e+06 4.68003834763828889e+07
6.19874064544410908e-03 4.78436210589408875e+06 4.67773291002860740e+07
6.22826377618349806e-03 4.78574277877807617e+06 4.67542747241893187e+07
6.25778690692288704e-03 4.78712277102470398e+06 4.67312203480926007e+07
6.28731003766227516e-03 4.78850208263397217e+06 4.67081659719959050e+07
6.31683316840166414e-03 4.78988071360588074e+06 4.66851115958992913e+07
6.34635629914105225e-03 4.79125866394042969e+06 4.66620572198026851e+07
6.37587942988044123e-03 4.79263593363761902e+06 4.66390028437061459e+07
6.40540256061983022e-03 4.79401252269744780e+06 4.66159484676096141e+07
6.43492569135921833e-03 4.79538843111991882e+06 4.65928940915131718e+07
6.46444882209860731e-03 4.79676365890502930e+06 4.65698397154167518e+07
6.49397195283799630e-03 4.79813820605278015e+06 4.65467853393203542e+07
6.52349508357738441e-03 4.79951207256317139e+06 4.65237309632240236e+07
6.55301821431677339e-03 4.80088525843620300e+06 4.65006765871277452e+07
6.58254134505616151e-03 4.80225776367187407e+06 4.64776222110314742e+07
6.61206447579555049e-03 4.80362958827018645e+06 4.64545678349352255e+07
6.64158760653493947e-03 4.80500073223114014e+06 4.64315134588389173e+07
6.67111073727432759e-03 4.80637119555473235e+06 4.64084590827425495e+07
6.70063386801371657e-03 4.80774097824096680e+06 4.63854047066461146e+07
6.73015699875310555e-03 4.80911008028983977e+06 4.63623503305496350e+07
6.75968012949249367e-03 4.81047850170135498e+06 4.63392959544530883e+07
6.78920326023188265e-03 4.81184624247550964e+06 4.63162415783564895e+07
6.81872639097127163e-03 4.81321330261230376e+06 4.62931872022598311e+07
6.84824952171065975e-03 4.81457968211174011e+06 4.62701328261631280e+07
6.87777265245004873e-03 4.81594538097381592e+06 4.62470784500663429e+07
6.90729578318943771e-03 4.81731039919853304e+06 4.62240240739695206e+07
6.93681891392882582e-03 4.81867473678588867e+06 4.62009696978726238e+07
6.96634204466821481e-03 4.82003839373588655e+06 4.61779153217756823e+07
6.99586517540760379e-03 4.82140137004852295e+06 4.61548609456786886e+07
7.02538830614699190e-03 4.82276366572380066e+06 4.61318065695816353e+07
7.05491143688638089e-03 4.82412528076171875e+06 4.61087521934845224e+07
7.08443456762576987e-03 4.82548621516227722e+06 4.60856978173873872e+07
7.11395769836515798e-03 4.82684646892547607e+06 4.60626434412902668e+07
7.14348082910454697e-03 4.82820604205131531e+06 4.60395890651931688e+07
7.17300395984393508e-03 4.82956493453979492e+06 4.60165346890960932e+07
7.20252709058332406e-03 4.83092314639091492e+06 4.59934803129990250e+07
7.23205022132271218e-03 4.83228067760467529e+06 4.59704259369019791e+07
7.26157335206210116e-03 4.83363752818107605e+06 4.59473715608049482e+07
7.29109648280149014e-03 4.83499369812011719e+06 4.59243171847079396e+07
7.32061961354087826e-03 4.83634918742179871e+06 4.59012628086109385e+07
7.35014274428026724e-03 4.83770399608612061e+06 4.58782084325139597e+07
7.37966587501965622e-03 4.83905812411308382e+06 4.58551540564170033e+07
7.40918900575904434e-03 4.84041157150268555e+06 4.58320996803200617e+07
7.43871213649843332e-03 4.84176433825492859e+06 4.58090453042231351e+07
7.46823526723782230e-03 4.84311642436981201e+06 4.57859909281262234e+07
7.49775839797721042e-03 4.84446782984733582e+06 4.57629365520293340e+07
7.52728152871659940e-03 4.84581855468750000e+06 4.57398821759324670e+07
7.55680465945598838e-03 4.84716859889030457e+06 4.57168277998356298e+07
7.58632779019537649e-03 4.84851796245574951e+06 4.56937734237388298e+07
7.61585092093476548e-03 4.84986664538383391e+06 4.56707190476420820e+07
7.64537405167415446e-03 4.85121464767455962e+06 4.56476646715453714e+07
7.67489718241354257e-03 4.85256196932792664e+06 4.56246102954487279e+07
7.70442031315293156e-03 4.85390861034393217e+06 4.56015559193521068e+07
7.73394344389232054e-03 4.85525457072257902e+06 4.55785015432555526e+07
7.76346657463170865e-03 4.85659985046386626e+06 4.55554471671590209e+07
7.79298970537109763e-03 4.85794444956779387e+06 4.55323927910625562e+07
7.82251283611048662e-03 4.85928836803436093e+06 4.55093384149661288e+07
7.85203596684987473e-03 4.86063160586357024e+06 4.54862840388697535e+07
7.88155909758926285e-03 4.86197416305541806e+06 4.54632296627734154e+07
7.91108222832865270e-03 4.86331603960990719e+06 4.54401752866771221e+07
7.94060535906804081e-03 4.86465723552703671e+06 4.54171209105808884e+07
7.97012848980742893e-03 4.86599775080680661e+06 4.53940665344846919e+07
7.99965162054681878e-03 4.86733758544921782e+06 4.53710121583885401e+07
8.02917475128620689e-03 4.86867673945426848e+06 4.53479577822923660e+07
8.05869788202559501e-03 4.87001521282195952e+06 4.53249034061961174e+07
8.08822101276498312e-03 4.87135300555229001e+06 4.53018490300997794e+07
8.11774414350437297e-03 4.87269011764526181e+06 4.52787946540033594e+07
8.14726727424376108e-03 4.87402654910087585e+06 4.52557402779068500e+07
8.17679040498315093e-03 4.87536229991912749e+06 4.52326859018102661e+07
8.20631353572253905e-03 4.87669737010002043e+06 4.52096315257135853e+07
8.23583666646192716e-03 4.87803175964355469e+06 4.51865771496168226e+07
8.26535979720131528e-03 4.87936546854972839e+06 4.51635227735199779e+07
8.29488292794070513e-03 4.88069849681854248e+06 4.51404683974230513e+07
8.32440605868009324e-03 4.88203084444999695e+06 4.51174140213260278e+07
8.35392918941948309e-03 4.88336251144409180e+06 4.50943596452289373e+07
8.38345232015887121e-03 4.88469349780082703e+06 4.50713052691317499e+07
8.41297545089825932e-03 4.88602380352020264e+06 4.50482508930344805e+07
8.44249858163764744e-03 4.88735342860221863e+06 4.50251965169371217e+07
8.47202171237703729e-03 4.88868237304687500e+06 4.50021421408396885e+07
8.50154484311642540e-03 4.89001063685417175e+06 4.49790877647422552e+07
8.53106797385581525e-03 4.89133822002410889e+06 4.49560333886449262e+07
8.56059110459520337e-03 4.89266512255668640e+06 4.49329790125476941e+07
8.59011423533459148e-03 4.89399134445190430e+06 4.49099246364505664e+07
8.61963736607397960e-03 4.89531688570976257e+06 4.48868702603535354e+07
8.64916049681336944e-03 4.89664174633026123e+06 4.48638158842566088e+07
8.67868362755275756e-03 4.89796592631340027e+06 4.48407615081597716e+07
8.70820675829214567e-03 4.89928942565917969e+06 4.48177071320630461e+07
8.73772988903153552e-03 4.90061224436759856e+06 4.47946527559664100e+07
8.76725301977092364e-03 4.90193438243865874e+06 4.47715983798698857e+07
8.79677615051031175e-03 4.90325583987236023e+06 4.47485440037734509e+07
8.82629928124969987e-03 4.90457661666869931e+06 4.47254896276771277e+07
8.85582241198908972e-03 4.90589671282768063e+06 4.47024352515808940e+07
8.88534554272847783e-03 4.90721612834930327e+06 4.46793808754847646e+07
8.91486867346786768e-03 4.90853486323356535e+06 4.46563264993887320e+07
8.94439180420725580e-03 4.90985291748046782e+06 4.46332721232928112e+07
8.97391493494664391e-03 4.91117029109001067e+06 4.46102177471968830e+07
9.00343806568603203e-03 4.91248698406219389e+06 4.45871633711008653e+07
9.03296119642542188e-03 4.91380299639701750e+06 4.45641089950047582e+07
9.06248432716480999e-03 4.91511832809448149e+06 4.45410546189085543e+07
9.09200745790419984e-03 4.91643297915458679e+06 4.45180002428122610e+07
9.12153058864358796e-03 4.91774694957733061e+06 4.44949458667158708e+07
9.15105371938297607e-03 4.91906023936271667e+06 4.44718914906193912e+07
9.18057685012236419e-03 4.92037284851074219e+06 4.44488371145228222e+07
9.21009998086175403e-03 4.92168477702140808e+06 4.44257827384261563e+07
9.23962311160114215e-03 4.92299602489471436e+06 4.44027283623293936e+07
9.26914624234053200e-03 4.92430659213066194e+06 4.43796739862325490e+07
9.29866937307992011e-03 4.92561647872924805e+06 4.43566196101356074e+07
9.32819250381930823e-03 4.92692568469047546e+06 4.43335652340385690e+07
9.35771563455869634e-03 4.92823421001434326e+06 4.43105108579414412e+07
9.38723876529808619e-03 4.92954205470085144e+06 4.42874564818442240e+07
9.41676189603747431e-03 4.93084921875000093e+06 4.42644021057469174e+07
9.44628502677686242e-03 4.93215570216178987e+06 4.42413477296495810e+07
9.47580815751625227e-03 4.93346150493621919e+06 4.42182933535522893e+07
9.50533128825564039e-03 4.93476662707328890e+06 4.41952389774550498e+07
9.53485441899502850e-03 4.93607106857299898e+06 4.41721846013578549e+07
9.56437754973441662e-03 4.93737482943535037e+06 4.41491302252607048e+07
9.59390068047380647e-03 4.93867790966034029e+06 4.41260758491635993e+07
9.62342381121319458e-03 4.93998030924797151e+06 4.41030214730665386e+07
9.65294694195258443e-03 4.94128202819824405e+06 4.40799670969695300e+07
9.68247007269197255e-03 4.94258306651115511e+06 4.40569127208725661e+07
9.71199320343136066e-03 4.94388342418670747e+06 4.40338583447756469e+07
9.74151633417074878e-03 4.94518310122490115e+06 4.40108039686787724e+07
9.77103946491013862e-03 4.94648209762573335e+06 4.39877495925819501e+07
9.80056259564952674e-03 4.94778041338920686e+06 4.39646952164851651e+07
9.83008572638891659e-03 4.94907804851532076e+06 4.39416408403884321e+07
9.85960885712830470e-03 4.95037500300407503e+06 4.39185864642917439e+07
9.88913198786769282e-03 4.95167127685546968e+06 4.38955320881951079e+07
9.91865511860708093e-03 4.95296687006950472e+06 4.38724777120984867e+07
9.94817824934647078e-03 4.95426178264618013e+06 4.38494233360018358e+07
9.97770138008585890e-03 4.95555601458549500e+06 4.38263689599051848e+07
1.00072245108252487e-02 4.95684956588745117e+06 4.38033145838085040e+07
1.00367476415646369e-02 4.95814243655204959e+06 4.37802602077118307e+07
1.00662707723040250e-02 4.95943462657928560e+06 4.37572058316151202e+07
1.00957939030434131e-02 4.96072613596916199e+06 4.37341514555184022e+07
1.01253170337828012e-02 4.96201696472168062e+06 4.37110970794216618e+07
1.01548401645221911e-02 4.96330711283683777e+06 4.36880427033249214e+07
1.01843632952615809e-02 4.96459658031463716e+06 4.36649883272281513e+07
1.02138864260009690e-02 4.96588536715507694e+06 4.36419339511313736e+07
1.02434095567403571e-02 4.96717347335815430e+06 4.36188795750345737e+07
1.02729326874797453e-02 4.96846089892387390e+06 4.35958251989377663e+07
1.03024558182191334e-02 4.96974764385223482e+06 4.35727708228409365e+07
1.03319789489585232e-02 4.97103370814323518e+06 4.35497164467440918e+07
1.03615020796979113e-02 4.97231909179687500e+06 4.35266620706472397e+07
1.03910252104373012e-02 4.97360379481315613e+06 4.35036076945503801e+07
1.04205483411766893e-02 4.97488781719207764e+06 4.34805533184535429e+07
1.04500714719160774e-02 4.97617115893363953e+06 4.34574989423567131e+07
1.04795946026554655e-02 4.97745382003784180e+06 4.34344445662598982e+07
1.05091177333948554e-02 4.97873580050468538e+06 4.34113901901631057e+07
1.05386408641342435e-02 4.98001710033416748e+06 4.33883358140663281e+07
1.05681639948736333e-02 4.98129771952629089e+06 4.33652814379695579e+07
1.05976871256130215e-02 4.98257765808105469e+06 4.33422270618728101e+07
1.06272102563524096e-02 4.98385691599845886e+06 4.33191726857760772e+07
1.06567333870917977e-02 4.98513549327850342e+06 4.32961183096793592e+07
1.06862565178311875e-02 4.98641338992118929e+06 4.32730639335826561e+07
1.07157796485705756e-02 4.98769060592651367e+06 4.32500095574859679e+07
1.07453027793099655e-02 4.98896714129447937e+06 4.32269551813892946e+07
1.07748259100493536e-02 4.99024299602508545e+06 4.32039008052926362e+07
1.08043490407887417e-02 4.99151817011833191e+06 4.31808464291960001e+07
1.08338721715281298e-02 4.99279266357421875e+06 4.31577920530993715e+07
1.08633953022675180e-02 4.99406647639274597e+06 4.31347376770027503e+07
1.08929184330069078e-02 4.99533960857391357e+06 4.31116833009061217e+07
1.09224415637462977e-02 4.99661206011772156e+06 4.30886289248094857e+07
1.09519646944856858e-02 4.99788383102416992e+06 4.30655745487128347e+07
1.09814878252250739e-02 4.99915492129325867e+06 4.30425201726161838e+07
1.10110109559644620e-02 5.00042533092498779e+06 4.30194657965195253e+07
1.10405340867038501e-02 5.00169505991935730e+06 4.29964114204228595e+07
1.10700572174432400e-02 5.00296410827636719e+06 4.29733570443261787e+07
1.10995803481826298e-02 5.00423247599601746e+06 4.29503026682294980e+07
1.11291034789220179e-02 5.00550016307830811e+06 4.29272482921328023e+07
1.11586266096614060e-02 5.00676716952323914e+06 4.29041939160361066e+07
1.11881497404007942e-02 5.00803349533081055e+06 4.28811395399393961e+07
1.12176728711401823e-02 5.00929914050102234e+06 4.28580851638426855e+07
1.12471960018795721e-02 5.01056410503387451e+06 4.28350307877459601e+07
1.12767191326189602e-02 5.01182838892936707e+06 4.28119764116492346e+07
1.13062422633583501e-02 5.01309199218750000e+06 4.27889220355524942e+07
1.13357653940977382e-02 5.01435491480827332e+06 4.27658676594557464e+07
1.13652885248371263e-02 5.01561715679168701e+06 4.27428132833590060e+07
1.13948116555765144e-02 5.01687871813774109e+06 4.27197589072622657e+07
1.14243347863159043e-02 5.01813959884643555e+06 4.26967045311655253e+07
1.14538579170552924e-02 5.01939979891777039e+06 4.26736501550687850e+07
1.14833810477946822e-02 5.02065931835174561e+06 4.26505957789720446e+07
1.15129041785340704e-02 5.02191815714836121e+06 4.26275414028752968e+07
1.15424273092734585e-02 5.02317631530761719e+06 4.26044870267785564e+07
1.15719504400128466e-02 5.02443379282951355e+06 4.25814326506818160e+07
1.16014735707522347e-02 5.02569058971405029e+06 4.25583782745850757e+07
1.16309967014916246e-02 5.02694670596122742e+06 4.25353238984883353e+07
1.16605198322310144e-02 5.02820214157104492e+06 4.25122695223915949e+07
1.16900429629704025e-02 5.02945689654350281e+06 4.24892151462948471e+07
1.17195660937097906e-02 5.03071097087860107e+06 4.24661607701981068e+07
1.17490892244491787e-02 5.03196436457633972e+06 4.24431063941013664e+07
1.17786123551885669e-02 5.03321707763671875e+06 4.24200520180046260e+07
1.18081354859279567e-02 5.03446911005973816e+06 4.23969976419078857e+07
1.18376586166673466e-02 5.03572046184539795e+06 4.23739432658111602e+07
1.18671817474067347e-02 5.03697113299369812e+06 4.23508888897144273e+07
1.18967048781461228e-02 5.03822112350463867e+06 4.23278345136177167e+07
1.19262280088855109e-02 5.03947043337821960e+06 4.23047801375210062e+07
1.19557511396248990e-02 5.04071906261444092e+06 4.22817257614243105e+07
1.19852742703642889e-02 5.04196701121330261e+06 4.22586713853276148e+07
1.20147974011036770e-02 5.04321427917480469e+06 4.22356170092309415e+07
1.20443205318430668e-02 5.04446086649894714e+06 4.22125626331342608e+07
1.20738436625824549e-02 5.04570677318572998e+06 4.21895082570375949e+07
1.21033667933218431e-02 5.04695199923515320e+06 4.21664538809409291e+07
1.21328899240612312e-02 5.04819654464721680e+06 4.21433995048442781e+07
1.21624130548006210e-02 5.04944040942192078e+06 4.21203451287476271e+07
1.21919361855400091e-02 5.05068359355926514e+06 4.20972907526509985e+07
1.22214593162793990e-02 5.05192609705924988e+06 4.20742363765543625e+07
1.22509824470187871e-02 5.05316791992187500e+06 4.20511820004577413e+07
1.22805055777581752e-02 5.05440906214714050e+06 4.20281276243611276e+07
1.23100287084975633e-02 5.05564952373504639e+06 4.20050732482645065e+07
1.23395518392369515e-02 5.05688930468559265e+06 4.19820188721678928e+07
1.23690749699763413e-02 5.05812840499877930e+06 4.19589644960712716e+07
1.23985981007157312e-02 5.05936682467460725e+06 4.19359101199746504e+07
1.24281212314551193e-02 5.06060456371307373e+06 4.19128557438780367e+07
1.24576443621945074e-02 5.06184162211418152e+06 4.18898013677814156e+07
1.24871674929338955e-02 5.06307799987792969e+06 4.18667469916847944e+07
1.25166906236732836e-02 5.06431369700431824e+06 4.18436926155881807e+07
1.25462137544126735e-02 5.06554871349334717e+06 4.18206382394915596e+07
1.25757368851520633e-02 5.06678304934501741e+06 4.17975838633949384e+07
1.26052600158914514e-02 5.06801670455932617e+06 4.17745294872983247e+07
1.26347831466308395e-02 5.06924967913627625e+06 4.17514751112017035e+07
1.26643062773702277e-02 5.07048197307586670e+06 4.17284207351050898e+07
1.26938294081096158e-02 5.07171358637809753e+06 4.17053663590084687e+07
1.27233525388490056e-02 5.07294451904296875e+06 4.16823119829118475e+07
1.27528756695883937e-02 5.07417477107048128e+06 4.16592576068152040e+07
1.27823988003277836e-02 5.07540434246063326e+06 4.16362032307185084e+07
1.28119219310671717e-02 5.07663323321342561e+06 4.16131488546217456e+07
1.28414450618065598e-02 5.07786144332885835e+06 4.15900944785249457e+07
1.28709681925459479e-02 5.07908897280693240e+06 4.15670401024280787e+07
1.29004913232853378e-02 5.08031582164764591e+06 4.15439857263311669e+07
1.29300144540247259e-02 5.08154198985099979e+06 4.15209313502341956e+07
1.29595375847641157e-02 5.08276747741699405e+06 4.14978769741371796e+07
1.29890607155035039e-02 5.08399228434562869e+06 4.14748225980400965e+07
1.30185838462428920e-02 5.08521641063690372e+06 4.14517682219429687e+07
1.30481069769822801e-02 5.08643985629081912e+06 4.14287138458457813e+07
1.30776301077216682e-02 5.08766262130737491e+06 4.14056594697485492e+07
1.31071532384610581e-02 5.08888470568657108e+06 4.13826050936512500e+07
1.31366763692004479e-02 5.09010610942840762e+06 4.13595507175539061e+07
1.31661994999398360e-02 5.09132683253288455e+06 4.13364963414565027e+07
1.31957226306792241e-02 5.09254687500000186e+06 4.13134419653590545e+07
1.32252457614186122e-02 5.09376623682975955e+06 4.12903875892616212e+07
1.32547688921580004e-02 5.09498491802215762e+06 4.12673332131642625e+07
1.32842920228973902e-02 5.09620291857719515e+06 4.12442788370669931e+07
1.33138151536367801e-02 5.09742023849487398e+06 4.12212244609698057e+07
1.33433382843761682e-02 5.09863687777519412e+06 4.11981700848727152e+07
1.33728614151155563e-02 5.09985283641815279e+06 4.11751157087756917e+07
1.34023845458549444e-02 5.10106811442375276e+06 4.11520613326787651e+07
1.34319076765943325e-02 5.10228271179199219e+06 4.11290069565819204e+07
1.34614308073337224e-02 5.10349662852287292e+06 4.11059525804851577e+07
1.34909539380731105e-02 5.10470986461639404e+06 4.10828982043884769e+07
1.35204770688125003e-02 5.10592242007255647e+06 4.10598438282918930e+07
1.35500001995518884e-02 5.10713429489135742e+06 4.10367894521953836e+07
1.35795233302912766e-02 5.10834548907279968e+06 4.10137350760989636e+07
1.36090464610306647e-02 5.10955600261688232e+06 4.09906807000026256e+07
1.36385695917700545e-02 5.11076583552360535e+06 4.09676263239063770e+07
1.36680927225094426e-02 5.11197498779296875e+06 4.09445719478102028e+07
1.36976158532488308e-02 5.11318345942497253e+06 4.09215175717140585e+07
1.37271389839882206e-02 5.11439125041961577e+06 4.08984631956178769e+07
1.37566621147276087e-02 5.11559836077690031e+06 4.08754088195216581e+07
1.37861852454669968e-02 5.11680479049682524e+06 4.08523544434253946e+07
1.38157083762063867e-02 5.11801053957939148e+06 4.08293000673290938e+07
1.38452315069457748e-02 5.11921560802459624e+06 4.08062456912327558e+07
1.38747546376851629e-02 5.12041999583244324e+06 4.07831913151363879e+07
1.39042777684245528e-02 5.12162370300292969e+06 4.07601369390399680e+07
1.39338008991639409e-02 5.12282672953605652e+06 4.07370825629435182e+07
1.39633240299033290e-02 5.12402907543182373e+06 4.07140281868470237e+07
1.39928471606427188e-02 5.12523074069023132e+06 4.06909738107504994e+07
1.40223702913821070e-02 5.12643172531127930e+06 4.06679194346539229e+07
1.40518934221214951e-02 5.12763202929496765e+06 4.06448650585573241e+07
1.40814165528608849e-02 5.12883165264129639e+06 4.06218106824606732e+07
1.41109396836002730e-02 5.13003059535026550e+06 4.05987563063639924e+07
1.41404628143396612e-02 5.13122885742187500e+06 4.05757019302672669e+07
1.41699859450790510e-02 5.13242643885612488e+06 4.05526475541705266e+07
1.41995090758184391e-02 5.13362333965301514e+06 4.05295931780737638e+07
1.42290322065578272e-02 5.13481955981254578e+06 4.05065388019770086e+07
1.42585553372972171e-02 5.13601509933471680e+06 4.04834844258802384e+07
1.42880784680366052e-02 5.13720995821952913e+06 4.04604300497834608e+07
1.43176015987759933e-02 5.13840413646697998e+06 4.04373756736866757e+07
1.43471247295153814e-02 5.13959763407707214e+06 4.04143212975898907e+07
1.43766478602547713e-02 5.14079045104980469e+06 4.03912669214930832e+07
1.44061709909941594e-02 5.14198258738517761e+06 4.03682125453962833e+07
1.44356941217335475e-02 5.14317404308319092e+06 4.03451581692994609e+07
1.44652172524729374e-02 5.14436481814384554e+06 4.03221037932026461e+07
1.44947403832123255e-02 5.14555491256713867e+06 4.02990494171058089e+07
1.45242635139517136e-02 5.14674432635307312e+06 4.02759950410089791e+07
1.45537866446911034e-02 5.14793305950164795e+06 4.02529406649121270e+07
1.45833097754304915e-02 5.14912111201286316e+06 4.02298862888152748e+07
1.46128329061698797e-02 5.15030848388671875e+06 4.02068319127184153e+07
1.46423560369092695e-02 5.15149517512321565e+06 4.01837775366215408e+07
1.46718791676486576e-02 5.15268118572235201e+06 4.01607231605246663e+07
1.47014022983880457e-02 5.15386651568412781e+06 4.01376687844277769e+07
1.47309254291274356e-02 5.15505116500854492e+06 4.01146144083308950e+07
1.47604485598668237e-02 5.15623513369560428e+06 4.00915600322339907e+07
1.47899716906062118e-02 5.15741842174530122e+06 4.00685056561370865e+07
1.48194948213456017e-02 5.15860102915763855e+06 4.00454512800401673e+07
1.48490179520849898e-02 5.15978295593261812e+06 4.00223969039432481e+07
1.48785410828243779e-02 5.16096420207023621e+06 3.99993425278463215e+07
1.49080642135637677e-02 5.16214476757049654e+06 3.99762881517493799e+07
1.49375873443031559e-02 5.16332465243339725e+06 3.99532337756524384e+07
1.49671104750425440e-02 5.16450385665893555e+06 3.99301793995554820e+07
1.49966336057819338e-02 5.16568238024711609e+06 3.99071250234585255e+07
1.50261567365213219e-02 5.16686022319793794e+06 3.98840706473615468e+07
1.50556798672607101e-02 5.16803738551139925e+06 3.98610162712645754e+07
1.50852029980000982e-02 5.16921386718750093e+06 3.98379618951675892e+07
1.51147261287394880e-02 5.17038966822624207e+06 3.98149075190706179e+07
1.51442492594788761e-02 5.17156478862762451e+06 3.97918531429736763e+07
1.51737723902182643e-02 5.17273922839164734e+06 3.97687987668767646e+07
1.52032955209576541e-02 5.17391298751831055e+06 3.97457443907798827e+07
1.52328186516970422e-02 5.17508606600761507e+06 3.97226900146830305e+07
1.52623417824364303e-02 5.17625846385955811e+06 3.96996356385862157e+07
1.52918649131758202e-02 5.17743018107414246e+06 3.96765812624894306e+07
1.53213880439152083e-02 5.17860121765136719e+06 3.96535268863926679e+07
1.53509111746545964e-02 5.17977157359123230e+06 3.96304725102959424e+07
1.53804343053939863e-02 5.18094124889373779e+06 3.96074181341992468e+07
1.54099574361333744e-02 5.18211024355888367e+06 3.95843637581025809e+07
1.54394805668727625e-02 5.18327855758666899e+06 3.95613093820059523e+07
1.54690036976121523e-02 5.18444619097709563e+06 3.95382550059093460e+07
1.54985268283515405e-02 5.18561314373016264e+06 3.95152006298127770e+07
1.55280499590909286e-02 5.18677941584587004e+06 3.94921462537162304e+07
1.55575730898303184e-02 5.18794500732421782e+06 3.94690918776197210e+07
1.55870962205697065e-02 5.18910991816520598e+06 3.94460375015232265e+07
1.56166193513090946e-02 5.19027414836883452e+06 3.94229831254267320e+07
1.56461424820484862e-02 5.19143769793510251e+06 3.93999287493302375e+07
1.56756656127878743e-02 5.19260056686401181e+06 3.93768743732337430e+07
1.57051887435272625e-02 5.19376275515556335e+06 3.93538199971372485e+07
1.57347118742666506e-02 5.19492426280975156e+06 3.93307656210407540e+07
1.57642350050060387e-02 5.19608508982658293e+06 3.93077112449442595e+07
1.57937581357454268e-02 5.19724523620605376e+06 3.92846568688477650e+07
1.58232812664848149e-02 5.19840470194816496e+06 3.92616024927512631e+07
1.58528043972242030e-02 5.19956348705291562e+06 3.92385481166547686e+07
1.58823275279635912e-02 5.20072159152030945e+06 3.92154937405582741e+07
1.59118506587029793e-02 5.20187901535033993e+06 3.91924393644617796e+07
1.59413737894423709e-02 5.20303575854301266e+06 3.91693849883652851e+07
1.59708969201817590e-02 5.20419182109832671e+06 3.91463306122687906e+07
1.60004200509211471e-02 5.20534720301628020e+06 3.91232762361722961e+07
1.60299431816605387e-02 5.20650190429687407e+06 3.91002218600758016e+07
1.60594663123999268e-02 5.20765592494010832e+06 3.90771674839792922e+07
1.60889894431393149e-02 5.20880926494598296e+06 3.90541131078827307e+07
1.61185125738787030e-02 5.20996192431449797e+06 3.90310587317861468e+07
1.61480357046180911e-02 5.21111390304565337e+06 3.90080043556895107e+07
1.61775588353574792e-02 5.21226520113945007e+06 3.89849499795928448e+07
1.62070819660968674e-02 5.21341581859588530e+06 3.89618956034961343e+07
1.62366050968362555e-02 5.21456575541496277e+06 3.89388412273993939e+07
1.62661282275756436e-02 5.21571501159667969e+06 3.89157868513026088e+07
1.62956513583150352e-02 5.21686358714103699e+06 3.88927324752057865e+07
1.63251744890544233e-02 5.21801148204803467e+06 3.88696780991089195e+07
1.63546976197938114e-02 5.21915869631767366e+06 3.88466237230120301e+07
1.63842207505332030e-02 5.22030522994995117e+06 3.88235693469150886e+07
1.64137438812725911e-02 5.22145108294487000e+06 3.88005149708181098e+07
1.64432670120119792e-02 5.22259625530242920e+06 3.87774605947210938e+07
1.64727901427513673e-02 5.22374074702262878e+06 3.87544062186240405e+07
1.65023132734907554e-02 5.22488455810546875e+06 3.87313518425269499e+07
1.65318364042301436e-02 5.22602768855094910e+06 3.87082974664298519e+07
1.65613595349695317e-02 5.22717013835906982e+06 3.86852430903327689e+07
1.65908826657089198e-02 5.22831190752983093e+06 3.86621887142357230e+07
1.66204057964483079e-02 5.22945299606323242e+06 3.86391343381386846e+07
1.66499289271876960e-02 5.23059340395927522e+06 3.86160799620416835e+07
1.66794520579270876e-02 5.23173313121795654e+06 3.85930255859446973e+07
1.67089751886664757e-02 5.23287217783927917e+06 3.85699712098477408e+07
1.67384983194058638e-02 5.23401054382324219e+06 3.85469168337507993e+07
1.67680214501452554e-02 5.23514822916984558e+06 3.85238624576538876e+07
1.67975445808846435e-02 5.23628523387908936e+06 3.85008080815569907e+07
1.68270677116240316e-02 5.23742155795097444e+06 3.84777537054601237e+07
1.68565908423634198e-02 5.23855720138549805e+06 3.84546993293632790e+07
1.68861139731028079e-02 5.23969216418266296e+06 3.84316449532664567e+07
1.69156371038421960e-02 5.24082644634246826e+06 3.84085905771696568e+07
1.69451602345815841e-02 5.24196004786491394e+06 3.83855362010728791e+07
1.69746833653209722e-02 5.24309296875000000e+06 3.83624818249761239e+07
1.70042064960603603e-02 5.24422520899772644e+06 3.83394274488793910e+07
1.70337296267997519e-02 5.24535676860809326e+06 3.83163730727826878e+07
1.70632527575391400e-02 5.24648764758110046e+06 3.82933186966859996e+07
1.70927758882785281e-02 5.24761784591674805e+06 3.82702643205893412e+07
1.71222990190179197e-02 5.24874736361503601e+06 3.82472099444926977e+07
1.71518221497573078e-02 5.24987620067596436e+06 3.82241555683960915e+07
1.71813452804966960e-02 5.25100435709953308e+06 3.82011011922995001e+07
1.72108684112360841e-02 5.25213183288574219e+06 3.81780468162029311e+07
1.72403915419754722e-02 5.25325862803459167e+06 3.81549924401063919e+07
1.72699146727148603e-02 5.25438474254608061e+06 3.81319380640098602e+07
1.72994378034542484e-02 5.25551017642021179e+06 3.81088836879133657e+07
1.73289609341936365e-02 5.25663492965698149e+06 3.80858293118168861e+07
1.73584840649330246e-02 5.25775900225639250e+06 3.80627749357204363e+07
1.73880071956724128e-02 5.25888239421844389e+06 3.80397205596240088e+07
1.74175303264118043e-02 5.26000510554313567e+06 3.80166661835276037e+07
1.74470534571511925e-02 5.26112713623046782e+06 3.79936118074312136e+07
1.74765765878905806e-02 5.26224848628044035e+06 3.79705574313348159e+07
1.75060997186299722e-02 5.26336915569305327e+06 3.79475030552383512e+07
1.75356228493693603e-02 5.26448914446830656e+06 3.79244486791418195e+07
1.75651459801087484e-02 5.26560845260620024e+06 3.79013943030452356e+07
1.75946691108481365e-02 5.26672708010673523e+06 3.78783399269485846e+07
1.76241922415875246e-02 5.26784502696990874e+06 3.78552855508518741e+07
1.76537153723269127e-02 5.26896229319572449e+06 3.78322311747551039e+07
1.76832385030663009e-02 5.27007887878417969e+06 3.78091767986582667e+07
1.77127616338056890e-02 5.27119478373527527e+06 3.77861224225613698e+07
1.77422847645450771e-02 5.27231000804901123e+06 3.77630680464644134e+07
1.77718078952844687e-02 5.27342455172538850e+06 3.77400136703673974e+07
1.78013310260238568e-02 5.27453841476440430e+06 3.77169592942703143e+07
1.78308541567632449e-02 5.27565159716606140e+06 3.76939049181731716e+07
1.78603772875026365e-02 5.27676409893035889e+06 3.76708505420759693e+07
1.78899004182420246e-02 5.27787592005729675e+06 3.76477961659787074e+07
1.79194235489814127e-02 5.27898706054687500e+06 3.76247417898813784e+07
1.79489466797208008e-02 5.28009752039909363e+06 3.76016874137840644e+07
1.79784698104601889e-02 5.28120729961395264e+06 3.75786330376868322e+07
1.80079929411995771e-02 5.28231639819145203e+06 3.75555786615896896e+07
1.80375160719389652e-02 5.28342481613159180e+06 3.75325242854926214e+07
1.80670392026783533e-02 5.28453255343437195e+06 3.75094699093956500e+07
1.80965623334177414e-02 5.28563961009979248e+06 3.74864155332987532e+07
1.81260854641571295e-02 5.28674598612785339e+06 3.74633611572019532e+07
1.81556085948965211e-02 5.28785168151855469e+06 3.74403067811052278e+07
1.81851317256359092e-02 5.28895669627189543e+06 3.74172524050085917e+07
1.82146548563752973e-02 5.29006103038787656e+06 3.73941980289120376e+07
1.82441779871146889e-02 5.29116468386650085e+06 3.73711436528155729e+07
1.82737011178540770e-02 5.29226765670776181e+06 3.73480892767191827e+07
1.83032242485934651e-02 5.29336994891166501e+06 3.73250349006228894e+07
1.83327473793328533e-02 5.29447156047820952e+06 3.73019805245266706e+07
1.83622705100722414e-02 5.29557249140739348e+06 3.72789261484305486e+07
1.83917936408116295e-02 5.29667274169921782e+06 3.72558717723344937e+07
1.84213167715510176e-02 5.29777231135368254e+06 3.72328173962384611e+07
1.84508399022904057e-02 5.29887120037078764e+06 3.72097630201423392e+07
1.84803630330297938e-02 5.29996940875053219e+06 3.71867086440461501e+07
1.85098861637691854e-02 5.30106693649291806e+06 3.71636542679498717e+07
1.85394092945085735e-02 5.30216378359794617e+06 3.71405998918535337e+07
1.85689324252479616e-02 5.30325995006561093e+06 3.71175455157570988e+07
1.85984555559873532e-02 5.30435543589591887e+06 3.70944911396605968e+07
1.86279786867267413e-02 5.30545024108886719e+06 3.70714367635640129e+07
1.86575018174661295e-02 5.30654436564445496e+06 3.70483823874673545e+07
1.86870249482055176e-02 5.30763780956268311e+06 3.70253280113706216e+07
1.87165480789449057e-02 5.30873057284355164e+06 3.70022736352738142e+07
1.87460712096842938e-02 5.30982265548706055e+06 3.69792192591769248e+07
1.87755943404236819e-02 5.31091405749320984e+06 3.69561648830799609e+07
1.88051174711630700e-02 5.31200477886199951e+06 3.69331105069829151e+07
1.88346406019024581e-02 5.31309481959342957e+06 3.69100561308857948e+07
1.88641637326418497e-02 5.31418417968750000e+06 3.68870017547885999e+07
1.88936868633812378e-02 5.31527285914421082e+06 3.68639473786913827e+07
1.89232099941206260e-02 5.31636085796356201e+06 3.68408930025942251e+07
1.89527331248600141e-02 5.31744817614555359e+06 3.68178386264970973e+07
1.89822562555994057e-02 5.31853481369018555e+06 3.67947842504000366e+07
1.90117793863387938e-02 5.31962077059745882e+06 3.67717298743029982e+07
1.90413025170781819e-02 5.32070604686737061e+06 3.67486754982060269e+07
1.90708256478175700e-02 5.32179064249992371e+06 3.67256211221090928e+07
1.91003487785569581e-02 5.32287455749511719e+06 3.67025667460122034e+07
1.91298719092963462e-02 5.32395779185295105e+06 3.66795123699153662e+07
1.91593950400357343e-02 5.32504034557342529e+06 3.66564579938185662e+07
1.91889181707751225e-02 5.32612221865654085e+06 3.66334036177218184e+07
1.92184413015145106e-02 5.32720341110229492e+06 3.66103492416251153e+07
1.92479644322539022e-02 5.32828392291069031e+06 3.65872948655284569e+07
1.92774875629932903e-02 5.32936375408172607e+06 3.65642404894318506e+07
1.93070106937326784e-02 5.33044290461540222e+06 3.65411861133352816e+07
1.93365338244720700e-02 5.33152137451171875e+06 3.65181317372387648e+07
1.93660569552114581e-02 5.33259916377067566e+06 3.64950773611422554e+07
1.93955800859508462e-02 5.33367627239227295e+06 3.64720229850457311e+07
1.94251032166902343e-02 5.33475270037651062e+06 3.64489686089491695e+07
1.94546263474296224e-02 5.33582844772338867e+06 3.64259142328526005e+07
1.94841494781690105e-02 5.33690351443290804e+06 3.64028598567559943e+07
1.95136726089083987e-02 5.33797790050506592e+06 3.63798054806593806e+07
1.95431957396477868e-02 5.33905160593986511e+06 3.63567511045627296e+07
1.95727188703871749e-02 5.34012463073730469e+06 3.63336967284660637e+07
1.96022420011265665e-02 5.34119697489738464e+06 3.63106423523693681e+07
1.96317651318659546e-02 5.34226863842010498e+06 3.62875879762726575e+07
1.96612882626053427e-02 5.34333962130546663e+06 3.62645336001759171e+07
1.96908113933447308e-02 5.34440992355346680e+06 3.62414792240791619e+07
1.97203345240841224e-02 5.34547954516410828e+06 3.62184248479823694e+07
1.97498576548235105e-02 5.34654848613739014e+06 3.61953704718855694e+07
1.97793807855628986e-02 5.34761674647331238e+06 3.61723160957887322e+07
1.98089039163022868e-02 5.34868432617187500e+06 3.61492617196918800e+07
1.98384270470416749e-02 5.34975122523307800e+06 3.61262073435950056e+07
1.98679501777810630e-02 5.35081744365692232e+06 3.61031529674981087e+07
1.98974733085204511e-02 5.35188298144340515e+06 3.60800985914011821e+07
1.99269964392598392e-02 5.35294783859252930e+06 3.60570442153042406e+07
1.99565195699992273e-02 5.35401201510429569e+06 3.60339898392072693e+07
1.99860427007386189e-02 5.35507551097869873e+06 3.60109354631102756e+07
2.00155658314780070e-02 5.35613832621574402e+06 3.59878810870132595e+07
2.00450889622173951e-02 5.35720046081543062e+06 3.59648267109162286e+07
2.00746120929567867e-02 5.35826191477775574e+06 3.59417723348191604e+07
2.01041352236961748e-02 5.35932268810272217e+06 3.59187179587220773e+07
2.01336583544355630e-02 5.36038278079033084e+06 3.58956635826249719e+07
2.01631814851749511e-02 5.36144219284057617e+06 3.58726092065278441e+07
2.01927046159143392e-02 5.36250092425346375e+06 3.58495548304306865e+07
2.02222277466537273e-02 5.36355897502899263e+06 3.58265004543335140e+07
2.02517508773931154e-02 5.36461634516716097e+06 3.58034460782363042e+07
2.02812740081325035e-02 5.36567303466796875e+06 3.57803917021390870e+07
2.03107971388718916e-02 5.36672904353141785e+06 3.57573373260418996e+07
2.03403202696112832e-02 5.36778437175750732e+06 3.57342829499448165e+07
2.03698434003506713e-02 5.36883901934623718e+06 3.57112285738478303e+07
2.03993665310900595e-02 5.36989298629760649e+06 3.56881741977509484e+07
2.04288896618294476e-02 5.37094627261161804e+06 3.56651198216541633e+07
2.04584127925688392e-02 5.37199887828826811e+06 3.56420654455574825e+07
2.04879359233082273e-02 5.37305080332755949e+06 3.56190110694608986e+07
2.05174590540476154e-02 5.37410204772949126e+06 3.55959566933644190e+07
2.05469821847870035e-02 5.37515261149406247e+06 3.55729023172680289e+07
2.05765053155263916e-02 5.37620249462127499e+06 3.55498479411717504e+07
2.06060284462657797e-02 5.37725169711112883e+06 3.55267935650755614e+07
2.06355515770051678e-02 5.37830021896362118e+06 3.55037391889794841e+07
2.06650747077445560e-02 5.37934806017875485e+06 3.54806848128834963e+07
2.06945978384839441e-02 5.38039522075652890e+06 3.54576304367876202e+07
2.07241209692233357e-02 5.38144170069694333e+06 3.54345760606918335e+07
2.07536440999627238e-02 5.38248749999999814e+06 3.54115216845961511e+07
2.07831672307021119e-02 5.38353261866569333e+06 3.53884673085004538e+07
2.08126903614415035e-02 5.38457705669402890e+06 3.53654129324046224e+07
2.08422134921808916e-02 5.38562081408500485e+06 3.53423585563086644e+07
2.08717366229202797e-02 5.38666389083862118e+06 3.53193041802125722e+07
2.09012597536596678e-02 5.38770628695487883e+06 3.52962498041163534e+07
2.09307828843990559e-02 5.38874800243377499e+06 3.52731954280200005e+07
2.09603060151384440e-02 5.38978903727531247e+06 3.52501410519235209e+07
2.09898291458778322e-02 5.39082939147949126e+06 3.52270866758268997e+07
2.10193522766172203e-02 5.39186906504631042e+06 3.52040322997301593e+07
2.10488754073566084e-02 5.39290805797576904e+06 3.51809779236332774e+07
2.10783985380960000e-02 5.39394637026786804e+06 3.51579235475362763e+07
2.11079216688353881e-02 5.39498400192260742e+06 3.51348691714391336e+07
2.11374447995747762e-02 5.39602095293998718e+06 3.51118147953418642e+07
2.11669679303141643e-02 5.39705722332000732e+06 3.50887604192444608e+07
2.11964910610535559e-02 5.39809281306266785e+06 3.50657060431469381e+07
2.12260141917929440e-02 5.39912772216796875e+06 3.50426516670492738e+07
2.12555373225323321e-02 5.40016195063591097e+06 3.50195972909515947e+07
2.12850604532717202e-02 5.40119549846649170e+06 3.49965429148540124e+07
2.13145835840111084e-02 5.40222836565971375e+06 3.49734885387565345e+07
2.13441067147504965e-02 5.40326055221557617e+06 3.49504341626591608e+07
2.13736298454898846e-02 5.40429205813407991e+06 3.49273797865618840e+07
2.14031529762292762e-02 5.40532288341522217e+06 3.49043254104647115e+07
2.14326761069686643e-02 5.40635302805900574e+06 3.48812710343676284e+07
2.14621992377080524e-02 5.40738249206542969e+06 3.48582166582706571e+07
2.14917223684474405e-02 5.40841127543449402e+06 3.48351622821737751e+07
2.15212454991868286e-02 5.40943937816619873e+06 3.48121079060770050e+07
2.15507686299262168e-02 5.41046680026054475e+06 3.47890535299803242e+07
2.15802917606656049e-02 5.41149354171752930e+06 3.47659991538837478e+07
2.16098148914049965e-02 5.41251960253715422e+06 3.47429447777872682e+07
2.16393380221443846e-02 5.41354498271942139e+06 3.47198904016909003e+07
2.16688611528837727e-02 5.41456968226432707e+06 3.46968360255946219e+07
2.16983842836231608e-02 5.41559370117187407e+06 3.46737816494984478e+07
2.17279074143625489e-02 5.41661703944206145e+06 3.46507272734022886e+07
2.17574305451019370e-02 5.41763969707488921e+06 3.46276728973060697e+07
2.17869536758413286e-02 5.41866167407035735e+06 3.46046185212097913e+07
2.18164768065807167e-02 5.41968297042846587e+06 3.45815641451134533e+07
2.18459999373201048e-02 5.42070358614921570e+06 3.45585097690170482e+07
2.18755230680594930e-02 5.42172352123260405e+06 3.45354553929205835e+07
2.19050461987988811e-02 5.42274277567863464e+06 3.45124010168240592e+07
2.19345693295382692e-02 5.42376134948730469e+06 3.44893466407274678e+07
2.19640924602776608e-02 5.42477924265861511e+06 3.44662922646308243e+07
2.19936155910170489e-02 5.42579645519256592e+06 3.44432378885341138e+07
2.20231387217564370e-02 5.42681298708915804e+06 3.44201835124373361e+07
2.20526618524958251e-02 5.42782883834838867e+06 3.43971291363405064e+07
2.20821849832352132e-02 5.42884400897026062e+06 3.43740747602436095e+07
2.21117081139746013e-02 5.42985849895477295e+06 3.43510203841466531e+07
2.21412312447139929e-02 5.43087230830192566e+06 3.43279660080496296e+07
2.21707543754533810e-02 5.43188543701171875e+06 3.43049116319525540e+07
2.22002775061927692e-02 5.43289788508415222e+06 3.42818572558554560e+07
2.22298006369321573e-02 5.43390965251922607e+06 3.42588028797583729e+07
2.22593237676715454e-02 5.43492073931694031e+06 3.42357485036613196e+07
2.22888468984109335e-02 5.43593114547729492e+06 3.42126941275642887e+07
2.23183700291503216e-02 5.43694087100029085e+06 3.41896397514672875e+07
2.23478931598897132e-02 5.43794991588592529e+06 3.41665853753703013e+07
2.23774162906291013e-02 5.43895828013420105e+06 3.41435309992733374e+07
2.24069394213684894e-02 5.43996596374511719e+06 3.41204766231764033e+07
2.24364625521078775e-02 5.44097296671867371e+06 3.40974222470794842e+07
2.24659856828472657e-02 5.44197928905487061e+06 3.40743678709825948e+07
2.24955088135866538e-02 5.44298493075370882e+06 3.40513134948857278e+07
2.25250319443260454e-02 5.44398989181518555e+06 3.40282591187888831e+07
2.25545550750654335e-02 5.44499417223930359e+06 3.40052047426920608e+07
2.25840782058048216e-02 5.44599777202606201e+06 3.39821503665952608e+07
2.26136013365442097e-02 5.44700069117546082e+06 3.39590959904984832e+07
2.26431244672835978e-02 5.44800292968750000e+06 3.39360416144017279e+07
2.26726475980229859e-02 5.44900448756217957e+06 3.39129872383049875e+07
2.27021707287623775e-02 5.45000536479949951e+06 3.38899328622082621e+07
2.27316938595017656e-02 5.45100556139945984e+06 3.38668784861115366e+07
2.27612169902411537e-02 5.45200507736206055e+06 3.38438241100148261e+07
2.27907401209805419e-02 5.45300391268730164e+06 3.38207697339181155e+07
2.28202632517199300e-02 5.45400206737518311e+06 3.37977153578214198e+07
2.28497863824593181e-02 5.45499954142570496e+06 3.37746609817247242e+07
2.28793095131987097e-02 5.45599633483886719e+06 3.37516066056280434e+07
2.29088326439380978e-02 5.45699244761466980e+06 3.37285522295313627e+07
2.29383557746774859e-02 5.45798787975311186e+06 3.37054978534346968e+07
2.29678789054168740e-02 5.45898263125419617e+06 3.36824434773380384e+07
2.29974020361562621e-02 5.45997670211791899e+06 3.36593891012413800e+07
2.30269251668956502e-02 5.46097009234428313e+06 3.36363347251447365e+07
2.30564482976350384e-02 5.46196280193328764e+06 3.36132803490481004e+07
2.30859714283744299e-02 5.46295483088493254e+06 3.35902259729514718e+07
2.31154945591138181e-02 5.46394617919921782e+06 3.35671715968548506e+07
2.31450176898532062e-02 5.46493684687614348e+06 3.35441172207582369e+07
2.31745408205925943e-02 5.46592683391570952e+06 3.35210628446616419e+07
2.32040639513319824e-02 5.46691614031791501e+06 3.34980084685650617e+07
2.32335870820713705e-02 5.46790476608276181e+06 3.34749540924684964e+07
2.32631102128107621e-02 5.46889271121025085e+06 3.34518997163719498e+07
2.32926333435501502e-02 5.46987997570037656e+06 3.34288453402754143e+07
2.33221564742895383e-02 5.47086655955314543e+06 3.34057909641788974e+07
2.33516796050289265e-02 5.47185246276855376e+06 3.33827365880823918e+07
2.33812027357683146e-02 5.47283768534660246e+06 3.33596822119859047e+07
2.34107258665077027e-02 5.47382222728729062e+06 3.33366278358894326e+07
2.34402489972470943e-02 5.47480608859062195e+06 3.33135734597929791e+07
2.34697721279864824e-02 5.47578926925658993e+06 3.32905190836965367e+07
2.34992952587258705e-02 5.47677176928520016e+06 3.32674647076001093e+07
2.35288183894652586e-02 5.47775358867645171e+06 3.32444103315037005e+07
2.35583415202046467e-02 5.47873472743034270e+06 3.32213559554073028e+07
2.35878646509440348e-02 5.47971518554687407e+06 3.31983015793109238e+07
2.36173877816834264e-02 5.48069496302604582e+06 3.31752472032145187e+07
2.36469109124228145e-02 5.48167405986785889e+06 3.31521928271180429e+07
2.36764340431622027e-02 5.48265247607231047e+06 3.31291384510214962e+07
2.37059571739015908e-02 5.48363021163940430e+06 3.31060840749248825e+07
2.37354803046409789e-02 5.48460726656913850e+06 3.30830296988281980e+07
2.37650034353803670e-02 5.48558364086151123e+06 3.30599753227314465e+07
2.37945265661197551e-02 5.48655933451652527e+06 3.30369209466346242e+07
2.38240496968591467e-02 5.48753434753417969e+06 3.30138665705377311e+07
2.38535728275985348e-02 5.48850867991447449e+06 3.29908121944407709e+07
2.38830959583379229e-02 5.48948233165740967e+06 3.29677578183437400e+07
2.39126190890773110e-02 5.49045530276298616e+06 3.29447034422466382e+07
2.39421422198166992e-02 5.49142759323120117e+06 3.29216490661494695e+07
2.39716653505560873e-02 5.49239920306205750e+06 3.28985946900522336e+07
2.40011884812954789e-02 5.49337013225555513e+06 3.28755403139549233e+07
2.40307116120348670e-02 5.49434038081169222e+06 3.28524859378575459e+07
2.40602347427742551e-02 5.49530994873046968e+06 3.28294315617601015e+07
2.40897578735136432e-02 5.49627883601188753e+06 3.28063771856626682e+07
2.41192810042530313e-02 5.49724704265594576e+06 3.27833228095653243e+07
2.41488041349924194e-02 5.49821456866264343e+06 3.27602684334680736e+07
2.41783272657318110e-02 5.49918141403198242e+06 3.27372140573709160e+07
2.42078503964711991e-02 5.50014757876396272e+06 3.27141596812738515e+07
2.42373735272105872e-02 5.50111306285858154e+06 3.26911053051768802e+07
2.42668966579499754e-02 5.50207786631584167e+06 3.26680509290799983e+07
2.42964197886893635e-02 5.50304198913574219e+06 3.26449965529832095e+07
2.43259429194287516e-02 5.50400543131828308e+06 3.26219421768865138e+07
2.43554660501681432e-02 5.50496819286346436e+06 3.25988878007899113e+07
2.43849891809075313e-02 5.50593027377128694e+06 3.25758334246934019e+07
2.44145123116469194e-02 5.50689167404174805e+06 3.25527790485969819e+07
2.44440354423863075e-02 5.50785239367484953e+06 3.25297246725006588e+07
2.44735585731256956e-02 5.50881243267059326e+06 3.25066702964044251e+07
2.45030817038650837e-02 5.50977179102897551e+06 3.24836159203082845e+07
2.45326048346044719e-02 5.51073046874999907e+06 3.24605615442122333e+07
2.45621279653438634e-02 5.51168846583366301e+06 3.24375071681161784e+07
2.45916510960832516e-02 5.51264578227996826e+06 3.24144527920200154e+07
2.46211742268226397e-02 5.51360241808891203e+06 3.23913984159237444e+07
2.46506973575620278e-02 5.51455837326049805e+06 3.23683440398273617e+07
2.46802204883014159e-02 5.51551364779472444e+06 3.23452896637308747e+07
2.47097436190408040e-02 5.51646824169158936e+06 3.23222352876342796e+07
2.47392667497801956e-02 5.51742215495109558e+06 3.22991809115375765e+07
2.47687898805195837e-02 5.51837538757324219e+06 3.22761265354407653e+07
2.47983130112589718e-02 5.51932793955802917e+06 3.22530721593438461e+07
2.48278361419983599e-02 5.52027981090545654e+06 3.22300177832468227e+07
2.48573592727377481e-02 5.52123100161552522e+06 3.22069634071496874e+07
2.48868824034771362e-02 5.52218151168823242e+06 3.21839090310524441e+07
2.49164055342165278e-02 5.52313134112358093e+06 3.21608546549550928e+07
2.49459286649559159e-02 5.52408048992157076e+06 3.21378002788576372e+07
2.49754517956953040e-02 5.52502895808220003e+06 3.21147459027600698e+07
2.50049749264346921e-02 5.52597674560546875e+06 3.20916915266623981e+07
2.50344980571740802e-02 5.52692385249137878e+06 3.20686371505647413e+07
2.50640211879134683e-02 5.52787027873992920e+06 3.20455827744672336e+07
2.50935443186528599e-02 5.52881602435112000e+06 3.20225283983698748e+07
2.51230674493922480e-02 5.52976108932495117e+06 3.19994740222726576e+07
2.51525905801316361e-02 5.53070547366142273e+06 3.19764196461755894e+07
2.51821137108710243e-02 5.53164917736053467e+06 3.19533652700786665e+07
2.52116368416104124e-02 5.53259220042228699e+06 3.19303108939818889e+07
2.52411599723498005e-02 5.53353454284667876e+06 3.19072565178852603e+07
2.52706831030891921e-02 5.53447620463371091e+06 3.18842021417887770e+07
2.53002062338285802e-02 5.53541718578338437e+06 3.18611477656924389e+07
2.53297293645679683e-02 5.53635748629569914e+06 3.18380933895962462e+07
2.53592524953073564e-02 5.53729710617065243e+06 3.18150390135002024e+07
2.53887756260467445e-02 5.53823604540824704e+06 3.17919846374043040e+07
2.54182987567861327e-02 5.53917430400848202e+06 3.17689302613085546e+07
2.54478218875255208e-02 5.54011188197135739e+06 3.17458758852129467e+07
2.54773450182649124e-02 5.54104877929687314e+06 3.17228215091174878e+07
2.55068681490043005e-02 5.54198499598502927e+06 3.16997671330220252e+07
2.55363912797436886e-02 5.54292053203582671e+06 3.16767127569264062e+07
2.55659144104830767e-02 5.54385538744926266e+06 3.16536583808306381e+07
2.55954375412224648e-02 5.54478956222534087e+06 3.16306040047347099e+07
2.56249606719618529e-02 5.54572305636405945e+06 3.16075496286386326e+07
2.56544838027012445e-02 5.54665586986541655e+06 3.15844952525423989e+07
2.56840069334406326e-02 5.54758800272941496e+06 3.15614408764460124e+07
2.57135300641800207e-02 5.54851945495605469e+06 3.15383865003494695e+07
2.57430531949194089e-02 5.54945022654533386e+06 3.15153321242527738e+07
2.57725763256587970e-02 5.55038031749725342e+06 3.14922777481559254e+07
2.58020994563981851e-02 5.55130972781181429e+06 3.14692233720589206e+07
2.58316225871375767e-02 5.55223845748901367e+06 3.14461689959617630e+07
2.58611457178769648e-02 5.55316650652885437e+06 3.14231146198644526e+07
2.58906688486163529e-02 5.55409387493133638e+06 3.14000602437669858e+07
2.59201919793557410e-02 5.55502056269645784e+06 3.13770058676693663e+07
2.59497151100951291e-02 5.55594656982422061e+06 3.13539514915715940e+07
2.59792382408345172e-02 5.55687189631462283e+06 3.13308971154737882e+07
2.60087613715739088e-02 5.55779654216766451e+06 3.13078427393760756e+07
2.60382845023132969e-02 5.55872050738334749e+06 3.12847883632784560e+07
2.60678076330526851e-02 5.55964379196167085e+06 3.12617339871809296e+07
2.60973307637920732e-02 5.56056639590263553e+06 3.12386796110834964e+07
2.61268538945314613e-02 5.56148831920623966e+06 3.12156252349861525e+07
2.61563770252708494e-02 5.56240956187248416e+06 3.11925708588889018e+07
2.61859001560102375e-02 5.56333012390136812e+06 3.11695164827917442e+07
2.62154232867496291e-02 5.56425000529289339e+06 3.11464621066946797e+07
2.62449464174890172e-02 5.56516920604705904e+06 3.11234077305977084e+07
2.62744695482284053e-02 5.56608772616386600e+06 3.11003533545008264e+07
2.63039926789677934e-02 5.56700556564331148e+06 3.10772989784040377e+07
2.63335158097071816e-02 5.56792272448539734e+06 3.10542446023073457e+07
2.63630389404465697e-02 5.56883920269012544e+06 3.10311902262107395e+07
2.63925620711859613e-02 5.56975500025749207e+06 3.10081358501142301e+07
2.64220852019253494e-02 5.57067011718750000e+06 3.09850814740178138e+07
2.64516083326647375e-02 5.57158455348014832e+06 3.09620270979214311e+07
2.64811314634041256e-02 5.57249830913543701e+06 3.09389727218250372e+07
2.65106545941435137e-02 5.57341138415336609e+06 3.09159183457286283e+07
2.65401777248829018e-02 5.57432377853393555e+06 3.08928639696322009e+07
2.65697008556222934e-02 5.57523549227714539e+06 3.08698095935357586e+07
2.65992239863616815e-02 5.57614652538299561e+06 3.08467552174393013e+07
2.66287471171010696e-02 5.57705687785148621e+06 3.08237008413428329e+07
2.66582702478404578e-02 5.57796654968261719e+06 3.08006464652463421e+07
2.66877933785798459e-02 5.57887554087638855e+06 3.07775920891498402e+07
2.67173165093192340e-02 5.57978385143280029e+06 3.07545377130533233e+07
2.67468396400586256e-02 5.58069148135185242e+06 3.07314833369567879e+07
2.67763627707980137e-02 5.58159843063354492e+06 3.07084289608602412e+07
2.68058859015374018e-02 5.58250469927787781e+06 3.06853745847636759e+07
2.68354090322767899e-02 5.58341028728485107e+06 3.06623202086670958e+07
2.68649321630161780e-02 5.58431519465446472e+06 3.06392658325705007e+07
2.68944552937555661e-02 5.58521942138671875e+06 3.06162114564738907e+07
2.69239784244949543e-02 5.58612296748161316e+06 3.05931570803772509e+07
2.69535015552343458e-02 5.58702583293914795e+06 3.05701027042805739e+07
2.69830246859737340e-02 5.58792801775932312e+06 3.05470483281838596e+07
2.70125478167131221e-02 5.58882952194213867e+06 3.05239939520871080e+07
2.70420709474525102e-02 5.58973034548759554e+06 3.05009395759903155e+07
2.70715940781918983e-02 5.59063048839569092e+06 3.04778851998934858e+07
2.71011172089312864e-02 5.59152995066642761e+06 3.04548308237966150e+07
2.71306403396706780e-02 5.59242873229980469e+06 3.04317764476997107e+07
2.71601634704100661e-02 5.59332683329582214e+06 3.04087220716027655e+07
2.71896866011494542e-02 5.59422425365447998e+06 3.03856676955057792e+07
2.72192097318888424e-02 5.59512099337577913e+06 3.03626133194087557e+07
2.72487328626282305e-02 5.59601705245971680e+06 3.03395589433116950e+07
2.72782559933676186e-02 5.59691243090629578e+06 3.03165045672145970e+07
2.73077791241070102e-02 5.59780712871551514e+06 3.02934501911174580e+07
2.73373022548463983e-02 5.59870114588737488e+06 3.02703958150202818e+07
2.73668253855857864e-02 5.59959448242187500e+06 3.02473414389230646e+07
2.73963485163251745e-02 5.60048713831901550e+06 3.02242870628258698e+07
2.74258716470645626e-02 5.60137911357879639e+06 3.02012326867287494e+07
2.74553947778039507e-02 5.60227040820121765e+06 3.01781783106317073e+07
2.74849179085433423e-02 5.60316102218627930e+06 3.01551239345347434e+07
2.75144410392827304e-02 5.60405095553398132e+06 3.01320695584378541e+07
2.75439641700221186e-02 5.60494020824432373e+06 3.01090151823410429e+07
2.75734873007615067e-02 5.60582878031730652e+06 3.00859608062443100e+07
2.76030104315008948e-02 5.60671667175292969e+06 3.00629064301476553e+07
2.76325335622402829e-02 5.60760388255119137e+06 3.00398520540510751e+07
2.76620566929796710e-02 5.60849041271209531e+06 3.00167976779545695e+07
2.76915798237190626e-02 5.60937626223564148e+06 2.99937433018581457e+07
2.77211029544584507e-02 5.61026143112182431e+06 2.99706889257617965e+07
2.77506260851978388e-02 5.61114591937064938e+06 2.99476345496655256e+07
2.77801492159372269e-02 5.61202972698211577e+06 2.99245801735693291e+07
2.78096723466766151e-02 5.61291285395622160e+06 2.99015257974732108e+07
2.78391954774160032e-02 5.61379530029296782e+06 2.98784714213771708e+07
2.78687186081553948e-02 5.61467706599235442e+06 2.98554170452811271e+07
2.78982417388947829e-02 5.61555815105438139e+06 2.98323626691849977e+07
2.79277648696341710e-02 5.61643855547904782e+06 2.98093082930887826e+07
2.79572880003735591e-02 5.61731827926635556e+06 2.97862539169924855e+07
2.79868111311129472e-02 5.61819732241630554e+06 2.97631995408960991e+07
2.80163342618523353e-02 5.61907568492889218e+06 2.97401451647996306e+07
2.80458573925917269e-02 5.61995336680412106e+06 2.97170907887030803e+07
2.80753805233311150e-02 5.62083036804199219e+06 2.96940364126064405e+07
2.81049036540705031e-02 5.62170668864250183e+06 2.96709820365097187e+07
2.81344267848098913e-02 5.62258232860565186e+06 2.96479276604129113e+07
2.81639499155492794e-02 5.62345728793144226e+06 2.96248732843160182e+07
2.81934730462886675e-02 5.62433156661987305e+06 2.96018189082190432e+07
2.82229961770280591e-02 5.62520516467094421e+06 2.95787645321219824e+07
2.82525193077674472e-02 5.62607808208465576e+06 2.95557101560248360e+07
2.82820424385068353e-02 5.62695031886100769e+06 2.95326557799276039e+07
2.83115655692462234e-02 5.62782187500000000e+06 2.95096014038302898e+07
2.83410886999856115e-02 5.62869275050163269e+06 2.94865470277329646e+07
2.83706118307249996e-02 5.62956294536590576e+06 2.94634926516356990e+07
2.84001349614643878e-02 5.63043245959281921e+06 2.94404382755384929e+07
2.84296580922037793e-02 5.63130129318237305e+06 2.94173838994413503e+07
2.84591812229431675e-02 5.63216944613456819e+06 2.93943295233442709e+07
2.84887043536825556e-02 5.63303691844940186e+06 2.93712751472472511e+07
2.85182274844219437e-02 5.63390371012687683e+06 2.93482207711502947e+07
2.85477506151613318e-02 5.63476982116699219e+06 2.93251663950533979e+07
2.85772737459007199e-02 5.63563525156974792e+06 2.93021120189565644e+07
2.86067968766401115e-02 5.63650000133514311e+06 2.92790576428597942e+07
2.86363200073794996e-02 5.63736407046318054e+06 2.92560032667630836e+07
2.86658431381188877e-02 5.63822745895385649e+06 2.92329488906664327e+07
2.86953662688582758e-02 5.63909016680717375e+06 2.92098945145698451e+07
2.87248893995976640e-02 5.63995219402313139e+06 2.91868401384733208e+07
2.87544125303370521e-02 5.64081354060172942e+06 2.91637857623768561e+07
2.87839356610764437e-02 5.64167420654296782e+06 2.91407313862804510e+07
2.88134587918158318e-02 5.64253419184684660e+06 2.91176770101840645e+07
2.88429819225552199e-02 5.64339349651336577e+06 2.90946226340876482e+07
2.88725050532946080e-02 5.64425212054252531e+06 2.90715682579911985e+07
2.89020281840339961e-02 5.64511006393432524e+06 2.90485138818947189e+07
2.89315513147733842e-02 5.64596732668876648e+06 2.90254595057982057e+07
2.89610744455127758e-02 5.64682390880584624e+06 2.90024051297016665e+07
2.89905975762521639e-02 5.64767981028556824e+06 2.89793507536050938e+07
2.90201207069915521e-02 5.64853503112792969e+06 2.89562963775084913e+07
2.90496438377309402e-02 5.64938957133293152e+06 2.89332420014118552e+07
2.90791669684703283e-02 5.65024343090057373e+06 2.89101876253151931e+07
2.91086900992097164e-02 5.65109660983085632e+06 2.88871332492184974e+07
2.91382132299491045e-02 5.65194910812377930e+06 2.88640788731217720e+07
2.91677363606884961e-02 5.65280092577934265e+06 2.88410244970250130e+07
2.91972594914278842e-02 5.65365206279754639e+06 2.88179701209282242e+07
2.92267826221672723e-02 5.65450251917839050e+06 2.87949157448314056e+07
2.92563057529066604e-02 5.65535229492187500e+06 2.87718613687345572e+07
2.92858288836460486e-02 5.65620139002799988e+06 2.87488069926376902e+07
2.93153520143854367e-02 5.65704980449676514e+06 2.87257526165408120e+07
2.93448751451248283e-02 5.65789753832817078e+06 2.87026982404439300e+07
2.93743982758642164e-02 5.65874459152221680e+06 2.86796438643470369e+07
2.94039214066036045e-02 5.65959096407890320e+06 2.86565894882501364e+07
2.94334445373429926e-02 5.66043665599822998e+06 2.86335351121532284e+07
2.94629676680823807e-02 5.66128166728019714e+06 2.86104807360563166e+07
2.94924907988217688e-02 5.66212599792480469e+06 2.85874263599593937e+07
2.95220139295611604e-02 5.66296964793205261e+06 2.85643719838624634e+07
2.95515370603005485e-02 5.66381261730194092e+06 2.85413176077655256e+07
2.95810601910399366e-02 5.66465490603446960e+06 2.85182632316685766e+07
2.96105833217793248e-02 5.66549651412963867e+06 2.84952088555716239e+07
2.96401064525187129e-02 5.66633744158744812e+06 2.84721544794746637e+07
2.96696295832581010e-02 5.66717768840789795e+06 2.84491001033776961e+07
2.96991527139974926e-02 5.66801725459098816e+06 2.84260457272807173e+07
2.97286758447368807e-02 5.66885614013671875e+06 2.84029913511837348e+07
2.97581989754762688e-02 5.66969434504508972e+06 2.83799369750867710e+07
2.97877221062156569e-02 5.67053186931610107e+06 2.83568825989898667e+07
2.98172452369550450e-02 5.67136871294975188e+06 2.83338282228930108e+07
2.98467683676944331e-02 5.67220487594604399e+06 2.83107738467962146e+07
2.98762914984338213e-02 5.67304035830497742e+06 2.82877194706994668e+07
2.99058146291732128e-02 5.67387516002654936e+06 2.82646650946027748e+07
2.99353377599126010e-02 5.67470928111076262e+06 2.82416107185061388e+07
2.99648608906519891e-02 5.67554272155761626e+06 2.82185563424095549e+07
2.99943840213913772e-02 5.67637548136710934e+06 2.81955019663130231e+07
3.00239071521307653e-02 5.67720756053924374e+06 2.81724475902165473e+07
3.00534302828701534e-02 5.67803895907402039e+06 2.81493932141201273e+07
3.00829534136095450e-02 5.67886967697143368e+06 2.81263388380237594e+07
3.01124765443489331e-02 5.67969971423148923e+06 2.81032844619274437e+07
3.01419996750883212e-02 5.68052907085418515e+06 2.80802300858311839e+07
3.01715228058277093e-02 5.68135774683952145e+06 2.80571757097349763e+07
3.02010459365670975e-02 5.68218574218749814e+06 2.80341213336388245e+07
3.02305690673064856e-02 5.68301305689811520e+06 2.80110669575426616e+07
3.02600921980458772e-02 5.68383969097137265e+06 2.79880125814464204e+07
3.02896153287852653e-02 5.68466564440727048e+06 2.79649582053501010e+07
3.03191384595246534e-02 5.68549091720580868e+06 2.79419038292537071e+07
3.03486615902640415e-02 5.68631550936698914e+06 2.79188494531572349e+07
3.03781847210034296e-02 5.68713942089080624e+06 2.78957950770606846e+07
3.04077078517428177e-02 5.68796265177726559e+06 2.78727407009640597e+07
3.04372309824822093e-02 5.68878520202636719e+06 2.78496863248673566e+07
3.04667541132215974e-02 5.68960707163810730e+06 2.78266319487705752e+07
3.04962772439609855e-02 5.69042826061248779e+06 2.78035775726737194e+07
3.05258003747003737e-02 5.69124876894950867e+06 2.77805231965767853e+07
3.05553235054397618e-02 5.69206859664916992e+06 2.77574688204797730e+07
3.05848466361791499e-02 5.69288774371147156e+06 2.77344144443826862e+07
3.06143697669185380e-02 5.69370621013641357e+06 2.77113600682855211e+07
3.06438928976579296e-02 5.69452399592399597e+06 2.76883056921882778e+07
3.06734160283973177e-02 5.69534110107421875e+06 2.76652513160909601e+07
3.07029391591367058e-02 5.69615752558708191e+06 2.76421969399936385e+07
3.07324622898760939e-02 5.69697326946258545e+06 2.76191425638963990e+07
3.07619854206154821e-02 5.69778833270072937e+06 2.75960881877992302e+07
3.07915085513548702e-02 5.69860271530151367e+06 2.75730338117021434e+07
3.08210316820942617e-02 5.69941641726493929e+06 2.75499794356051311e+07
3.08505548128336499e-02 5.70022943859100342e+06 2.75269250595081970e+07
3.08800779435730380e-02 5.70104177927970886e+06 2.75038706834113412e+07
3.09096010743124261e-02 5.70185343933105469e+06 2.74808163073145598e+07
3.09391242050518142e-02 5.70266441874504089e+06 2.74577619312178567e+07
3.09686473357912023e-02 5.70347471752166655e+06 2.74347075551212318e+07
3.09981704665305939e-02 5.70428433566093445e+06 2.74116531790246814e+07
3.10276935972699820e-02 5.70509327316284087e+06 2.73885988029282093e+07
3.10572167280093701e-02 5.70590153002738860e+06 2.73655444268318154e+07
3.10867398587487583e-02 5.70670910625457671e+06 2.73424900507354960e+07
3.11162629894881464e-02 5.70751600184440520e+06 2.73194356746392548e+07
3.11457861202275345e-02 5.70832221679687407e+06 2.72963812985430919e+07
3.11753092509669261e-02 5.70912775111198332e+06 2.72733269224469289e+07
3.12048323817063142e-02 5.70993260478973389e+06 2.72502725463506877e+07
3.12343555124457023e-02 5.71073677783012297e+06 2.72272181702543683e+07
3.12638786431850904e-02 5.71154027023315430e+06 2.72041637941579744e+07
3.12934017739244785e-02 5.71234308199882600e+06 2.71811094180615023e+07
3.13229249046638666e-02 5.71314521312713623e+06 2.71580550419649519e+07
3.13524480354032548e-02 5.71394666361808777e+06 2.71350006658683270e+07
3.13819711661426498e-02 5.71474743347167969e+06 2.71119462897716239e+07
3.14114942968820310e-02 5.71554752268791199e+06 2.70888919136748426e+07
3.14410174276214260e-02 5.71634693126678467e+06 2.70658375375779867e+07
3.14705405583608072e-02 5.71714565920829866e+06 2.70427831614810526e+07
3.15000636891002023e-02 5.71794370651245117e+06 2.70197287853840403e+07
3.15295868198395834e-02 5.71874107317924500e+06 2.69966744092869535e+07
3.15591099505789785e-02 5.71953775920868013e+06 2.69736200331897885e+07
3.15886330813183666e-02 5.72033376460075472e+06 2.69505656570925452e+07
3.16181562120577547e-02 5.72112908935546968e+06 2.69275112809952274e+07
3.16476793427971428e-02 5.72192373347282503e+06 2.69044569048978947e+07
3.16772024735365310e-02 5.72271769695282076e+06 2.68814025288006179e+07
3.17067256042759191e-02 5.72351097979545686e+06 2.68583481527033970e+07
3.17362487350153072e-02 5.72430358200073335e+06 2.68352937766062245e+07
3.17657718657547022e-02 5.72509550356865115e+06 2.68122394005091116e+07
3.17952949964940834e-02 5.72588674449920747e+06 2.67891850244120508e+07
3.18248181272334785e-02 5.72667730479240511e+06 2.67661306483150423e+07
3.18543412579728596e-02 5.72746718444824219e+06 2.67430762722180896e+07
3.18838643887122547e-02 5.72825638346672058e+06 2.67200218961211890e+07
3.19133875194516428e-02 5.72904490184783936e+06 2.66969675200243443e+07
3.19429106501910309e-02 5.72983273959159944e+06 2.66739131439275518e+07
3.19724337809304190e-02 5.73061989669799805e+06 2.66508587678308152e+07
3.20019569116698072e-02 5.73140637316703796e+06 2.66278043917341307e+07
3.20314800424091953e-02 5.73219216899871826e+06 2.66047500156375021e+07
3.20610031731485834e-02 5.73297728419303894e+06 2.65816956395409256e+07
3.20905263038879784e-02 5.73376171875000000e+06 2.65586412634444013e+07
3.21200494346273596e-02 5.73454547266960144e+06 2.65355868873479031e+07
3.21495725653667547e-02 5.73532854595184326e+06 2.65125325112513974e+07
3.21790956961061358e-02 5.73611093859672546e+06 2.64894781351548806e+07
3.22086188268455309e-02 5.73689265060424805e+06 2.64664237590583600e+07
3.22381419575849121e-02 5.73767368197441101e+06 2.64433693829618283e+07
3.22676650883243071e-02 5.73845403270721436e+06 2.64203150068652928e+07
3.22971882190636952e-02 5.73923370280265808e+06 2.63972606307687461e+07
3.23267113498030834e-02 5.74001269226074219e+06 2.63742062546721958e+07
3.23562344805424715e-02 5.74079100108146667e+06 2.63511518785756342e+07
3.23857576112818596e-02 5.74156862926483154e+06 2.63280975024790652e+07
3.24152807420212477e-02 5.74234557681083679e+06 2.63050431263824888e+07
3.24448038727606358e-02 5.74312184371948242e+06 2.62819887502859049e+07
3.24743270035000309e-02 5.74389742999076843e+06 2.62589343741893135e+07
3.25038501342394121e-02 5.74467233562469482e+06 2.62358799980927147e+07
3.25333732649788071e-02 5.74544656062126160e+06 2.62128256219961084e+07
3.25628963957181883e-02 5.74622010498046875e+06 2.61897712458994947e+07
3.25924195264575833e-02 5.74699296870231628e+06 2.61667168698028624e+07
3.26219426571969645e-02 5.74776515178680420e+06 2.61436624937062114e+07
3.26514657879363596e-02 5.74853665423393250e+06 2.61206081176095344e+07
3.26809889186757477e-02 5.74930747604370117e+06 2.60975537415128350e+07
3.27105120494151358e-02 5.75007761721611116e+06 2.60744993654161133e+07
3.27400351801545239e-02 5.75084707775115967e+06 2.60514449893193655e+07
3.27695583108939120e-02 5.75161585764884949e+06 2.60283906132225990e+07
3.27990814416333001e-02 5.75238395690917969e+06 2.60053362371258065e+07
3.28286045723726883e-02 5.75315137553215027e+06 2.59822818610289916e+07
3.28581277031120833e-02 5.75391811351776123e+06 2.59592274849321544e+07
3.28876508338514645e-02 5.75468417086601350e+06 2.59361731088352948e+07
3.29171739645908595e-02 5.75544954757690430e+06 2.59131187327384092e+07
3.29466970953302407e-02 5.75621424365043640e+06 2.58900643566415012e+07
3.29762202260696358e-02 5.75697825908660889e+06 2.58670099805445708e+07
3.30057433568090169e-02 5.75774159388542175e+06 2.58439556044476181e+07
3.30352664875484120e-02 5.75850424804687500e+06 2.58209012283506431e+07
3.30647896182878001e-02 5.75926622157096863e+06 2.57978468522536717e+07
3.30943127490271882e-02 5.76002751445770264e+06 2.57747924761567414e+07
3.31238358797665763e-02 5.76078812670707703e+06 2.57517381000598520e+07
3.31533590105059645e-02 5.76154805831909180e+06 2.57286837239629962e+07
3.31828821412453526e-02 5.76230730929374788e+06 2.57056293478661813e+07
3.32124052719847407e-02 5.76306587963104248e+06 2.56825749717694074e+07
3.32419284027241357e-02 5.76382376933097839e+06 2.56595205956726670e+07
3.32714515334635169e-02 5.76458097839355469e+06 2.56364662195759676e+07
3.33009746642029120e-02 5.76533750681877136e+06 2.56134118434793092e+07
3.33304977949422931e-02 5.76609335460662842e+06 2.55903574673826844e+07
3.33600209256816882e-02 5.76684852175712679e+06 2.55673030912861004e+07
3.33895440564210763e-02 5.76760300827026367e+06 2.55442487151895575e+07
3.34190671871604644e-02 5.76835681414604187e+06 2.55211943390930519e+07
3.34485903178998525e-02 5.76910993938446045e+06 2.54981399629965834e+07
3.34781134486392407e-02 5.76986238398551941e+06 2.54750855869001523e+07
3.35076365793786288e-02 5.77061414794921875e+06 2.54520312108037621e+07
3.35371597101180169e-02 5.77136523127555847e+06 2.54289768347073533e+07
3.35666828408574119e-02 5.77211563396453857e+06 2.54059224586108774e+07
3.35962059715967931e-02 5.77286535601615906e+06 2.53828680825143345e+07
3.36257291023361882e-02 5.77361439743041992e+06 2.53598137064177170e+07
3.36552522330755693e-02 5.77436275820732210e+06 2.53367593303210363e+07
3.36847753638149644e-02 5.77511043834686279e+06 2.53137049542242810e+07
3.37142984945543456e-02 5.77585743784904480e+06 2.52906505781274587e+07
3.37438216252937406e-02 5.77660375671386719e+06 2.52675962020305656e+07
3.37733447560331287e-02 5.77734939494133089e+06 2.52445418259336054e+07
3.38028678867725169e-02 5.77809435253143404e+06 2.52214874498365745e+07
3.38323910175119050e-02 5.77883862948417850e+06 2.51984330737394765e+07
3.38619141482512931e-02 5.77958222579956148e+06 2.51753786976423077e+07
3.38914372789906812e-02 5.78032514147758577e+06 2.51523243215450682e+07
3.39209604097300693e-02 5.78106737651825044e+06 2.51292699454477616e+07
3.39504835404694644e-02 5.78180893092155550e+06 2.51062155693503842e+07
3.39800066712088455e-02 5.78254980468750093e+06 2.50831611932529360e+07
3.40095298019482406e-02 5.78328999781608582e+06 2.50601068171554990e+07
3.40390529326876218e-02 5.78402951030731201e+06 2.50370524410581440e+07
3.40685760634270168e-02 5.78476834216117859e+06 2.50139980649608746e+07
3.40980991941663980e-02 5.78550649337768555e+06 2.49909436888636909e+07
3.41276223249057931e-02 5.78624396395683382e+06 2.49678893127665929e+07
3.41571454556451812e-02 5.78698075389862061e+06 2.49448349366695769e+07
3.41866685863845693e-02 5.78771686320304871e+06 2.49217805605726466e+07
3.42161917171239574e-02 5.78845229187011719e+06 2.48987261844758019e+07
3.42457148478633455e-02 5.78918703989982512e+06 2.48756718083790392e+07
3.42752379786027336e-02 5.78992110729217436e+06 2.48526174322823621e+07
3.43047611093421217e-02 5.79065449404716492e+06 2.48295630561857708e+07
3.43342842400815168e-02 5.79138720016479399e+06 2.48065086800892651e+07
3.43638073708208980e-02 5.79211922564506438e+06 2.47834543039928414e+07
3.43933305015602930e-02 5.79285057048797514e+06 2.47603999278965071e+07
3.44228536322996742e-02 5.79358123469352629e+06 2.47373455518002547e+07
3.44523767630390693e-02 5.79431121826171782e+06 2.47142911757040843e+07
3.44818998937784504e-02 5.79504052119254973e+06 2.46912367996079400e+07
3.45114230245178455e-02 5.79576914348602202e+06 2.46681824235117584e+07
3.45409461552572336e-02 5.79649708514213376e+06 2.46451280474155359e+07
3.45704692859966217e-02 5.79722434616088681e+06 2.46220736713192761e+07
3.45999924167360098e-02 5.79795092654228117e+06 2.45990192952229753e+07
3.46295155474753980e-02 5.79867682628631406e+06 2.45759649191266373e+07
3.46590386782147861e-02 5.79940204539298825e+06 2.45529105430302620e+07
3.46885618089541742e-02 5.80012658386230282e+06 2.45298561669338495e+07
3.47180849396935692e-02 5.80085044169425778e+06 2.45068017908373959e+07
3.47476080704329504e-02 5.80157361888885312e+06 2.44837474147409052e+07
3.47771312011723455e-02 5.80229611544609070e+06 2.44606930386443734e+07
3.48066543319117266e-02 5.80301793136596493e+06 2.44376386625478044e+07
3.48361774626511217e-02 5.80373906664848141e+06 2.44145842864511982e+07
3.48657005933905098e-02 5.80445952129363827e+06 2.43915299103545547e+07
3.48952237241298979e-02 5.80517929530143552e+06 2.43684755342578702e+07
3.49247468548692860e-02 5.80589838867187407e+06 2.43454211581611484e+07
3.49542699856086742e-02 5.80661680140495207e+06 2.43223667820644118e+07
3.49837931163480623e-02 5.80733453350067046e+06 2.42993124059676789e+07
3.50133162470874504e-02 5.80805158495902922e+06 2.42762580298709571e+07
3.50428393778268454e-02 5.80876795578002837e+06 2.42532036537742428e+07
3.50723625085662266e-02 5.80948364596366882e+06 2.42301492776775360e+07
3.51018856393056217e-02 5.81019865550994780e+06 2.42070949015808366e+07
3.51314087700450028e-02 5.81091298441886902e+06 2.41840405254841447e+07
3.51609319007843979e-02 5.81162663269042969e+06 2.41609861493874602e+07
3.51904550315237791e-02 5.81233960032463074e+06 2.41379317732907832e+07
3.52199781622631741e-02 5.81305188732147217e+06 2.41148773971941173e+07
3.52495012930025622e-02 5.81376349368095398e+06 2.40918230210974552e+07
3.52790244237419504e-02 5.81447441940307617e+06 2.40687686450008042e+07
3.53085475544813385e-02 5.81518466448783875e+06 2.40457142689041570e+07
3.53380706852207266e-02 5.81589422893524170e+06 2.40226598928075209e+07
3.53675938159601147e-02 5.81660311274528503e+06 2.39996055167108886e+07
3.53971169466995028e-02 5.81731131591796875e+06 2.39765511406142674e+07
3.54266400774388979e-02 5.81801883845329285e+06 2.39534967645176314e+07
3.54561632081782790e-02 5.81872568035125732e+06 2.39304423884209543e+07
3.54856863389176741e-02 5.81943184161186218e+06 2.39073880123242401e+07
3.55152094696570553e-02 5.82013732223510742e+06 2.38843336362274848e+07
3.55447326003964503e-02 5.82084212222099397e+06 2.38612792601306923e+07
3.55742557311358315e-02 5.82154624156951904e+06 2.38382248840338625e+07
3.56037788618752266e-02 5.82224968028068542e+06 2.38151705079369955e+07
3.56333019926146147e-02 5.82295243835449219e+06 2.37921161318400875e+07
3.56628251233540028e-02 5.82365451579094026e+06 2.37690617557431422e+07
3.56923482540933909e-02 5.82435591259002779e+06 2.37460073796461560e+07
3.57218713848327790e-02 5.82505662875175662e+06 2.37229530035491362e+07
3.57513945155721671e-02 5.82575666427612398e+06 2.36998986274520755e+07
3.57809176463115552e-02 5.82645601916313265e+06 2.36768442513549738e+07
3.58104407770509503e-02 5.82715469341278169e+06 2.36537898752578348e+07
3.58399639077903315e-02 5.82785268702507112e+06 2.36307354991606586e+07
3.58694870385297265e-02 5.82855000000000093e+06 2.36076811230634451e+07
3.58990101692691077e-02 5.82924663233757112e+06 2.35846267469662353e+07
3.59285333000085028e-02 5.82994258403778169e+06 2.35615723708690815e+07
3.59580564307478839e-02 5.83063785510063265e+06 2.35385179947719835e+07
3.59875795614872790e-02 5.83133244552612398e+06 2.35154636186749376e+07
3.60171026922266671e-02 5.83202635531425662e+06 2.34924092425779440e+07
3.60466258229660552e-02 5.83271958446502779e+06 2.34693548664810061e+07
3.60761489537054433e-02 5.83341213297844026e+06 2.34463004903841242e+07
3.61056720844448314e-02 5.83410400085449219e+06 2.34232461142872907e+07
3.61351952151842196e-02 5.83479518809318542e+06 2.34001917381905168e+07
3.61647183459236077e-02 5.83548569469451904e+06 2.33771373620937951e+07
3.61942414766630027e-02 5.83617552065849490e+06 2.33540829859971255e+07
3.62237646074023839e-02 5.83686466598510742e+06 2.33310286099005118e+07
3.62532877381417790e-02 5.83755313067436218e+06 2.33079742338039503e+07
3.62828108688811601e-02 5.83824091472625732e+06 2.32849198577074446e+07
3.63123339996205552e-02 5.83892801814079285e+06 2.32618654816109911e+07
3.63418571303599433e-02 5.83961444091796875e+06 2.32388111055145897e+07
3.63713802610993314e-02 5.84030018305778503e+06 2.32157567294181883e+07
3.64009033918387195e-02 5.84098524456024170e+06 2.31927023533217236e+07
3.64304265225781077e-02 5.84166962542533875e+06 2.31696479772251993e+07
3.64599496533174958e-02 5.84235332565307617e+06 2.31465936011286117e+07
3.64894727840568839e-02 5.84303634524345491e+06 2.31235392250319608e+07
3.65189959147962789e-02 5.84371868419647217e+06 2.31004848489352502e+07
3.65485190455356601e-02 5.84440034251213074e+06 2.30774304728384763e+07
3.65780421762750552e-02 5.84508132019042969e+06 2.30543760967416428e+07
3.66075653070144363e-02 5.84576161723136902e+06 2.30313217206447497e+07
3.66370884377538314e-02 5.84644123363494873e+06 2.30082673445477895e+07
3.66666115684932126e-02 5.84712016940116975e+06 2.29852129684507735e+07
3.66961346992326076e-02 5.84779842453002930e+06 2.29621585923536904e+07
3.67256578299719957e-02 5.84847599902153015e+06 2.29391042162565477e+07
3.67551809607113839e-02 5.84915289287567139e+06 2.29160498401593454e+07
3.67847040914507720e-02 5.84982910609245300e+06 2.28929954640620798e+07
3.68142272221901601e-02 5.85050463867187500e+06 2.28699410879647546e+07
3.68437503529295482e-02 5.85117949061393645e+06 2.28468867118674442e+07
3.68732734836689363e-02 5.85185366191863921e+06 2.28238323357702382e+07
3.69027966144083314e-02 5.85252715258598235e+06 2.28007779596731290e+07
3.69323197451477125e-02 5.85319996261596587e+06 2.27777235835761242e+07
3.69618428758871076e-02 5.85387209200859070e+06 2.27546692074792162e+07
3.69913660066264888e-02 5.85454354076385405e+06 2.27316148313824087e+07
3.70208891373658838e-02 5.85521430888175871e+06 2.27085604552857019e+07
3.70504122681052650e-02 5.85588439636230282e+06 2.26855060791890956e+07
3.70799353988446601e-02 5.85655380320548825e+06 2.26624517030925900e+07
3.71094585295840412e-02 5.85722252941131406e+06 2.26393973269961812e+07
3.71389816603234363e-02 5.85789057497978117e+06 2.26163429508998767e+07
3.71685047910628313e-02 5.85855793991088681e+06 2.25932885748036690e+07
3.71980279218022125e-02 5.85922462420463376e+06 2.25702341987075619e+07
3.72275510525416076e-02 5.85989062786102109e+06 2.25471798226115555e+07
3.72570741832809887e-02 5.86055595088004880e+06 2.25241254465156496e+07
3.72865973140203838e-02 5.86122059326171689e+06 2.25010710704198442e+07
3.73161204447597650e-02 5.86188455500602536e+06 2.24780166943240389e+07
3.73456435754991600e-02 5.86254783611297421e+06 2.24549623182281330e+07
3.73751667062385412e-02 5.86321043658256344e+06 2.24319079421321265e+07
3.74046898369779363e-02 5.86387235641479306e+06 2.24088535660360195e+07
3.74342129677173174e-02 5.86453359560966399e+06 2.23857991899398156e+07
3.74637360984567125e-02 5.86519415416717343e+06 2.23627448138435073e+07
3.74932592291960937e-02 5.86585403208732419e+06 2.23396904377471022e+07
3.75227823599354887e-02 5.86651322937011532e+06 2.23166360616505928e+07
3.75523054906748838e-02 5.86717174601554777e+06 2.22935816855539866e+07
3.75818286214142649e-02 5.86782958202361967e+06 2.22705273094572797e+07
3.76113517521536600e-02 5.86848673739433289e+06 2.22474729333604723e+07
3.76408748828930412e-02 5.86914321212768462e+06 2.22244185572635643e+07
3.76703980136324362e-02 5.86979900622367859e+06 2.22013641811665595e+07
3.76999211443718174e-02 5.87045411968231201e+06 2.21783098050694503e+07
3.77294442751112125e-02 5.87110855250358582e+06 2.21552554289722443e+07
3.77589674058505936e-02 5.87176230468750000e+06 2.21322010528749339e+07
3.77884905365899887e-02 5.87241537623405457e+06 2.21091466767776050e+07
3.78180136673293699e-02 5.87306776714324951e+06 2.20860923006803282e+07
3.78475367980687649e-02 5.87371947741508484e+06 2.20630379245831035e+07
3.78770599288081461e-02 5.87437050704956055e+06 2.20399835484859347e+07
3.79065830595475411e-02 5.87502085604667757e+06 2.20169291723888218e+07
3.79361061902869362e-02 5.87567052440643311e+06 2.19938747962917611e+07
3.79656293210263174e-02 5.87631951212882996e+06 2.19708204201947525e+07
3.79951524517657124e-02 5.87696781921386719e+06 2.19477660440977998e+07
3.80246755825050936e-02 5.87761544566154480e+06 2.19247116680008993e+07
3.80541987132444887e-02 5.87826239147186279e+06 2.19016572919040546e+07
3.80837218439838698e-02 5.87890865664482210e+06 2.18786029158072621e+07
3.81132449747232649e-02 5.87955424118041992e+06 2.18555485397105254e+07
3.81427681054626461e-02 5.88019914507865906e+06 2.18324941636138409e+07
3.81722912362020411e-02 5.88084336833953857e+06 2.18094397875172086e+07
3.82018143669414223e-02 5.88148691096305847e+06 2.17863854114206359e+07
3.82313374976808173e-02 5.88212977294921875e+06 2.17633310353241116e+07
3.82608606284201985e-02 5.88277195429801941e+06 2.17402766592276059e+07
3.82903837591595936e-02 5.88341345500946045e+06 2.17172222831310742e+07
3.83199068898989886e-02 5.88405427508354187e+06 2.16941679070345238e+07
3.83494300206383698e-02 5.88469441452026367e+06 2.16711135309379473e+07
3.83789531513777649e-02 5.88533387331962679e+06 2.16480591548413485e+07
3.84084762821171460e-02 5.88597265148162842e+06 2.16250047787447236e+07
3.84379994128565411e-02 5.88661074900627136e+06 2.16019504026480801e+07
3.84675225435959223e-02 5.88724816589355469e+06 2.15788960265514106e+07
3.84970456743353173e-02 5.88788490214347839e+06 2.15558416504547186e+07
3.85265688050746985e-02 5.88852095775604248e+06 2.15327872743580043e+07
3.85560919358140936e-02 5.88915633273124788e+06 2.15097328982612677e+07
3.85856150665534747e-02 5.88979102706909180e+06 2.14866785221645050e+07
3.86151381972928698e-02 5.89042504076957703e+06 2.14636241460677236e+07
3.86446613280322648e-02 5.89105837383270264e+06 2.14405697699709162e+07
3.86741844587716460e-02 5.89169102625846863e+06 2.14175153938740864e+07
3.87037075895110411e-02 5.89232299804687500e+06 2.13944610177772306e+07
3.87332307202504222e-02 5.89295428919792175e+06 2.13714066416803561e+07
3.87627538509898173e-02 5.89358489971160889e+06 2.13483522655834556e+07
3.87922769817291985e-02 5.89421482958793640e+06 2.13252978894865327e+07
3.88218001124685935e-02 5.89484407882690430e+06 2.13022435133895874e+07
3.88513232432079747e-02 5.89547264742851444e+06 2.12791891372926198e+07
3.88808463739473698e-02 5.89610053539276123e+06 2.12561347611956261e+07
3.89103695046867509e-02 5.89672774271965027e+06 2.12330803850986101e+07
3.89398926354261460e-02 5.89735426940917969e+06 2.12100260090015717e+07
3.89694157661655272e-02 5.89798011546134949e+06 2.11869716329045109e+07
3.89989388969049222e-02 5.89860528087615967e+06 2.11639172568074279e+07
3.90284620276443173e-02 5.89922976565361209e+06 2.11408628807103187e+07
3.90579851583836984e-02 5.89985356979370117e+06 2.11178085046131909e+07
3.90875082891230935e-02 5.90047669329643250e+06 2.10947541285160370e+07
3.91170314198624747e-02 5.90109913616180513e+06 2.10716997524188608e+07
3.91465545506018697e-02 5.90172089838981722e+06 2.10486453763216585e+07
3.91760776813412509e-02 5.90234197998046875e+06 2.10255910002244376e+07
3.92056008120806460e-02 5.90296238093376160e+06 2.10025366241272502e+07
3.92351239428200271e-02 5.90358210124969482e+06 2.09794822480301671e+07
3.92646470735594222e-02 5.90420114092826843e+06 2.09564278719331846e+07
3.92941702042988034e-02 5.90481949996948149e+06 2.09333734958362989e+07
3.93236933350381984e-02 5.90543717837333679e+06 2.09103191197395138e+07
3.93532164657775796e-02 5.90605417613983061e+06 2.08872647436428294e+07
3.93827395965169746e-02 5.90667049326896574e+06 2.08642103675462492e+07
3.94122627272563697e-02 5.90728612976074032e+06 2.08411559914497621e+07
3.94417858579957509e-02 5.90790108561515622e+06 2.08181016153533794e+07
3.94713089887351459e-02 5.90851536083221249e+06 2.07950472392570972e+07
3.95008321194745271e-02 5.90912895541191008e+06 2.07719928631609119e+07
3.95303552502139222e-02 5.90974186935424618e+06 2.07489384870648310e+07
3.95598783809533033e-02 5.91035410265922360e+06 2.07258841109688468e+07
3.95894015116926984e-02 5.91096565532684140e+06 2.07028297348729633e+07
3.96189246424320796e-02 5.91157652735709958e+06 2.06797753587771803e+07
3.96484477731714746e-02 5.91218671874999814e+06 2.06567209826814979e+07
3.96779709039108558e-02 5.91279622950553708e+06 2.06336666065858044e+07
3.97074940346502508e-02 5.91340505962371640e+06 2.06106122304899879e+07
3.97370171653896320e-02 5.91401320910453610e+06 2.05875578543940447e+07
3.97665402961290271e-02 5.91462067794799618e+06 2.05645034782979824e+07
3.97960634268684221e-02 5.91522746615409851e+06 2.05414491022017971e+07
3.98255865576078033e-02 5.91583357372283749e+06 2.05183947261054851e+07
3.98551096883471984e-02 5.91643900065421872e+06 2.04953403500090502e+07
3.98846328190865795e-02 5.91704374694824126e+06 2.04722859739124961e+07
3.99141559498259746e-02 5.91764781260490417e+06 2.04492315978158154e+07
3.99436790805653558e-02 5.91825119762420654e+06 2.04261772217190117e+07
3.99732022113047508e-02 5.91885390200614929e+06 2.04031228456220850e+07
4.00027253420441320e-02 5.91945592575073242e+06 2.03800684695250355e+07
4.00322484727835270e-02 5.92005726885795593e+06 2.03570140934278630e+07
4.00617716035229082e-02 5.92065793132781982e+06 2.03339597173305675e+07
4.00912947342623033e-02 5.92125791316032410e+06 2.03109053412331454e+07
4.01208178650016983e-02 5.92185721435546875e+06 2.02878509651356041e+07
4.01503409957410795e-02 5.92245583491325472e+06 2.02647965890380293e+07
4.01798641264804746e-02 5.92305377483368013e+06 2.02417422129405178e+07
4.02093872572198557e-02 5.92365103411674593e+06 2.02186878368430696e+07
4.02389103879592508e-02 5.92424761276245210e+06 2.01956334607456811e+07
4.02684335186986320e-02 5.92484351077079959e+06 2.01725790846483521e+07
4.02979566494380270e-02 5.92543872814178560e+06 2.01495247085510865e+07
4.03274797801774082e-02 5.92603326487541292e+06 2.01264703324538842e+07
4.03570029109168033e-02 5.92662712097167969e+06 2.01034159563567415e+07
4.03865260416561844e-02 5.92722029643058777e+06 2.00803615802596621e+07
4.04160491723955795e-02 5.92781279125213623e+06 2.00573072041626424e+07
4.04455723031349607e-02 5.92840460543632694e+06 2.00342528280656859e+07
4.04750954338743557e-02 5.92899573898315430e+06 2.00111984519687891e+07
4.05046185646137508e-02 5.92958619189262390e+06 1.99881440758719556e+07
4.05341416953531319e-02 5.93017596416473389e+06 1.99650896997751817e+07
4.05636648260925270e-02 5.93076505579948425e+06 1.99420353236784711e+07
4.05931879568319082e-02 5.93135346679687500e+06 1.99189809475818239e+07
4.06227110875713032e-02 5.93194119715690613e+06 1.98959265714852214e+07
4.06522342183106844e-02 5.93252824687957764e+06 1.98728721953886487e+07
4.06817573490500795e-02 5.93311461596488953e+06 1.98498178192921057e+07
4.07112804797894606e-02 5.93370030441284180e+06 1.98267634431955963e+07
4.07408036105288557e-02 5.93428531222343445e+06 1.98037090670991167e+07
4.07703267412682369e-02 5.93486963939666748e+06 1.97806546910026670e+07
4.07998498720076319e-02 5.93545328593254089e+06 1.97576003149062507e+07
4.08293730027470131e-02 5.93603625183105469e+06 1.97345459388098605e+07
4.08588961334864081e-02 5.93661853709220793e+06 1.97114915627135038e+07
4.08884192642258032e-02 5.93720014171600249e+06 1.96884371866171807e+07
4.09179423949651844e-02 5.93778106570243835e+06 1.96653828105208836e+07
4.09474655257045794e-02 5.93836130905151274e+06 1.96423284344246201e+07
4.09769886564439606e-02 5.93894087176322844e+06 1.96192740583283864e+07
4.10065117871833557e-02 5.93951975383758452e+06 1.95962196822321825e+07
4.10360349179227368e-02 5.94009795527458098e+06 1.95731653061360121e+07
4.10655580486621319e-02 5.94067547607421875e+06 1.95501109300398715e+07
4.10950811794015131e-02 5.94125231623649597e+06 1.95270565539436899e+07
4.11246043101409081e-02 5.94182847576141357e+06 1.95040021778473891e+07
4.11541274408802893e-02 5.94240395464897156e+06 1.94809478017509766e+07
4.11836505716196843e-02 5.94297875289916992e+06 1.94578934256544448e+07
4.12131737023590655e-02 5.94355287051200960e+06 1.94348390495578013e+07
4.12426968330984606e-02 5.94412630748748779e+06 1.94117846734610386e+07
4.12722199638378556e-02 5.94469906382560730e+06 1.93887302973641641e+07
4.13017430945772368e-02 5.94527113952636719e+06 1.93656759212671705e+07
4.13312662253166319e-02 5.94584253458976839e+06 1.93426215451700650e+07
4.13607893560560130e-02 5.94641324901580904e+06 1.93195671690728404e+07
4.13903124867954081e-02 5.94698328280449100e+06 1.92965127929755002e+07
4.14198356175347893e-02 5.94755263595581148e+06 1.92734584168780483e+07
4.14493587482741843e-02 5.94812130846977327e+06 1.92504040407804772e+07
4.14788818790135655e-02 5.94868930034637544e+06 1.92273496646827944e+07
4.15084050097529605e-02 5.94925661158561893e+06 1.92042952885849923e+07
4.15379281404923417e-02 5.94982324218750186e+06 1.91812409124870747e+07
4.15674512712317368e-02 5.95038919215202425e+06 1.91581865363891833e+07
4.15969744019711318e-02 5.95095446147918701e+06 1.91351321602914520e+07
4.16264975327105130e-02 5.95151905016899202e+06 1.91120777841938809e+07
4.16560206634499081e-02 5.95208295822143555e+06 1.90890234080964737e+07
4.16855437941892892e-02 5.95264618563652132e+06 1.90659690319992267e+07
4.17150669249286843e-02 5.95320873241424561e+06 1.90429146559021436e+07
4.17445900556680655e-02 5.95377059855461121e+06 1.90198602798052207e+07
4.17741131864074605e-02 5.95433178405761719e+06 1.89968059037084617e+07
4.18036363171468417e-02 5.95489228892326262e+06 1.89737515276118629e+07
4.18331594478862367e-02 5.95545211315154936e+06 1.89506971515154243e+07
4.18626825786256179e-02 5.95601125674247742e+06 1.89276427754191495e+07
4.18922057093650130e-02 5.95656971969604399e+06 1.89045883993230350e+07
4.19217288401043942e-02 5.95712750201225094e+06 1.88815340232270807e+07
4.19512519708437892e-02 5.95768460369110014e+06 1.88584796471312903e+07
4.19807751015831843e-02 5.95824102473258786e+06 1.88354252710356638e+07
4.20102982323225654e-02 5.95879676513671689e+06 1.88123708949401975e+07
4.20398213630619605e-02 5.95935182490348630e+06 1.87893165188447386e+07
4.20693444938013417e-02 5.95990620403289609e+06 1.87662621427491456e+07
4.20988676245407367e-02 5.96045990252494626e+06 1.87432077666534148e+07
4.21283907552801179e-02 5.96101292037963681e+06 1.87201533905575424e+07
4.21579138860195130e-02 5.96156525759696960e+06 1.86970990144615322e+07
4.21874370167588941e-02 5.96211691417693906e+06 1.86740446383653842e+07
4.22169601474982892e-02 5.96266789011955075e+06 1.86509902622690946e+07
4.22464832782376704e-02 5.96321818542480376e+06 1.86279358861726709e+07
4.22760064089770654e-02 5.96376780009269714e+06 1.86048815100761056e+07
4.23055295397164466e-02 5.96431673412322998e+06 1.85818271339794025e+07
4.23350526704558416e-02 5.96486498751640320e+06 1.85587727578825615e+07
4.23645758011952367e-02 5.96541256027221680e+06 1.85357183817855790e+07
4.23940989319346179e-02 5.96595945239067078e+06 1.85126640056884624e+07
4.24236220626740129e-02 5.96650566387176514e+06 1.84896096295912042e+07
4.24531451934133941e-02 5.96705119471549988e+06 1.84665552534938082e+07
4.24826683241527892e-02 5.96759604492187500e+06 1.84435008773962744e+07
4.25121914548921703e-02 5.96814021449089143e+06 1.84204465012987070e+07
4.25417145856315654e-02 5.96868370342254732e+06 1.83973921252012178e+07
4.25712377163709466e-02 5.96922651171684358e+06 1.83743377491038069e+07
4.26007608471103416e-02 5.96976863937378023e+06 1.83512833730064705e+07
4.26302839778497228e-02 5.97031008639335819e+06 1.83282289969092160e+07
4.26598071085891178e-02 5.97085085277557466e+06 1.83051746208120324e+07
4.26893302393284990e-02 5.97139093852043245e+06 1.82821202447149307e+07
4.27188533700678941e-02 5.97193034362792969e+06 1.82590658686179034e+07
4.27483765008072891e-02 5.97246906809806824e+06 1.82360114925209545e+07
4.27778996315466703e-02 5.97300711193084717e+06 1.82129571164240800e+07
4.28074227622860654e-02 5.97354447512626834e+06 1.81899027403272875e+07
4.28369458930254465e-02 5.97408115768432617e+06 1.81668483642305657e+07
4.28664690237648416e-02 5.97461715960502625e+06 1.81437939881339259e+07
4.28959921545042228e-02 5.97515248088836670e+06 1.81207396120373607e+07
4.29255152852436178e-02 5.97568712153434753e+06 1.80976852359408736e+07
4.29550384159829990e-02 5.97622108154296875e+06 1.80746308598444648e+07
4.29845615467223940e-02 5.97675436091423035e+06 1.80515764837480709e+07
4.30140846774617752e-02 5.97728695964813232e+06 1.80285221076516435e+07
4.30436078082011703e-02 5.97781887774467468e+06 1.80054677315551750e+07
4.30731309389405653e-02 5.97835011520385742e+06 1.79824133554586656e+07
4.31026540696799465e-02 5.97888067202568147e+06 1.79593589793621227e+07
4.31321772004193416e-02 5.97941054821014404e+06 1.79363046032655388e+07
4.31617003311587227e-02 5.97993974375724792e+06 1.79132502271689177e+07
4.31912234618981178e-02 5.98046825866699219e+06 1.78901958510722555e+07
4.32207465926374990e-02 5.98099609293937683e+06 1.78671414749755561e+07
4.32502697233768940e-02 5.98152324657440186e+06 1.78440870988788195e+07
4.32797928541162752e-02 5.98204971957206819e+06 1.78210327227820419e+07
4.33093159848556702e-02 5.98257551193237305e+06 1.77979783466852270e+07
4.33388391155950514e-02 5.98310062365531921e+06 1.77749239705883749e+07
4.33683622463344465e-02 5.98362505474090576e+06 1.77518695944914818e+07
4.33978853770738277e-02 5.98414880518913269e+06 1.77288152183945514e+07
4.34274085078132227e-02 5.98467187500000000e+06 1.77057608422975838e+07
4.34569316385526178e-02 5.98519426417350769e+06 1.76827064662006013e+07
4.34864547692919989e-02 5.98571597270965576e+06 1.76596520901036374e+07
4.35159779000313940e-02 5.98623700060844421e+06 1.76365977140066884e+07
4.35455010307707752e-02 5.98675734786987305e+06 1.76135433379097544e+07
4.35750241615101702e-02 5.98727701449394319e+06 1.75904889618128352e+07
4.36045472922495514e-02 5.98779600048065186e+06 1.75674345857159309e+07
4.36340704229889464e-02 5.98831430583000183e+06 1.75443802096190415e+07
4.36635935537283276e-02 5.98883193054199219e+06 1.75213258335221708e+07
4.36931166844677227e-02 5.98934887461662292e+06 1.74982714574253149e+07
4.37226398152071039e-02 5.98986513805389404e+06 1.74752170813284703e+07
4.37521629459464989e-02 5.99038072085380647e+06 1.74521627052316442e+07
4.37816860766858801e-02 5.99089562301635742e+06 1.74291083291348331e+07
4.38112092074252751e-02 5.99140984454154968e+06 1.74060539530380405e+07
4.38407323381646702e-02 5.99192338542938232e+06 1.73829995769412592e+07
4.38702554689040514e-02 5.99243624567985535e+06 1.73599452008444928e+07
4.38997785996434464e-02 5.99294842529296875e+06 1.73368908247477449e+07
4.39293017303828276e-02 5.99345992426872253e+06 1.73138364486510158e+07
4.39588248611222226e-02 5.99397074260711670e+06 1.72907820725543089e+07
4.39883479918616038e-02 5.99448088030815125e+06 1.72677276964576244e+07
4.40178711226009989e-02 5.99499033737182617e+06 1.72446733203609623e+07
4.40473942533403801e-02 5.99549911379814148e+06 1.72216189442643262e+07
4.40769173840797751e-02 5.99600720958709717e+06 1.71985645681677125e+07
4.41064405148191563e-02 5.99651462473869324e+06 1.71755101920711175e+07
4.41359636455585513e-02 5.99702135925292969e+06 1.71524558159745522e+07
4.41654867762979464e-02 5.99752741312980559e+06 1.71294014398780055e+07
4.41950099070373276e-02 5.99803278636932280e+06 1.71063470637814850e+07
4.42245330377767226e-02 5.99853747897148132e+06 1.70832926876849830e+07
4.42540561685161038e-02 5.99904149093627837e+06 1.70602383115885071e+07
4.42835792992554989e-02 5.99954482226371672e+06 1.70371839354920574e+07
4.43131024299948800e-02 6.00004747295379546e+06 1.70141295593956262e+07
4.43426255607342751e-02 6.00054944300651457e+06 1.69910751832992211e+07
4.43721486914736563e-02 6.00105073242187407e+06 1.69680208072028346e+07
4.44016718222130513e-02 6.00155134119987395e+06 1.69449664311064444e+07
4.44311949529524325e-02 6.00205126934051421e+06 1.69219120550100133e+07
4.44607180836918275e-02 6.00255051684379485e+06 1.68988576789135449e+07
4.44902412144312087e-02 6.00304908370971587e+06 1.68758033028170392e+07
4.45197643451706038e-02 6.00354696993827820e+06 1.68527489267204963e+07
4.45492874759099988e-02 6.00404417552947905e+06 1.68296945506239124e+07
4.45788106066493800e-02 6.00454070048332121e+06 1.68066401745272875e+07
4.46083337373887751e-02 6.00503654479980469e+06 1.67835857984306291e+07
4.46378568681281562e-02 6.00553170847892761e+06 1.67605314223339278e+07
4.46673799988675513e-02 6.00602619152069092e+06 1.67374770462371912e+07
4.46969031296069325e-02 6.00651999392509554e+06 1.67144226701404136e+07
4.47264262603463275e-02 6.00701311569213867e+06 1.66913682940436006e+07
4.47559493910857087e-02 6.00750555682182312e+06 1.66683139179467466e+07
4.47854725218251037e-02 6.00799731731414795e+06 1.66452595418498553e+07
4.48149956525644849e-02 6.00848839716911316e+06 1.66222051657529250e+07
4.48445187833038800e-02 6.00897879638671875e+06 1.65991507896559555e+07
4.48740419140432611e-02 6.00946851496696472e+06 1.65760964135589749e+07
4.49035650447826562e-02 6.00995755290985107e+06 1.65530420374620091e+07
4.49330881755220513e-02 6.01044591021537781e+06 1.65299876613650601e+07
4.49626113062614324e-02 6.01093358688354492e+06 1.65069332852681261e+07
4.49921344370008275e-02 6.01142058291435428e+06 1.64838789091712069e+07
4.50216575677402087e-02 6.01190689830780029e+06 1.64608245330743045e+07
4.50511806984796037e-02 6.01239253306388855e+06 1.64377701569774169e+07
4.50807038292189849e-02 6.01287748718261719e+06 1.64147157808805443e+07
4.51102269599583799e-02 6.01336176066398621e+06 1.63916614047836866e+07
4.51397500906977611e-02 6.01384535350799561e+06 1.63686070286868438e+07
4.51692732214371562e-02 6.01432826571464725e+06 1.63455526525900178e+07
4.51987963521765373e-02 6.01481049728393555e+06 1.63224982764932066e+07
4.52283194829159324e-02 6.01529204821586609e+06 1.62994439003964122e+07
4.52578426136553136e-02 6.01577291851043794e+06 1.62763895242996309e+07
4.52873657443947086e-02 6.01625310816764925e+06 1.62533351482028663e+07
4.53168888751341037e-02 6.01673261718750093e+06 1.62302807721061166e+07
4.53464120058734849e-02 6.01721144556999300e+06 1.62072263960093725e+07
4.53759351366128799e-02 6.01768959331512544e+06 1.61841720199126191e+07
4.54054582673522611e-02 6.01816706042289827e+06 1.61611176438158583e+07
4.54349813980916561e-02 6.01864384689331055e+06 1.61380632677190900e+07
4.54645045288310373e-02 6.01911995272636600e+06 1.61150088916223124e+07
4.54940276595704324e-02 6.01959537792205811e+06 1.60919545155255292e+07
4.55235507903098136e-02 6.02007012248039246e+06 1.60689001394287366e+07
4.55530739210492086e-02 6.02054418640136719e+06 1.60458457633319385e+07
4.55825970517885898e-02 6.02101756968498230e+06 1.60227913872351311e+07
4.56121201825279848e-02 6.02149027233123779e+06 1.59997370111383162e+07
4.56416433132673799e-02 6.02196229434013553e+06 1.59766826350414939e+07
4.56711664440067611e-02 6.02243363571166992e+06 1.59536282589446623e+07
4.57006895747461561e-02 6.02290429644584656e+06 1.59305738828478251e+07
4.57302127054855373e-02 6.02337427654266451e+06 1.59075195067509804e+07
4.57597358362249323e-02 6.02384357600212190e+06 1.58844651306541264e+07
4.57892589669643135e-02 6.02431219482421968e+06 1.58614107545572650e+07
4.58187820977037086e-02 6.02478013300895784e+06 1.58383563784603998e+07
4.58483052284430898e-02 6.02524739055633638e+06 1.58153020023635365e+07
4.58778283591824848e-02 6.02571396746635530e+06 1.57922476262666713e+07
4.59073514899218660e-02 6.02617986373901367e+06 1.57691932501698062e+07
4.59368746206612610e-02 6.02664507937431429e+06 1.57461388740729410e+07
4.59663977514006422e-02 6.02710961437225342e+06 1.57230844979760759e+07
4.59959208821400373e-02 6.02757346873283386e+06 1.57000301218792107e+07
4.60254440128794323e-02 6.02803664245605469e+06 1.56769757457823455e+07
4.60549671436188135e-02 6.02849913554191589e+06 1.56539213696854822e+07
4.60844902743582086e-02 6.02896094799041748e+06 1.56308669935886171e+07
4.61140134050975897e-02 6.02942207980156038e+06 1.56078126174917519e+07
4.61435365358369848e-02 6.02988253097534180e+06 1.55847582413948867e+07
4.61730596665763660e-02 6.03034230151176453e+06 1.55617038652980216e+07
4.62025827973157610e-02 6.03080139141082764e+06 1.55386494892011564e+07
4.62321059280551422e-02 6.03125980067253113e+06 1.55155951131042931e+07
4.62616290587945372e-02 6.03171752929687500e+06 1.54925407370074280e+07
4.62911521895339184e-02 6.03217457728385925e+06 1.54694863609105777e+07
4.63206753202733135e-02 6.03263094463348389e+06 1.54464319848137591e+07
4.63501984510126946e-02 6.03308663134574797e+06 1.54233776087169722e+07
4.63797215817520897e-02 6.03354163742065337e+06 1.54003232326202150e+07
4.64092447124914848e-02 6.03399596285820007e+06 1.53772688565234877e+07
4.64387678432308659e-02 6.03444960765838530e+06 1.53542144804267921e+07
4.64682909739702610e-02 6.03490257182121184e+06 1.53311601043301281e+07
4.64978141047096422e-02 6.03535485534667876e+06 1.53081057282334939e+07
4.65273372354490372e-02 6.03580645823478512e+06 1.52850513521368913e+07
4.65568603661884184e-02 6.03625738048553281e+06 1.52619969760403186e+07
4.65863834969278134e-02 6.03670762209892273e+06 1.52389425999437775e+07
4.66159066276671946e-02 6.03715718307494931e+06 1.52158882238472663e+07
4.66454297584065897e-02 6.03760606341361813e+06 1.51928338477507867e+07
4.66749528891459708e-02 6.03805426311492734e+06 1.51697794716543388e+07
4.67044760198853659e-02 6.03850178217887692e+06 1.51467250955579206e+07
4.67339991506247471e-02 6.03894862060546689e+06 1.51236707194615323e+07
4.67635222813641421e-02 6.03939477839469723e+06 1.51006163433651570e+07
4.67930454121035372e-02 6.03984025554656796e+06 1.50775619672687743e+07
4.68225685428429184e-02 6.04028505206107907e+06 1.50545075911723822e+07
4.68520916735823134e-02 6.04072916793823056e+06 1.50314532150759827e+07
4.68816148043216946e-02 6.04117260317802429e+06 1.50083988389795758e+07
4.69111379350610896e-02 6.04161535778045468e+06 1.49853444628831614e+07
4.69406610658004708e-02 6.04205743174552731e+06 1.49622900867867395e+07
4.69701841965398659e-02 6.04249882507324032e+06 1.49392357106903102e+07
4.69997073272792470e-02 6.04293953776359372e+06 1.49161813345938735e+07
4.70292304580186421e-02 6.04337956981658749e+06 1.48931269584974274e+07
4.70587535887580233e-02 6.04381892123222351e+06 1.48700725824009757e+07
4.70882767194974183e-02 6.04425759201049618e+06 1.48470182063045148e+07
4.71177998502368134e-02 6.04469558215141110e+06 1.48239638302080464e+07
4.71473229809761946e-02 6.04513289165496640e+06 1.48009094541115705e+07
4.71768461117155896e-02 6.04556952052116208e+06 1.47778550780150872e+07
4.72063692424549708e-02 6.04600546874999907e+06 1.47548007019185945e+07
4.72358923731943658e-02 6.04644073634147551e+06 1.47317463258220702e+07
4.72654155039337470e-02 6.04687532329559326e+06 1.47086919497254826e+07
4.72949386346731421e-02 6.04730922961234953e+06 1.46856375736288317e+07
4.73244617654125233e-02 6.04774245529174805e+06 1.46625831975321211e+07
4.73539848961519183e-02 6.04817500033378694e+06 1.46395288214353491e+07
4.73835080268912995e-02 6.04860686473846436e+06 1.46164744453385156e+07
4.74130311576306945e-02 6.04903804850578308e+06 1.45934200692416187e+07
4.74425542883700757e-02 6.04946855163574219e+06 1.45703656931446623e+07
4.74720774191094708e-02 6.04989837412834167e+06 1.45473113170476425e+07
4.75016005498488658e-02 6.05032751598358154e+06 1.45242569409505632e+07
4.75311236805882470e-02 6.05075597720146365e+06 1.45012025648534205e+07
4.75606468113276420e-02 6.05118375778198242e+06 1.44781481887562163e+07
4.75901699420670232e-02 6.05161085772514343e+06 1.44550938126589507e+07
4.76196930728064183e-02 6.05203727703094576e+06 1.44320394365616255e+07
4.76492162035457995e-02 6.05246301569938753e+06 1.44089850604642369e+07
4.76787393342851945e-02 6.05288807373046968e+06 1.43859306843667850e+07
4.77082624650245757e-02 6.05331245112419222e+06 1.43628763082693517e+07
4.77377855957639707e-02 6.05373614788055513e+06 1.43398219321720079e+07
4.77673087265033519e-02 6.05415916399955750e+06 1.43167675560747590e+07
4.77968318572427470e-02 6.05458149948120117e+06 1.42937131799776014e+07
4.78263549879821281e-02 6.05500315432548709e+06 1.42706588038805369e+07
4.78558781187215232e-02 6.05542412853240967e+06 1.42476044277835637e+07
4.78854012494609182e-02 6.05584442210197449e+06 1.42245500516866837e+07
4.79149243802002994e-02 6.05626403503417969e+06 1.42014956755898949e+07
4.79444475109396945e-02 6.05668296732902527e+06 1.41784412994931992e+07
4.79739706416790757e-02 6.05710121898651123e+06 1.41553869233965967e+07
4.80034937724184707e-02 6.05751879000663850e+06 1.41323325473000854e+07
4.80330169031578519e-02 6.05793568038940430e+06 1.41092781712036673e+07
4.80625400338972469e-02 6.05835189013481047e+06 1.40862237951073423e+07
4.80920631646366281e-02 6.05876741924285889e+06 1.40631694190111086e+07
4.81215862953760232e-02 6.05918226771354582e+06 1.40401150429149680e+07
4.81511094261154043e-02 6.05959643554687407e+06 1.40170606668189187e+07
4.81806325568547994e-02 6.06000992274284270e+06 1.39940062907228637e+07
4.82101556875941806e-02 6.06042272930145264e+06 1.39709519146266989e+07
4.82396788183335756e-02 6.06083485522270110e+06 1.39478975385304280e+07
4.82692019490729707e-02 6.06124630050659180e+06 1.39248431624340471e+07
4.82987250798123519e-02 6.06165706515312288e+06 1.39017887863375600e+07
4.83282482105517469e-02 6.06206714916229248e+06 1.38787344102409650e+07
4.83577713412911281e-02 6.06247655253410339e+06 1.38556800341442619e+07
4.83872944720305231e-02 6.06288527526855469e+06 1.38326256580474507e+07
4.84168176027699043e-02 6.06329331736564636e+06 1.38095712819505315e+07
4.84463407335092994e-02 6.06370067882537842e+06 1.37865169058535062e+07
4.84758638642486805e-02 6.06410735964775272e+06 1.37634625297563709e+07
4.85053869949880756e-02 6.06451335983276367e+06 1.37404081536591295e+07
4.85349101257274568e-02 6.06491867938041687e+06 1.37173537775617782e+07
4.85644332564668518e-02 6.06532331829071138e+06 1.36942994014643207e+07
4.85939563872062469e-02 6.06572727656364534e+06 1.36712450253667552e+07
4.86234795179456281e-02 6.06613055419921875e+06 1.36481906492690817e+07
4.86530026486850231e-02 6.06653315119743347e+06 1.36251362731714267e+07
4.86825257794244043e-02 6.06693506755828857e+06 1.36020818970739190e+07
4.87120489101637993e-02 6.06733630328178406e+06 1.35790275209765583e+07
4.87415720409031805e-02 6.06773685836791992e+06 1.35559731448793430e+07
4.87710951716425756e-02 6.06813673281669617e+06 1.35329187687822729e+07
4.88006183023819567e-02 6.06853592662811279e+06 1.35098643926853519e+07
4.88301414331213518e-02 6.06893443980216980e+06 1.34868100165885743e+07
4.88596645638607330e-02 6.06933227233886626e+06 1.34637556404919438e+07
4.88891876946001280e-02 6.06972942423820309e+06 1.34407012643954605e+07
4.89187108253395092e-02 6.07012589550018124e+06 1.34176468882991243e+07
4.89482339560789043e-02 6.07052168612480164e+06 1.33945925122029334e+07
4.89777570868182993e-02 6.07091679611205868e+06 1.33715381361068878e+07
4.90072802175576805e-02 6.07131122546195798e+06 1.33484837600109894e+07
4.90368033482970755e-02 6.07170497417449765e+06 1.33254293839152381e+07
4.90663264790364567e-02 6.07209804224967770e+06 1.33023750078196321e+07
4.90958496097758518e-02 6.07249042968749814e+06 1.32793206317241732e+07
4.91253727405152329e-02 6.07288213648795895e+06 1.32562662556287050e+07
4.91548958712546280e-02 6.07327316265106108e+06 1.32332118795330767e+07
4.91844190019940092e-02 6.07366350817680173e+06 1.32101575034372862e+07
4.92139421327334042e-02 6.07405317306518462e+06 1.31871031273413338e+07
4.92434652634727854e-02 6.07444215731620789e+06 1.31640487512452211e+07
4.92729883942121805e-02 6.07483046092986967e+06 1.31409943751489446e+07
4.93025115249515616e-02 6.07521808390617277e+06 1.31179399990525078e+07
4.93320346556909567e-02 6.07560502624511719e+06 1.30948856229559071e+07
4.93615577864303517e-02 6.07599128794670105e+06 1.30718312468591463e+07
4.93910809171697329e-02 6.07637686901092529e+06 1.30487768707622252e+07
4.94206040479091280e-02 6.07676176943779085e+06 1.30257224946651403e+07
4.94501271786485092e-02 6.07714598922729492e+06 1.30026681185678933e+07
4.94796503093879042e-02 6.07752952837944031e+06 1.29796137424704861e+07
4.95091734401272854e-02 6.07791238689422701e+06 1.29565593663729168e+07
4.95386965708666804e-02 6.07829456477165315e+06 1.29335049902751856e+07
4.95682197016060616e-02 6.07867606201172061e+06 1.29104506141772922e+07
4.95977428323454567e-02 6.07905687861442659e+06 1.28873962380793840e+07
4.96272659630848378e-02 6.07943701457977388e+06 1.28643418619816061e+07
4.96567890938242329e-02 6.07981646990776062e+06 1.28412874858839605e+07
4.96863122245636141e-02 6.08019524459838960e+06 1.28182331097864434e+07
4.97158353553030091e-02 6.08057333865165897e+06 1.27951787336890586e+07
4.97453584860424042e-02 6.08095075206756685e+06 1.27721243575918060e+07
4.97748816167817854e-02 6.08132748484611604e+06 1.27490699814946819e+07
4.98044047475211804e-02 6.08170353698730469e+06 1.27260156053976901e+07
4.98339278782605616e-02 6.08207890849113464e+06 1.27029612293008305e+07
4.98634510089999566e-02 6.08245359935760498e+06 1.26799068532040995e+07
4.98929741397393378e-02 6.08282760958671663e+06 1.26568524771075007e+07
4.99224972704787329e-02 6.08320093917846680e+06 1.26337981010110322e+07
4.99520204012181140e-02 6.08357358813285828e+06 1.26107437249146942e+07
4.99815435319575091e-02 6.08394555644989014e+06 1.25876893488184884e+07
5.00110666626968903e-02 6.08431684412956238e+06 1.25646349727224130e+07
5.00405897934362853e-02 6.08468745117187500e+06 1.25415805966264680e+07
5.00701129241756804e-02 6.08505737757682707e+06 1.25185262205305435e+07
5.00996360549150616e-02 6.08542662334442139e+06 1.24954718444345258e+07
5.01291591856544566e-02 6.08579518847465422e+06 1.24724174683384150e+07
5.01586823163938378e-02 6.08616307296752930e+06 1.24493630922422130e+07
5.01882054471332328e-02 6.08653027682304475e+06 1.24263087161459178e+07
5.02177285778726140e-02 6.08689680004119873e+06 1.24032543400495313e+07
5.02472517086120091e-02 6.08726264262199402e+06 1.23801999639530517e+07
5.02767748393513902e-02 6.08762780456542969e+06 1.23571455878564790e+07
5.03062979700907853e-02 6.08799228587150574e+06 1.23340912117598131e+07
5.03358211008301665e-02 6.08835608654022217e+06 1.23110368356630579e+07
5.03653442315695615e-02 6.08871920657158084e+06 1.22879824595662076e+07
5.03948673623089427e-02 6.08908164596557617e+06 1.22649280834692661e+07
5.04243904930483378e-02 6.08944340472221375e+06 1.22418737073722314e+07
5.04539136237877328e-02 6.08980448284149263e+06 1.22188193312751055e+07
5.04834367545271140e-02 6.09016488032341097e+06 1.21957649551778845e+07
5.05129598852665090e-02 6.09052459716796968e+06 1.21727105790805742e+07
5.05424830160058902e-02 6.09088363337516878e+06 1.21496562029832434e+07
5.05720061467452853e-02 6.09124198894500826e+06 1.21266018268859666e+07
5.06015292774846664e-02 6.09159966387748811e+06 1.21035474507887438e+07
5.06310524082240615e-02 6.09195665817260835e+06 1.20804930746915732e+07
5.06605755389634427e-02 6.09231297183036990e+06 1.20574386985944584e+07
5.06900986697028377e-02 6.09266860485076997e+06 1.20343843224973977e+07
5.07196218004422189e-02 6.09302355723381136e+06 1.20113299464003909e+07
5.07491449311816140e-02 6.09337782897949219e+06 1.19882755703034364e+07
5.07786680619209951e-02 6.09373142008781433e+06 1.19652211942065377e+07
5.08081911926603902e-02 6.09408433055877686e+06 1.19421668181096911e+07
5.08377143233997852e-02 6.09443656039238162e+06 1.19191124420129005e+07
5.08672374541391664e-02 6.09478810958862305e+06 1.18960580659161620e+07
5.08967605848785615e-02 6.09513897814750671e+06 1.18730036898194775e+07
5.09262837156179426e-02 6.09548916606903076e+06 1.18499493137228489e+07
5.09558068463573377e-02 6.09583867335319519e+06 1.18268949376262724e+07
5.09853299770967189e-02 6.09618750000000000e+06 1.18038405615297500e+07
5.10148531078361139e-02 6.09653564600944519e+06 1.17807861854332518e+07
5.10443762385754951e-02 6.09688311138153076e+06 1.17577318093367442e+07
5.10738993693148902e-02 6.09722989611625671e+06 1.17346774332402293e+07
5.11034225000542713e-02 6.09757600021362305e+06 1.17116230571437087e+07
5.11329456307936664e-02 6.09792142367362976e+06 1.16885686810471788e+07
5.11624687615330476e-02 6.09826616649627686e+06 1.16655143049506396e+07
5.11919918922724426e-02 6.09861022868156433e+06 1.16424599288540948e+07
5.12215150230118377e-02 6.09895361022949219e+06 1.16194055527575426e+07
5.12510381537512189e-02 6.09929631114006042e+06 1.15963511766609810e+07
5.12805612844906139e-02 6.09963833141326904e+06 1.15732968005644139e+07
5.13100844152299951e-02 6.09997967104911804e+06 1.15502424244678374e+07
5.13396075459693901e-02 6.10032033004760742e+06 1.15271880483712535e+07
5.13691306767087713e-02 6.10066030840873718e+06 1.15041336722746622e+07
5.13986538074481664e-02 6.10099960613250732e+06 1.14810792961780634e+07
5.14281769381875475e-02 6.10133822321891785e+06 1.14580249200814553e+07
5.14577000689269426e-02 6.10167615966796875e+06 1.14349705439848416e+07
5.14872231996663238e-02 6.10201341547966003e+06 1.14119161678882036e+07
5.15167463304057188e-02 6.10234999065399170e+06 1.13888617917915266e+07
5.15462694611451139e-02 6.10268588519096375e+06 1.13658074156948123e+07
5.15757925918844951e-02 6.10302109909057617e+06 1.13427530395980589e+07
5.16053157226238901e-02 6.10335563235282991e+06 1.13196986635012683e+07
5.16348388533632713e-02 6.10368948497772217e+06 1.12966442874044385e+07
5.16643619841026663e-02 6.10402265696525574e+06 1.12735899113075696e+07
5.16938851148420475e-02 6.10435514831542969e+06 1.12505355352106616e+07
5.17234082455814426e-02 6.10468695902824402e+06 1.12274811591137163e+07
5.17529313763208237e-02 6.10501808910369873e+06 1.12044267830167320e+07
5.17824545070602188e-02 6.10534853854179475e+06 1.11813724069197085e+07
5.18119776377996000e-02 6.10567830734252930e+06 1.11583180308226477e+07
5.18415007685389950e-02 6.10600739550590515e+06 1.11352636547255479e+07
5.18710238992783762e-02 6.10633580303192139e+06 1.11122092786284089e+07
5.19005470300177713e-02 6.10666352992057800e+06 1.10891549025312327e+07
5.19300701607571663e-02 6.10699057617187500e+06 1.10661005264340173e+07
5.19595932914965475e-02 6.10731694178581238e+06 1.10430461503368262e+07
5.19891164222359425e-02 6.10764262676239014e+06 1.10199917742397171e+07
5.20186395529753237e-02 6.10796763110160735e+06 1.09969373981426954e+07
5.20481626837147188e-02 6.10829195480346680e+06 1.09738830220457576e+07
5.20776858144540999e-02 6.10861559786796570e+06 1.09508286459489036e+07
5.21072089451934950e-02 6.10893856029510498e+06 1.09277742698521353e+07
5.21367320759328762e-02 6.10926084208488464e+06 1.09047198937554508e+07
5.21662552066722712e-02 6.10958244323730376e+06 1.08816655176588520e+07
5.21957783374116524e-02 6.10990336375236325e+06 1.08586111415623371e+07
5.22253014681510475e-02 6.11022360363006406e+06 1.08355567654659078e+07
5.22548245988904286e-02 6.11054316287040710e+06 1.08125023893695623e+07
5.22843477296298237e-02 6.11086204147338681e+06 1.07894480132733025e+07
5.23138708603692187e-02 6.11118023943900876e+06 1.07663936371771265e+07
5.23433939911085999e-02 6.11149775676727202e+06 1.07433392610810362e+07
5.23729171218479950e-02 6.11181459345817473e+06 1.07202848849850297e+07
5.24024402525873761e-02 6.11213074951171782e+06 1.06972305088891089e+07
5.24319633833267712e-02 6.11244622492790129e+06 1.06741761327931825e+07
5.24614865140661524e-02 6.11276101970672607e+06 1.06511217566971648e+07
5.24910096448055474e-02 6.11307513384818938e+06 1.06280673806010559e+07
5.25205327755449286e-02 6.11338856735229399e+06 1.06050130045048539e+07
5.25500559062843237e-02 6.11370132021903992e+06 1.05819586284085587e+07
5.25795790370237048e-02 6.11401339244842436e+06 1.05589042523121703e+07
5.26091021677630999e-02 6.11432478404045012e+06 1.05358498762156907e+07
5.26386252985024811e-02 6.11463549499511719e+06 1.05127955001191180e+07
5.26681484292418761e-02 6.11494552531242371e+06 1.04897411240224540e+07
5.26976715599812712e-02 6.11525487499237061e+06 1.04666867479256969e+07
5.27271946907206523e-02 6.11556354403495882e+06 1.04436323718288466e+07
5.27567178214600474e-02 6.11587153244018555e+06 1.04205779957319051e+07
5.27862409521994286e-02 6.11617884020805359e+06 1.03975236196348704e+07
5.28157640829388236e-02 6.11648546733856201e+06 1.03744692435377445e+07
5.28452872136782048e-02 6.11679141383171082e+06 1.03514148674405254e+07
5.28748103444175999e-02 6.11709667968750093e+06 1.03283604913432132e+07
5.29043334751569810e-02 6.11740126490593050e+06 1.03053061152458675e+07
5.29338566058963761e-02 6.11770516948700044e+06 1.02822517391485441e+07
5.29633797366357573e-02 6.11800839343071077e+06 1.02591973630512450e+07
5.29929028673751523e-02 6.11831093673706148e+06 1.02361429869539682e+07
5.30224259981145474e-02 6.11861279940605350e+06 1.02130886108567137e+07
5.30519491288539286e-02 6.11891398143768404e+06 1.01900342347594835e+07
5.30814722595933236e-02 6.11921448283195589e+06 1.01669798586622756e+07
5.31109953903327048e-02 6.11951430358886719e+06 1.01439254825650919e+07
5.31405185210720998e-02 6.11981344370842073e+06 1.01208711064679306e+07
5.31700416518114810e-02 6.12011190319061372e+06 1.00978167303707916e+07
5.31995647825508761e-02 6.12040968203544803e+06 1.00747623542736769e+07
5.32290879132902572e-02 6.12070678024292085e+06 1.00517079781765845e+07
5.32586110440296523e-02 6.12100319781303499e+06 1.00286536020795144e+07
5.32881341747690335e-02 6.12129893474578951e+06 1.00055992259824686e+07
5.33176573055084285e-02 6.12159399104118440e+06 9.98254484988544695e+06
5.33471804362478097e-02 6.12188836669921968e+06 9.95949047378844768e+06
5.33767035669872048e-02 6.12218206171989441e+06 9.93643609769149311e+06
5.34062266977265998e-02 6.12247507610321045e+06 9.91338172159460932e+06
5.34357498284659810e-02 6.12276740984916687e+06 9.89032734549779445e+06
5.34652729592053760e-02 6.12305906295776367e+06 9.86727296940104850e+06
5.34947960899447572e-02 6.12335003542900085e+06 9.84421859330437332e+06
5.35243192206841523e-02 6.12364032726287842e+06 9.82116421720776521e+06
5.35538423514235334e-02 6.12392993845939636e+06 9.79810984111122787e+06
5.35833654821629285e-02 6.12421886901855376e+06 9.77505546501475945e+06
5.36128886129023097e-02 6.12450711894035153e+06 9.75200108891836181e+06
5.36424117436417047e-02 6.12479468822479062e+06 9.72894671282203123e+06
5.36719348743810859e-02 6.12508157687187195e+06 9.70589233672577143e+06
5.37014580051204810e-02 6.12536778488158993e+06 9.68283796062958054e+06
5.37309811358598621e-02 6.12565331225395016e+06 9.65978358453345858e+06
5.37605042665992572e-02 6.12593815898895171e+06 9.63672920843740739e+06
5.37900273973386522e-02 6.12622232508659270e+06 9.61367483234142326e+06
5.38195505280780334e-02 6.12650581054687407e+06 9.59062045624550991e+06
5.38490736588174285e-02 6.12678861536979582e+06 9.56756608014957979e+06
5.38785967895568096e-02 6.12707073955535889e+06 9.54451170405355096e+06
5.39081199202962047e-02 6.12735218310356047e+06 9.52145732795742154e+06
5.39376430510355859e-02 6.12763294601440337e+06 9.49840295186119340e+06
5.39671661817749809e-02 6.12791302828788757e+06 9.47534857576486282e+06
5.39966893125143621e-02 6.12819242992401030e+06 9.45229419966843352e+06
5.40262124432537572e-02 6.12847115092277434e+06 9.42923982357190363e+06
5.40557355739931383e-02 6.12874919128417969e+06 9.40618544747527316e+06
5.40852587047325334e-02 6.12902655100822449e+06 9.38313107137854397e+06
5.41147818354719146e-02 6.12930323009490967e+06 9.36007669528171234e+06
5.41443049662113096e-02 6.12957922854423616e+06 9.33702231918478198e+06
5.41738280969507047e-02 6.12985454635620117e+06 9.31396794308775291e+06
5.42033512276900858e-02 6.13012918353080750e+06 9.29091356699062139e+06
5.42328743584294809e-02 6.13040314006805420e+06 9.26785919089339115e+06
5.42623974891688621e-02 6.13067641596794128e+06 9.24480481479606032e+06
5.42919206199082571e-02 6.13094901123046968e+06 9.22175043869862892e+06
5.43214437506476383e-02 6.13122092585563753e+06 9.19869606260117516e+06
5.43509668813870334e-02 6.13149215984344576e+06 9.17564168650377542e+06
5.43804900121264145e-02 6.13176271319389436e+06 9.15258731040642969e+06
5.44100131428658096e-02 6.13203258590698335e+06 9.12953293430913612e+06
5.44395362736051908e-02 6.13230177798271365e+06 9.10647855821189843e+06
5.44690594043445858e-02 6.13257028942108247e+06 9.08342418211471289e+06
5.44985825350839809e-02 6.13283812022209261e+06 9.06036980601758324e+06
5.45281056658233620e-02 6.13310527038574219e+06 9.03731542992050573e+06
5.45576287965627571e-02 6.13337173991203308e+06 9.01426105382348411e+06
5.45871519273021383e-02 6.13363752880096436e+06 8.99120667772651464e+06
5.46166750580415333e-02 6.13390263705253787e+06 8.96815230162959918e+06
5.46461981887809145e-02 6.13416706466674805e+06 8.94509792553273961e+06
5.46757213195203096e-02 6.13443081164360046e+06 8.92204354943593219e+06
5.47052444502596907e-02 6.13469387798309326e+06 8.89898917333917879e+06
5.47347675809990858e-02 6.13495626368522644e+06 8.87593479724247940e+06
5.47642907117384670e-02 6.13521796875000000e+06 8.85288042114583403e+06
5.47938138424778620e-02 6.13547899317741394e+06 8.82982604504921846e+06
5.48233369732172432e-02 6.13573933696746826e+06 8.80677166895261221e+06
5.48528601039566382e-02 6.13599900012016296e+06 8.78371729285601340e+06
5.48823832346960333e-02 6.13625798263549805e+06 8.76066291675942205e+06
5.49119063654354145e-02 6.13651628451347351e+06 8.73760854066283815e+06
5.49414294961748095e-02 6.13677390575408936e+06 8.71455416456626169e+06
5.49709526269141907e-02 6.13703084635734558e+06 8.69149978846969455e+06
5.50004757576535858e-02 6.13728710632324219e+06 8.66844541237313300e+06
5.50299988883929669e-02 6.13754268565177824e+06 8.64539103627658077e+06
5.50595220191323620e-02 6.13779758434295561e+06 8.62233666018003412e+06
5.50890451498717432e-02 6.13805180239677429e+06 8.59928228408349678e+06
5.51185682806111382e-02 6.13830533981323149e+06 8.57622790798696689e+06
5.51480914113505194e-02 6.13855819659233000e+06 8.55317353189044446e+06
5.51776145420899145e-02 6.13881037273406889e+06 8.53011915579393134e+06
5.52071376728292956e-02 6.13906186823844817e+06 8.50706477969742380e+06
5.52366608035686907e-02 6.13931268310546782e+06 8.48401040360092558e+06
5.52661839343080857e-02 6.13956281733512785e+06 8.46095602750441805e+06
5.52957070650474669e-02 6.13981227092742827e+06 8.43790165140788816e+06
5.53252301957868620e-02 6.14006104388236906e+06 8.41484727531133592e+06
5.53547533265262431e-02 6.14030913619995024e+06 8.39179289921475947e+06
5.53842764572656382e-02 6.14055654788017273e+06 8.36873852311816067e+06
5.54137995880050194e-02 6.14080327892303374e+06 8.34568414702153765e+06
5.54433227187444144e-02 6.14104932932853606e+06 8.32262977092489228e+06
5.54728458494837956e-02 6.14129469909667969e+06 8.29957539482822455e+06
5.55023689802231907e-02 6.14153938822746277e+06 8.27652101873153262e+06
5.55318921109625718e-02 6.14178339672088623e+06 8.25346664263481740e+06
5.55614152417019669e-02 6.14202672457695007e+06 8.23041226653807983e+06
5.55909383724413481e-02 6.14226937179565430e+06 8.20735789044131897e+06
5.56204615031807431e-02 6.14251133837699890e+06 8.18430351434453484e+06
5.56499846339201382e-02 6.14275262432098389e+06 8.16124913824772835e+06
5.56795077646595193e-02 6.14299322962760925e+06 8.13819476215089764e+06
5.57090308953989144e-02 6.14323315429687500e+06 8.11514038605404459e+06
5.57385540261382956e-02 6.14347239832878113e+06 8.09208600995717943e+06
5.57680771568776906e-02 6.14371096172332764e+06 8.06903163386031520e+06
5.57976002876170718e-02 6.14394884448051453e+06 8.04597725776345003e+06
5.58271234183564669e-02 6.14418604660034180e+06 8.02292288166658487e+06
5.58566465490958480e-02 6.14442256808280945e+06 7.99986850556971971e+06
5.58861696798352431e-02 6.14465840892791748e+06 7.97681412947285548e+06
5.59156928105746243e-02 6.14489356913566589e+06 7.95375975337599032e+06
5.59452159413140193e-02 6.14512804870605469e+06 7.93070537727912515e+06
5.59747390720534144e-02 6.14536184763908386e+06 7.90765100118226092e+06
5.60042622027927955e-02 6.14559496593475342e+06 7.88459662508539576e+06
5.60337853335321906e-02 6.14582740359306335e+06 7.86154224898853060e+06
5.60633084642715718e-02 6.14605916061401367e+06 7.83848787289166637e+06
5.60928315950109668e-02 6.14629023699760437e+06 7.81543349679480121e+06
5.61223547257503480e-02 6.14652063274383545e+06 7.79237912069793604e+06
5.61518778564897431e-02 6.14675034785270691e+06 7.76932474460107181e+06
5.61814009872291242e-02 6.14697938232421875e+06 7.74627036850420665e+06
5.62109241179685193e-02 6.14720773615837097e+06 7.72321599240735359e+06
5.62404472487079005e-02 6.14743540935516357e+06 7.70016161631052289e+06
5.62699703794472955e-02 6.14766240191459656e+06 7.67710724021371640e+06
5.62994935101866767e-02 6.14788871383666992e+06 7.65405286411693227e+06
5.63290166409260717e-02 6.14811434512138367e+06 7.63099848802017141e+06
5.63585397716654668e-02 6.14833929576873779e+06 7.60794411192343291e+06
5.63880629024048480e-02 6.14856356577873230e+06 7.58488973582671862e+06
5.64175860331442430e-02 6.14878715515136719e+06 7.56183535973002668e+06
5.64471091638836242e-02 6.14901006388664152e+06 7.53878098363335896e+06
5.64766322946230193e-02 6.14923229198455717e+06 7.51572660753671359e+06
5.65061554253624004e-02 6.14945383944511414e+06 7.49267223144009057e+06
5.65356785561017955e-02 6.14967470626830962e+06 7.46961785534349177e+06
5.65652016868411767e-02 6.14989489245414641e+06 7.44656347924691532e+06
5.65947248175805717e-02 6.15011439800262358e+06 7.42350910315036308e+06
5.66242479483199529e-02 6.15033322291374113e+06 7.40045472705383319e+06
5.66537710790593479e-02 6.15055136718749907e+06 7.37740035095732566e+06
5.66832942097987291e-02 6.15076883082389738e+06 7.35434597486082278e+06
5.67128173405381242e-02 6.15098561382293608e+06 7.33129159876430500e+06
5.67423404712775192e-02 6.15120171618461516e+06 7.30823722266777139e+06
5.67718636020169004e-02 6.15141713790893462e+06 7.28518284657122195e+06
5.68013867327562955e-02 6.15163187899589539e+06 7.26212847047465760e+06
5.68309098634956766e-02 6.15184593944549467e+06 7.23907409437807743e+06
5.68604329942350717e-02 6.15205931925773527e+06 7.21601971828148235e+06
5.68899561249744529e-02 6.15227201843261719e+06 7.19296534218487144e+06
5.69194792557138479e-02 6.15248403697013855e+06 7.16991096608824562e+06
5.69490023864532291e-02 6.15269537487030029e+06 7.14685658999160398e+06
5.69785255171926242e-02 6.15290603213310242e+06 7.12380221389494743e+06
5.70080486479320053e-02 6.15311600875854492e+06 7.10074783779827505e+06
5.70375717786714004e-02 6.15332530474662781e+06 7.07769346170158684e+06
5.70670949094107816e-02 6.15353392009735107e+06 7.05463908560488373e+06
5.70966180401501766e-02 6.15374185481071472e+06 7.03158470950816572e+06
5.71261411708895717e-02 6.15394910888671875e+06 7.00853033341143094e+06
5.71556643016289528e-02 6.15415568232536316e+06 6.98547595731468592e+06
5.71851874323683479e-02 6.15436157512664795e+06 6.96242158121793251e+06
5.72147105631077291e-02 6.15456678729057312e+06 6.93936720512117166e+06
5.72442336938471241e-02 6.15477131881713867e+06 6.91631282902440336e+06
5.72737568245865053e-02 6.15497516970634554e+06 6.89325845292762667e+06
5.73032799553259004e-02 6.15517833995819092e+06 6.87020407683084253e+06
5.73328030860652815e-02 6.15538082957267761e+06 6.84714970073405094e+06
5.73623262168046766e-02 6.15558263854980469e+06 6.82409532463725191e+06
5.73918493475440578e-02 6.15578376688957214e+06 6.80104094854044449e+06
5.74213724782834528e-02 6.15598421459197998e+06 6.77798657244362962e+06
5.74508956090228479e-02 6.15618398165702913e+06 6.75493219634680729e+06
5.74804187397622290e-02 6.15638306808471680e+06 6.73187782024997752e+06
5.75099418705016241e-02 6.15658147387504578e+06 6.70882344415313937e+06
5.75394650012410053e-02 6.15677919902801514e+06 6.68576906805629376e+06
5.75689881319804003e-02 6.15697624354362488e+06 6.66271469195944071e+06
5.75985112627197815e-02 6.15717260742187500e+06 6.63966031586257927e+06
5.76280343934591766e-02 6.15736829066276550e+06 6.61660593976569921e+06
5.76575575241985577e-02 6.15756329326629639e+06 6.59355156366878748e+06
5.76870806549379528e-02 6.15775761523246765e+06 6.57049718757184595e+06
5.77166037856773340e-02 6.15795125656127930e+06 6.54744281147487368e+06
5.77461269164167290e-02 6.15814421725273319e+06 6.52438843537786976e+06
5.77756500471561102e-02 6.15833649730682373e+06 6.50133405928083602e+06
5.78051731778955052e-02 6.15852809672355652e+06 6.47827968318377063e+06
5.78346963086349003e-02 6.15871901550292969e+06 6.45522530708667450e+06
5.78642194393742815e-02 6.15890925364494324e+06 6.43217093098954763e+06
5.78937425701136765e-02 6.15909881114959717e+06 6.40911655489239004e+06
5.79232657008530577e-02 6.15928768801689334e+06 6.38606217879520170e+06
5.79527888315924528e-02 6.15947588424682617e+06 6.36300780269798264e+06
5.79823119623318339e-02 6.15966339983940125e+06 6.33995342660073284e+06
5.80118350930712290e-02 6.15985023479461670e+06 6.31689905050345231e+06
5.80413582238106102e-02 6.16003638911247253e+06 6.29384467440614011e+06
5.80708813545500052e-02 6.16022186279296875e+06 6.27079029830879811e+06
5.81004044852893864e-02 6.16040665583610535e+06 6.24773592221151013e+06
5.81299276160287814e-02 6.16059076824188232e+06 6.22468154611435998e+06
5.81594507467681626e-02 6.16077420001029968e+06 6.20162717001734860e+06
5.81889738775075577e-02 6.16095695114135742e+06 6.17857279392047599e+06
5.82184970082469527e-02 6.16113902163505554e+06 6.15551841782374214e+06
5.82480201389863339e-02 6.16132041149139218e+06 6.13246404172714707e+06
5.82775432697257290e-02 6.16150112071037106e+06 6.10940966563068982e+06
5.83070664004651101e-02 6.16168114929199032e+06 6.08635528953437228e+06
5.83365895312045052e-02 6.16186049723624997e+06 6.06330091343819257e+06
5.83661126619438864e-02 6.16203916454314999e+06 6.04024653734215163e+06
5.83956357926832814e-02 6.16221715121269040e+06 6.01719216124624945e+06
5.84251589234226626e-02 6.16239445724487118e+06 5.99413778515048604e+06
5.84546820541620576e-02 6.16257108263969142e+06 5.97108340905486140e+06
5.84842051849014388e-02 6.16274702739715297e+06 5.94802903295937460e+06
5.85137283156408339e-02 6.16292229151725583e+06 5.92497465686402749e+06
5.85432514463802289e-02 6.16309687499999814e+06 5.90192028076881822e+06
5.85727745771196101e-02 6.16327077784538083e+06 5.87886590467357077e+06
5.86022977078590052e-02 6.16344400005340390e+06 5.85581152857810725e+06
5.86318208385983863e-02 6.16361654162406735e+06 5.83275715248242859e+06
5.86613439693377814e-02 6.16378840255737212e+06 5.80970277638653386e+06
5.86908671000771626e-02 6.16395958285331726e+06 5.78664840029042400e+06
5.87203902308165576e-02 6.16413008251190092e+06 5.76359402419409808e+06
5.87499133615559388e-02 6.16429990153312590e+06 5.74053964809755702e+06
5.87794364922953338e-02 6.16446903991699219e+06 5.71748527200079989e+06
5.88089596230347150e-02 6.16463749766349792e+06 5.69443089590382762e+06
5.88384827537741101e-02 6.16480527477264404e+06 5.67137651980663929e+06
5.88680058845134913e-02 6.16497237124443240e+06 5.64832214370923489e+06
5.88975290152528863e-02 6.16513878707885742e+06 5.62526776761161536e+06
5.89270521459922814e-02 6.16530452227592561e+06 5.60221339151377976e+06
5.89565752767316625e-02 6.16546957683563419e+06 5.57915901541572902e+06
5.89860984074710576e-02 6.16563395075798221e+06 5.55610463931746222e+06
5.90156215382104388e-02 6.16579764404297061e+06 5.53305026321898028e+06
5.90451446689498338e-02 6.16596065669059847e+06 5.50999588712048624e+06
5.90746677996892150e-02 6.16612298870086763e+06 5.48694151102218498e+06
5.91041909304286101e-02 6.16628464007377718e+06 5.46388713492407650e+06
5.91337140611679912e-02 6.16644561080932710e+06 5.44083275882616080e+06
5.91632371919073863e-02 6.16660590090751834e+06 5.41777838272843696e+06
5.91927603226467675e-02 6.16676551036834717e+06 5.39472400663090590e+06
5.92222834533861625e-02 6.16692443919181824e+06 5.37166963053356763e+06
5.92518065841255437e-02 6.16708268737792969e+06 5.34861525443642121e+06
5.92813297148649387e-02 6.16724025492668152e+06 5.32556087833946850e+06
5.93108528456043338e-02 6.16739714183807373e+06 5.30250650224270672e+06
5.93403759763437150e-02 6.16755334811210632e+06 5.27945212614613865e+06
5.93698991070831100e-02 6.16770887374877837e+06 5.25639775004976336e+06
5.93994222378224912e-02 6.16786371874809172e+06 5.23334337395357993e+06
5.94289453685618863e-02 6.16801788311004546e+06 5.21028899785758927e+06
5.94584684993012674e-02 6.16817136683463957e+06 5.18723462176179048e+06
5.94879916300406625e-02 6.16832416992187407e+06 5.16418024566618539e+06
5.95175147607800437e-02 6.16847629237174802e+06 5.14112586957062967e+06
5.95470378915194387e-02 6.16862773418426327e+06 5.11807149347498175e+06
5.95765610222588199e-02 6.16877849535941891e+06 5.09501711737924069e+06
5.96060841529982149e-02 6.16892857589721493e+06 5.07196274128340837e+06
5.96356072837375961e-02 6.16907797579765227e+06 5.04890836518748291e+06
5.96651304144769912e-02 6.16922669506072812e+06 5.02585398909146525e+06
5.96946535452163862e-02 6.16937473368644528e+06 5.00279961299535539e+06
5.97241766759557674e-02 6.16952209167480282e+06 4.97974523689915240e+06
5.97536998066951625e-02 6.16966876902580075e+06 4.95669086080285721e+06
5.97832229374345436e-02 6.16981476573943906e+06 4.93363648470646981e+06
5.98127460681739387e-02 6.16996008181571960e+06 4.91058210860999022e+06
5.98422691989133199e-02 6.17010471725463774e+06 4.88752773251341842e+06
5.98717923296527149e-02 6.17024867205619719e+06 4.86447335641675349e+06
5.99013154603920961e-02 6.17039194622039702e+06 4.84141898031999636e+06
5.99308385911314911e-02 6.17053453974723723e+06 4.81836460422314703e+06
5.99603617218708723e-02 6.17067645263671875e+06 4.79531022812620550e+06
5.99898848526102674e-02 6.17081768488883972e+06 4.77225585202921275e+06
6.00194079833496624e-02 6.17095823650360107e+06 4.74920147593221348e+06
6.00489311140890436e-02 6.17109810748100281e+06 4.72614709983520582e+06
6.00784542448284387e-02 6.17123729782104492e+06 4.70309272373819072e+06
6.01079773755678198e-02 6.17137580752372835e+06 4.68003834764116816e+06
6.01375005063072149e-02 6.17151363658905029e+06 4.65698397154413816e+06
6.01670236370465961e-02 6.17165078501701355e+06 4.63392959544709977e+06
6.01965467677859911e-02 6.17178725280761719e+06 4.61087521935005393e+06
6.02260698985253723e-02 6.17192303996086121e+06 4.58782084325300064e+06
6.02555930292647673e-02 6.17205814647674561e+06 4.56476646715593897e+06
6.02851161600041485e-02 6.17219257235527132e+06 4.54171209105886985e+06
6.03146392907435436e-02 6.17232631759643555e+06 4.51865771496179327e+06
6.03441624214829248e-02 6.17245938220024109e+06 4.49560333886470925e+06
6.03736855522223198e-02 6.17259176616668701e+06 4.47254896276761685e+06
6.04032086829617149e-02 6.17272346949577332e+06 4.44949458667051699e+06
6.04327318137010960e-02 6.17285449218750000e+06 4.42644021057340968e+06
6.04622549444404911e-02 6.17298483424186707e+06 4.40338583447632566e+06
6.04917780751798723e-02 6.17311449565887451e+06 4.38033145837929472e+06
6.05213012059192673e-02 6.17324347643852234e+06 4.35727708228231873e+06
6.05508243366586485e-02 6.17337177658081055e+06 4.33422270618539583e+06
6.05803474673980435e-02 6.17349939608574007e+06 4.31116833008852694e+06
6.06098705981374247e-02 6.17362633495330811e+06 4.28811395399171207e+06
6.06393937288768198e-02 6.17375259318351746e+06 4.26505957789495122e+06
6.06689168596162010e-02 6.17387817077636719e+06 4.24200520179824438e+06
6.06984399903555960e-02 6.17400306773185637e+06 4.21895082570159156e+06
6.07279631210949772e-02 6.17412728404998686e+06 4.19589644960499182e+06
6.07574862518343722e-02 6.17425081973075867e+06 4.17284207350844704e+06
6.07870093825737673e-02 6.17437367477416899e+06 4.14978769741195580e+06
6.08165325133131485e-02 6.17449584918022063e+06 4.12673332131551811e+06
6.08460556440525435e-02 6.17461734294891264e+06 4.10367894521913445e+06
6.08755787747919247e-02 6.17473815608024504e+06 4.08062456912280526e+06
6.09051019055313198e-02 6.17485828857421782e+06 4.05757019302652916e+06
6.09346250362707009e-02 6.17497774043083098e+06 4.03451581693024607e+06
6.09641481670100960e-02 6.17509651165008452e+06 4.01146144083389314e+06
6.09936712977494772e-02 6.17521460223197844e+06 3.98840706473747129e+06
6.10231944284888722e-02 6.17533201217651274e+06 3.96535268864098005e+06
6.10527175592282534e-02 6.17544874148368835e+06 3.94229831254441943e+06
6.10822406899676484e-02 6.17556479015350249e+06 3.91924393644778943e+06
6.11117638207070296e-02 6.17568015818595793e+06 3.89618956035109004e+06
6.11412869514464247e-02 6.17579484558105469e+06 3.87313518425432127e+06
6.11708100821858197e-02 6.17590885233879089e+06 3.85008080815748358e+06
6.12003332129252009e-02 6.17602217845916748e+06 3.82702643206057604e+06
6.12298563436645960e-02 6.17613482394218538e+06 3.80397205596359959e+06
6.12593794744039771e-02 6.17624678878784180e+06 3.78091767986655375e+06
6.12889026051433722e-02 6.17635807299613953e+06 3.75786330376943853e+06
6.13184257358827534e-02 6.17646867656707764e+06 3.73480892767225439e+06
6.13479488666221484e-02 6.17657859950065613e+06 3.71175455157500040e+06
6.13774719973615296e-02 6.17668784179687500e+06 3.68870017547767702e+06
6.14069951281009246e-02 6.17679640345573425e+06 3.66564579938036203e+06
6.14365182588403058e-02 6.17690428447723389e+06 3.64259142328313133e+06
6.14660413895797009e-02 6.17701148486137297e+06 3.61953704718598537e+06
6.14955645203190959e-02 6.17711800460815337e+06 3.59648267108892370e+06
6.15250876510584771e-02 6.17722384371757507e+06 3.57342829499194724e+06
6.15546107817978722e-02 6.17732900218963623e+06 3.55037391889505554e+06
6.15841339125372533e-02 6.17743348002433777e+06 3.52731954279824859e+06
6.16136570432766484e-02 6.17753727722167876e+06 3.50426516670152592e+06
6.16431801740160296e-02 6.17764039378166012e+06 3.48121079060488846e+06
6.16727033047554246e-02 6.17774282970428281e+06 3.45815641450833529e+06
6.17022264354948058e-02 6.17784458498954773e+06 3.43510203841186734e+06
6.17317495662342008e-02 6.17794565963744931e+06 3.41204766231548367e+06
6.17612726969735820e-02 6.17804605364799313e+06 3.38899328621918475e+06
6.17907958277129771e-02 6.17814576702117827e+06 3.36593891012297058e+06
6.18203189584523582e-02 6.17824479975700285e+06 3.34288453402684117e+06
6.18498420891917533e-02 6.17834315185546782e+06 3.31983015793079697e+06
6.18793652199311484e-02 6.17844082331657317e+06 3.29677578183475602e+06
6.19088883506705295e-02 6.17853781414031889e+06 3.27372140573863825e+06
6.19384114814099246e-02 6.17863412432670500e+06 3.25066702964244317e+06
6.19679346121493058e-02 6.17872975387573149e+06 3.22761265354617126e+06
6.19974577428887008e-02 6.17882470278739929e+06 3.20455827744982252e+06
6.20269808736280820e-02 6.17891897106170468e+06 3.18150390135339648e+06
6.20565040043674770e-02 6.17901255869865231e+06 3.15844952525689360e+06
6.20860271351068582e-02 6.17910546569824126e+06 3.13539514916031389e+06
6.21155502658462533e-02 6.17919769206047058e+06 3.11234077306365687e+06
6.21450733965856345e-02 6.17928923778533936e+06 3.08928639696692303e+06
6.21745965273250295e-02 6.17938010287284851e+06 3.06623202087011188e+06
6.22041196580644107e-02 6.17947028732299805e+06 3.04317764477322390e+06
6.22336427888038057e-02 6.17955979113578796e+06 3.02012326867625909e+06
6.22631659195432008e-02 6.17964861431121826e+06 2.99706889257921698e+06
6.22926890502825820e-02 6.17973675684928894e+06 2.97401451648209803e+06
6.23222121810219770e-02 6.17982421875000000e+06 2.95096014038490225e+06
6.23517353117613582e-02 6.17991100001335144e+06 2.92790576428767899e+06
6.23812584425007532e-02 6.17999710063934326e+06 2.90485138819047902e+06
6.24107815732401344e-02 6.18008252062797546e+06 2.88179701209330233e+06
6.24403047039795295e-02 6.18016725997924805e+06 2.85874263599614892e+06
6.24698278347189107e-02 6.18025131869316194e+06 2.83568825989901833e+06
6.24993509654583057e-02 6.18033469676971436e+06 2.81263388380191056e+06
6.25288740961976869e-02 6.18041739420890808e+06 2.78957950770482607e+06
6.25583972269370819e-02 6.18049941101074219e+06 2.76652513160776487e+06
6.25879203576764631e-02 6.18058074717521667e+06 2.74347075551072694e+06
6.26174434884158582e-02 6.18066140270233154e+06 2.72041637941371184e+06
6.26469666191552532e-02 6.18074137759208772e+06 2.69736200331672002e+06
6.26764897498946344e-02 6.18082067184448242e+06 2.67430762721975101e+06
6.27060128806340294e-02 6.18089928545951843e+06 2.65125325112280529e+06
6.27355360113734106e-02 6.18097721843719482e+06 2.62819887502588285e+06
6.27650591421128057e-02 6.18105447077751160e+06 2.60514449892898323e+06
6.27945822728521869e-02 6.18113104248046875e+06 2.58209012283210689e+06
6.28241054035915819e-02 6.18120693354606628e+06 2.55903574673526874e+06
6.28536285343309631e-02 6.18128214397430420e+06 2.53598137063848460e+06
6.28831516650703581e-02 6.18135667376518156e+06 2.51292699454175495e+06
6.29126747958097393e-02 6.18143052291870024e+06 2.48987261844507838e+06
6.29421979265491344e-02 6.18150369143486023e+06 2.46681824234845629e+06
6.29717210572885294e-02 6.18157617931365874e+06 2.44376386625188775e+06
6.30012441880279106e-02 6.18164798655509856e+06 2.42070949015537370e+06
6.30307673187673057e-02 6.18171911315917876e+06 2.39765511405891273e+06
6.30602904495066868e-02 6.18178955912589841e+06 2.37460073796250625e+06
6.30898135802460819e-02 6.18185932445525937e+06 2.35154636186615378e+06
6.31193367109854631e-02 6.18192840914726257e+06 2.32849198576985486e+06
6.31488598417248581e-02 6.18199681320190243e+06 2.30543760967360996e+06
6.31783829724642393e-02 6.18206453661918454e+06 2.28238323357741907e+06
6.32079061032036343e-02 6.18213157939910702e+06 2.25932885748128174e+06
6.32374292339430155e-02 6.18219794154166989e+06 2.23627448138519889e+06
6.32669523646824106e-02 6.18226362304687314e+06 2.21322010528916959e+06
6.32964754954217917e-02 6.18232862391471677e+06 2.19016572919310536e+06
6.33259986261611868e-02 6.18239294414520077e+06 2.16711135309691820e+06
6.33555217569005819e-02 6.18245658373832516e+06 2.14405697700060811e+06
6.33850448876399630e-02 6.18251954269408993e+06 2.12100260090417461e+06
6.34145680183793581e-02 6.18258182101249695e+06 2.09794822480761772e+06
6.34440911491187393e-02 6.18264341869354155e+06 2.07489384871093766e+06
6.34736142798581343e-02 6.18270433573722746e+06 2.05183947261413443e+06
6.35031374105975155e-02 6.18276457214355469e+06 2.02878509651720780e+06
6.35326605413369105e-02 6.18282412791252136e+06 2.00573072042015824e+06
6.35621836720762917e-02 6.18288300304412842e+06 1.98267634432298527e+06
6.35917068028156868e-02 6.18294119753837679e+06 1.95962196822568914e+06
6.36212299335550679e-02 6.18299871139526367e+06 1.93656759212826961e+06
6.36507530642944630e-02 6.18305554461479187e+06 1.91351321603072714e+06
6.36802761950338442e-02 6.18311169719696045e+06 1.89045883993306127e+06
6.37097993257732392e-02 6.18316716914176941e+06 1.86740446383527224e+06
6.37393224565126343e-02 6.18322196044921875e+06 1.84435008773736004e+06
6.37688455872520155e-02 6.18327607111930847e+06 1.82129571163948625e+06
6.37983687179914105e-02 6.18332950115203857e+06 1.79824133554181270e+06
6.38278918487307917e-02 6.18338225054740906e+06 1.77518695944433939e+06
6.38574149794701867e-02 6.18343431930541992e+06 1.75213258334706631e+06
6.38869381102095679e-02 6.18348570742607117e+06 1.72907820724999346e+06
6.39164612409489630e-02 6.18353641490936186e+06 1.70602383115312085e+06
6.39459843716883442e-02 6.18358644175529387e+06 1.68296945505644847e+06
6.39755075024277392e-02 6.18363578796386532e+06 1.65991507895997656e+06
6.40050306331671204e-02 6.18368445353507809e+06 1.63686070286370465e+06
6.40345537639065154e-02 6.18373243846893124e+06 1.61380632676763297e+06
6.40640768946458966e-02 6.18377974276542570e+06 1.59075195067176176e+06
6.40936000253852917e-02 6.18382636642455868e+06 1.56769757457609056e+06
6.41231231561246867e-02 6.18387230944633298e+06 1.54464319848061958e+06
6.41526462868640679e-02 6.18391757183074858e+06 1.52158882238534908e+06
6.41821694176034629e-02 6.18396215357780270e+06 1.49853444629027857e+06
6.42116925483428441e-02 6.18400605468749814e+06 1.47548007019540831e+06
6.42412156790822392e-02 6.18404927515983395e+06 1.45242569410051219e+06
6.42707388098216204e-02 6.18409181499481015e+06 1.42937131800536392e+06
6.43002619405610154e-02 6.18413367419242673e+06 1.40631694190996327e+06
6.43297850713003966e-02 6.18417485275268555e+06 1.38326256581431045e+06
6.43593082020397916e-02 6.18421535067558289e+06 1.36020818971840525e+06
6.43888313327791728e-02 6.18425516796112061e+06 1.33715381362224813e+06
6.44183544635185679e-02 6.18429430460929871e+06 1.31409943752583861e+06
6.44478775942579629e-02 6.18433276062011812e+06 1.29104506142917671e+06
6.44774007249973441e-02 6.18437053599357698e+06 1.26799068533226289e+06
6.45069238557367391e-02 6.18440763072967622e+06 1.24493630923509668e+06
6.45364469864761203e-02 6.18444404482841678e+06 1.22188193313767831e+06
6.45659701172155154e-02 6.18447977828979678e+06 1.19882755704000755e+06
6.45954932479548966e-02 6.18451483111381717e+06 1.17577318094208464e+06
6.46250163786942916e-02 6.18454920330047887e+06 1.15271880484390957e+06
6.46545395094336728e-02 6.18458289484978002e+06 1.12966442874548235e+06
6.46840626401730678e-02 6.18461590576172154e+06 1.10661005264680274e+06
6.47135857709124490e-02 6.18464823603630438e+06 1.08355567654809682e+06
6.47431089016518441e-02 6.18467988567352574e+06 1.06050130044959066e+06
6.47726320323912252e-02 6.18471085467338935e+06 1.03744692435128393e+06
6.48021551631306203e-02 6.18474114303589147e+06 1.01439254825317685e+06
6.48316782938700154e-02 6.18477075076103583e+06 9.91338172155269538e+05
6.48612014246093965e-02 6.18479967784881871e+06 9.68283796057561529e+05
6.48907245553487916e-02 6.18482792429924291e+06 9.45229419960053405e+05
6.49202476860881728e-02 6.18485549011230562e+06 9.22175043862744584e+05
6.49497708168275678e-02 6.18488237528801151e+06 8.99120667765635531e+05
6.49792939475669490e-02 6.18490857982635777e+06 8.76066291668726131e+05
6.50088170783063440e-02 6.18493410372734163e+06 8.53011915572016151e+05
6.50383402090457252e-02 6.18495894699096773e+06 8.29957539475505939e+05
6.50678633397851203e-02 6.18498310961723421e+06 8.06903163379195263e+05
6.50973864705245014e-02 6.18500659160614200e+06 7.83848787283084239e+05
6.51269096012638965e-02 6.18502939295768738e+06 7.60794411187172751e+05
6.51564327320032777e-02 6.18505151367187593e+06 7.37740035091460799e+05
6.51859558627426727e-02 6.18507295374870487e+06 7.14685658995806123e+05
6.52154789934820678e-02 6.18509371318817232e+06 6.91631282900065882e+05
6.52450021242214490e-02 6.18511379199028015e+06 6.68576906804240425e+05
6.52745252549608440e-02 6.18513319015503116e+06 6.45522530708329636e+05
6.53040483857002252e-02 6.18515190768241975e+06 6.22468154612333397e+05
6.53335715164396202e-02 6.18516994457244873e+06 5.99413778516251710e+05
6.53630946471790014e-02 6.18518730082511902e+06 5.76359402420085040e+05
6.53926177779183965e-02 6.18520397644043062e+06 5.53305026323832688e+05
6.54221409086577776e-02 6.18521997141838260e+06 5.30250650227495003e+05
6.54516640393971727e-02 6.18523528575897217e+06 5.07196274131071928e+05
6.54811871701365539e-02 6.18524991946220398e+06 4.84141898034563696e+05
6.55107103008759489e-02 6.18526387252807710e+06 4.61087521937970072e+05
6.55402334316153301e-02 6.18527714495658968e+06 4.38033145841290883e+05
6.55697565623547252e-02 6.18528973674774356e+06 4.14978769744526478e+05
6.55992796930941202e-02 6.18530164790153690e+06 3.91924393647676799e+05
6.56288028238335014e-02 6.18531287841796968e+06 3.68870017550741497e+05
6.56583259545728964e-02 6.18532342829704471e+06 3.45815641453721037e+05
6.56878490853122776e-02 6.18533329753875919e+06 3.22761265356615186e+05
6.57173722160516727e-02 6.18534248614311311e+06 2.99706889259423944e+05
6.57468953467910538e-02 6.18535099411010928e+06 2.76652513162147370e+05
6.57764184775304489e-02 6.18535882143974397e+06 2.53598137064785406e+05
6.58059416082698301e-02 6.18536596813202091e+06 2.30543760967338167e+05
6.58354647390092251e-02 6.18537243418693729e+06 2.07489384869805479e+05
6.58649878697486063e-02 6.18537821960449405e+06 1.84435008772187459e+05
6.58945110004880014e-02 6.18538332438469119e+06 1.61380632674484106e+05
6.59240341312273964e-02 6.18538774852752872e+06 1.38326256576695363e+05
6.59535572619667776e-02 6.18539149203300662e+06 1.15271880478821287e+05
6.59830803927061726e-02 6.18539455490112398e+06 9.22175043808618066e+04
6.60126035234455538e-02 6.18539693713188265e+06 6.91631282828170079e+04
6.60421266541849489e-02 6.18539863872528076e+06 4.61087521846868403e+04
6.60716497849243301e-02 6.18539965968132019e+06 2.30543760864713113e+04
6.61011729156637251e-02 6.18540000000000000e+06 -1.18295708054719736e-05
