# geq's own mu0 R Jtor at its own state -- the reference MEQ's
# F is compared against. Only 0 <= psi_n <= 1 nodes appear:
# geq masks Jtor to zero outside and an unconfined
# meq::RotatingSource does not, so the vacuum region is a
# difference of conventions rather than of physics.
#
#    R              z               psi             F_ref
5.90625000000000039e-02 -1.50000000000000000e+00 6.92540815974577919e-03 -9.03380262590894952e-05
5.90625000000000039e-02 -1.45312500000000000e+00 6.91478716370253106e-03 -9.08478828112417450e-05
5.90625000000000039e-02 -1.40625000000000000e+00 6.86950721597478012e-03 -9.30703611209498903e-05
5.90625000000000039e-02 -1.35937500000000000e+00 6.79029796997212675e-03 -9.71568199693813913e-05
5.90625000000000039e-02 -1.31250000000000000e+00 6.67837965355838441e-03 -1.03395646873490098e-04
5.90625000000000039e-02 -1.26562500000000000e+00 6.53549056821785528e-03 -1.12242746684385506e-04
5.90625000000000039e-02 -1.21875000000000000e+00 6.36391101322555507e-03 -1.24369334068512099e-04
5.90625000000000039e-02 -1.17187500000000000e+00 6.16647138411678154e-03 -1.40732091240463529e-04
5.90625000000000039e-02 -1.12500000000000000e+00 5.94653213940464324e-03 -1.60662993155815049e-04
5.90625000000000039e-02 -1.07812500000000000e+00 5.70792592846313188e-03 -1.86978183819160601e-04
5.90625000000000039e-02 1.07812500000000000e+00 5.70792592846316310e-03 -1.86978183819159273e-04
5.90625000000000039e-02 1.12500000000000000e+00 5.94653213940464498e-03 -1.60662993155811118e-04
5.90625000000000039e-02 1.17187500000000000e+00 6.16647138411678328e-03 -1.40732091240463691e-04
5.90625000000000039e-02 1.21875000000000000e+00 6.36391101322549869e-03 -1.24369334068517005e-04
5.90625000000000039e-02 1.26562500000000000e+00 6.53549056821785615e-03 -1.12242746684385506e-04
5.90625000000000039e-02 1.31250000000000000e+00 6.67837965355840696e-03 -1.03395646873489190e-04
5.90625000000000039e-02 1.35937500000000000e+00 6.79029796997212588e-03 -9.71568199693814862e-05
5.90625000000000039e-02 1.40625000000000000e+00 6.86950721597486772e-03 -9.30703611209443067e-05
5.90625000000000039e-02 1.45312500000000000e+00 6.91478716370250764e-03 -9.08478828112426259e-05
5.90625000000000039e-02 1.50000000000000000e+00 6.92540815974577919e-03 -9.03380262590894952e-05
6.81250000000000050e-02 -1.50000000000000000e+00 9.21676239882138031e-03 -5.40335184139641641e-05
6.81250000000000050e-02 -1.45312500000000000e+00 9.20260933483393363e-03 -5.44167822015293395e-05
6.81250000000000050e-02 -1.40625000000000000e+00 9.14230432389314708e-03 -5.60898358361385538e-05
6.81250000000000050e-02 -1.35937500000000000e+00 9.03681625990466857e-03 -5.91790730413646203e-05
6.81250000000000050e-02 -1.31250000000000000e+00 8.88776612633825416e-03 -6.39247134554721708e-05
6.81250000000000050e-02 -1.26562500000000000e+00 8.69746446713992073e-03 -7.07057454742907856e-05
6.81250000000000050e-02 -1.21875000000000000e+00 8.46894429196134828e-03 -8.00792911864099758e-05
6.81250000000000050e-02 -1.17187500000000000e+00 8.20597293349973472e-03 -9.13913437323359495e-05
6.81250000000000050e-02 -1.12500000000000000e+00 7.91302625148325445e-03 -1.06203640815948129e-04
6.81250000000000050e-02 -1.07812500000000000e+00 7.59521202849096095e-03 -1.25651721387913984e-04
6.81250000000000050e-02 -1.03125000000000000e+00 7.25813654345027360e-03 -1.50973095572702441e-04
6.81250000000000050e-02 -9.84375000000000000e-01 6.90771819533447188e-03 -1.80604802925866454e-04
6.81250000000000050e-02 -9.37500000000000000e-01 6.54996260859663261e-03 -2.20456448321441445e-04
6.81250000000000050e-02 -8.90625000000000000e-01 6.19072215287282818e-03 -2.74410122970514085e-04
6.81250000000000050e-02 -8.43750000000000000e-01 5.83546680232999854e-03 -3.40949509248682399e-04
6.81250000000000050e-02 8.43750000000000000e-01 5.83546680232999680e-03 -3.40949509248683375e-04
6.81250000000000050e-02 8.90625000000000000e-01 6.19072215287273537e-03 -2.74410122970530348e-04
6.81250000000000050e-02 9.37500000000000000e-01 6.54996260859663261e-03 -2.20456448321441445e-04
6.81250000000000050e-02 9.84375000000000000e-01 6.90771819533448229e-03 -1.80604802925864286e-04
6.81250000000000050e-02 1.03125000000000000e+00 7.25813654345021288e-03 -1.50973095572705721e-04
6.81250000000000050e-02 1.07812500000000000e+00 7.59521202849096008e-03 -1.25651721387913496e-04
6.81250000000000050e-02 1.12500000000000000e+00 7.91302625148325445e-03 -1.06203640815948048e-04
6.81250000000000050e-02 1.17187500000000000e+00 8.20597293349976421e-03 -9.13913437323328188e-05
6.81250000000000050e-02 1.21875000000000000e+00 8.46894429196131705e-03 -8.00792911864110736e-05
6.81250000000000050e-02 1.26562500000000000e+00 8.69746446713992073e-03 -7.07057454742909889e-05
6.81250000000000050e-02 1.31250000000000000e+00 8.88776612633822641e-03 -6.39247134554724283e-05
6.81250000000000050e-02 1.35937500000000000e+00 9.03681625990466857e-03 -5.91790730413647152e-05
6.81250000000000050e-02 1.40625000000000000e+00 9.14230432389314708e-03 -5.60898358361386283e-05
6.81250000000000050e-02 1.45312500000000000e+00 9.20260933483393537e-03 -5.44167822015291362e-05
6.81250000000000050e-02 1.50000000000000000e+00 9.21676239882138031e-03 -5.40335184139641506e-05
7.71874999999999922e-02 -1.50000000000000000e+00 1.18365043554329794e-02 -3.00270821457325471e-05
7.71874999999999922e-02 -1.45312500000000000e+00 1.18183021559414535e-02 -3.02971985605121670e-05
7.71874999999999922e-02 -1.40625000000000000e+00 1.17407923963867445e-02 -3.14794044784413762e-05
7.71874999999999922e-02 -1.35937500000000000e+00 1.16052161382379504e-02 -3.36783878922560943e-05
7.71874999999999922e-02 -1.31250000000000000e+00 1.14136506894196906e-02 -3.70968386337453460e-05
7.71874999999999922e-02 -1.26562500000000000e+00 1.11690590145591493e-02 -4.20646921871348556e-05
7.71874999999999922e-02 -1.21875000000000000e+00 1.08753335679257993e-02 -4.82686330966963979e-05
7.71874999999999922e-02 -1.17187500000000000e+00 1.05373131198823761e-02 -5.66048531315950612e-05
7.71874999999999922e-02 -1.12500000000000000e+00 1.01607509145447070e-02 -6.81348062775713822e-05
7.71874999999999922e-02 -1.07812500000000000e+00 9.75221691389171336e-03 -8.40963415930084257e-05
7.71874999999999922e-02 -1.03125000000000000e+00 9.31892614081161579e-03 -1.03537676452768293e-04
7.71874999999999922e-02 -9.84375000000000000e-01 8.86849802606877111e-03 -1.30218297583577306e-04
7.71874999999999922e-02 -9.37500000000000000e-01 8.40866548409634033e-03 -1.66660478043019320e-04
7.71874999999999922e-02 -8.90625000000000000e-01 7.94696359379400141e-03 -2.10709338408702704e-04
7.71874999999999922e-02 -8.43750000000000000e-01 7.49043300112626955e-03 -2.68652375956356245e-04
7.71874999999999922e-02 -7.96875000000000000e-01 7.04537092517381908e-03 -3.39766109314168963e-04
7.71874999999999922e-02 -7.50000000000000000e-01 6.61715373248437672e-03 -4.28892594020479994e-04
7.71874999999999922e-02 -7.03125000000000000e-01 6.21014223781871794e-03 -5.48098382153116236e-04
7.71874999999999922e-02 -6.56250000000000000e-01 5.82766778828789408e-03 -6.92754924710065425e-04
7.71874999999999922e-02 6.56250000000000000e-01 5.82766778828789408e-03 -6.92754924710065425e-04
7.71874999999999922e-02 7.03125000000000000e-01 6.21014223781872834e-03 -5.48098382153112333e-04
7.71874999999999922e-02 7.50000000000000000e-01 6.61715373248435070e-03 -4.28892594020491161e-04
7.71874999999999922e-02 7.96875000000000000e-01 7.04537092517381908e-03 -3.39766109314168909e-04
7.71874999999999922e-02 8.43750000000000000e-01 7.49043300112631986e-03 -2.68652375956347138e-04
7.71874999999999922e-02 8.90625000000000000e-01 7.94696359379403611e-03 -2.10709338408697798e-04
7.71874999999999922e-02 9.37500000000000000e-01 8.40866548409633860e-03 -1.66660478043020594e-04
7.71874999999999922e-02 9.84375000000000000e-01 8.86849802606877111e-03 -1.30218297583577306e-04
7.71874999999999922e-02 1.03125000000000000e+00 9.31892614081164701e-03 -1.03537676452765935e-04
7.71874999999999922e-02 1.07812500000000000e+00 9.75221691389171336e-03 -8.40963415930084257e-05
7.71874999999999922e-02 1.12500000000000000e+00 1.01607509145447087e-02 -6.81348062775708808e-05
7.71874999999999922e-02 1.17187500000000000e+00 1.05373131198823466e-02 -5.66048531315967553e-05
7.71874999999999922e-02 1.21875000000000000e+00 1.08753335679258305e-02 -4.82686330966961675e-05
7.71874999999999922e-02 1.26562500000000000e+00 1.11690590145591510e-02 -4.20646921871351538e-05
7.71874999999999922e-02 1.31250000000000000e+00 1.14136506894196889e-02 -3.70968386337450275e-05
7.71874999999999922e-02 1.35937500000000000e+00 1.16052161382378619e-02 -3.36783878922575106e-05
7.71874999999999922e-02 1.40625000000000000e+00 1.17407923963866474e-02 -3.14794044784422774e-05
7.71874999999999922e-02 1.45312500000000000e+00 1.18183021559413633e-02 -3.02971985605132682e-05
7.71874999999999922e-02 1.50000000000000000e+00 1.18365043554329794e-02 -3.00270821457324692e-05
8.62499999999999933e-02 -1.50000000000000000e+00 1.47853769162274249e-02 -1.17918517255793822e-05
8.62499999999999933e-02 -1.45312500000000000e+00 1.47626030778298771e-02 -1.20155683961358471e-05
8.62499999999999933e-02 -1.40625000000000000e+00 1.46656936230133549e-02 -1.29926771159073589e-05
8.62499999999999933e-02 -1.35937500000000000e+00 1.44961942086811162e-02 -1.48051067642992223e-05
8.62499999999999933e-02 -1.31250000000000000e+00 1.42566933686430961e-02 -1.76139197419337763e-05
8.62499999999999933e-02 -1.26562500000000000e+00 1.39508860558677471e-02 -2.12356688064166635e-05
8.62499999999999933e-02 -1.21875000000000000e+00 1.35836306266179808e-02 -2.59052952490411412e-05
8.62499999999999933e-02 -1.17187500000000000e+00 1.31609721293438862e-02 -3.24630925871702413e-05
8.62499999999999933e-02 -1.12500000000000000e+00 1.26901043614948209e-02 -4.17053175524054946e-05
8.62499999999999933e-02 -1.07812500000000000e+00 1.21792486529017571e-02 -5.31704803192211651e-05
8.62499999999999933e-02 -1.03125000000000000e+00 1.16374390193899595e-02 -6.88963379435164993e-05
8.62499999999999933e-02 -9.84375000000000000e-01 1.10742197127372335e-02 -9.12904652744708762e-05
8.62499999999999933e-02 -9.37500000000000000e-01 1.04992788275740153e-02 -1.19317210674940258e-04
8.62499999999999933e-02 -8.90625000000000000e-01 9.92205589106362994e-03 -1.59232377824878679e-04
8.62499999999999933e-02 -8.43750000000000000e-01 9.35136806974350143e-03 -2.11041117476607219e-04
8.62499999999999933e-02 -7.96875000000000000e-01 8.79509675335443143e-03 -2.80643989777815497e-04
8.62499999999999933e-02 -7.50000000000000000e-01 8.25996484753204960e-03 -3.72524036617935463e-04
8.62499999999999933e-02 -7.03125000000000000e-01 7.75141873783691780e-03 -4.85259297998258594e-04
8.62499999999999933e-02 -6.56250000000000000e-01 7.27361220944444751e-03 -6.29034515689120524e-04
8.62499999999999933e-02 -6.09375000000000000e-01 6.82947650763076394e-03 -7.92768410377642577e-04
8.62499999999999933e-02 -5.62500000000000000e-01 6.42085323513246278e-03 -1.00179947800645998e-03
8.62499999999999933e-02 -5.15625000000000000e-01 6.04866494827364584e-03 -1.25859177527086756e-03
8.62499999999999933e-02 -4.68750000000000000e-01 5.71310079991163913e-03 -1.55180388499652900e-03
8.62499999999999933e-02 4.68750000000000000e-01 5.71310079991168250e-03 -1.55180388499648802e-03
8.62499999999999933e-02 5.15625000000000000e-01 6.04866494827364584e-03 -1.25859177527086756e-03
8.62499999999999933e-02 5.62500000000000000e-01 6.42085323513239513e-03 -1.00179947800649620e-03
8.62499999999999933e-02 6.09375000000000000e-01 6.82947650763071016e-03 -7.92768410377670874e-04
8.62499999999999933e-02 6.56250000000000000e-01 7.27361220944448654e-03 -6.29034515689104261e-04
8.62499999999999933e-02 7.03125000000000000e-01 7.75141873783694469e-03 -4.85259297998261630e-04
8.62499999999999933e-02 7.50000000000000000e-01 8.25996484753204960e-03 -3.72524036617934379e-04
8.62499999999999933e-02 7.96875000000000000e-01 8.79509675335437592e-03 -2.80643989777824333e-04
8.62499999999999933e-02 8.43750000000000000e-01 9.35136806974339561e-03 -2.11041117476620094e-04
8.62499999999999933e-02 8.90625000000000000e-01 9.92205589106357616e-03 -1.59232377824884995e-04
8.62499999999999933e-02 9.37500000000000000e-01 1.04992788275739806e-02 -1.19317210674941206e-04
8.62499999999999933e-02 9.84375000000000000e-01 1.10742197127372665e-02 -9.12904652744682876e-05
8.62499999999999933e-02 1.03125000000000000e+00 1.16374390193899595e-02 -6.88963379435162418e-05
8.62499999999999933e-02 1.07812500000000000e+00 1.21792486529017554e-02 -5.31704803192212261e-05
8.62499999999999933e-02 1.12500000000000000e+00 1.26901043614948243e-02 -4.17053175524047492e-05
8.62499999999999933e-02 1.17187500000000000e+00 1.31609721293438862e-02 -3.24630925871702413e-05
8.62499999999999933e-02 1.21875000000000000e+00 1.35836306266179808e-02 -2.59052952490409447e-05
8.62499999999999933e-02 1.26562500000000000e+00 1.39508860558677505e-02 -2.12356688064158944e-05
8.62499999999999933e-02 1.31250000000000000e+00 1.42566933686430700e-02 -1.76139197419339796e-05
8.62499999999999933e-02 1.35937500000000000e+00 1.44961942086811145e-02 -1.48051067642998508e-05
8.62499999999999933e-02 1.40625000000000000e+00 1.46656936230133532e-02 -1.29926771159077468e-05
8.62499999999999933e-02 1.45312500000000000e+00 1.47626030778298528e-02 -1.20155683961354608e-05
8.62499999999999933e-02 1.50000000000000000e+00 1.47853769162274249e-02 -1.17918517255792331e-05
9.53124999999999944e-02 -1.50000000000000000e+00 1.80642170719449782e-02 1.20448929684416154e-05
9.53124999999999944e-02 -1.45312500000000000e+00 1.80363430044619896e-02 1.17853597231849500e-05
9.53124999999999944e-02 -1.40625000000000000e+00 1.79178218153359312e-02 1.06579352005984701e-05
9.53124999999999944e-02 -1.35937500000000000e+00 1.77105356019662714e-02 8.59020937675670669e-06
9.53124999999999944e-02 -1.31250000000000000e+00 1.74176382416780413e-02 5.64105284950804659e-06
9.53124999999999944e-02 -1.26562500000000000e+00 1.70436355160791739e-02 2.19106988888694144e-06
9.53124999999999944e-02 -1.21875000000000000e+00 1.65944577880173041e-02 -2.61296802989841585e-06
9.53124999999999944e-02 -1.17187500000000000e+00 1.60774915734603688e-02 -9.20558154014461643e-06
9.53124999999999944e-02 -1.12500000000000000e+00 1.55015357099359142e-02 -1.73465505208515715e-05
9.53124999999999944e-02 -1.07812500000000000e+00 1.48766545018074407e-02 -2.74102182933076550e-05
9.53124999999999944e-02 -1.03125000000000000e+00 1.42139146625860236e-02 -4.17430283505388117e-05
9.53124999999999944e-02 -9.84375000000000000e-01 1.35250132721981553e-02 -5.92272704151086679e-05
9.53124999999999944e-02 -9.37500000000000000e-01 1.28218260267664412e-02 -8.42689926860144036e-05
9.53124999999999944e-02 -8.90625000000000000e-01 1.21159229541993093e-02 -1.17538679342463087e-04
9.53124999999999944e-02 -8.43750000000000000e-01 1.14181071911110561e-02 -1.64068364843714094e-04
9.53124999999999944e-02 -7.96875000000000000e-01 1.07380287895022294e-02 -2.27271786053996768e-04
9.53124999999999944e-02 -7.50000000000000000e-01 1.00839111561624312e-02 -3.12968399024475573e-04
9.53124999999999944e-02 -7.03125000000000000e-01 9.46240721190901891e-03 -4.27459054800022852e-04
9.53124999999999944e-02 -6.56250000000000000e-01 8.87858154903468748e-03 -5.75255172629165839e-04
9.53124999999999944e-02 -6.09375000000000000e-01 8.33599863741474670e-03 -7.69095364886891123e-04
9.53124999999999944e-02 -5.62500000000000000e-01 7.83688797822535040e-03 -9.96478219026450699e-04
9.53124999999999944e-02 -5.15625000000000000e-01 7.38235501501561912e-03 -1.27430700331590562e-03
9.53124999999999944e-02 -4.68750000000000000e-01 6.97260985920667570e-03 -1.58073208092909400e-03
9.53124999999999944e-02 -4.21875000000000000e-01 6.60719211746462441e-03 -1.93391908248745424e-03
9.53124999999999944e-02 -3.75000000000000000e-01 6.28517719616700395e-03 -2.34423552942142474e-03
9.53124999999999944e-02 -3.28125000000000000e-01 6.00535593436299451e-03 -2.78191018845629426e-03
9.53124999999999944e-02 -2.81250000000000000e-01 5.76638452551500591e-03 -3.22824122609007306e-03
9.53124999999999944e-02 2.81250000000000000e-01 5.76638452551494086e-03 -3.22824122609018408e-03
9.53124999999999944e-02 3.28125000000000000e-01 6.00535593436294854e-03 -2.78191018845634630e-03
9.53124999999999944e-02 3.75000000000000000e-01 6.28517719616693889e-03 -2.34423552942151624e-03
9.53124999999999944e-02 4.21875000000000000e-01 6.60719211746464263e-03 -1.93391908248741586e-03
9.53124999999999944e-02 4.68750000000000000e-01 6.97260985920668958e-03 -1.58073208092906993e-03
9.53124999999999944e-02 5.15625000000000000e-01 7.38235501501562173e-03 -1.27430700331592167e-03
9.53124999999999944e-02 5.62500000000000000e-01 7.83688797822535040e-03 -9.96478219026450699e-04
9.53124999999999944e-02 6.09375000000000000e-01 8.33599863741480394e-03 -7.69095364886860332e-04
9.53124999999999944e-02 6.56250000000000000e-01 8.87858154903468748e-03 -5.75255172629167357e-04
9.53124999999999944e-02 7.03125000000000000e-01 9.46240721190901891e-03 -4.27459054800022201e-04
9.53124999999999944e-02 7.50000000000000000e-01 1.00839111561623548e-02 -3.12968399024479802e-04
9.53124999999999944e-02 7.96875000000000000e-01 1.07380287895022294e-02 -2.27271786053996090e-04
9.53124999999999944e-02 8.43750000000000000e-01 1.14181071911110561e-02 -1.64068364843714094e-04
9.53124999999999944e-02 8.90625000000000000e-01 1.21159229541993093e-02 -1.17538679342463982e-04
9.53124999999999944e-02 9.37500000000000000e-01 1.28218260267664846e-02 -8.42689926860131975e-05
9.53124999999999944e-02 9.84375000000000000e-01 1.35250132721980530e-02 -5.92272704151122864e-05
9.53124999999999944e-02 1.03125000000000000e+00 1.42139146625860253e-02 -4.17430283505385407e-05
9.53124999999999944e-02 1.07812500000000000e+00 1.48766545018073747e-02 -2.74102182933082276e-05
9.53124999999999944e-02 1.12500000000000000e+00 1.55015357099358639e-02 -1.73465505208517274e-05
9.53124999999999944e-02 1.17187500000000000e+00 1.60774915734603688e-02 -9.20558154014464693e-06
9.53124999999999944e-02 1.21875000000000000e+00 1.65944577880172625e-02 -2.61296802989800207e-06
9.53124999999999944e-02 1.26562500000000000e+00 1.70436355160791947e-02 2.19106988888613761e-06
9.53124999999999944e-02 1.31250000000000000e+00 1.74176382416780413e-02 5.64105284950774335e-06
9.53124999999999944e-02 1.35937500000000000e+00 1.77105356019661847e-02 8.59020937675534805e-06
9.53124999999999944e-02 1.40625000000000000e+00 1.79178218153359346e-02 1.06579352005987327e-05
9.53124999999999944e-02 1.45312500000000000e+00 1.80363430044619896e-02 1.17853597231850805e-05
9.53124999999999944e-02 1.50000000000000000e+00 1.80642170719449782e-02 1.20448929684416154e-05
1.04374999999999996e-01 -1.50000000000000000e+00 2.16739564205134239e-02 4.74279677089917340e-05
1.04374999999999996e-01 -1.45312500000000000e+00 2.16404468063079308e-02 4.72094835296696540e-05
1.04374999999999996e-01 -1.40625000000000000e+00 2.14980829478568884e-02 4.62243864536841611e-05
1.04374999999999996e-01 -1.35937500000000000e+00 2.12491145539685025e-02 4.42873340797025528e-05
1.04374999999999996e-01 -1.31250000000000000e+00 2.08973140508315891e-02 4.20668814949271618e-05
1.04374999999999996e-01 -1.26562500000000000e+00 2.04480760298653974e-02 3.85500995320681362e-05
1.04374999999999996e-01 -1.21875000000000000e+00 1.99085085209378017e-02 3.31218457652260258e-05
1.04374999999999996e-01 -1.17187500000000000e+00 1.92874750424099385e-02 2.53881450384732781e-05
1.04374999999999996e-01 -1.12500000000000000e+00 1.85955454021767587e-02 1.71850115630819220e-05
1.04374999999999996e-01 -1.07812500000000000e+00 1.78448211828845515e-02 5.49831362553727737e-06
1.04374999999999996e-01 -1.03125000000000000e+00 1.70486193839120385e-02 -8.59426760233064443e-06
1.04374999999999996e-01 -9.84375000000000000e-01 1.62210226779807357e-02 -2.66699261315919060e-05
1.04374999999999996e-01 -9.37500000000000000e-01 1.53763319023572445e-02 -5.02301778855442449e-05
1.04374999999999996e-01 -8.90625000000000000e-01 1.45284785092072623e-02 -8.14147656567792603e-05
1.04374999999999996e-01 -8.43750000000000000e-01 1.36904651118931638e-02 -1.23840259816170918e-04
1.04374999999999996e-01 -7.96875000000000000e-01 1.28738977555674181e-02 -1.82747860754676360e-04
1.04374999999999996e-01 -7.50000000000000000e-01 1.20886557571993486e-02 -2.63139946745849648e-04
1.04374999999999996e-01 -7.03125000000000000e-01 1.13427196463980265e-02 -3.75715879852054865e-04
1.04374999999999996e-01 -6.56250000000000000e-01 1.06421521909809379e-02 -5.25089772376203102e-04
1.04374999999999996e-01 -6.09375000000000000e-01 9.99120772429295395e-03 -7.25913235143090885e-04
1.04374999999999996e-01 -5.62500000000000000e-01 9.39253401494125582e-03 -9.80975584488784011e-04
1.04374999999999996e-01 -5.15625000000000000e-01 8.84742862142163904e-03 -1.29980733926606277e-03
1.04374999999999996e-01 -4.68750000000000000e-01 8.35611585373860488e-03 -1.69487696990456281e-03
1.04374999999999996e-01 -4.21875000000000000e-01 7.91801819501690429e-03 -2.12910731286440223e-03
1.04374999999999996e-01 -3.75000000000000000e-01 7.53200471632800485e-03 -2.62176609686926021e-03
1.04374999999999996e-01 -3.28125000000000000e-01 7.19660687813772869e-03 -3.14746353197069588e-03
1.04374999999999996e-01 -2.81250000000000000e-01 6.91019826386606723e-03 -3.65525127317021473e-03
1.04374999999999996e-01 -2.34375000000000000e-01 6.67113902522642292e-03 -4.17225678023384287e-03
1.04374999999999996e-01 -1.87500000000000000e-01 6.47788833264226378e-03 -4.66777435724312090e-03
1.04374999999999996e-01 -1.40625000000000000e-01 6.32908929095330614e-03 -5.10622904505191044e-03
1.04374999999999996e-01 -9.37500000000000000e-02 6.22363099781934014e-03 -5.45167817842316920e-03
1.04374999999999996e-01 -4.68750000000000000e-02 6.16069202961248841e-03 -5.67308622535228277e-03
1.04374999999999996e-01 0.00000000000000000e+00 6.13976889098652792e-03 -5.74937825431114016e-03
1.04374999999999996e-01 4.68750000000000000e-02 6.16069202961238085e-03 -5.67308622535271905e-03
1.04374999999999996e-01 9.37500000000000000e-02 6.22363099781934014e-03 -5.45167817842316920e-03
1.04374999999999996e-01 1.40625000000000000e-01 6.32908929095330614e-03 -5.10622904505191044e-03
1.04374999999999996e-01 1.87500000000000000e-01 6.47788833264235572e-03 -4.66777435724275401e-03
1.04374999999999996e-01 2.34375000000000000e-01 6.67113902522636394e-03 -4.17225678023396256e-03
1.04374999999999996e-01 2.81250000000000000e-01 6.91019826386611493e-03 -3.65525127317007292e-03
1.04374999999999996e-01 3.28125000000000000e-01 7.19660687813774170e-03 -3.14746353197064123e-03
1.04374999999999996e-01 3.75000000000000000e-01 7.53200471632797450e-03 -2.62176609686927322e-03
1.04374999999999996e-01 4.21875000000000000e-01 7.91801819501679154e-03 -2.12910731286450414e-03
1.04374999999999996e-01 4.68750000000000000e-01 8.35611585373863611e-03 -1.69487696990453093e-03
1.04374999999999996e-01 5.15625000000000000e-01 8.84742862142148638e-03 -1.29980733926615970e-03
1.04374999999999996e-01 5.62500000000000000e-01 9.39253401494125582e-03 -9.80975584488784228e-04
1.04374999999999996e-01 6.09375000000000000e-01 9.99120772429302161e-03 -7.25913235143075923e-04
1.04374999999999996e-01 6.56250000000000000e-01 1.06421521909809379e-02 -5.25089772376201910e-04
1.04374999999999996e-01 7.03125000000000000e-01 1.13427196463980300e-02 -3.75715879852057412e-04
1.04374999999999996e-01 7.50000000000000000e-01 1.20886557571993469e-02 -2.63139946745845907e-04
1.04374999999999996e-01 7.96875000000000000e-01 1.28738977555674563e-02 -1.82747860754675222e-04
1.04374999999999996e-01 8.43750000000000000e-01 1.36904651118931308e-02 -1.23840259816172896e-04
1.04374999999999996e-01 8.90625000000000000e-01 1.45284785092072277e-02 -8.14147656567801276e-05
1.04374999999999996e-01 9.37500000000000000e-01 1.53763319023571925e-02 -5.02301778855466301e-05
1.04374999999999996e-01 9.84375000000000000e-01 1.62210226779807669e-02 -2.66699261315877048e-05
1.04374999999999996e-01 1.03125000000000000e+00 1.70486193839120108e-02 -8.59426760233240625e-06
1.04374999999999996e-01 1.07812500000000000e+00 1.78448211828846105e-02 5.49831362553761110e-06
1.04374999999999996e-01 1.12500000000000000e+00 1.85955454021767587e-02 1.71850115630815628e-05
1.04374999999999996e-01 1.17187500000000000e+00 1.92874750424098761e-02 2.53881450384709437e-05
1.04374999999999996e-01 1.21875000000000000e+00 1.99085085209378641e-02 3.31218457652260868e-05
1.04374999999999996e-01 1.26562500000000000e+00 2.04480760298654217e-02 3.85500995320669978e-05
1.04374999999999996e-01 1.31250000000000000e+00 2.08973140508316689e-02 4.20668814949284357e-05
1.04374999999999996e-01 1.35937500000000000e+00 2.12491145539684193e-02 4.42873340797007097e-05
1.04374999999999996e-01 1.40625000000000000e+00 2.14980829478568641e-02 4.62243864536821349e-05
1.04374999999999996e-01 1.45312500000000000e+00 2.16404468063079308e-02 4.72094835296696540e-05
1.04374999999999996e-01 1.50000000000000000e+00 2.16739564205134239e-02 4.74279677089918492e-05
1.13437499999999997e-01 -1.50000000000000000e+00 2.56156217229614735e-02 4.39066778589371429e-05
1.13437499999999997e-01 -1.45312500000000000e+00 2.55759338880522727e-02 4.45511879778445405e-05
1.13437499999999997e-01 -1.40625000000000000e+00 2.54074757575467082e-02 4.71311293251103740e-05
1.13437499999999997e-01 -1.35937500000000000e+00 2.51128950483711019e-02 5.16367508772279607e-05
1.13437499999999997e-01 -1.31250000000000000e+00 2.46966348865068214e-02 5.74592136840928607e-05
1.13437499999999997e-01 -1.26562500000000000e+00 2.41650556464641127e-02 6.24655443879191895e-05
1.13437499999999997e-01 -1.21875000000000000e+00 2.35265481323914498e-02 6.50133763648180773e-05
1.13437499999999997e-01 -1.17187500000000000e+00 2.27915887272260136e-02 6.53768804484825455e-05
1.13437499999999997e-01 -1.12500000000000000e+00 2.19726857013884634e-02 6.18428243816125298e-05
1.13437499999999997e-01 -1.07812500000000000e+00 2.10841751985579064e-02 5.24535290207270600e-05
1.13437499999999997e-01 -1.03125000000000000e+00 2.01418464179070680e-02 3.98675624073023795e-05
1.13437499999999997e-01 -9.84375000000000000e-01 1.91624057109278031e-02 1.98697842223784446e-05
1.13437499999999997e-01 -9.37500000000000000e-01 1.81628223299799343e-02 -4.26258178729949366e-06
1.13437499999999997e-01 -8.90625000000000000e-01 1.71596255302924709e-02 -3.75705185264451033e-05
1.13437499999999997e-01 -8.43750000000000000e-01 1.61682354412595944e-02 -8.06418996999277478e-05
1.13437499999999997e-01 -7.96875000000000000e-01 1.52024045860798037e-02 -1.38418543087578206e-04
1.13437499999999997e-01 -7.50000000000000000e-01 1.42738251842182834e-02 -2.20125871210479488e-04
1.13437499999999997e-01 -7.03125000000000000e-01 1.33919265291320942e-02 -3.28381470122623704e-04
1.13437499999999997e-01 -6.56250000000000000e-01 1.25638557769088034e-02 -4.86321293483668745e-04
1.13437499999999997e-01 -6.09375000000000000e-01 1.17946117367679452e-02 -6.88913284220496512e-04
1.13437499999999997e-01 -5.62500000000000000e-01 1.10872882958028655e-02 -9.75256474124859248e-04
1.13437499999999997e-01 -5.15625000000000000e-01 1.04433816749690180e-02 -1.32545641951103813e-03
1.13437499999999997e-01 -4.68750000000000000e-01 9.86312102759693415e-03 -1.78355499492779067e-03
1.13437499999999997e-01 -4.21875000000000000e-01 9.34579136247845263e-03 -2.31542093761126500e-03
1.13437499999999997e-01 -3.75000000000000000e-01 8.89002825987491620e-03 -2.93714355057388436e-03
1.13437499999999997e-01 -3.28125000000000000e-01 8.49407325242933740e-03 -3.64961701184830876e-03
1.13437499999999997e-01 -2.81250000000000000e-01 8.15598604018208384e-03 -4.35815718884975320e-03
1.13437499999999997e-01 -2.34375000000000000e-01 7.87381468650365582e-03 -5.06302641593290182e-03
1.13437499999999997e-01 -1.87500000000000000e-01 7.64572786300490512e-03 -5.72896523222478186e-03
1.13437499999999997e-01 -1.40625000000000000e-01 7.47011453814112360e-03 -6.30910394543541045e-03
1.13437499999999997e-01 -9.37500000000000000e-02 7.34565671618234682e-03 -6.75978992823044432e-03
1.13437499999999997e-01 -4.68750000000000000e-02 7.27138033576726385e-03 -7.04562316553730087e-03
1.13437499999999997e-01 0.00000000000000000e+00 7.24668853043007252e-03 -7.14356457705906268e-03
1.13437499999999997e-01 4.68750000000000000e-02 7.27138033576726732e-03 -7.04562316553723408e-03
1.13437499999999997e-01 9.37500000000000000e-02 7.34565671618251856e-03 -6.75978992822979987e-03
1.13437499999999997e-01 1.40625000000000000e-01 7.47011453814103599e-03 -6.30910394543579816e-03
1.13437499999999997e-01 1.87500000000000000e-01 7.64572786300490338e-03 -5.72896523222479401e-03
1.13437499999999997e-01 2.34375000000000000e-01 7.87381468650361939e-03 -5.06302641593299636e-03
1.13437499999999997e-01 2.81250000000000000e-01 8.15598604018208384e-03 -4.35815718884975407e-03
1.13437499999999997e-01 3.28125000000000000e-01 8.49407325242933914e-03 -3.64961701184825932e-03
1.13437499999999997e-01 3.75000000000000000e-01 8.89002825987480517e-03 -2.93714355057407908e-03
1.13437499999999997e-01 4.21875000000000000e-01 9.34579136247848385e-03 -2.31542093761119387e-03
1.13437499999999997e-01 4.68750000000000000e-01 9.86312102759688905e-03 -1.78355499492782797e-03
1.13437499999999997e-01 5.15625000000000000e-01 1.04433816749689521e-02 -1.32545641951110080e-03
1.13437499999999997e-01 5.62500000000000000e-01 1.10872882958028152e-02 -9.75256474124893726e-04
1.13437499999999997e-01 6.09375000000000000e-01 1.17946117367679487e-02 -6.88913284220498356e-04
1.13437499999999997e-01 6.56250000000000000e-01 1.25638557769089127e-02 -4.86321293483646790e-04
1.13437499999999997e-01 7.03125000000000000e-01 1.33919265291320387e-02 -3.28381470122636118e-04
1.13437499999999997e-01 7.50000000000000000e-01 1.42738251842183198e-02 -2.20125871210472468e-04
1.13437499999999997e-01 7.96875000000000000e-01 1.52024045860798037e-02 -1.38418543087577312e-04
1.13437499999999997e-01 8.43750000000000000e-01 1.61682354412595944e-02 -8.06418996999276800e-05
1.13437499999999997e-01 8.90625000000000000e-01 1.71596255302924328e-02 -3.75705185264477460e-05
1.13437499999999997e-01 9.37500000000000000e-01 1.81628223299799309e-02 -4.26258178730002136e-06
1.13437499999999997e-01 9.84375000000000000e-01 1.91624057109278691e-02 1.98697842223821174e-05
1.13437499999999997e-01 1.03125000000000000e+00 2.01418464179070611e-02 3.98675624073029352e-05
1.13437499999999997e-01 1.07812500000000000e+00 2.10841751985578300e-02 5.24535290207231772e-05
1.13437499999999997e-01 1.12500000000000000e+00 2.19726857013884634e-02 6.18428243816119064e-05
1.13437499999999997e-01 1.17187500000000000e+00 2.27915887272260170e-02 6.53768804484830470e-05
1.13437499999999997e-01 1.21875000000000000e+00 2.35265481323914186e-02 6.50133763648177385e-05
1.13437499999999997e-01 1.26562500000000000e+00 2.41650556464641092e-02 6.24655443879159776e-05
1.13437499999999997e-01 1.31250000000000000e+00 2.46966348865068179e-02 5.74592136840944057e-05
1.13437499999999997e-01 1.35937500000000000e+00 2.51128950483711054e-02 5.16367508772322298e-05
1.13437499999999997e-01 1.40625000000000000e+00 2.54074757575467117e-02 4.71311293251120545e-05
1.13437499999999997e-01 1.45312500000000000e+00 2.55759338880522692e-02 4.45511879778421688e-05
1.13437499999999997e-01 1.50000000000000000e+00 2.56156217229614735e-02 4.39066778589371429e-05
1.22499999999999998e-01 -1.50000000000000000e+00 2.98903355111356447e-02 -1.35526174013115349e-04
1.22499999999999998e-01 -1.45312500000000000e+00 2.98439188097754417e-02 -1.33436537737784410e-04
1.22499999999999998e-01 -1.40625000000000000e+00 2.96470924014570723e-02 -1.24557476728258751e-04
1.22499999999999998e-01 -1.35937500000000000e+00 2.93029315239679393e-02 -1.07467764179911725e-04
1.22499999999999998e-01 -1.31250000000000000e+00 2.88166009421510216e-02 -8.35166923744563026e-05
1.22499999999999998e-01 -1.26562500000000000e+00 2.81955026110781923e-02 -5.41624365031363172e-05
1.22499999999999998e-01 -1.21875000000000000e+00 2.74494145342455940e-02 -2.21819265513369569e-05
1.22499999999999998e-01 -1.17187500000000000e+00 2.65905621137995964e-02 1.28579931159781758e-05
1.22499999999999998e-01 -1.12500000000000000e+00 2.56335612463785174e-02 4.20006928073698475e-05
1.22499999999999998e-01 -1.07812500000000000e+00 2.45951831835976784e-02 6.43283067652585520e-05
1.22499999999999998e-01 -1.03125000000000000e+00 2.34939160228921848e-02 7.36927945563119516e-05
1.22499999999999998e-01 -9.84375000000000000e-01 2.23493337930232606e-02 7.16951648098660825e-05
1.22499999999999998e-01 -9.37500000000000000e-01 2.11813238182389819e-02 5.28148641245111425e-05
1.22499999999999998e-01 -8.90625000000000000e-01 2.00092556054861162e-02 2.43522104163667712e-05
1.22499999999999998e-01 -8.43750000000000000e-01 1.88511898689397231e-02 -2.08306409386990962e-05
1.22499999999999998e-01 -7.96875000000000000e-01 1.77232195724001951e-02 -8.37958859525114741e-05
1.22499999999999998e-01 -7.50000000000000000e-01 1.66390085464208325e-02 -1.66071115704160692e-04
1.22499999999999998e-01 -7.03125000000000000e-01 1.56095560448148429e-02 -2.84940343974232418e-04
1.22499999999999998e-01 -6.56250000000000000e-01 1.46431784967585420e-02 -4.42355215395899375e-04
1.22499999999999998e-01 -6.09375000000000000e-01 1.37456715183985525e-02 -6.64583800235917085e-04
1.22499999999999998e-01 -5.62500000000000000e-01 1.29206001573339731e-02 -9.66194318843461805e-04
1.22499999999999998e-01 -5.15625000000000000e-01 1.21696628731865555e-02 -1.36716740140023583e-03
1.22499999999999998e-01 -4.68750000000000000e-01 1.14930814449341924e-02 -1.88597758093287586e-03
1.22499999999999998e-01 -4.21875000000000000e-01 1.08899804750429464e-02 -2.53844361759631874e-03
1.22499999999999998e-01 -3.75000000000000000e-01 1.03587326846547641e-02 -3.29692831736354578e-03
1.22499999999999998e-01 -3.28125000000000000e-01 9.89725730842315465e-03 -4.19012193868077264e-03
1.22499999999999998e-01 -2.81250000000000000e-01 9.50326744232262918e-03 -5.13212083188789928e-03
1.22499999999999998e-01 -2.34375000000000000e-01 9.17446796949049868e-03 -6.08002588516191270e-03
1.22499999999999998e-01 -1.87500000000000000e-01 8.90870903339399146e-03 -7.00572364399885874e-03
1.22499999999999998e-01 -1.40625000000000000e-01 8.70410150838193085e-03 -7.83566684175960280e-03
1.22499999999999998e-01 -9.37500000000000000e-02 8.55910110805181180e-03 -8.49536804646192946e-03
1.22499999999999998e-01 -4.68750000000000000e-02 8.47256714928614277e-03 -8.92048660275228042e-03
1.22499999999999998e-01 0.00000000000000000e+00 8.44380090388137904e-03 -9.06734941264941349e-03
1.22499999999999998e-01 4.68750000000000000e-02 8.47256714928618267e-03 -8.92048660275203582e-03
1.22499999999999998e-01 9.37500000000000000e-02 8.55910110805181180e-03 -8.49536804646192946e-03
1.22499999999999998e-01 1.40625000000000000e-01 8.70410150838196901e-03 -7.83566684175941372e-03
1.22499999999999998e-01 1.87500000000000000e-01 8.90870903339394983e-03 -7.00572364399891165e-03
1.22499999999999998e-01 2.34375000000000000e-01 9.17446796949043970e-03 -6.08002588516208357e-03
1.22499999999999998e-01 2.81250000000000000e-01 9.50326744232258235e-03 -5.13212083188808229e-03
1.22499999999999998e-01 3.28125000000000000e-01 9.89725730842318761e-03 -4.19012193868072581e-03
1.22499999999999998e-01 3.75000000000000000e-01 1.03587326846547659e-02 -3.29692831736356964e-03
1.22499999999999998e-01 4.21875000000000000e-01 1.08899804750429464e-02 -2.53844361759631874e-03
1.22499999999999998e-01 4.68750000000000000e-01 1.14930814449342236e-02 -1.88597758093284810e-03
1.22499999999999998e-01 5.15625000000000000e-01 1.21696628731864862e-02 -1.36716740140027378e-03
1.22499999999999998e-01 5.62500000000000000e-01 1.29206001573340026e-02 -9.66194318843438928e-04
1.22499999999999998e-01 6.09375000000000000e-01 1.37456715183985560e-02 -6.64583800235903641e-04
1.22499999999999998e-01 6.56250000000000000e-01 1.46431784967585125e-02 -4.42355215395916451e-04
1.22499999999999998e-01 7.03125000000000000e-01 1.56095560448148811e-02 -2.84940343974228081e-04
1.22499999999999998e-01 7.50000000000000000e-01 1.66390085464208151e-02 -1.66071115704164162e-04
1.22499999999999998e-01 7.96875000000000000e-01 1.77232195724001673e-02 -8.37958859525166782e-05
1.22499999999999998e-01 8.43750000000000000e-01 1.88511898689397613e-02 -2.08306409386892503e-05
1.22499999999999998e-01 8.90625000000000000e-01 2.00092556054861162e-02 2.43522104163667712e-05
1.22499999999999998e-01 9.37500000000000000e-01 2.11813238182389230e-02 5.28148641245113526e-05
1.22499999999999998e-01 9.84375000000000000e-01 2.23493337930232329e-02 7.16951648098632230e-05
1.22499999999999998e-01 1.03125000000000000e+00 2.34939160228921952e-02 7.36927945563091598e-05
1.22499999999999998e-01 1.07812500000000000e+00 2.45951831835978692e-02 6.43283067652517080e-05
1.22499999999999998e-01 1.12500000000000000e+00 2.56335612463786007e-02 4.20006928073637286e-05
1.22499999999999998e-01 1.17187500000000000e+00 2.65905621137995964e-02 1.28579931159770729e-05
1.22499999999999998e-01 1.21875000000000000e+00 2.74494145342456287e-02 -2.21819265513297944e-05
1.22499999999999998e-01 1.26562500000000000e+00 2.81955026110782998e-02 -5.41624365031362766e-05
1.22499999999999998e-01 1.31250000000000000e+00 2.88166009421509280e-02 -8.35166923744615881e-05
1.22499999999999998e-01 1.35937500000000000e+00 2.93029315239679670e-02 -1.07467764179914910e-04
1.22499999999999998e-01 1.40625000000000000e+00 2.96470924014570723e-02 -1.24557476728258751e-04
1.22499999999999998e-01 1.45312500000000000e+00 2.98439188097754417e-02 -1.33436537737785358e-04
1.22499999999999998e-01 1.50000000000000000e+00 2.98903355111356447e-02 -1.35526174013114427e-04
1.31562499999999999e-01 -1.50000000000000000e+00 3.44993167460550809e-02 -3.76334427555699645e-04
1.31562499999999999e-01 -1.45312500000000000e+00 3.44456119605870137e-02 -3.77196524043213173e-04
1.31562499999999999e-01 -1.40625000000000000e+00 3.42181191718262528e-02 -3.79813286987824568e-04
1.31562499999999999e-01 -1.35937500000000000e+00 3.38203696466796919e-02 -3.81256669510645501e-04
1.31562499999999999e-01 -1.31250000000000000e+00 3.32582993416091974e-02 -3.77505158759427030e-04
1.31562499999999999e-01 -1.26562500000000000e+00 3.25404262245790818e-02 -3.63315335245039425e-04
1.31562499999999999e-01 -1.21875000000000000e+00 3.16780190896979452e-02 -3.32806253670094368e-04
1.31562499999999999e-01 -1.17187500000000000e+00 3.06851887515539393e-02 -2.80706287161081513e-04
1.31562499999999999e-01 -1.12500000000000000e+00 2.95788296677770082e-02 -2.12515610643902611e-04
1.31562499999999999e-01 -1.07812500000000000e+00 2.83783522974383716e-02 -1.29904397407210325e-04
1.31562499999999999e-01 -1.03125000000000000e+00 2.71051755964001884e-02 -5.13929485760139258e-05
1.31562499999999999e-01 -9.84375000000000000e-01 2.57819918038221310e-02 1.38982417576123963e-05
1.31562499999999999e-01 -9.37500000000000000e-01 2.44318630408368910e-02 5.43392645995409703e-05
1.31562499999999999e-01 -8.90625000000000000e-01 2.30772482333314252e-02 6.09965183847645202e-05
1.31562499999999999e-01 -8.43750000000000000e-01 2.17390772993093055e-02 4.02258361914725250e-05
1.31562499999999999e-01 -7.96875000000000000e-01 2.04359814168039271e-02 -1.23753033184966039e-05
1.31562499999999999e-01 -7.50000000000000000e-01 1.91837565811585654e-02 -1.01979080443413589e-04
1.31562499999999999e-01 -7.03125000000000000e-01 1.79950931900257557e-02 -2.23845628059711357e-04
1.31562499999999999e-01 -6.56250000000000000e-01 1.68795603107520717e-02 -3.97322715252254805e-04
1.31562499999999999e-01 -6.09375000000000000e-01 1.58438001412946339e-02 -6.46328777957103084e-04
1.31562499999999999e-01 -5.62500000000000000e-01 1.48918708145423431e-02 -9.72095327201791780e-04
1.31562499999999999e-01 -5.15625000000000000e-01 1.40256733299455993e-02 -1.43622887434042700e-03
1.31562499999999999e-01 -4.68750000000000000e-01 1.32454067368682205e-02 -2.02307151638708325e-03
1.31562499999999999e-01 -4.21875000000000000e-01 1.25500094837767123e-02 -2.81247915043663331e-03
1.31562499999999999e-01 -3.75000000000000000e-01 1.19375596610408162e-02 -3.72949855285462182e-03
1.31562499999999999e-01 -3.28125000000000000e-01 1.14056198652715580e-02 -4.84425970247943666e-03
1.31562499999999999e-01 -2.81250000000000000e-01 1.09515223076488595e-02 -6.08615948962961100e-03
1.31562499999999999e-01 -2.34375000000000000e-01 1.05725964010729111e-02 -7.34075609878272629e-03
1.31562499999999999e-01 -1.87500000000000000e-01 1.02663448380808618e-02 -8.58906230151642615e-03
1.31562499999999999e-01 -1.40625000000000000e-01 1.00305757956859094e-02 -9.72540357616726719e-03
1.31562499999999999e-01 -9.37500000000000000e-02 9.86349905180228942e-03 -1.06391633701447517e-02
1.31562499999999999e-01 -4.68750000000000000e-02 9.76379302709395880e-03 -1.12326153079763159e-02
1.31562499999999999e-01 0.00000000000000000e+00 9.73064847851439624e-03 -1.14384401222532659e-02
1.31562499999999999e-01 4.68750000000000000e-02 9.76379302709399696e-03 -1.12326153079762361e-02
1.31562499999999999e-01 9.37500000000000000e-02 9.86349905180228942e-03 -1.06391633701447517e-02
1.31562499999999999e-01 1.40625000000000000e-01 1.00305757956859094e-02 -9.72540357616726719e-03
1.31562499999999999e-01 1.87500000000000000e-01 1.02663448380808184e-02 -8.58906230151656840e-03
1.31562499999999999e-01 2.34375000000000000e-01 1.05725964010728764e-02 -7.34075609878289976e-03
1.31562499999999999e-01 2.81250000000000000e-01 1.09515223076488630e-02 -6.08615948962970728e-03
1.31562499999999999e-01 3.28125000000000000e-01 1.14056198652715580e-02 -4.84425970247943666e-03
1.31562499999999999e-01 3.75000000000000000e-01 1.19375596610407711e-02 -3.72949855285469641e-03
1.31562499999999999e-01 4.21875000000000000e-01 1.25500094837767608e-02 -2.81247915043657390e-03
1.31562499999999999e-01 4.68750000000000000e-01 1.32454067368682187e-02 -2.02307151638706851e-03
1.31562499999999999e-01 5.15625000000000000e-01 1.40256733299457346e-02 -1.43622887434034438e-03
1.31562499999999999e-01 5.62500000000000000e-01 1.48918708145423188e-02 -9.72095327201796333e-04
1.31562499999999999e-01 6.09375000000000000e-01 1.58438001412945645e-02 -6.46328777957145694e-04
1.31562499999999999e-01 6.56250000000000000e-01 1.68795603107520752e-02 -3.97322715252258437e-04
1.31562499999999999e-01 7.03125000000000000e-01 1.79950931900256586e-02 -2.23845628059725018e-04
1.31562499999999999e-01 7.50000000000000000e-01 1.91837565811584371e-02 -1.01979080443429770e-04
1.31562499999999999e-01 7.96875000000000000e-01 2.04359814168038785e-02 -1.23753033184995973e-05
1.31562499999999999e-01 8.43750000000000000e-01 2.17390772993092778e-02 4.02258361914830824e-05
1.31562499999999999e-01 8.90625000000000000e-01 2.30772482333313350e-02 6.09965183847658077e-05
1.31562499999999999e-01 9.37500000000000000e-01 2.44318630408368945e-02 5.43392645995391678e-05
1.31562499999999999e-01 9.84375000000000000e-01 2.57819918038221310e-02 1.38982417576131349e-05
1.31562499999999999e-01 1.03125000000000000e+00 2.71051755964001363e-02 -5.13929485760155046e-05
1.31562499999999999e-01 1.07812500000000000e+00 2.83783522974383681e-02 -1.29904397407209918e-04
1.31562499999999999e-01 1.12500000000000000e+00 2.95788296677769492e-02 -2.12515610643893368e-04
1.31562499999999999e-01 1.17187500000000000e+00 3.06851887515539393e-02 -2.80706287161081893e-04
1.31562499999999999e-01 1.21875000000000000e+00 3.16780190896979105e-02 -3.32806253670091224e-04
1.31562499999999999e-01 1.26562500000000000e+00 3.25404262245790610e-02 -3.63315335245044683e-04
1.31562499999999999e-01 1.31250000000000000e+00 3.32582993416093431e-02 -3.77505158759428982e-04
1.31562499999999999e-01 1.35937500000000000e+00 3.38203696466796919e-02 -3.81256669510646477e-04
1.31562499999999999e-01 1.40625000000000000e+00 3.42181191718262320e-02 -3.79813286987824730e-04
1.31562499999999999e-01 1.45312500000000000e+00 3.44456119605870345e-02 -3.77196524043216697e-04
1.31562499999999999e-01 1.50000000000000000e+00 3.44993167460550809e-02 -3.76334427555698886e-04
1.40625000000000000e-01 -1.50000000000000000e+00 3.94438815255892458e-02 -2.33243657247406703e-04
1.40625000000000000e-01 -1.45312500000000000e+00 3.93823202835581199e-02 -2.38160715049267501e-04
1.40625000000000000e-01 -1.40625000000000000e+00 3.91218372679938212e-02 -2.59156794078621512e-04
1.40625000000000000e-01 -1.35937500000000000e+00 3.86664471463496057e-02 -2.97157096063909039e-04
1.40625000000000000e-01 -1.31250000000000000e+00 3.80229050398914886e-02 -3.52456748707314748e-04
1.40625000000000000e-01 -1.26562500000000000e+00 3.72009177834899465e-02 -4.22734509290989178e-04
1.40625000000000000e-01 -1.21875000000000000e+00 3.62133475424254378e-02 -4.98857982798960823e-04
1.40625000000000000e-01 -1.17187500000000000e+00 3.50763271000918211e-02 -5.63697791976637422e-04
1.40625000000000000e-01 -1.12500000000000000e+00 3.38092022687915203e-02 -5.95720785807596180e-04
1.40625000000000000e-01 -1.07812500000000000e+00 3.24342306589487581e-02 -5.73440265606899036e-04
1.40625000000000000e-01 -1.03125000000000000e+00 3.09759998042793520e-02 -4.90420242684303734e-04
1.40625000000000000e-01 -9.84375000000000000e-01 2.94605778788446272e-02 -3.64038718874455690e-04
1.40625000000000000e-01 -9.37500000000000000e-01 2.79144663206447839e-02 -2.19904979362204629e-04
1.40625000000000000e-01 -8.90625000000000000e-01 2.63634700474111340e-02 -9.60830704246451006e-05
1.40625000000000000e-01 -8.43750000000000000e-01 2.48316228978745779e-02 -2.18087303286803089e-05
1.40625000000000000e-01 -7.96875000000000000e-01 2.33402961929681449e-02 -8.84339161630979466e-06
1.40625000000000000e-01 -7.50000000000000000e-01 2.19075806153123907e-02 -5.30338346216156740e-05
1.40625000000000000e-01 -7.03125000000000000e-01 2.05479788058686476e-02 -1.65039371840369168e-04
1.40625000000000000e-01 -6.56250000000000000e-01 1.92723941016603624e-02 -3.55673521408260895e-04
1.40625000000000000e-01 -6.09375000000000000e-01 1.80883622041097814e-02 -6.16223991048981648e-04
1.40625000000000000e-01 -5.62500000000000000e-01 1.70004528119412322e-02 -9.94245053537240984e-04
1.40625000000000000e-01 -5.15625000000000000e-01 1.60107661730355746e-02 -1.52002513783181751e-03
1.40625000000000000e-01 -4.68750000000000000e-01 1.51194598305423953e-02 -2.21045228663224085e-03
1.40625000000000000e-01 -4.21875000000000000e-01 1.43252572769012373e-02 -3.13832385391420643e-03
1.40625000000000000e-01 -3.75000000000000000e-01 1.36259076052031719e-02 -4.27409153939378207e-03
1.40625000000000000e-01 -3.28125000000000000e-01 1.30185803162100357e-02 -5.65387696125472811e-03
1.40625000000000000e-01 -2.81250000000000000e-01 1.25001907850892241e-02 -7.26286923465449367e-03
1.40625000000000000e-01 -2.34375000000000000e-01 1.20676593862901142e-02 -8.90140660257206923e-03
1.40625000000000000e-01 -1.87500000000000000e-01 1.17181114887267897e-02 -1.05674314266846325e-02
1.40625000000000000e-01 -1.40625000000000000e-01 1.14490272847443553e-02 -1.21122320446838752e-02
1.40625000000000000e-01 -9.37500000000000000e-02 1.12583504984121851e-02 -1.33725676281838870e-02
1.40625000000000000e-01 -4.68750000000000000e-02 1.11445640735170579e-02 -1.41993418606388214e-02
1.40625000000000000e-01 0.00000000000000000e+00 1.11067394280642637e-02 -1.44875585146298242e-02
1.40625000000000000e-01 4.68750000000000000e-02 1.11445640735170041e-02 -1.41993418606391041e-02
1.40625000000000000e-01 9.37500000000000000e-02 1.12583504984122233e-02 -1.33725676281836250e-02
1.40625000000000000e-01 1.40625000000000000e-01 1.14490272847443918e-02 -1.21122320446837330e-02
1.40625000000000000e-01 1.87500000000000000e-01 1.17181114887267880e-02 -1.05674314266845995e-02
1.40625000000000000e-01 2.34375000000000000e-01 1.20676593862901159e-02 -8.90140660257202933e-03
1.40625000000000000e-01 2.81250000000000000e-01 1.25001907850892120e-02 -7.26286923465447373e-03
1.40625000000000000e-01 3.28125000000000000e-01 1.30185803162101155e-02 -5.65387696125456245e-03
1.40625000000000000e-01 3.75000000000000000e-01 1.36259076052030904e-02 -4.27409153939390784e-03
1.40625000000000000e-01 4.21875000000000000e-01 1.43252572769012355e-02 -3.13832385391419428e-03
1.40625000000000000e-01 4.68750000000000000e-01 1.51194598305423172e-02 -2.21045228663226513e-03
1.40625000000000000e-01 5.15625000000000000e-01 1.60107661730355746e-02 -1.52002513783181079e-03
1.40625000000000000e-01 5.62500000000000000e-01 1.70004528119412010e-02 -9.94245053537273727e-04
1.40625000000000000e-01 6.09375000000000000e-01 1.80883622041096807e-02 -6.16223991048993141e-04
1.40625000000000000e-01 6.56250000000000000e-01 1.92723941016604040e-02 -3.55673521408239103e-04
1.40625000000000000e-01 7.03125000000000000e-01 2.05479788058686164e-02 -1.65039371840355073e-04
1.40625000000000000e-01 7.50000000000000000e-01 2.19075806153123352e-02 -5.30338346216148405e-05
1.40625000000000000e-01 7.96875000000000000e-01 2.33402961929681414e-02 -8.84339161631212061e-06
1.40625000000000000e-01 8.43750000000000000e-01 2.48316228978745085e-02 -2.18087303286809323e-05
1.40625000000000000e-01 8.90625000000000000e-01 2.63634700474112589e-02 -9.60830704246447618e-05
1.40625000000000000e-01 9.37500000000000000e-01 2.79144663206447874e-02 -2.19904979362220513e-04
1.40625000000000000e-01 9.84375000000000000e-01 2.94605778788445960e-02 -3.64038718874459702e-04
1.40625000000000000e-01 1.03125000000000000e+00 3.09759998042793902e-02 -4.90420242684304385e-04
1.40625000000000000e-01 1.07812500000000000e+00 3.24342306589487581e-02 -5.73440265606897192e-04
1.40625000000000000e-01 1.12500000000000000e+00 3.38092022687916105e-02 -5.95720785807585013e-04
1.40625000000000000e-01 1.17187500000000000e+00 3.50763271000916962e-02 -5.63697791976644686e-04
1.40625000000000000e-01 1.21875000000000000e+00 3.62133475424254725e-02 -4.98857982798954860e-04
1.40625000000000000e-01 1.26562500000000000e+00 3.72009177834899327e-02 -4.22734509290989774e-04
1.40625000000000000e-01 1.31250000000000000e+00 3.80229050398913984e-02 -3.52456748707321470e-04
1.40625000000000000e-01 1.35937500000000000e+00 3.86664471463497444e-02 -2.97157096063897059e-04
1.40625000000000000e-01 1.40625000000000000e+00 3.91218372679938767e-02 -2.59156794078620808e-04
1.40625000000000000e-01 1.45312500000000000e+00 3.93823202835581199e-02 -2.38160715049267501e-04
1.40625000000000000e-01 1.50000000000000000e+00 3.94438815255892458e-02 -2.33243657247406974e-04
1.49687500000000001e-01 -1.50000000000000000e+00 4.47254438399718804e-02 -2.17106216297742302e-05
1.49687500000000001e-01 -1.45312500000000000e+00 4.46554480506319504e-02 -2.29193573915942262e-05
1.49687500000000001e-01 -1.40625000000000000e+00 4.43596236243206030e-02 -2.86521492425067021e-05
1.49687500000000001e-01 -1.35937500000000000e+00 4.38424947183345542e-02 -4.14204894457362663e-05
1.49687500000000001e-01 -1.31250000000000000e+00 4.31116817984181638e-02 -6.66746782285872842e-05
1.49687500000000001e-01 -1.26562500000000000e+00 4.21781516024620079e-02 -1.14172600648358773e-04
1.49687500000000001e-01 -1.21875000000000000e+00 4.10564610315376707e-02 -1.97607836755839809e-04
1.49687500000000001e-01 -1.17187500000000000e+00 3.97649014574851870e-02 -3.30305318499222631e-04
1.49687500000000001e-01 -1.12500000000000000e+00 3.83254447740529608e-02 -5.12419369674295693e-04
1.49687500000000001e-01 -1.07812500000000000e+00 3.67634078262982569e-02 -7.16707697499384009e-04
1.49687500000000001e-01 -1.03125000000000000e+00 3.51067907245638730e-02 -8.81655173159729788e-04
1.49687500000000001e-01 -9.84375000000000000e-01 3.33853031892022908e-02 -9.45417537050595555e-04
1.49687500000000001e-01 -9.37500000000000000e-01 3.16291590633085706e-02 -8.77898029138560816e-04
1.49687500000000001e-01 -8.90625000000000000e-01 2.98677739651351144e-02 -7.02799274174050696e-04
1.49687500000000001e-01 -8.43750000000000000e-01 2.81285270461063622e-02 -4.85595908527316003e-04
1.49687500000000001e-01 -7.96875000000000000e-01 2.64357362090295346e-02 -3.04323116515056399e-04
1.49687500000000001e-01 -7.50000000000000000e-01 2.48099514324389772e-02 -2.12101361953476869e-04
1.49687500000000001e-01 -7.03125000000000000e-01 2.32676085261696100e-02 -2.34582721803768907e-04
1.49687500000000001e-01 -6.56250000000000000e-01 2.18210247562403703e-02 -3.64892273940583287e-04
1.49687500000000001e-01 -6.09375000000000000e-01 2.04786730742466533e-02 -6.29610405097644731e-04
1.49687500000000001e-01 -5.62500000000000000e-01 1.92456494334066718e-02 -1.05972282787480552e-03
1.49687500000000001e-01 -5.15625000000000000e-01 1.81242461136794063e-02 -1.64381102410330378e-03
1.49687500000000001e-01 -4.68750000000000000e-01 1.71145566611946402e-02 -2.47283725074463109e-03
1.49687500000000001e-01 -4.21875000000000000e-01 1.62150575129943741e-02 -3.56662208965806849e-03
1.49687500000000001e-01 -3.75000000000000000e-01 1.54231316111888561e-02 -4.97687025096791094e-03
1.49687500000000001e-01 -3.28125000000000000e-01 1.47355166386644604e-02 -6.68279310083102346e-03
1.49687500000000001e-01 -2.81250000000000000e-01 1.41486734049706651e-02 -8.74443849311813855e-03
1.49687500000000001e-01 -2.34375000000000000e-01 1.36590783225658957e-02 -1.08751539107898986e-02
1.49687500000000001e-01 -1.87500000000000000e-01 1.32634485606046709e-02 -1.30738590488895402e-02
1.49687500000000001e-01 -1.40625000000000000e-01 1.29589103192823268e-02 -1.51450477152273097e-02
1.49687500000000001e-01 -9.37500000000000000e-02 1.27431206541401189e-02 -1.68559557765573242e-02
1.49687500000000001e-01 -4.68750000000000000e-02 1.26143521309586143e-02 -1.79878394577032696e-02
1.49687500000000001e-01 0.00000000000000000e+00 1.25715478260734169e-02 -1.83841415667348740e-02
1.49687500000000001e-01 4.68750000000000000e-02 1.26143521309585206e-02 -1.79878394577042758e-02
1.49687500000000001e-01 9.37500000000000000e-02 1.27431206541400912e-02 -1.68559557765577996e-02
1.49687500000000001e-01 1.40625000000000000e-01 1.29589103192823268e-02 -1.51450477152273097e-02
1.49687500000000001e-01 1.87500000000000000e-01 1.32634485606046224e-02 -1.30738590488898975e-02
1.49687500000000001e-01 2.34375000000000000e-01 1.36590783225658628e-02 -1.08751539107900599e-02
1.49687500000000001e-01 2.81250000000000000e-01 1.41486734049707276e-02 -8.74443849311771874e-03
1.49687500000000001e-01 3.28125000000000000e-01 1.47355166386644119e-02 -6.68279310083117264e-03
1.49687500000000001e-01 3.75000000000000000e-01 1.54231316111889047e-02 -4.97687025096782421e-03
1.49687500000000001e-01 4.21875000000000000e-01 1.62150575129944192e-02 -3.56662208965806242e-03
1.49687500000000001e-01 4.68750000000000000e-01 1.71145566611945951e-02 -2.47283725074467185e-03
1.49687500000000001e-01 5.15625000000000000e-01 1.81242461136794791e-02 -1.64381102410323461e-03
1.49687500000000001e-01 5.62500000000000000e-01 1.92456494334066926e-02 -1.05972282787480661e-03
1.49687500000000001e-01 6.09375000000000000e-01 2.04786730742465492e-02 -6.29610405097678341e-04
1.49687500000000001e-01 6.56250000000000000e-01 2.18210247562403703e-02 -3.64892273940583829e-04
1.49687500000000001e-01 7.03125000000000000e-01 2.32676085261696516e-02 -2.34582721803792732e-04
1.49687500000000001e-01 7.50000000000000000e-01 2.48099514324389044e-02 -2.12101361953466813e-04
1.49687500000000001e-01 7.96875000000000000e-01 2.64357362090295346e-02 -3.04323116515056399e-04
1.49687500000000001e-01 8.43750000000000000e-01 2.81285270461063587e-02 -4.85595908527323105e-04
1.49687500000000001e-01 8.90625000000000000e-01 2.98677739651351214e-02 -7.02799274174044949e-04
1.49687500000000001e-01 9.37500000000000000e-01 3.16291590633085706e-02 -8.77898029138557889e-04
1.49687500000000001e-01 9.84375000000000000e-01 3.33853031892023186e-02 -9.45417537050600109e-04
1.49687500000000001e-01 1.03125000000000000e+00 3.51067907245638522e-02 -8.81655173159726102e-04
1.49687500000000001e-01 1.07812500000000000e+00 3.67634078262982916e-02 -7.16707697499371758e-04
1.49687500000000001e-01 1.12500000000000000e+00 3.83254447740528845e-02 -5.12419369674309028e-04
1.49687500000000001e-01 1.17187500000000000e+00 3.97649014574852216e-02 -3.30305318499216777e-04
1.49687500000000001e-01 1.21875000000000000e+00 4.10564610315376777e-02 -1.97607836755839836e-04
1.49687500000000001e-01 1.26562500000000000e+00 4.21781516024621814e-02 -1.14172600648347998e-04
1.49687500000000001e-01 1.31250000000000000e+00 4.31116817984182055e-02 -6.66746782285851971e-05
1.49687500000000001e-01 1.35937500000000000e+00 4.38424947183345681e-02 -4.14204894457363001e-05
1.49687500000000001e-01 1.40625000000000000e+00 4.43596236243206377e-02 -2.86521492425059872e-05
1.49687500000000001e-01 1.45312500000000000e+00 4.46554480506319920e-02 -2.29193573915934978e-05
1.49687500000000001e-01 1.50000000000000000e+00 4.47254438399718804e-02 -2.17106216297742505e-05
1.58750000000000002e-01 -1.50000000000000000e+00 5.03455163734745359e-02 -7.40200118790152013e-08
1.58750000000000002e-01 -1.45312500000000000e+00 5.02664976860466642e-02 -8.34405851382354884e-08
1.58750000000000002e-01 -1.40625000000000000e+00 4.99329517932080233e-02 -1.36771719139968160e-07
1.58750000000000002e-01 -1.35937500000000000e+00 4.93499369898965784e-02 -3.10593929398520044e-07
1.58750000000000002e-01 -1.31250000000000000e+00 4.85259832358960128e-02 -9.04174976474523448e-07
1.58750000000000002e-01 -1.26562500000000000e+00 4.74733861216106029e-02 -3.06414103447991320e-06
1.58750000000000002e-01 -1.21875000000000000e+00 4.62084971958138316e-02 -1.08753905060114724e-05
1.58750000000000002e-01 -1.17187500000000000e+00 4.47519029742687938e-02 -3.69235624582726302e-05
1.58750000000000002e-01 -1.12500000000000000e+00 4.31283781504988167e-02 -1.10852262022590110e-04
1.58750000000000002e-01 -1.07812500000000000e+00 4.13665153248739190e-02 -2.80414264313370767e-04
1.58750000000000002e-01 -1.03125000000000000e+00 3.94979780073739448e-02 -5.80470064870322903e-04
1.58750000000000002e-01 -9.84375000000000000e-01 3.75563917016575460e-02 -9.74477319972574764e-04
1.58750000000000002e-01 -9.37500000000000000e-01 3.55759651376827621e-02 -1.33663759397614507e-03
1.58750000000000002e-01 -8.90625000000000000e-01 3.35899982567728350e-02 -1.51920021812151571e-03
1.58750000000000002e-01 -8.43750000000000000e-01 3.16294642001366810e-02 -1.46157046421188977e-03
1.58750000000000002e-01 -7.96875000000000000e-01 2.97218387690290006e-02 -1.22658390357137013e-03
1.58750000000000002e-01 -7.50000000000000000e-01 2.78902980423308966e-02 -9.39932368958433561e-04
1.58750000000000002e-01 -7.03125000000000000e-01 2.61533316389439829e-02 -7.35475596332942527e-04
1.58750000000000002e-01 -6.56250000000000000e-01 2.45247481746418659e-02 -6.96391946141806700e-04
1.58750000000000002e-01 -6.09375000000000000e-01 2.30139980739647657e-02 -8.70885268689422011e-04
1.58750000000000002e-01 -5.62500000000000000e-01 2.16267140712236988e-02 -1.25987091870829689e-03
1.58750000000000002e-01 -5.15625000000000000e-01 2.03653689887532650e-02 -1.90252602769439070e-03
1.58750000000000002e-01 -4.68750000000000000e-01 1.92299658681766884e-02 -2.88478824581593889e-03
1.58750000000000002e-01 -4.21875000000000000e-01 1.82186984470804336e-02 -4.16808134149349550e-03
1.58750000000000002e-01 -3.75000000000000000e-01 1.73285433827426102e-02 -5.91774141510773878e-03
1.58750000000000002e-01 -3.28125000000000000e-01 1.65557654091628044e-02 -8.02333782794978703e-03
1.58750000000000002e-01 -2.81250000000000000e-01 1.58963311572896081e-02 -1.06189206376362862e-02
1.58750000000000002e-01 -2.34375000000000000e-01 1.53462367249205724e-02 -1.33989187166836006e-02
1.58750000000000002e-01 -1.87500000000000000e-01 1.49017591515203697e-02 -1.62744927185131671e-02
1.58750000000000002e-01 -1.40625000000000000e-01 1.45596438842342940e-02 -1.90230089461331658e-02
1.58750000000000002e-01 -9.37500000000000000e-02 1.43172401777191538e-02 -2.13189515746995614e-02
1.58750000000000002e-01 -4.68750000000000000e-02 1.41725949854703982e-02 -2.28495048645849415e-02
1.58750000000000002e-01 0.00000000000000000e+00 1.41245138541440975e-02 -2.33873991290880975e-02
1.58750000000000002e-01 4.68750000000000000e-02 1.41725949854703027e-02 -2.28495048645861350e-02
1.58750000000000002e-01 9.37500000000000000e-02 1.43172401777191122e-02 -2.13189515746999951e-02
1.58750000000000002e-01 1.40625000000000000e-01 1.45596438842342420e-02 -1.90230089461338701e-02
1.58750000000000002e-01 1.87500000000000000e-01 1.49017591515203662e-02 -1.62744927185131255e-02
1.58750000000000002e-01 2.34375000000000000e-01 1.53462367249205776e-02 -1.33989187166835538e-02
1.58750000000000002e-01 2.81250000000000000e-01 1.58963311572896428e-02 -1.06189206376362619e-02
1.58750000000000002e-01 3.28125000000000000e-01 1.65557654091628079e-02 -8.02333782794990326e-03
1.58750000000000002e-01 3.75000000000000000e-01 1.73285433827425651e-02 -5.91774141510793567e-03
1.58750000000000002e-01 4.21875000000000000e-01 1.82186984470805342e-02 -4.16808134149332810e-03
1.58750000000000002e-01 4.68750000000000000e-01 1.92299658681766884e-02 -2.88478824581593889e-03
1.58750000000000002e-01 5.15625000000000000e-01 2.03653689887532546e-02 -1.90252602769438637e-03
1.58750000000000002e-01 5.62500000000000000e-01 2.16267140712236988e-02 -1.25987091870829689e-03
1.58750000000000002e-01 6.09375000000000000e-01 2.30139980739648004e-02 -8.70885268689412903e-04
1.58750000000000002e-01 6.56250000000000000e-01 2.45247481746419076e-02 -6.96391946141813531e-04
1.58750000000000002e-01 7.03125000000000000e-01 2.61533316389439829e-02 -7.35475596332949575e-04
1.58750000000000002e-01 7.50000000000000000e-01 2.78902980423308966e-02 -9.39932368958433561e-04
1.58750000000000002e-01 7.96875000000000000e-01 2.97218387690289694e-02 -1.22658390357135712e-03
1.58750000000000002e-01 8.43750000000000000e-01 3.16294642001365839e-02 -1.46157046421187416e-03
1.58750000000000002e-01 8.90625000000000000e-01 3.35899982567728905e-02 -1.51920021812151636e-03
1.58750000000000002e-01 9.37500000000000000e-01 3.55759651376827898e-02 -1.33663759397612729e-03
1.58750000000000002e-01 9.84375000000000000e-01 3.75563917016575460e-02 -9.74477319972574764e-04
1.58750000000000002e-01 1.03125000000000000e+00 3.94979780073739517e-02 -5.80470064870323771e-04
1.58750000000000002e-01 1.07812500000000000e+00 4.13665153248739537e-02 -2.80414264313366755e-04
1.58750000000000002e-01 1.12500000000000000e+00 4.31283781504987820e-02 -1.10852262022591546e-04
1.58750000000000002e-01 1.17187500000000000e+00 4.47519029742689534e-02 -3.69235624582682731e-05
1.58750000000000002e-01 1.21875000000000000e+00 4.62084971958139565e-02 -1.08753905060102865e-05
1.58750000000000002e-01 1.26562500000000000e+00 4.74733861216108180e-02 -3.06414103447917544e-06
1.58750000000000002e-01 1.31250000000000000e+00 4.85259832358962209e-02 -9.04174976474287444e-07
1.58750000000000002e-01 1.35937500000000000e+00 4.93499369898965784e-02 -3.10593929398520309e-07
1.58750000000000002e-01 1.40625000000000000e+00 4.99329517932080302e-02 -1.36771719139967895e-07
1.58750000000000002e-01 1.45312500000000000e+00 5.02664976860466364e-02 -8.34405851382388103e-08
1.58750000000000002e-01 1.50000000000000000e+00 5.03455163734745359e-02 -7.40200118790149631e-08
1.67812499999999976e-01 -1.50000000000000000e+00 5.63057113503809964e-02 -9.73459838993859390e-13
1.67812499999999976e-01 -1.45312500000000000e+00 5.62170706365902537e-02 -1.22009240773412083e-12
1.67812499999999976e-01 -1.40625000000000000e+00 5.58433928821586503e-02 -3.11369734267025327e-12
1.67812499999999976e-01 -1.35937500000000000e+00 5.51902935513128995e-02 -1.50940912798030439e-11
1.67812499999999976e-01 -1.31250000000000000e+00 5.42672539560418790e-02 -1.23345765294657008e-10
1.67812499999999976e-01 -1.26562500000000000e+00 5.30879651013340045e-02 -1.43168054729423838e-09
1.67812499999999976e-01 -1.21875000000000000e+00 5.16706713710323451e-02 -1.92605807251182524e-08
1.67812499999999976e-01 -1.17187500000000000e+00 5.00383907576741199e-02 -2.48168930412412733e-07
1.67812499999999976e-01 -1.12500000000000000e+00 4.82188795046908855e-02 -2.57798194785599114e-06
1.67812499999999976e-01 -1.07812500000000000e+00 4.62442272265500415e-02 -1.93620637736961275e-05
1.67812499999999976e-01 -1.03125000000000000e+00 4.41500190522330707e-02 -9.97280187026901174e-05
1.67812499999999976e-01 -9.84375000000000000e-01 4.19740799182314883e-02 -3.50921688945372184e-04
1.67812499999999976e-01 -9.37500000000000000e-01 3.97549062001038567e-02 -8.67079449832133982e-04
1.67812499999999976e-01 -8.90625000000000000e-01 3.75299655303092256e-02 -1.57423187428851110e-03
1.67812499999999976e-01 -8.43750000000000000e-01 3.53340816483445480e-02 -2.20457603278019585e-03
1.67812499999999976e-01 -7.96875000000000000e-01 3.31981048281141458e-02 -2.50088045699271800e-03
1.67812499999999976e-01 -7.50000000000000000e-01 3.11480063493183995e-02 -2.41866495198541200e-03
1.67812499999999976e-01 -7.03125000000000000e-01 2.92044498586944076e-02 -2.12241431068165053e-03
1.67812499999999976e-01 -6.56250000000000000e-01 2.73828102065591938e-02 -1.84731988245423083e-03
1.67812499999999976e-01 -6.09375000000000000e-01 2.56935516101483331e-02 -1.75121626956337259e-03
1.67812499999999976e-01 -5.62500000000000000e-01 2.41428495547660049e-02 -1.96548227409716961e-03
1.67812499999999976e-01 -5.15625000000000000e-01 2.27333412765566498e-02 -2.57324475351560118e-03
1.67812499999999976e-01 -4.68750000000000000e-01 2.14649084759609421e-02 -3.62256577270140840e-03
1.67812499999999976e-01 -4.21875000000000000e-01 2.03354227506721066e-02 -5.12212427797069294e-03
1.67812499999999976e-01 -3.75000000000000000e-01 1.93414111658378740e-02 -7.25787703912762153e-03
1.67812499999999976e-01 -3.28125000000000000e-01 1.84786218238923647e-02 -9.84451213317533852e-03
1.67812499999999976e-01 -2.81250000000000000e-01 1.77424855791372058e-02 -1.30937531716235154e-02
1.67812499999999976e-01 -2.34375000000000000e-01 1.71284803627447316e-02 -1.66836662281887455e-02
1.67812499999999976e-01 -1.87500000000000000e-01 1.66324100538976054e-02 -2.04078937934032631e-02
1.67812499999999976e-01 -1.40625000000000000e-01 1.62506118021136653e-02 -2.40138623577350573e-02
1.67812499999999976e-01 -9.37500000000000000e-02 1.59801053923642258e-02 -2.70545832174895438e-02
1.67812499999999976e-01 -4.68750000000000000e-02 1.58186965874598240e-02 -2.90944076101810646e-02
1.67812499999999976e-01 0.00000000000000000e+00 1.57650440254365060e-02 -2.98136004863453451e-02
1.67812499999999976e-01 4.68750000000000000e-02 1.58186965874598240e-02 -2.90944076101810646e-02
1.67812499999999976e-01 9.37500000000000000e-02 1.59801053923642640e-02 -2.70545832174889402e-02
1.67812499999999976e-01 1.40625000000000000e-01 1.62506118021136479e-02 -2.40138623577352515e-02
1.67812499999999976e-01 1.87500000000000000e-01 1.66324100538976644e-02 -2.04078937934029439e-02
1.67812499999999976e-01 2.34375000000000000e-01 1.71284803627448148e-02 -1.66836662281879301e-02
1.67812499999999976e-01 2.81250000000000000e-01 1.77424855791371919e-02 -1.30937531716234044e-02
1.67812499999999976e-01 3.28125000000000000e-01 1.84786218238923647e-02 -9.84451213317533505e-03
1.67812499999999976e-01 3.75000000000000000e-01 1.93414111658379087e-02 -7.25787703912746714e-03
1.67812499999999976e-01 4.21875000000000000e-01 2.03354227506720581e-02 -5.12212427797073891e-03
1.67812499999999976e-01 4.68750000000000000e-01 2.14649084759608623e-02 -3.62256577270152506e-03
1.67812499999999976e-01 5.15625000000000000e-01 2.27333412765567157e-02 -2.57324475351553656e-03
1.67812499999999976e-01 5.62500000000000000e-01 2.41428495547659876e-02 -1.96548227409718045e-03
1.67812499999999976e-01 6.09375000000000000e-01 2.56935516101483227e-02 -1.75121626956331535e-03
1.67812499999999976e-01 6.56250000000000000e-01 2.73828102065592112e-02 -1.84731988245423950e-03
1.67812499999999976e-01 7.03125000000000000e-01 2.92044498586944076e-02 -2.12241431068164099e-03
1.67812499999999976e-01 7.50000000000000000e-01 3.11480063493183683e-02 -2.41866495198541634e-03
1.67812499999999976e-01 7.96875000000000000e-01 3.31981048281141111e-02 -2.50088045699267767e-03
1.67812499999999976e-01 8.43750000000000000e-01 3.53340816483445203e-02 -2.20457603278020192e-03
1.67812499999999976e-01 8.90625000000000000e-01 3.75299655303091700e-02 -1.57423187428851414e-03
1.67812499999999976e-01 9.37500000000000000e-01 3.97549062001039191e-02 -8.67079449832113599e-04
1.67812499999999976e-01 9.84375000000000000e-01 4.19740799182314397e-02 -3.50921688945379936e-04
1.67812499999999976e-01 1.03125000000000000e+00 4.41500190522331332e-02 -9.97280187026861466e-05
1.67812499999999976e-01 1.07812500000000000e+00 4.62442272265500415e-02 -1.93620637736961343e-05
1.67812499999999976e-01 1.12500000000000000e+00 4.82188795046908300e-02 -2.57798194785617749e-06
1.67812499999999976e-01 1.17187500000000000e+00 5.00383907576741130e-02 -2.48168930412412733e-07
1.67812499999999976e-01 1.21875000000000000e+00 5.16706713710323798e-02 -1.92605807251168462e-08
1.67812499999999976e-01 1.26562500000000000e+00 5.30879651013338658e-02 -1.43168054729463419e-09
1.67812499999999976e-01 1.31250000000000000e+00 5.42672539560418721e-02 -1.23345765294661661e-10
1.67812499999999976e-01 1.35937500000000000e+00 5.51902935513129203e-02 -1.50940912798021069e-11
1.67812499999999976e-01 1.40625000000000000e+00 5.58433928821586642e-02 -3.11369734267010585e-12
1.67812499999999976e-01 1.45312500000000000e+00 5.62170706365904202e-02 -1.22009240773359455e-12
1.67812499999999976e-01 1.50000000000000000e+00 5.63057113503811768e-02 -9.73459838993413488e-13
1.76875000000000004e-01 -1.50000000000000000e+00 6.26077414231562268e-02 -4.58772730625517409e-20
1.76875000000000004e-01 -1.45312500000000000e+00 6.25088682868351481e-02 -6.19179846196472254e-20
1.76875000000000004e-01 -1.40625000000000000e+00 6.20926165436866684e-02 -2.18793479353816196e-19
1.76875000000000004e-01 -1.35937500000000000e+00 6.13651800516069115e-02 -1.98877234652809668e-18
1.76875000000000004e-01 -1.31250000000000000e+00 6.03370307534233721e-02 -4.39962432099881439e-17
1.76875000000000004e-01 -1.26562500000000000e+00 5.90233189074167025e-02 -2.07120145230544949e-15
1.76875000000000004e-01 -1.21875000000000000e+00 5.74442778845872457e-02 -1.65379691737090334e-13
1.76875000000000004e-01 -1.17187500000000000e+00 5.56254930710863502e-02 -1.62436869767846358e-11
1.76875000000000004e-01 -1.12500000000000000e+00 5.35978830614427804e-02 -1.36317908956765184e-09
1.76875000000000004e-01 -1.07812500000000000e+00 5.13972607840075119e-02 -7.12257465327490720e-08
1.76875000000000004e-01 -1.03125000000000000e+00 4.90633992043945089e-02 -1.92893776619990132e-06
1.76875000000000004e-01 -9.84375000000000000e-01 4.66386165943702274e-02 -2.56254917115594558e-05
1.76875000000000004e-01 -9.37500000000000000e-01 4.41660009591447120e-02 -1.75214337603466321e-04
1.76875000000000004e-01 -8.90625000000000000e-01 4.16874816271700296e-02 -6.80924571682009309e-04
1.76875000000000004e-01 -8.43750000000000000e-01 3.92419981623658917e-02 -1.67974665673496369e-03
1.76875000000000004e-01 -7.96875000000000000e-01 3.68639975364538422e-02 -2.91072502363220933e-03
1.76875000000000004e-01 -7.50000000000000000e-01 3.45824177153510465e-02 -3.86208124852051695e-03
1.76875000000000004e-01 -7.03125000000000000e-01 3.24202160069450018e-02 -4.23608829312105244e-03
1.76875000000000004e-01 -6.56250000000000000e-01 3.03944055128206742e-02 -4.13348056675338915e-03
1.76875000000000004e-01 -6.09375000000000000e-01 2.85164962475031175e-02 -3.88872110070754120e-03
1.76875000000000004e-01 -5.62500000000000000e-01 2.67932074393249960e-02 -3.84577527409788508e-03
1.76875000000000004e-01 -5.15625000000000000e-01 2.52273195870931430e-02 -4.26589388123477849e-03
1.76875000000000004e-01 -4.68750000000000000e-01 2.38185575612772232e-02 -5.21098382139680103e-03
1.76875000000000004e-01 -4.21875000000000000e-01 2.25644273269270425e-02 -6.86693868567875027e-03
1.76875000000000004e-01 -3.75000000000000000e-01 2.14609596829971640e-02 -9.32887250641268630e-03
1.76875000000000004e-01 -3.28125000000000000e-01 2.05033397258438180e-02 -1.24997689937798497e-02
1.76875000000000004e-01 -2.81250000000000000e-01 1.96864188520354394e-02 -1.65131661027475667e-02
1.76875000000000004e-01 -2.34375000000000000e-01 1.90051174087318107e-02 -2.10860408206838615e-02
1.76875000000000004e-01 -1.87500000000000000e-01 1.84547319404982195e-02 -2.58487622246529672e-02
1.76875000000000004e-01 -1.40625000000000000e-01 1.80311629439403875e-02 -3.05177028137446314e-02
1.76875000000000004e-01 -9.37500000000000000e-02 1.77310785128861476e-02 -3.44874344530867530e-02
1.76875000000000004e-01 -4.68750000000000000e-02 1.75520272877943279e-02 -3.71645095685412680e-02
1.76875000000000004e-01 0.00000000000000000e+00 1.74925114236474354e-02 -3.81106070096613389e-02
1.76875000000000004e-01 4.68750000000000000e-02 1.75520272877943279e-02 -3.71645095685412680e-02
1.76875000000000004e-01 9.37500000000000000e-02 1.77310785128862308e-02 -3.44874344530849003e-02
1.76875000000000004e-01 1.40625000000000000e-01 1.80311629439403841e-02 -3.05177028137441908e-02
1.76875000000000004e-01 1.87500000000000000e-01 1.84547319404981605e-02 -2.58487622246533801e-02
1.76875000000000004e-01 2.34375000000000000e-01 1.90051174087319044e-02 -2.10860408206833654e-02
1.76875000000000004e-01 2.81250000000000000e-01 1.96864188520354394e-02 -1.65131661027475667e-02
1.76875000000000004e-01 3.28125000000000000e-01 2.05033397258438665e-02 -1.24997689937797474e-02
1.76875000000000004e-01 3.75000000000000000e-01 2.14609596829971501e-02 -9.32887250641271405e-03
1.76875000000000004e-01 4.21875000000000000e-01 2.25644273269269696e-02 -6.86693868567889859e-03
1.76875000000000004e-01 4.68750000000000000e-01 2.38185575612771677e-02 -5.21098382139670562e-03
1.76875000000000004e-01 5.15625000000000000e-01 2.52273195870932054e-02 -4.26589388123456426e-03
1.76875000000000004e-01 5.62500000000000000e-01 2.67932074393250758e-02 -3.84577527409784951e-03
1.76875000000000004e-01 6.09375000000000000e-01 2.85164962475031869e-02 -3.88872110070750997e-03
1.76875000000000004e-01 6.56250000000000000e-01 3.03944055128207470e-02 -4.13348056675340216e-03
1.76875000000000004e-01 7.03125000000000000e-01 3.24202160069448908e-02 -4.23608829312110708e-03
1.76875000000000004e-01 7.50000000000000000e-01 3.45824177153510048e-02 -3.86208124852047401e-03
1.76875000000000004e-01 7.96875000000000000e-01 3.68639975364538422e-02 -2.91072502363220933e-03
1.76875000000000004e-01 8.43750000000000000e-01 3.92419981623659681e-02 -1.67974665673491686e-03
1.76875000000000004e-01 8.90625000000000000e-01 4.16874816271700990e-02 -6.80924571681993697e-04
1.76875000000000004e-01 9.37500000000000000e-01 4.41660009591448438e-02 -1.75214337603451197e-04
1.76875000000000004e-01 9.84375000000000000e-01 4.66386165943702066e-02 -2.56254917115598555e-05
1.76875000000000004e-01 1.03125000000000000e+00 4.90633992043944672e-02 -1.92893776619999746e-06
1.76875000000000004e-01 1.07812500000000000e+00 5.13972607840074772e-02 -7.12257465327522087e-08
1.76875000000000004e-01 1.12500000000000000e+00 5.35978830614427595e-02 -1.36317908956770871e-09
1.76875000000000004e-01 1.17187500000000000e+00 5.56254930710863779e-02 -1.62436869767838862e-11
1.76875000000000004e-01 1.21875000000000000e+00 5.74442778845872526e-02 -1.65379691737090561e-13
1.76875000000000004e-01 1.26562500000000000e+00 5.90233189074167025e-02 -2.07120145230544515e-15
1.76875000000000004e-01 1.31250000000000000e+00 6.03370307534233652e-02 -4.39962432099893272e-17
1.76875000000000004e-01 1.35937500000000000e+00 6.13651800516069254e-02 -1.98877234652796841e-18
1.76875000000000004e-01 1.40625000000000000e+00 6.20926165436867100e-02 -2.18793479353792892e-19
1.76875000000000004e-01 1.45312500000000000e+00 6.25088682868351203e-02 -6.19179846196521606e-20
1.76875000000000004e-01 1.50000000000000000e+00 6.26077414231562268e-02 -4.58772730625513798e-20
1.85937499999999978e-01 -1.26562500000000000e+00 6.52809658894616951e-02 -1.13460228197700776e-22
1.85937499999999978e-01 -1.21875000000000000e+00 6.35306914519517957e-02 -1.71059754659344625e-20
1.85937499999999978e-01 -1.17187500000000000e+00 6.15144086342269136e-02 -6.55520342058273743e-18
1.85937499999999978e-01 -1.12500000000000000e+00 5.92663812291863851e-02 -4.42985952426582121e-15
1.85937499999999978e-01 -1.07812500000000000e+00 5.68263771242212001e-02 -2.94624941586275249e-12
1.85937499999999978e-01 -1.03125000000000000e+00 5.42386319719318361e-02 -1.05287325616934349e-09
1.85937499999999978e-01 -9.84375000000000000e-01 5.15502624345872684e-02 -1.35265018481847318e-07
1.85937499999999978e-01 -9.37500000000000000e-01 4.88092643771632084e-02 -5.55912442932376167e-06
1.85937499999999978e-01 -8.90625000000000000e-01 4.60623344233801538e-02 -8.11177585290267155e-05
1.85937499999999978e-01 -8.43750000000000000e-01 4.33528025354826332e-02 -5.13254724880389101e-04
1.85937499999999978e-01 -7.96875000000000000e-01 4.07189406663362938e-02 -1.72784011689261518e-03
1.85937499999999978e-01 -7.50000000000000000e-01 3.81928274135740140e-02 -3.67266143933603828e-03
1.85937499999999978e-01 -7.03125000000000000e-01 3.57998325982318427e-02 -5.63105112034631775e-03
1.85937499999999978e-01 -6.56250000000000000e-01 3.35586763511092276e-02 -6.91212898234348002e-03
1.85937499999999978e-01 -6.09375000000000000e-01 3.14819417250216185e-02 -7.41655581341048049e-03
1.85937499999999978e-01 -5.62500000000000000e-01 2.95768872557221375e-02 -7.54698217259542215e-03
1.85937499999999978e-01 -5.15625000000000000e-01 2.78464101279409584e-02 -7.78008421213761004e-03
1.85937499999999978e-01 -4.68750000000000000e-01 2.62900379076482990e-02 -8.57502005220182884e-03
1.85937499999999978e-01 -4.21875000000000000e-01 2.49048631221760741e-02 -1.02673464649545576e-02
1.85937499999999978e-01 -3.75000000000000000e-01 2.36863700705463656e-02 -1.29503998825120179e-02
1.85937499999999978e-01 -3.28125000000000000e-01 2.26291316395183587e-02 -1.67095835877790859e-02
1.85937499999999978e-01 -2.81250000000000000e-01 2.17273739100015406e-02 -2.15506442511518639e-02
1.85937499999999978e-01 -2.34375000000000000e-01 2.09754186006323382e-02 -2.72652957104540204e-02
1.85937499999999978e-01 -1.87500000000000000e-01 2.03680195642857234e-02 -3.32517945762738146e-02
1.85937499999999978e-01 -1.40625000000000000e-01 1.99006114551277674e-02 -3.91969729458884197e-02
1.85937499999999978e-01 -9.37500000000000000e-02 1.95694878882374385e-02 -4.42925158198823124e-02
1.85937499999999978e-01 -4.68750000000000000e-02 1.93719240895688857e-02 -4.77447723256290008e-02
1.85937499999999978e-01 0.00000000000000000e+00 1.93062559577268436e-02 -4.89673644032982414e-02
1.85937499999999978e-01 4.68750000000000000e-02 1.93719240895688059e-02 -4.77447723256296183e-02
1.85937499999999978e-01 9.37500000000000000e-02 1.95694878882373968e-02 -4.42925158198835683e-02
1.85937499999999978e-01 1.40625000000000000e-01 1.99006114551277327e-02 -3.91969729458884336e-02
1.85937499999999978e-01 1.87500000000000000e-01 2.03680195642856748e-02 -3.32517945762742448e-02
1.85937499999999978e-01 2.34375000000000000e-01 2.09754186006323000e-02 -2.72652957104534480e-02
1.85937499999999978e-01 2.81250000000000000e-01 2.17273739100015857e-02 -2.15506442511515448e-02
1.85937499999999978e-01 3.28125000000000000e-01 2.26291316395182962e-02 -1.67095835877793704e-02
1.85937499999999978e-01 3.75000000000000000e-01 2.36863700705463726e-02 -1.29503998825119711e-02
1.85937499999999978e-01 4.21875000000000000e-01 2.49048631221760880e-02 -1.02673464649544900e-02
1.85937499999999978e-01 4.68750000000000000e-01 2.62900379076482713e-02 -8.57502005220191904e-03
1.85937499999999978e-01 5.15625000000000000e-01 2.78464101279409584e-02 -7.78008421213761524e-03
1.85937499999999978e-01 5.62500000000000000e-01 2.95768872557222694e-02 -7.54698217259555746e-03
1.85937499999999978e-01 6.09375000000000000e-01 3.14819417250216046e-02 -7.41655581341046314e-03
1.85937499999999978e-01 6.56250000000000000e-01 3.35586763511092831e-02 -6.91212898234344793e-03
1.85937499999999978e-01 7.03125000000000000e-01 3.57998325982318497e-02 -5.63105112034632208e-03
1.85937499999999978e-01 7.50000000000000000e-01 3.81928274135740348e-02 -3.67266143933600445e-03
1.85937499999999978e-01 7.96875000000000000e-01 4.07189406663362868e-02 -1.72784011689262255e-03
1.85937499999999978e-01 8.43750000000000000e-01 4.33528025354826402e-02 -5.13254724880389101e-04
1.85937499999999978e-01 8.90625000000000000e-01 4.60623344233801191e-02 -8.11177585290303070e-05
1.85937499999999978e-01 9.37500000000000000e-01 4.88092643771632431e-02 -5.55912442932351349e-06
1.85937499999999978e-01 9.84375000000000000e-01 5.15502624345872545e-02 -1.35265018481850468e-07
1.85937499999999978e-01 1.03125000000000000e+00 5.42386319719318291e-02 -1.05287325616934349e-09
1.85937499999999978e-01 1.07812500000000000e+00 5.68263771242212001e-02 -2.94624941586274602e-12
1.85937499999999978e-01 1.12500000000000000e+00 5.92663812291863851e-02 -4.42985952426584093e-15
1.85937499999999978e-01 1.17187500000000000e+00 6.15144086342270663e-02 -6.55520342057969061e-18
1.85937499999999978e-01 1.21875000000000000e+00 6.35306914519518234e-02 -1.71059754659326900e-20
1.85937499999999978e-01 1.26562500000000000e+00 6.52809658894615980e-02 -1.13460228197735053e-22
1.95000000000000007e-01 -1.12500000000000000e+00 6.52254257580819202e-02 -9.75974249816641365e-22
1.95000000000000007e-01 -1.07812500000000000e+00 6.25323820057043789e-02 -1.95868186059367772e-18
1.95000000000000007e-01 -1.03125000000000000e+00 5.96762592655843416e-02 -6.59441315905451868e-15
1.95000000000000007e-01 -9.84375000000000000e-01 5.67092897643742544e-02 -1.44690979819016831e-11
1.95000000000000007e-01 -9.37500000000000000e-01 5.36847068045094786e-02 -9.22790955728134347e-09
1.95000000000000007e-01 -8.90625000000000000e-01 5.06542925301055463e-02 -1.23934886902975231e-06
1.95000000000000007e-01 -8.43750000000000000e-01 4.76660520017701539e-02 -3.93321485780302794e-05
1.95000000000000007e-01 -7.96875000000000000e-01 4.47623169164371032e-02 -4.01636197958953674e-04
1.95000000000000007e-01 -7.50000000000000000e-01 4.19784829677783619e-02 -1.80884571309771511e-03
1.95000000000000007e-01 -7.03125000000000000e-01 3.93424503286419133e-02 -4.62001603596128105e-03
1.95000000000000007e-01 -6.56250000000000000e-01 3.68747112844707153e-02 -8.03540869524355626e-03
1.95000000000000007e-01 -6.09375000000000000e-01 3.45889439156263287e-02 -1.08585124233199926e-02
1.95000000000000007e-01 -5.62500000000000000e-01 3.24929357214405676e-02 -1.26108834831211696e-02
1.95000000000000007e-01 -5.15625000000000000e-01 3.05896681469168194e-02 -1.36586935983468386e-02
1.95000000000000007e-01 -4.68750000000000000e-01 2.88784256486948471e-02 -1.47383550200539670e-02
1.95000000000000007e-01 -4.21875000000000000e-01 2.73558349351805674e-02 -1.65740279686429348e-02
1.95000000000000007e-01 -3.75000000000000000e-01 2.60167798200316158e-02 -1.94196991826637889e-02
1.95000000000000007e-01 -3.28125000000000000e-01 2.48551688142433433e-02 -2.37505213998043148e-02
1.95000000000000007e-01 -2.81250000000000000e-01 2.38645545591961022e-02 -2.94286889001282963e-02
1.95000000000000007e-01 -2.34375000000000000e-01 2.30386174164910820e-02 -3.64093777308885438e-02
1.95000000000000007e-01 -1.87500000000000000e-01 2.23715319729623739e-02 -4.37762208532205752e-02
1.95000000000000007e-01 -1.40625000000000000e-01 2.18582369967342746e-02 -5.11970201030850849e-02
1.95000000000000007e-01 -9.37500000000000000e-02 2.14946282597987398e-02 -5.76119247696661382e-02
1.95000000000000007e-01 -4.68750000000000000e-02 2.12776909158096626e-02 -6.19794299296163517e-02
1.95000000000000007e-01 0.00000000000000000e+00 2.12055846325835823e-02 -6.35295738794238313e-02
1.95000000000000007e-01 4.68750000000000000e-02 2.12776909158096661e-02 -6.19794299296166848e-02
1.95000000000000007e-01 9.37500000000000000e-02 2.14946282597987155e-02 -5.76119247696667072e-02
1.95000000000000007e-01 1.40625000000000000e-01 2.18582369967342330e-02 -5.11970201030852237e-02
1.95000000000000007e-01 1.87500000000000000e-01 2.23715319729623739e-02 -4.37762208532205752e-02
1.95000000000000007e-01 2.34375000000000000e-01 2.30386174164911237e-02 -3.64093777308881275e-02
1.95000000000000007e-01 2.81250000000000000e-01 2.38645545591960606e-02 -2.94286889001281367e-02
1.95000000000000007e-01 3.28125000000000000e-01 2.48551688142433433e-02 -2.37505213998043148e-02
1.95000000000000007e-01 3.75000000000000000e-01 2.60167798200316193e-02 -1.94196991826642018e-02
1.95000000000000007e-01 4.21875000000000000e-01 2.73558349351805327e-02 -1.65740279686430875e-02
1.95000000000000007e-01 4.68750000000000000e-01 2.88784256486948505e-02 -1.47383550200539740e-02
1.95000000000000007e-01 5.15625000000000000e-01 3.05896681469167812e-02 -1.36586935983469340e-02
1.95000000000000007e-01 5.62500000000000000e-01 3.24929357214405329e-02 -1.26108834831213917e-02
1.95000000000000007e-01 6.09375000000000000e-01 3.45889439156263009e-02 -1.08585124233200239e-02
1.95000000000000007e-01 6.56250000000000000e-01 3.68747112844706806e-02 -8.03540869524358922e-03
1.95000000000000007e-01 7.03125000000000000e-01 3.93424503286420035e-02 -4.62001603596116570e-03
1.95000000000000007e-01 7.50000000000000000e-01 4.19784829677785076e-02 -1.80884571309758305e-03
1.95000000000000007e-01 7.96875000000000000e-01 4.47623169164370893e-02 -4.01636197958956656e-04
1.95000000000000007e-01 8.43750000000000000e-01 4.76660520017703065e-02 -3.93321485780245806e-05
1.95000000000000007e-01 8.90625000000000000e-01 5.06542925301055741e-02 -1.23934886902970827e-06
1.95000000000000007e-01 9.37500000000000000e-01 5.36847068045094647e-02 -9.22790955728151056e-09
1.95000000000000007e-01 9.84375000000000000e-01 5.67092897643741364e-02 -1.44690979819055589e-11
1.95000000000000007e-01 1.03125000000000000e+00 5.96762592655845012e-02 -6.59441315905151233e-15
1.95000000000000007e-01 1.07812500000000000e+00 6.25323820057043928e-02 -1.95868186059362418e-18
1.95000000000000007e-01 1.12500000000000000e+00 6.52254257580819341e-02 -9.75974249816596038e-22
2.04062499999999980e-01 -1.03125000000000000e+00 6.53768516635663266e-02 -5.23989256306665220e-21
2.04062499999999980e-01 -9.84375000000000000e-01 6.21159821770611645e-02 -4.08558187335514558e-17
2.04062499999999980e-01 -9.37500000000000000e-01 5.87923330418411300e-02 -3.39765573632754251e-13
2.04062499999999980e-01 -8.90625000000000000e-01 5.54631038869173587e-02 -8.65994313954271875e-10
2.04062499999999980e-01 -8.43750000000000000e-01 5.21812705287104037e-02 -3.43642808749738660e-07
2.04062499999999980e-01 -7.96875000000000000e-01 4.89934660867060931e-02 -2.21526898717915293e-05
2.04062499999999980e-01 -7.50000000000000000e-01 4.59385823727678222e-02 -3.44994921143578349e-04
2.04062499999999980e-01 -7.03125000000000000e-01 4.30471664638082951e-02 -1.98826342769437220e-03
2.04062499999999980e-01 -6.56250000000000000e-01 4.03415438112620650e-02 -5.90617666296736153e-03
2.04062499999999980e-01 -6.09375000000000000e-01 3.78365037289771153e-02 -1.13850111472268284e-02
2.04062499999999980e-01 -5.62500000000000000e-01 3.55403459141586872e-02 -1.66697226553290632e-02
2.04062499999999980e-01 -5.15625000000000000e-01 3.34560973528831851e-02 -2.07271729567302908e-02
2.04062499999999980e-01 -4.68750000000000000e-01 3.15827479017313367e-02 -2.37782131130381616e-02
2.04062499999999980e-01 -4.21875000000000000e-01 2.99164012256004780e-02 -2.66710402603142875e-02
2.04062499999999980e-01 -3.75000000000000000e-01 2.84512827251187789e-02 -3.02602484370569601e-02
2.04062499999999980e-01 -3.28125000000000000e-01 2.71805812772220531e-02 -3.54055332072286677e-02
2.04062499999999980e-01 -2.81250000000000000e-01 2.60971256100501273e-02 -4.20285749649376497e-02
2.04062499999999980e-01 -2.34375000000000000e-01 2.51939102640926782e-02 -5.04296462378598445e-02
2.04062499999999980e-01 -1.87500000000000000e-01 2.44644927387194962e-02 -5.93313365715209817e-02
2.04062499999999980e-01 -1.40625000000000000e-01 2.39032850024997294e-02 -6.84161279136493578e-02
2.04062499999999980e-01 -9.37500000000000000e-02 2.35057610357514990e-02 -7.63376651080768381e-02
2.04062499999999980e-01 -4.68750000000000000e-02 2.32685988933925628e-02 -8.17588310251249895e-02
2.04062499999999980e-01 0.00000000000000000e+00 2.31897718360462510e-02 -8.36879214569996033e-02
2.04062499999999980e-01 4.68750000000000000e-02 2.32685988933925628e-02 -8.17588310251249895e-02
2.04062499999999980e-01 9.37500000000000000e-02 2.35057610357515892e-02 -7.63376651080749785e-02
2.04062499999999980e-01 1.40625000000000000e-01 2.39032850024997294e-02 -6.84161279136493578e-02
2.04062499999999980e-01 1.87500000000000000e-01 2.44644927387194511e-02 -5.93313365715219670e-02
2.04062499999999980e-01 2.34375000000000000e-01 2.51939102640927441e-02 -5.04296462378598376e-02
2.04062499999999980e-01 2.81250000000000000e-01 2.60971256100501932e-02 -4.20285749649364354e-02
2.04062499999999980e-01 3.28125000000000000e-01 2.71805812772220878e-02 -3.54055332072285775e-02
2.04062499999999980e-01 3.75000000000000000e-01 2.84512827251187234e-02 -3.02602484370573452e-02
2.04062499999999980e-01 4.21875000000000000e-01 2.99164012256005162e-02 -2.66710402603136387e-02
2.04062499999999980e-01 4.68750000000000000e-01 3.15827479017314061e-02 -2.37782131130380263e-02
2.04062499999999980e-01 5.15625000000000000e-01 3.34560973528831088e-02 -2.07271729567304712e-02
2.04062499999999980e-01 5.62500000000000000e-01 3.55403459141587635e-02 -1.66697226553288377e-02
2.04062499999999980e-01 6.09375000000000000e-01 3.78365037289770043e-02 -1.13850111472270990e-02
2.04062499999999980e-01 6.56250000000000000e-01 4.03415438112621622e-02 -5.90617666296713081e-03
2.04062499999999980e-01 7.03125000000000000e-01 4.30471664638082951e-02 -1.98826342769437307e-03
2.04062499999999980e-01 7.50000000000000000e-01 4.59385823727677944e-02 -3.44994921143584041e-04
2.04062499999999980e-01 7.96875000000000000e-01 4.89934660867059890e-02 -2.21526898717940941e-05
2.04062499999999980e-01 8.43750000000000000e-01 5.21812705287103967e-02 -3.43642808749749566e-07
2.04062499999999980e-01 8.90625000000000000e-01 5.54631038869173934e-02 -8.65994313954204976e-10
2.04062499999999980e-01 9.37500000000000000e-01 5.87923330418410883e-02 -3.39765573632797872e-13
2.04062499999999980e-01 9.84375000000000000e-01 6.21159821770611784e-02 -4.08558187335502417e-17
2.04062499999999980e-01 1.03125000000000000e+00 6.53768516635663266e-02 -5.23989256306656192e-21
2.13125000000000009e-01 -9.37500000000000000e-01 6.41321413254838379e-02 -1.21569660243880626e-18
2.13125000000000009e-01 -8.90625000000000000e-01 6.04884942403974696e-02 -2.16471276385343951e-14
2.13125000000000009e-01 -8.43750000000000000e-01 5.68979469752895345e-02 -1.49632494519229991e-10
2.13125000000000009e-01 -7.96875000000000000e-01 5.34116831167534417e-02 -1.39020218902614753e-07
2.13125000000000009e-01 -7.50000000000000000e-01 5.00722721903274701e-02 -1.56880686352072482e-05
2.13125000000000009e-01 -7.03125000000000000e-01 4.69130231231489336e-02 -3.38514149886883387e-04
2.13125000000000009e-01 -6.56250000000000000e-01 4.39581509152069810e-02 -2.34766693522190208e-03
2.13125000000000009e-01 -6.09375000000000000e-01 4.12235659575494393e-02 -7.80088084836683127e-03
2.13125000000000009e-01 -5.62500000000000000e-01 3.87180564087031068e-02 -1.62560800200669021e-02
2.13125000000000009e-01 -5.15625000000000000e-01 3.64446493162000271e-02 -2.53493891215828236e-02
2.13125000000000009e-01 -4.68750000000000000e-01 3.44019823932928404e-02 -3.33009285116204409e-02
2.13125000000000009e-01 -4.21875000000000000e-01 3.25855739232495736e-02 -3.98722026890654183e-02
2.13125000000000009e-01 -3.75000000000000000e-01 3.09889288353808190e-02 -4.61116223433941236e-02
2.13125000000000009e-01 -3.28125000000000000e-01 2.96044578974821032e-02 -5.32557541366155199e-02
2.13125000000000009e-01 -2.81250000000000000e-01 2.84242130228314106e-02 -6.15235550892825403e-02
2.13125000000000009e-01 -2.34375000000000000e-01 2.74404566853436310e-02 -7.17982211013014765e-02
2.13125000000000009e-01 -1.87500000000000000e-01 2.66460902037774991e-02 -8.26118598253974823e-02
2.13125000000000009e-01 -1.40625000000000000e-01 2.60349669521045685e-02 -9.36449807976626886e-02
2.13125000000000009e-01 -9.37500000000000000e-02 2.56021145818712478e-02 -1.03311985712388588e-01
2.13125000000000009e-01 -4.68750000000000000e-02 2.53438866534635224e-02 -1.09952781348069725e-01
2.13125000000000009e-01 0.00000000000000000e+00 2.52580596423454783e-02 -1.12321024972647135e-01
2.13125000000000009e-01 4.68750000000000000e-02 2.53438866534634669e-02 -1.09952781348070461e-01
2.13125000000000009e-01 9.37500000000000000e-02 2.56021145818712478e-02 -1.03311985712388588e-01
2.13125000000000009e-01 1.40625000000000000e-01 2.60349669521045685e-02 -9.36449807976626886e-02
2.13125000000000009e-01 1.87500000000000000e-01 2.66460902037773395e-02 -8.26118598253992586e-02
2.13125000000000009e-01 2.34375000000000000e-01 2.74404566853435339e-02 -7.17982211013022120e-02
2.13125000000000009e-01 2.81250000000000000e-01 2.84242130228313655e-02 -6.15235550892832203e-02
2.13125000000000009e-01 3.28125000000000000e-01 2.96044578974822038e-02 -5.32557541366147080e-02
2.13125000000000009e-01 3.75000000000000000e-01 3.09889288353808259e-02 -4.61116223433939570e-02
2.13125000000000009e-01 4.21875000000000000e-01 3.25855739232496985e-02 -3.98722026890643913e-02
2.13125000000000009e-01 4.68750000000000000e-01 3.44019823932929097e-02 -3.33009285116196638e-02
2.13125000000000009e-01 5.15625000000000000e-01 3.64446493162000687e-02 -2.53493891215830248e-02
2.13125000000000009e-01 5.62500000000000000e-01 3.87180564087031276e-02 -1.62560800200668258e-02
2.13125000000000009e-01 6.09375000000000000e-01 4.12235659575494809e-02 -7.80088084836675754e-03
2.13125000000000009e-01 6.56250000000000000e-01 4.39581509152069325e-02 -2.34766693522194848e-03
2.13125000000000009e-01 7.03125000000000000e-01 4.69130231231488781e-02 -3.38514149886897265e-04
2.13125000000000009e-01 7.50000000000000000e-01 5.00722721903273660e-02 -1.56880686352092201e-05
2.13125000000000009e-01 7.96875000000000000e-01 5.34116831167534625e-02 -1.39020218902605118e-07
2.13125000000000009e-01 8.43750000000000000e-01 5.68979469752895345e-02 -1.49632494519230534e-10
2.13125000000000009e-01 8.90625000000000000e-01 6.04884942403974904e-02 -2.16471276385333380e-14
2.13125000000000009e-01 9.37500000000000000e-01 6.41321413254839073e-02 -1.21569660243859729e-18
2.22187499999999982e-01 -8.90625000000000000e-01 6.57301654999465079e-02 -1.85290410325218268e-19
2.22187499999999982e-01 -8.43750000000000000e-01 6.18155331068020245e-02 -4.43806112268974114e-15
2.22187499999999982e-01 -7.96875000000000000e-01 5.80162159800222121e-02 -5.44958220885929672e-11
2.22187499999999982e-01 -7.50000000000000000e-01 5.43786455151167442e-02 -8.79726796556853490e-08
2.22187499999999982e-01 -7.03125000000000000e-01 5.09390054569755640e-02 -1.44069049437350686e-05
2.22187499999999982e-01 -6.56250000000000000e-01 4.77234515342563753e-02 -3.83638687199308148e-04
2.22187499999999982e-01 -6.09375000000000000e-01 4.47490180662088594e-02 -2.98822240856978826e-03
2.22187499999999982e-01 -5.62500000000000000e-01 4.20249503786140760e-02 -1.06613858711021112e-02
2.22187499999999982e-01 -5.15625000000000000e-01 3.95542228504879578e-02 -2.34082508086497325e-02
2.22187499999999982e-01 -4.68750000000000000e-01 3.73350570783957184e-02 -3.81778718441897202e-02
2.22187499999999982e-01 -4.21875000000000000e-01 3.53623182398406233e-02 -5.22258040864784709e-02
2.22187499999999982e-01 -3.75000000000000000e-01 3.36287244184670722e-02 -6.48772565876480495e-02
2.22187499999999982e-01 -3.28125000000000000e-01 3.21258464619728762e-02 -7.69163803158637166e-02
2.22187499999999982e-01 -2.81250000000000000e-01 3.08449040676319203e-02 -8.91170042282108804e-02
2.22187499999999982e-01 -2.34375000000000000e-01 2.97773795763664854e-02 -1.02668517620688113e-01
2.22187499999999982e-01 -1.87500000000000000e-01 2.89154777422948595e-02 -1.16513511830864017e-01
2.22187499999999982e-01 -1.40625000000000000e-01 2.82524606610921811e-02 -1.30202467830283997e-01
2.22187499999999982e-01 -9.37500000000000000e-02 2.77828845290872470e-02 -1.42107950013076301e-01
2.22187499999999982e-01 -4.68750000000000000e-02 2.75027606486455238e-02 -1.50274216937947791e-01
2.22187499999999982e-01 0.00000000000000000e+00 2.74096581323805752e-02 -1.53186364357483534e-01
2.22187499999999982e-01 4.68750000000000000e-02 2.75027606486456175e-02 -1.50274216937948180e-01
2.22187499999999982e-01 9.37500000000000000e-02 2.77828845290872470e-02 -1.42107950013076301e-01
2.22187499999999982e-01 1.40625000000000000e-01 2.82524606610921013e-02 -1.30202467830285884e-01
2.22187499999999982e-01 1.87500000000000000e-01 2.89154777422948629e-02 -1.16513511830863128e-01
2.22187499999999982e-01 2.34375000000000000e-01 2.97773795763664403e-02 -1.02668517620688932e-01
2.22187499999999982e-01 2.81250000000000000e-01 3.08449040676320452e-02 -8.91170042282081049e-02
2.22187499999999982e-01 3.28125000000000000e-01 3.21258464619728762e-02 -7.69163803158637166e-02
2.22187499999999982e-01 3.75000000000000000e-01 3.36287244184670375e-02 -6.48772565876482993e-02
2.22187499999999982e-01 4.21875000000000000e-01 3.53623182398406719e-02 -5.22258040864784709e-02
2.22187499999999982e-01 4.68750000000000000e-01 3.73350570783956837e-02 -3.81778718441904003e-02
2.22187499999999982e-01 5.15625000000000000e-01 3.95542228504879717e-02 -2.34082508086494098e-02
2.22187499999999982e-01 5.62500000000000000e-01 4.20249503786141662e-02 -1.06613858711017487e-02
2.22187499999999982e-01 6.09375000000000000e-01 4.47490180662088177e-02 -2.98822240856985721e-03
2.22187499999999982e-01 6.56250000000000000e-01 4.77234515342564516e-02 -3.83638687199283753e-04
2.22187499999999982e-01 7.03125000000000000e-01 5.09390054569756057e-02 -1.44069049437342352e-05
2.22187499999999982e-01 7.50000000000000000e-01 5.43786455151167789e-02 -8.79726796556807829e-08
2.22187499999999982e-01 7.96875000000000000e-01 5.80162159800222260e-02 -5.44958220885910932e-11
2.22187499999999982e-01 8.43750000000000000e-01 6.18155331068020453e-02 -4.43806112268953209e-15
2.22187499999999982e-01 8.90625000000000000e-01 6.57301654999464940e-02 -1.85290410325228331e-19
2.31250000000000011e-01 -7.96875000000000000e-01 6.28062634253644947e-02 -2.82480196231042027e-15
2.31250000000000011e-01 -7.50000000000000000e-01 5.88567398044273077e-02 -4.29372444652129952e-11
2.31250000000000011e-01 -7.03125000000000000e-01 5.51240397129974871e-02 -8.83985976327828357e-08
2.31250000000000011e-01 -6.56250000000000000e-01 5.16363049469981267e-02 -1.71017052473776659e-05
2.31250000000000011e-01 -6.09375000000000000e-01 4.84116889256648100e-02 -4.98218210071153973e-04
2.31250000000000011e-01 -5.62500000000000000e-01 4.54598546637052653e-02 -4.07026339345779083e-03
2.31250000000000011e-01 -5.15625000000000000e-01 4.27836633775594763e-02 -1.49987771519003773e-02
2.31250000000000011e-01 -4.68750000000000000e-01 4.03808497554803553e-02 -3.39271261265770563e-02
2.31250000000000011e-01 -4.21875000000000000e-01 3.82455524850542211e-02 -5.70628854014589501e-02
2.31250000000000011e-01 -3.75000000000000000e-01 3.63696319322306047e-02 -8.04481384086639384e-02
2.31250000000000011e-01 -3.28125000000000000e-01 3.47437537651164308e-02 -1.02305434151295241e-01
2.31250000000000011e-01 -2.81250000000000000e-01 3.33582474998162237e-02 -1.22887176862946521e-01
2.31250000000000011e-01 -2.34375000000000000e-01 3.22037654241051838e-02 -1.43106214918048896e-01
2.31250000000000011e-01 -1.87500000000000000e-01 3.12717740392540328e-02 -1.62536446996010026e-01
2.31250000000000011e-01 -1.40625000000000000e-01 3.05549105879129833e-02 -1.80635080100256945e-01
2.31250000000000011e-01 -9.37500000000000000e-02 3.00472340981589002e-02 -1.95948483621862207e-01
2.31250000000000011e-01 -4.68750000000000000e-02 2.97443954873217314e-02 -2.06326146507681829e-01
2.31250000000000011e-01 0.00000000000000000e+00 2.96437457310477770e-02 -2.10011406374072396e-01
2.31250000000000011e-01 4.68750000000000000e-02 2.97443954873216378e-02 -2.06326146507687352e-01
2.31250000000000011e-01 9.37500000000000000e-02 3.00472340981588967e-02 -1.95948483621863428e-01
2.31250000000000011e-01 1.40625000000000000e-01 3.05549105879129833e-02 -1.80635080100256945e-01
2.31250000000000011e-01 1.87500000000000000e-01 3.12717740392538940e-02 -1.62536446996012940e-01
2.31250000000000011e-01 2.34375000000000000e-01 3.22037654241052046e-02 -1.43106214918051144e-01
2.31250000000000011e-01 2.81250000000000000e-01 3.33582474998161821e-02 -1.22887176862946992e-01
2.31250000000000011e-01 3.28125000000000000e-01 3.47437537651164308e-02 -1.02305434151295241e-01
2.31250000000000011e-01 3.75000000000000000e-01 3.63696319322306255e-02 -8.04481384086640078e-02
2.31250000000000011e-01 4.21875000000000000e-01 3.82455524850541517e-02 -5.70628854014592485e-02
2.31250000000000011e-01 4.68750000000000000e-01 4.03808497554802998e-02 -3.39271261265773616e-02
2.31250000000000011e-01 5.15625000000000000e-01 4.27836633775595179e-02 -1.49987771518999991e-02
2.31250000000000011e-01 5.62500000000000000e-01 4.54598546637051820e-02 -4.07026339345798339e-03
2.31250000000000011e-01 6.09375000000000000e-01 4.84116889256646782e-02 -4.98218210071211111e-04
2.31250000000000011e-01 6.56250000000000000e-01 5.16363049469981267e-02 -1.71017052473776659e-05
2.31250000000000011e-01 7.03125000000000000e-01 5.51240397129974802e-02 -8.83985976327863032e-08
2.31250000000000011e-01 7.50000000000000000e-01 5.88567398044272522e-02 -4.29372444652183072e-11
2.31250000000000011e-01 7.96875000000000000e-01 6.28062634253644947e-02 -2.82480196231043052e-15
2.40312499999999984e-01 -7.50000000000000000e-01 6.35055345653653264e-02 -4.73096315601789019e-15
2.40312499999999984e-01 -7.03125000000000000e-01 5.94669911886088615e-02 -6.70289143695355781e-11
2.40312499999999984e-01 -6.56250000000000000e-01 5.56955090754500462e-02 -1.34303000028533875e-07
2.40312499999999984e-01 -6.09375000000000000e-01 5.22103474903665432e-02 -2.54504002374326418e-05
2.40312499999999984e-01 -5.62500000000000000e-01 4.90215388052087295e-02 -7.27401903765799852e-04
2.40312499999999984e-01 -5.15625000000000000e-01 4.61317622775639091e-02 -5.87344806025552439e-03
2.40312499999999984e-01 -4.68750000000000000e-01 4.35381876791599426e-02 -2.16256396338282315e-02
2.40312499999999984e-01 -4.21875000000000000e-01 4.12341478888748336e-02 -4.93734397260810406e-02
2.40312499999999984e-01 -3.75000000000000000e-01 3.92105700085084996e-02 -8.43708445655724087e-02
2.40312499999999984e-01 -3.28125000000000000e-01 3.74571457131780000e-02 -1.20788484128269813e-01
2.40312499999999984e-01 -2.81250000000000000e-01 3.59632537520083659e-02 -1.55837048461246408e-01
2.40312499999999984e-01 -2.34375000000000000e-01 3.47186645602611879e-02 -1.88467834422080899e-01
2.40312499999999984e-01 -1.87500000000000000e-01 3.37140633869369780e-02 -2.18285744318219926e-01
2.40312499999999984e-01 -1.40625000000000000e-01 3.29414281585440338e-02 -2.44358772163578875e-01
2.40312499999999984e-01 -9.37500000000000000e-02 3.23942944418210699e-02 -2.65520852150000874e-01
2.40312499999999984e-01 -4.68750000000000000e-02 3.20679342852838445e-02 -2.79547261274662062e-01
2.40312499999999984e-01 0.00000000000000000e+00 3.19594695618879293e-02 -2.84482189682710440e-01
2.40312499999999984e-01 4.68750000000000000e-02 3.20679342852837959e-02 -2.79547261274664782e-01
2.40312499999999984e-01 9.37500000000000000e-02 3.23942944418211115e-02 -2.65520852150001374e-01
2.40312499999999984e-01 1.40625000000000000e-01 3.29414281585440893e-02 -2.44358772163577043e-01
2.40312499999999984e-01 1.87500000000000000e-01 3.37140633869369849e-02 -2.18285744318219121e-01
2.40312499999999984e-01 2.34375000000000000e-01 3.47186645602612365e-02 -1.88467834422077929e-01
2.40312499999999984e-01 2.81250000000000000e-01 3.59632537520084422e-02 -1.55837048461245242e-01
2.40312499999999984e-01 3.28125000000000000e-01 3.74571457131778890e-02 -1.20788484128273685e-01
2.40312499999999984e-01 3.75000000000000000e-01 3.92105700085084996e-02 -8.43708445655724087e-02
2.40312499999999984e-01 4.21875000000000000e-01 4.12341478888749169e-02 -4.93734397260797223e-02
2.40312499999999984e-01 4.68750000000000000e-01 4.35381876791599426e-02 -2.16256396338282315e-02
2.40312499999999984e-01 5.15625000000000000e-01 4.61317622775639646e-02 -5.87344806025531969e-03
2.40312499999999984e-01 5.62500000000000000e-01 4.90215388052088405e-02 -7.27401903765732415e-04
2.40312499999999984e-01 6.09375000000000000e-01 5.22103474903666542e-02 -2.54504002374289013e-05
2.40312499999999984e-01 6.56250000000000000e-01 5.56955090754501086e-02 -1.34303000028519528e-07
2.40312499999999984e-01 7.03125000000000000e-01 5.94669911886089170e-02 -6.70289143695282886e-11
2.40312499999999984e-01 7.50000000000000000e-01 6.35055345653653125e-02 -4.73096315601794226e-15
2.49375000000000013e-01 -7.03125000000000000e-01 6.39666620652642876e-02 -1.71302476306239604e-14
2.49375000000000013e-01 -6.56250000000000000e-01 5.98997987031691659e-02 -1.80462524012596590e-10
2.49375000000000013e-01 -6.09375000000000000e-01 5.61437014216085786e-02 -2.83850001133176338e-07
2.49375000000000013e-01 -5.62500000000000000e-01 5.27087140503287588e-02 -4.52346608754477175e-05
2.49375000000000013e-01 -5.15625000000000000e-01 4.95972562266145528e-02 -1.16082327284949154e-03
2.49375000000000013e-01 -4.68750000000000000e-01 4.68058471730559283e-02 -8.82776613615116751e-03
2.49375000000000013e-01 -4.21875000000000000e-01 4.43269284322894697e-02 -3.16005899045760305e-02
2.49375000000000013e-01 -3.75000000000000000e-01 4.21504134503093569e-02 -7.15037861041688122e-02
2.49375000000000013e-01 -3.28125000000000000e-01 4.02649474448937283e-02 -1.22277865733322194e-01
2.49375000000000013e-01 -2.81250000000000000e-01 3.86588951437321568e-02 -1.76395772557824820e-01
2.49375000000000013e-01 -2.34375000000000000e-01 3.73210914334049515e-02 -2.28198243325201500e-01
2.49375000000000013e-01 -1.87500000000000000e-01 3.62413959996211663e-02 -2.75251312365232093e-01
2.49375000000000013e-01 -1.40625000000000000e-01 3.54110921091595268e-02 -3.15026896842663717e-01
2.49375000000000013e-01 -9.37500000000000000e-02 3.48231650047507446e-02 -3.46214707465269889e-01
2.49375000000000013e-01 -4.68750000000000000e-02 3.44724890350329854e-02 -3.66423865397468795e-01
2.49375000000000013e-01 0.00000000000000000e+00 3.43559458193259254e-02 -3.73461973117109713e-01
2.49375000000000013e-01 4.68750000000000000e-02 3.44724890350329022e-02 -3.66423865397471460e-01
2.49375000000000013e-01 9.37500000000000000e-02 3.48231650047507099e-02 -3.46214707465270888e-01
2.49375000000000013e-01 1.40625000000000000e-01 3.54110921091595060e-02 -3.15026896842664383e-01
2.49375000000000013e-01 1.87500000000000000e-01 3.62413959996212148e-02 -2.75251312365229928e-01
2.49375000000000013e-01 2.34375000000000000e-01 3.73210914334048960e-02 -2.28198243325204386e-01
2.49375000000000013e-01 2.81250000000000000e-01 3.86588951437322123e-02 -1.76395772557823100e-01
2.49375000000000013e-01 3.28125000000000000e-01 4.02649474448937283e-02 -1.22277865733322194e-01
2.49375000000000013e-01 3.75000000000000000e-01 4.21504134503095512e-02 -7.15037861041644962e-02
2.49375000000000013e-01 4.21875000000000000e-01 4.43269284322894974e-02 -3.16005899045758570e-02
2.49375000000000013e-01 4.68750000000000000e-01 4.68058471730558867e-02 -8.82776613615133925e-03
2.49375000000000013e-01 5.15625000000000000e-01 4.95972562266144834e-02 -1.16082327284955269e-03
2.49375000000000013e-01 5.62500000000000000e-01 5.27087140503287171e-02 -4.52346608754502315e-05
2.49375000000000013e-01 6.09375000000000000e-01 5.61437014216086203e-02 -2.83850001133161409e-07
2.49375000000000013e-01 6.56250000000000000e-01 5.98997987031692283e-02 -1.80462524012566760e-10
2.49375000000000013e-01 7.03125000000000000e-01 6.39666620652642876e-02 -1.71302476306239447e-14
2.58437499999999987e-01 -6.56250000000000000e-01 6.42478436077552478e-02 -1.09927844462015551e-13
2.58437499999999987e-01 -6.09375000000000000e-01 6.02103956568630153e-02 -7.26586712709511053e-10
2.58437499999999987e-01 -5.62500000000000000e-01 5.65200323282832873e-02 -7.59321065739692748e-07
2.58437499999999987e-01 -5.15625000000000000e-01 5.31788265243909042e-02 -9.10787601332795467e-05
2.58437499999999987e-01 -4.68750000000000000e-01 5.01825532452167128e-02 -1.96636329206079747e-03
2.58437499999999987e-01 -4.21875000000000000e-01 4.75226706885642641e-02 -1.35839231585247258e-02
2.58437499999999987e-01 -3.75000000000000000e-01 4.51879932442885365e-02 -4.61979517938678821e-02
2.58437499999999987e-01 -3.28125000000000000e-01 4.31660434698522139e-02 -1.02115025807111806e-01
2.58437499999999987e-01 -2.81250000000000000e-01 4.14441061098634322e-02 -1.73200697172929796e-01
2.58437499999999987e-01 -2.34375000000000000e-01 4.00100249001368383e-02 -2.48056624481786558e-01
2.58437499999999987e-01 -1.87500000000000000e-01 3.88527883471362911e-02 -3.19022526334018341e-01
2.58437499999999987e-01 -1.40625000000000000e-01 3.79629488473080187e-02 -3.79486871483862787e-01
2.58437499999999987e-01 -9.37500000000000000e-02 3.73329139017075859e-02 -4.26372273714176131e-01
2.58437499999999987e-01 -4.68750000000000000e-02 3.69571409930112976e-02 -4.56412949386288347e-01
2.58437499999999987e-01 0.00000000000000000e+00 3.68322601587556114e-02 -4.66808511646040925e-01
2.58437499999999987e-01 4.68750000000000000e-02 3.69571409930112976e-02 -4.56412949386288347e-01
2.58437499999999987e-01 9.37500000000000000e-02 3.73329139017075443e-02 -4.26372273714181627e-01
2.58437499999999987e-01 1.40625000000000000e-01 3.79629488473080257e-02 -3.79486871483862787e-01
2.58437499999999987e-01 1.87500000000000000e-01 3.88527883471362911e-02 -3.19022526334018341e-01
2.58437499999999987e-01 2.34375000000000000e-01 4.00100249001368383e-02 -2.48056624481786558e-01
2.58437499999999987e-01 2.81250000000000000e-01 4.14441061098633420e-02 -1.73200697172933044e-01
2.58437499999999987e-01 3.28125000000000000e-01 4.31660434698522902e-02 -1.02115025807109058e-01
2.58437499999999987e-01 3.75000000000000000e-01 4.51879932442884949e-02 -4.61979517938684373e-02
2.58437499999999987e-01 4.21875000000000000e-01 4.75226706885643752e-02 -1.35839231585237440e-02
2.58437499999999987e-01 4.68750000000000000e-01 5.01825532452166226e-02 -1.96636329206095403e-03
2.58437499999999987e-01 5.15625000000000000e-01 5.31788265243908972e-02 -9.10787601332796145e-05
2.58437499999999987e-01 5.62500000000000000e-01 5.65200323282832873e-02 -7.59321065739692960e-07
2.58437499999999987e-01 6.09375000000000000e-01 6.02103956568630846e-02 -7.26586712709421304e-10
2.58437499999999987e-01 6.56250000000000000e-01 6.42478436077552201e-02 -1.09927844462019880e-13
2.67499999999999960e-01 -6.09375000000000000e-01 6.44090109266261257e-02 -1.04452390294203779e-12
2.67499999999999960e-01 -5.62500000000000000e-01 6.04540852002215662e-02 -3.81096567216710864e-09
2.67499999999999960e-01 -5.15625000000000000e-01 5.68750984144698463e-02 -2.35477519213550759e-06
2.67499999999999960e-01 -4.68750000000000000e-01 5.36669792087755074e-02 -1.97307235286129311e-04
2.67499999999999960e-01 -4.21875000000000000e-01 5.08201036774656376e-02 -3.43330229551848170e-03
2.67499999999999960e-01 -3.75000000000000000e-01 4.83220965904625419e-02 -2.09974190067793616e-02
2.67499999999999960e-01 -3.28125000000000000e-01 4.61592778261795678e-02 -6.69479889757215313e-02
2.67499999999999960e-01 -2.81250000000000000e-01 4.43177834490823541e-02 -1.42897732554807172e-01
2.67499999999999960e-01 -2.34375000000000000e-01 4.27844085361795551e-02 -2.36607015362786305e-01
2.67499999999999960e-01 -1.87500000000000000e-01 4.15472235079263549e-02 -3.33710851719981105e-01
2.67499999999999960e-01 -1.40625000000000000e-01 4.05960128320789551e-02 -4.20372327193448525e-01
2.67499999999999960e-01 -9.37500000000000000e-02 3.99225783141894386e-02 -4.88683164452019092e-01
2.67499999999999960e-01 -4.68750000000000000e-02 3.95209410850437537e-02 -5.32649958492705244e-01
2.67499999999999960e-01 0.00000000000000000e+00 3.93874681047345215e-02 -5.47875690725382891e-01
2.67499999999999960e-01 4.68750000000000000e-02 3.95209410850437606e-02 -5.32649958492705577e-01
2.67499999999999960e-01 9.37500000000000000e-02 3.99225783141894386e-02 -4.88683164452019092e-01
2.67499999999999960e-01 1.40625000000000000e-01 4.05960128320789065e-02 -4.20372327193455408e-01
2.67499999999999960e-01 1.87500000000000000e-01 4.15472235079263619e-02 -3.33710851719981105e-01
2.67499999999999960e-01 2.34375000000000000e-01 4.27844085361796106e-02 -2.36607015362779088e-01
2.67499999999999960e-01 2.81250000000000000e-01 4.43177834490824513e-02 -1.42897732554802370e-01
2.67499999999999960e-01 3.28125000000000000e-01 4.61592778261796788e-02 -6.69479889757179508e-02
2.67499999999999960e-01 3.75000000000000000e-01 4.83220965904623476e-02 -2.09974190067818527e-02
2.67499999999999960e-01 4.21875000000000000e-01 5.08201036774656376e-02 -3.43330229551848257e-03
2.67499999999999960e-01 4.68750000000000000e-01 5.36669792087755004e-02 -1.97307235286129609e-04
2.67499999999999960e-01 5.15625000000000000e-01 5.68750984144698532e-02 -2.35477519213547243e-06
2.67499999999999960e-01 5.62500000000000000e-01 6.04540852002216356e-02 -3.81096567216662308e-09
2.67499999999999960e-01 6.09375000000000000e-01 6.44090109266262784e-02 -1.04452390294168863e-12
2.76562499999999989e-01 -5.62500000000000000e-01 6.45094027856857460e-02 -1.25906077587550449e-11
2.76562499999999989e-01 -5.15625000000000000e-01 6.06846404003867565e-02 -2.31405937746170511e-08
2.76562499999999989e-01 -4.68750000000000000e-01 5.72577463107391341e-02 -7.88417130466630314e-06
2.76562499999999989e-01 -4.21875000000000000e-01 5.42179087349390076e-02 -4.41475206760261673e-04
2.76562499999999989e-01 -3.75000000000000000e-01 5.15514669512313478e-02 -6.04198953408537597e-03
2.76562499999999989e-01 -3.28125000000000000e-01 4.92434542591525387e-02 -3.22669627595073283e-02
2.76562499999999989e-01 -2.81250000000000000e-01 4.72787865935534943e-02 -9.52187864436118692e-02
2.76562499999999989e-01 -2.34375000000000000e-01 4.56431509683086073e-02 -1.93138284374310493e-01
2.76562499999999989e-01 -1.87500000000000000e-01 4.43236515422731209e-02 -3.09719268606804321e-01
2.76562499999999989e-01 -1.40625000000000000e-01 4.33092669737129496e-02 -4.22693293771124246e-01
2.76562499999999989e-01 -9.37500000000000000e-02 4.25911649059537573e-02 -5.15637708759955071e-01
2.76562499999999989e-01 -4.68750000000000000e-02 4.21629103302636060e-02 -5.76689465723660422e-01
2.76562499999999989e-01 0.00000000000000000e+00 4.20205954775132937e-02 -5.98006648455219336e-01
2.76562499999999989e-01 4.68750000000000000e-02 4.21629103302636199e-02 -5.76689465723665418e-01
2.76562499999999989e-01 9.37500000000000000e-02 4.25911649059538128e-02 -5.15637708759948077e-01
2.76562499999999989e-01 1.40625000000000000e-01 4.33092669737129010e-02 -4.22693293771134293e-01
2.76562499999999989e-01 1.87500000000000000e-01 4.43236515422731070e-02 -3.09719268606800047e-01
2.76562499999999989e-01 2.34375000000000000e-01 4.56431509683086142e-02 -1.93138284374309077e-01
2.76562499999999989e-01 2.81250000000000000e-01 4.72787865935535637e-02 -9.52187864436093712e-02
2.76562499999999989e-01 3.28125000000000000e-01 4.92434542591526012e-02 -3.22669627595053993e-02
2.76562499999999989e-01 3.75000000000000000e-01 5.15514669512313478e-02 -6.04198953408537770e-03
2.76562499999999989e-01 4.21875000000000000e-01 5.42179087349390007e-02 -4.41475206760261511e-04
2.76562499999999989e-01 4.68750000000000000e-01 5.72577463107391063e-02 -7.88417130466658775e-06
2.76562499999999989e-01 5.15625000000000000e-01 6.06846404003867634e-02 -2.31405937746170511e-08
2.76562499999999989e-01 5.62500000000000000e-01 6.45094027856856905e-02 -1.25906077587565280e-11
2.85624999999999962e-01 -5.15625000000000000e-01 6.46059635607438981e-02 -1.69609751470885890e-10
2.85624999999999962e-01 -4.68750000000000000e-01 6.09534233719876903e-02 -1.48351239174119768e-07
2.85624999999999962e-01 -4.21875000000000000e-01 5.77147194008947734e-02 -2.69980563266014011e-05
2.85624999999999962e-01 -3.75000000000000000e-01 5.48748041218539845e-02 -9.92678840404080188e-04
2.85624999999999962e-01 -3.28125000000000000e-01 5.24173364224031629e-02 -1.05682305751698645e-02
2.85624999999999962e-01 -2.81250000000000000e-01 5.03259379010897873e-02 -4.87775053539308417e-02
2.85624999999999962e-01 -2.34375000000000000e-01 4.85851262280330848e-02 -1.30943056809681241e-01
2.85624999999999962e-01 -1.87500000000000000e-01 4.71809898863293706e-02 -2.50594464379714943e-01
2.85624999999999962e-01 -1.40625000000000000e-01 4.61016630531271288e-02 -3.81576641133116790e-01
2.85624999999999962e-01 -9.37500000000000000e-02 4.53376502577283180e-02 -4.97223151400166874e-01
2.85624999999999962e-01 -4.68750000000000000e-02 4.48820402837670357e-02 -5.75981063931894965e-01
2.85624999999999962e-01 0.00000000000000000e+00 4.47306388381587747e-02 -6.03890128980019036e-01
2.85624999999999962e-01 4.68750000000000000e-02 4.48820402837670912e-02 -5.75981063931890525e-01
2.85624999999999962e-01 9.37500000000000000e-02 4.53376502577283597e-02 -4.97223151400162877e-01
2.85624999999999962e-01 1.40625000000000000e-01 4.61016630531270455e-02 -3.81576641133123118e-01
2.85624999999999962e-01 1.87500000000000000e-01 4.71809898863293706e-02 -2.50594464379714943e-01
2.85624999999999962e-01 2.34375000000000000e-01 4.85851262280330431e-02 -1.30943056809685016e-01
2.85624999999999962e-01 2.81250000000000000e-01 5.03259379010897873e-02 -4.87775053539308417e-02
2.85624999999999962e-01 3.28125000000000000e-01 5.24173364224032046e-02 -1.05682305751694204e-02
2.85624999999999962e-01 3.75000000000000000e-01 5.48748041218540261e-02 -9.92678840404017521e-04
2.85624999999999962e-01 4.21875000000000000e-01 5.77147194008948011e-02 -2.69980563266005676e-05
2.85624999999999962e-01 4.68750000000000000e-01 6.09534233719875862e-02 -1.48351239174148753e-07
2.85624999999999962e-01 5.15625000000000000e-01 6.46059635607439120e-02 -1.69609751470877541e-10
2.94687499999999991e-01 -4.68750000000000000e-01 6.47525264418129243e-02 -2.31572714158945681e-09
2.94687499999999991e-01 -4.21875000000000000e-01 6.13091213279118030e-02 -9.40830622908574623e-07
2.94687499999999991e-01 -3.75000000000000000e-01 5.82907643246322466e-02 -9.13081940538883289e-05
2.94687499999999991e-01 -3.28125000000000000e-01 5.56796481034544377e-02 -2.20790774142919002e-03
2.94687499999999991e-01 -2.81250000000000000e-01 5.34580229710805849e-02 -1.82024479891400200e-02
2.94687499999999991e-01 -2.34375000000000000e-01 5.16091741279586097e-02 -7.12402119597176087e-02
2.94687499999999991e-01 -1.87500000000000000e-01 5.01181237676235902e-02 -1.73473477935072978e-01
2.94687499999999991e-01 -1.40625000000000000e-01 4.89721221618090105e-02 -3.06257101002675114e-01
2.94687499999999991e-01 -9.37500000000000000e-02 4.81609813214407892e-02 -4.36380119644333431e-01
2.94687499999999991e-01 -4.68750000000000000e-02 4.76772934982579583e-02 -5.29954341968864484e-01
2.94687499999999991e-01 0.00000000000000000e+00 4.75165659524690309e-02 -5.63846581749963272e-01
2.94687499999999991e-01 4.68750000000000000e-02 4.76772934982579166e-02 -5.29954341968867038e-01
2.94687499999999991e-01 9.37500000000000000e-02 4.81609813214407892e-02 -4.36380119644333431e-01
2.94687499999999991e-01 1.40625000000000000e-01 4.89721221618090036e-02 -3.06257101002672505e-01
2.94687499999999991e-01 1.87500000000000000e-01 5.01181237676234931e-02 -1.73473477935084636e-01
2.94687499999999991e-01 2.34375000000000000e-01 5.16091741279585403e-02 -7.12402119597209116e-02
2.94687499999999991e-01 2.81250000000000000e-01 5.34580229710805224e-02 -1.82024479891406896e-02
2.94687499999999991e-01 3.28125000000000000e-01 5.56796481034544447e-02 -2.20790774142916920e-03
2.94687499999999991e-01 3.75000000000000000e-01 5.82907643246322951e-02 -9.13081940538814171e-05
2.94687499999999991e-01 4.21875000000000000e-01 6.13091213279118030e-02 -9.40830622908575470e-07
2.94687499999999991e-01 4.68750000000000000e-01 6.47525264418128965e-02 -2.31572714158964210e-09
3.03749999999999964e-01 -4.21875000000000000e-01 6.49996522138230892e-02 -2.99038987982605336e-08
3.03749999999999964e-01 -3.75000000000000000e-01 6.17979603291371263e-02 -5.67154050734337478e-06
3.03749999999999964e-01 -3.28125000000000000e-01 5.90290734753512458e-02 -2.99900267872816836e-04
3.03749999999999964e-01 -2.81250000000000000e-01 5.66737909854914818e-02 -4.80491303791435748e-03
3.03749999999999964e-01 -2.34375000000000000e-01 5.47141006617594058e-02 -3.02142579977701317e-02
3.03749999999999964e-01 -1.87500000000000000e-01 5.31339066426807644e-02 -1.00981889023309485e-01
3.03749999999999964e-01 -1.40625000000000000e-01 5.19195351625253709e-02 -2.16891282388466972e-01
3.03749999999999964e-01 -9.37500000000000000e-02 5.10600758942760108e-02 -3.48425600574348127e-01
3.03749999999999964e-01 -4.68750000000000000e-02 5.05476040049050931e-02 -4.50721340790754210e-01
3.03749999999999964e-01 0.00000000000000000e+00 5.03773162739070482e-02 -4.88935592974529876e-01
3.03749999999999964e-01 4.68750000000000000e-02 5.05476040049051972e-02 -4.50721340790726954e-01
3.03749999999999964e-01 9.37500000000000000e-02 5.10600758942759553e-02 -3.48425600574354732e-01
3.03749999999999964e-01 1.40625000000000000e-01 5.19195351625254126e-02 -2.16891282388464002e-01
3.03749999999999964e-01 1.87500000000000000e-01 5.31339066426807644e-02 -1.00981889023309485e-01
3.03749999999999964e-01 2.34375000000000000e-01 5.47141006617593573e-02 -3.02142579977717103e-02
3.03749999999999964e-01 2.81250000000000000e-01 5.66737909854914262e-02 -4.80491303791467667e-03
3.03749999999999964e-01 3.28125000000000000e-01 5.90290734753513846e-02 -2.99900267872770703e-04
3.03749999999999964e-01 3.75000000000000000e-01 6.17979603291370916e-02 -5.67154050734406681e-06
3.03749999999999964e-01 4.21875000000000000e-01 6.49996522138231447e-02 -2.99038987982589917e-08
3.12812499999999993e-01 -3.75000000000000000e-01 6.53949616009186774e-02 -3.49944379116554776e-07
3.12812499999999993e-01 -3.28125000000000000e-01 6.24642573762231035e-02 -3.18939025441552040e-05
3.12812499999999993e-01 -2.81250000000000000e-01 5.99719550762695813e-02 -9.44188009856108653e-04
3.12812499999999993e-01 -2.34375000000000000e-01 5.78986784287049416e-02 -1.00314208105189377e-02
3.12812499999999993e-01 -1.87500000000000000e-01 5.62271606574024502e-02 -4.92107783180141742e-02
3.12812499999999993e-01 -1.40625000000000000e-01 5.49427631712771647e-02 -1.35478384047627937e-01
3.12812499999999993e-01 -9.37500000000000000e-02 5.40338231128518476e-02 -2.54372456762043175e-01
3.12812499999999993e-01 -4.68750000000000000e-02 5.34918778136334594e-02 -3.57481835957467908e-01
3.12812499999999993e-01 0.00000000000000000e+00 5.33118014457274747e-02 -3.97753402438012882e-01
3.12812499999999993e-01 4.68750000000000000e-02 5.34918778136334594e-02 -3.57481835957467908e-01
3.12812499999999993e-01 9.37500000000000000e-02 5.40338231128518059e-02 -2.54372456762047949e-01
3.12812499999999993e-01 1.40625000000000000e-01 5.49427631712771716e-02 -1.35478384047627104e-01
3.12812499999999993e-01 1.87500000000000000e-01 5.62271606574024918e-02 -4.92107783180126407e-02
3.12812499999999993e-01 2.34375000000000000e-01 5.78986784287050110e-02 -1.00314208105182368e-02
3.12812499999999993e-01 2.81250000000000000e-01 5.99719550762695675e-02 -9.44188009856127518e-04
3.12812499999999993e-01 3.28125000000000000e-01 6.24642573762231312e-02 -3.18939025441548991e-05
3.12812499999999993e-01 3.75000000000000000e-01 6.53949616009186357e-02 -3.49944379116583152e-07
3.21874999999999967e-01 -3.28125000000000000e-01 6.59838056186460298e-02 -3.62612967022407510e-06
3.21874999999999967e-01 -2.81250000000000000e-01 6.33511927204825076e-02 -1.64780636086118705e-04
3.21874999999999967e-01 -2.34375000000000000e-01 6.11616470836633258e-02 -2.82962855215471154e-03
3.21874999999999967e-01 -1.87500000000000000e-01 5.93966771308440319e-02 -2.06626725294019528e-02
3.21874999999999967e-01 -1.40625000000000000e-01 5.80406380609281500e-02 -7.59755550391330858e-02
3.21874999999999967e-01 -9.37500000000000000e-02 5.70810839678023915e-02 -1.72440790741516053e-01
3.21874999999999967e-01 -4.68750000000000000e-02 5.65089934330427687e-02 -2.68780744533015203e-01
3.21874999999999967e-01 0.00000000000000000e+00 5.63189058224807110e-02 -3.08864256050687958e-01
3.21874999999999967e-01 4.68750000000000000e-02 5.65089934330428242e-02 -2.68780744532999827e-01
3.21874999999999967e-01 9.37500000000000000e-02 5.70810839678024817e-02 -1.72440790741505035e-01
3.21874999999999967e-01 1.40625000000000000e-01 5.80406380609280598e-02 -7.59755550391394835e-02
3.21874999999999967e-01 1.87500000000000000e-01 5.93966771308441013e-02 -2.06626725294000030e-02
3.21874999999999967e-01 2.34375000000000000e-01 6.11616470836633258e-02 -2.82962855215471154e-03
3.21874999999999967e-01 2.81250000000000000e-01 6.33511927204826603e-02 -1.64780636086087398e-04
3.21874999999999967e-01 3.28125000000000000e-01 6.59838056186460298e-02 -3.62612967022407552e-06
3.30937499999999996e-01 -2.34375000000000000e-01 6.45017138135222101e-02 -7.84149121699918308e-04
3.30937499999999996e-01 -1.87500000000000000e-01 6.26412170630019360e-02 -8.15995612994119095e-03
3.30937499999999996e-01 -1.40625000000000000e-01 6.12119629868949564e-02 -4.04103844855258632e-02
3.30937499999999996e-01 -9.37500000000000000e-02 6.02006918390052895e-02 -1.12219319750760230e-01
3.30937499999999996e-01 -4.68750000000000000e-02 5.95978024101346815e-02 -1.96500183065257988e-01
3.30937499999999996e-01 0.00000000000000000e+00 5.93974870110331316e-02 -2.34606302494201807e-01
3.30937499999999996e-01 4.68750000000000000e-02 5.95978024101347786e-02 -1.96500183065246636e-01
3.30937499999999996e-01 9.37500000000000000e-02 6.02006918390052756e-02 -1.12219319750763713e-01
3.30937499999999996e-01 1.40625000000000000e-01 6.12119629868950257e-02 -4.04103844855243088e-02
3.30937499999999996e-01 1.87500000000000000e-01 6.26412170630018805e-02 -8.15995612994156218e-03
3.30937499999999996e-01 2.34375000000000000e-01 6.45017138135222101e-02 -7.84149121699918416e-04
3.39999999999999969e-01 -1.87500000000000000e-01 6.59595116672163362e-02 -3.40791704239852512e-03
3.39999999999999969e-01 -1.40625000000000000e-01 6.44555129352911843e-02 -2.17558085095098351e-02
3.39999999999999969e-01 -9.37500000000000000e-02 6.33914530517146746e-02 -7.35736133323698499e-02
3.39999999999999969e-01 -4.68750000000000000e-02 6.27571298899936292e-02 -1.45594408104773476e-01
3.39999999999999969e-01 0.00000000000000000e+00 6.25463764312406412e-02 -1.81311960307413395e-01
3.39999999999999969e-01 4.68750000000000000e-02 6.27571298899936569e-02 -1.45594408104769424e-01
3.39999999999999969e-01 9.37500000000000000e-02 6.33914530517147856e-02 -7.35736133323616620e-02
3.39999999999999969e-01 1.40625000000000000e-01 6.44555129352912537e-02 -2.17558085095085653e-02
3.39999999999999969e-01 1.87500000000000000e-01 6.59595116672163917e-02 -3.40791704239810792e-03
3.49062499999999942e-01 -4.68750000000000000e-02 6.59857751955601202e-02 -1.12888660381180977e-01
3.49062499999999942e-01 0.00000000000000000e+00 6.57643798963681303e-02 -1.45987438863943025e-01
3.49062499999999942e-01 4.68750000000000000e-02 6.59857751955600369e-02 -1.12888660381190623e-01
