# THE SAME REFERENCE WITH geq's phi_0 SOLVED POINTWISE TO
# ROOT-FIND PRECISION. geq's own field is neutral to about
# 5e-05, which moves its own Jtor by 2.2e-06 and is therefore
# the floor of any comparison against points.dat. Expression,
# profiles and species model are geq's throughout; only the
# scalar condition both codes share is solved harder.
#
#    R              z               psi             F_ref
5.90625000000000039e-02 -1.50000000000000000e+00 6.92540815974577919e-03 -9.11297529519074895e-05
5.90625000000000039e-02 -1.45312500000000000e+00 6.91478716370253106e-03 -9.16601689744433106e-05
5.90625000000000039e-02 -1.40625000000000000e+00 6.86950721597478012e-03 -9.39648772343864604e-05
5.90625000000000039e-02 -1.35937500000000000e+00 6.79029796997212675e-03 -9.81717698336396447e-05
5.90625000000000039e-02 -1.31250000000000000e+00 6.67837965355838441e-03 -1.04520378713974618e-04
5.90625000000000039e-02 -1.26562500000000000e+00 6.53549056821785528e-03 -1.13378145173478596e-04
5.90625000000000039e-02 -1.21875000000000000e+00 6.36391101322555507e-03 -1.25264200399244439e-04
5.90625000000000039e-02 -1.17187500000000000e+00 6.16647138411678154e-03 -1.40881321149210369e-04
5.90625000000000039e-02 -1.12500000000000000e+00 5.94653213940464324e-03 -1.61154195682819201e-04
5.90625000000000039e-02 -1.07812500000000000e+00 5.70792592846313188e-03 -1.87271466182813493e-04
5.90625000000000039e-02 1.07812500000000000e+00 5.70792592846316310e-03 -1.87271466182810647e-04
5.90625000000000039e-02 1.12500000000000000e+00 5.94653213940464498e-03 -1.61154195682816843e-04
5.90625000000000039e-02 1.17187500000000000e+00 6.16647138411678328e-03 -1.40881321149210369e-04
5.90625000000000039e-02 1.21875000000000000e+00 6.36391101322549869e-03 -1.25264200399248342e-04
5.90625000000000039e-02 1.26562500000000000e+00 6.53549056821785615e-03 -1.13378145173478596e-04
5.90625000000000039e-02 1.31250000000000000e+00 6.67837965355840696e-03 -1.04520378713972477e-04
5.90625000000000039e-02 1.35937500000000000e+00 6.79029796997212588e-03 -9.81717698336396447e-05
5.90625000000000039e-02 1.40625000000000000e+00 6.86950721597486772e-03 -9.39648772343813646e-05
5.90625000000000039e-02 1.45312500000000000e+00 6.91478716370250764e-03 -9.16601689744441780e-05
5.90625000000000039e-02 1.50000000000000000e+00 6.92540815974577919e-03 -9.11297529519074895e-05
6.81250000000000050e-02 -1.50000000000000000e+00 9.21676239882138031e-03 -5.46100195215053371e-05
6.81250000000000050e-02 -1.45312500000000000e+00 9.20260933483393363e-03 -5.50016779331707119e-05
6.81250000000000050e-02 -1.40625000000000000e+00 9.14230432389314708e-03 -5.67047541842829008e-05
6.81250000000000050e-02 -1.35937500000000000e+00 9.03681625990466857e-03 -5.98223125938248255e-05
6.81250000000000050e-02 -1.31250000000000000e+00 8.88776612633825416e-03 -6.45478974934260847e-05
6.81250000000000050e-02 -1.26562500000000000e+00 8.69746446713992073e-03 -7.11799086820341897e-05
6.81250000000000050e-02 -1.21875000000000000e+00 8.46894429196134828e-03 -8.01428967293416126e-05
6.81250000000000050e-02 -1.17187500000000000e+00 8.20597293349973472e-03 -9.19475857072009665e-05
6.81250000000000050e-02 -1.12500000000000000e+00 7.91302625148325445e-03 -1.07167565716104765e-04
6.81250000000000050e-02 -1.07812500000000000e+00 7.59521202849096095e-03 -1.26565294607715236e-04
6.81250000000000050e-02 -1.03125000000000000e+00 7.25813654345027360e-03 -1.51021202807609210e-04
6.81250000000000050e-02 -9.84375000000000000e-01 6.90771819533447188e-03 -1.82203361413435397e-04
6.81250000000000050e-02 -9.37500000000000000e-01 6.54996260859663261e-03 -2.22671318158250257e-04
6.81250000000000050e-02 -8.90625000000000000e-01 6.19072215287282818e-03 -2.74941910750128426e-04
6.81250000000000050e-02 -8.43750000000000000e-01 5.83546680232999854e-03 -3.41986568262255897e-04
6.81250000000000050e-02 8.43750000000000000e-01 5.83546680232999680e-03 -3.41986568262256005e-04
6.81250000000000050e-02 8.90625000000000000e-01 6.19072215287273537e-03 -2.74941910750143550e-04
6.81250000000000050e-02 9.37500000000000000e-01 6.54996260859663261e-03 -2.22671318158250257e-04
6.81250000000000050e-02 9.84375000000000000e-01 6.90771819533448229e-03 -1.82203361413433852e-04
6.81250000000000050e-02 1.03125000000000000e+00 7.25813654345021288e-03 -1.51021202807615146e-04
6.81250000000000050e-02 1.07812500000000000e+00 7.59521202849096008e-03 -1.26565294607715859e-04
6.81250000000000050e-02 1.12500000000000000e+00 7.91302625148325445e-03 -1.07167565716104765e-04
6.81250000000000050e-02 1.17187500000000000e+00 8.20597293349976421e-03 -9.19475857072001940e-05
6.81250000000000050e-02 1.21875000000000000e+00 8.46894429196131705e-03 -8.01428967293422496e-05
6.81250000000000050e-02 1.26562500000000000e+00 8.69746446713992073e-03 -7.11799086820341897e-05
6.81250000000000050e-02 1.31250000000000000e+00 8.88776612633822641e-03 -6.45478974934272909e-05
6.81250000000000050e-02 1.35937500000000000e+00 9.03681625990466857e-03 -5.98223125938248255e-05
6.81250000000000050e-02 1.40625000000000000e+00 9.14230432389314708e-03 -5.67047541842829008e-05
6.81250000000000050e-02 1.45312500000000000e+00 9.20260933483393537e-03 -5.50016779331704341e-05
6.81250000000000050e-02 1.50000000000000000e+00 9.21676239882138031e-03 -5.46100195215053371e-05
7.71874999999999922e-02 -1.50000000000000000e+00 1.18365043554329794e-02 -3.04848937931951072e-05
7.71874999999999922e-02 -1.45312500000000000e+00 1.18183021559414535e-02 -3.07570261603211463e-05
7.71874999999999922e-02 -1.40625000000000000e+00 1.17407923963867445e-02 -3.19415307871410850e-05
7.71874999999999922e-02 -1.35937500000000000e+00 1.16052161382379504e-02 -3.41183207046918011e-05
7.71874999999999922e-02 -1.31250000000000000e+00 1.14136506894196906e-02 -3.74411437361084405e-05
7.71874999999999922e-02 -1.26562500000000000e+00 1.11690590145591493e-02 -4.21563647449499425e-05
7.71874999999999922e-02 -1.21875000000000000e+00 1.08753335679257993e-02 -4.86135551110459534e-05
7.71874999999999922e-02 -1.17187500000000000e+00 1.05373131198823761e-02 -5.72728997658588821e-05
7.71874999999999922e-02 -1.12500000000000000e+00 1.01607509145447070e-02 -6.88103880232555893e-05
7.71874999999999922e-02 -1.07812500000000000e+00 9.75221691389171336e-03 -8.41529864212581285e-05
7.71874999999999922e-02 -1.03125000000000000e+00 9.31892614081161579e-03 -1.04506672756900649e-04
7.71874999999999922e-02 -9.84375000000000000e-01 8.86849802606877111e-03 -1.31411088971732467e-04
7.71874999999999922e-02 -9.37500000000000000e-01 8.40866548409634033e-03 -1.66840478367890488e-04
7.71874999999999922e-02 -8.90625000000000000e-01 7.94696359379400141e-03 -2.12540163005431765e-04
7.71874999999999922e-02 -8.43750000000000000e-01 7.49043300112626955e-03 -2.70122221699000873e-04
7.71874999999999922e-02 -7.96875000000000000e-01 7.04537092517381908e-03 -3.41785855916964902e-04
7.71874999999999922e-02 -7.50000000000000000e-01 6.61715373248437672e-03 -4.33289926832281338e-04
7.71874999999999922e-02 -7.03125000000000000e-01 6.21014223781871794e-03 -5.49505361871089238e-04
7.71874999999999922e-02 -6.56250000000000000e-01 5.82766778828789408e-03 -6.94789857638982203e-04
7.71874999999999922e-02 6.56250000000000000e-01 5.82766778828789408e-03 -6.94789857638982203e-04
7.71874999999999922e-02 7.03125000000000000e-01 6.21014223781872834e-03 -5.49505361871084575e-04
7.71874999999999922e-02 7.50000000000000000e-01 6.61715373248435070e-03 -4.33289926832291312e-04
7.71874999999999922e-02 7.96875000000000000e-01 7.04537092517381908e-03 -3.41785855916964902e-04
7.71874999999999922e-02 8.43750000000000000e-01 7.49043300112631986e-03 -2.70122221698993067e-04
7.71874999999999922e-02 8.90625000000000000e-01 7.94696359379403611e-03 -2.12540163005427564e-04
7.71874999999999922e-02 9.37500000000000000e-01 8.40866548409633860e-03 -1.66840478367889702e-04
7.71874999999999922e-02 9.84375000000000000e-01 8.86849802606877111e-03 -1.31411088971732467e-04
7.71874999999999922e-02 1.03125000000000000e+00 9.31892614081164701e-03 -1.04506672756899104e-04
7.71874999999999922e-02 1.07812500000000000e+00 9.75221691389171336e-03 -8.41529864212581285e-05
7.71874999999999922e-02 1.12500000000000000e+00 1.01607509145447087e-02 -6.88103880232555486e-05
7.71874999999999922e-02 1.17187500000000000e+00 1.05373131198823466e-02 -5.72728997658601086e-05
7.71874999999999922e-02 1.21875000000000000e+00 1.08753335679258305e-02 -4.86135551110448489e-05
7.71874999999999922e-02 1.26562500000000000e+00 1.11690590145591510e-02 -4.21563647449503491e-05
7.71874999999999922e-02 1.31250000000000000e+00 1.14136506894196889e-02 -3.74411437361085286e-05
7.71874999999999922e-02 1.35937500000000000e+00 1.16052161382378619e-02 -3.41183207046933258e-05
7.71874999999999922e-02 1.40625000000000000e+00 1.17407923963866474e-02 -3.19415307871426029e-05
7.71874999999999922e-02 1.45312500000000000e+00 1.18183021559413633e-02 -3.07570261603223592e-05
7.71874999999999922e-02 1.50000000000000000e+00 1.18365043554329794e-02 -3.04848937931951072e-05
8.62499999999999933e-02 -1.50000000000000000e+00 1.47853769162274249e-02 -1.22151659521583152e-05
8.62499999999999933e-02 -1.45312500000000000e+00 1.47626030778298771e-02 -1.24353802009156695e-05
8.62499999999999933e-02 -1.40625000000000000e+00 1.46656936230133549e-02 -1.33896039261392833e-05
8.62499999999999933e-02 -1.35937500000000000e+00 1.44961942086811162e-02 -1.51293064513688506e-05
8.62499999999999933e-02 -1.31250000000000000e+00 1.42566933686430961e-02 -1.77572940211931307e-05
8.62499999999999933e-02 -1.26562500000000000e+00 1.39508860558677471e-02 -2.14397423643331489e-05
8.62499999999999933e-02 -1.21875000000000000e+00 1.35836306266179808e-02 -2.64074635903423092e-05
8.62499999999999933e-02 -1.17187500000000000e+00 1.31609721293438862e-02 -3.30362517961643430e-05
8.62499999999999933e-02 -1.12500000000000000e+00 1.26901043614948209e-02 -4.18988754041917265e-05
8.62499999999999933e-02 -1.07812500000000000e+00 1.21792486529017571e-02 -5.37903299396682430e-05
8.62499999999999933e-02 -1.03125000000000000e+00 1.16374390193899595e-02 -6.97536622363723827e-05
8.62499999999999933e-02 -9.84375000000000000e-01 1.10742197127372335e-02 -9.13936855732553488e-05
8.62499999999999933e-02 -9.37500000000000000e-01 1.04992788275740153e-02 -1.20655442430785980e-04
8.62499999999999933e-02 -8.90625000000000000e-01 9.92205589106362994e-03 -1.60039573003899026e-04
8.62499999999999933e-02 -8.43750000000000000e-01 9.35136806974350143e-03 -2.12845523205934794e-04
8.62499999999999933e-02 -7.96875000000000000e-01 8.79509675335443143e-03 -2.82842767547245542e-04
8.62499999999999933e-02 -7.50000000000000000e-01 8.25996484753204960e-03 -3.74260356801866493e-04
8.62499999999999933e-02 -7.03125000000000000e-01 7.75141873783691780e-03 -4.89251522889168930e-04
8.62499999999999933e-02 -6.56250000000000000e-01 7.27361220944444751e-03 -6.29474307848158082e-04
8.62499999999999933e-02 -6.09375000000000000e-01 6.82947650763076394e-03 -8.00175883359784818e-04
8.62499999999999933e-02 -5.62500000000000000e-01 6.42085323513246278e-03 -1.00965480344419141e-03
8.62499999999999933e-02 -5.15625000000000000e-01 6.04866494827364584e-03 -1.26084637663521622e-03
8.62499999999999933e-02 -4.68750000000000000e-01 5.71310079991163913e-03 -1.55423715586911035e-03
8.62499999999999933e-02 4.68750000000000000e-01 5.71310079991168250e-03 -1.55423715586907587e-03
8.62499999999999933e-02 5.15625000000000000e-01 6.04866494827364584e-03 -1.26084637663521622e-03
8.62499999999999933e-02 5.62500000000000000e-01 6.42085323513239513e-03 -1.00965480344423022e-03
8.62499999999999933e-02 6.09375000000000000e-01 6.82947650763071016e-03 -8.00175883359812465e-04
8.62499999999999933e-02 6.56250000000000000e-01 7.27361220944448654e-03 -6.29474307848143554e-04
8.62499999999999933e-02 7.03125000000000000e-01 7.75141873783694469e-03 -4.89251522889167629e-04
8.62499999999999933e-02 7.50000000000000000e-01 8.25996484753204960e-03 -3.74260356801866493e-04
8.62499999999999933e-02 7.96875000000000000e-01 8.79509675335437592e-03 -2.82842767547253457e-04
8.62499999999999933e-02 8.43750000000000000e-01 9.35136806974339561e-03 -2.12845523205947452e-04
8.62499999999999933e-02 8.90625000000000000e-01 9.92205589106357616e-03 -1.60039573003902739e-04
8.62499999999999933e-02 9.37500000000000000e-01 1.04992788275739806e-02 -1.20655442430787891e-04
8.62499999999999933e-02 9.84375000000000000e-01 1.10742197127372665e-02 -9.13936855732537631e-05
8.62499999999999933e-02 1.03125000000000000e+00 1.16374390193899595e-02 -6.97536622363723827e-05
8.62499999999999933e-02 1.07812500000000000e+00 1.21792486529017554e-02 -5.37903299396682972e-05
8.62499999999999933e-02 1.12500000000000000e+00 1.26901043614948243e-02 -4.18988754041917401e-05
8.62499999999999933e-02 1.17187500000000000e+00 1.31609721293438862e-02 -3.30362517961643430e-05
8.62499999999999933e-02 1.21875000000000000e+00 1.35836306266179808e-02 -2.64074635903423092e-05
8.62499999999999933e-02 1.26562500000000000e+00 1.39508860558677505e-02 -2.14397423643330879e-05
8.62499999999999933e-02 1.31250000000000000e+00 1.42566933686430700e-02 -1.77572940211936525e-05
8.62499999999999933e-02 1.35937500000000000e+00 1.44961942086811145e-02 -1.51293064513690234e-05
8.62499999999999933e-02 1.40625000000000000e+00 1.46656936230133532e-02 -1.33896039261392579e-05
8.62499999999999933e-02 1.45312500000000000e+00 1.47626030778298528e-02 -1.24353802009158490e-05
8.62499999999999933e-02 1.50000000000000000e+00 1.47853769162274249e-02 -1.22151659521583152e-05
9.53124999999999944e-02 -1.50000000000000000e+00 1.80642170719449782e-02 1.15759497243409985e-05
9.53124999999999944e-02 -1.45312500000000000e+00 1.80363430044619896e-02 1.13284049598024169e-05
9.53124999999999944e-02 -1.40625000000000000e+00 1.79178218153359312e-02 1.02639935696492518e-05
9.53124999999999944e-02 -1.35937500000000000e+00 1.77105356019662714e-02 8.35457948367370102e-06
9.53124999999999944e-02 -1.31250000000000000e+00 1.74176382416780413e-02 5.54632580697623720e-06
9.53124999999999944e-02 -1.26562500000000000e+00 1.70436355160791739e-02 1.73580717256883169e-06
9.53124999999999944e-02 -1.21875000000000000e+00 1.65944577880173041e-02 -3.23300732583836568e-06
9.53124999999999944e-02 -1.17187500000000000e+00 1.60774915734603688e-02 -9.59798506555537216e-06
9.53124999999999944e-02 -1.12500000000000000e+00 1.55015357099359142e-02 -1.77346446645788164e-05
9.53124999999999944e-02 -1.07812500000000000e+00 1.48766545018074407e-02 -2.82026024316849871e-05
9.53124999999999944e-02 -1.03125000000000000e+00 1.42139146625860236e-02 -4.19306611363442794e-05
9.53124999999999944e-02 -9.84375000000000000e-01 1.35250132721981553e-02 -6.02316265474401777e-05
9.53124999999999944e-02 -9.37500000000000000e-01 1.28218260267664412e-02 -8.49560566858569406e-05
9.53124999999999944e-02 -8.90625000000000000e-01 1.21159229541993093e-02 -1.18878605257904257e-04
9.53124999999999944e-02 -8.43750000000000000e-01 1.14181071911110561e-02 -1.65380379145795860e-04
9.53124999999999944e-02 -7.96875000000000000e-01 1.07380287895022294e-02 -2.29222262885933381e-04
9.53124999999999944e-02 -7.50000000000000000e-01 1.00839111561624312e-02 -3.15397183922042556e-04
9.53124999999999944e-02 -7.03125000000000000e-01 9.46240721190901891e-03 -4.30234063427913733e-04
9.53124999999999944e-02 -6.56250000000000000e-01 8.87858154903468748e-03 -5.80134966574070185e-04
9.53124999999999944e-02 -6.09375000000000000e-01 8.33599863741474670e-03 -7.71282714627165257e-04
9.53124999999999944e-02 -5.62500000000000000e-01 7.83688797822535040e-03 -1.00465260189877776e-03
9.53124999999999944e-02 -5.15625000000000000e-01 7.38235501501561912e-03 -1.27829359889502906e-03
9.53124999999999944e-02 -4.68750000000000000e-01 6.97260985920667570e-03 -1.59188752156019537e-03
9.53124999999999944e-02 -4.21875000000000000e-01 6.60719211746462441e-03 -1.95255010301097990e-03
9.53124999999999944e-02 -3.75000000000000000e-01 6.28517719616700395e-03 -2.35511360988487593e-03
9.53124999999999944e-02 -3.28125000000000000e-01 6.00535593436299451e-03 -2.78833211601780184e-03
9.53124999999999944e-02 -2.81250000000000000e-01 5.76638452551500591e-03 -3.23558948906873178e-03
9.53124999999999944e-02 2.81250000000000000e-01 5.76638452551494086e-03 -3.23558948906886058e-03
9.53124999999999944e-02 3.28125000000000000e-01 6.00535593436294854e-03 -2.78833211601786212e-03
9.53124999999999944e-02 3.75000000000000000e-01 6.28517719616693889e-03 -2.35511360988496831e-03
9.53124999999999944e-02 4.21875000000000000e-01 6.60719211746464263e-03 -1.95255010301096255e-03
9.53124999999999944e-02 4.68750000000000000e-01 6.97260985920668958e-03 -1.59188752156017368e-03
9.53124999999999944e-02 5.15625000000000000e-01 7.38235501501562173e-03 -1.27829359889503210e-03
9.53124999999999944e-02 5.62500000000000000e-01 7.83688797822535040e-03 -1.00465260189877776e-03
9.53124999999999944e-02 6.09375000000000000e-01 8.33599863741480394e-03 -7.71282714627143139e-04
9.53124999999999944e-02 6.56250000000000000e-01 8.87858154903468748e-03 -5.80134966574070185e-04
9.53124999999999944e-02 7.03125000000000000e-01 9.46240721190901891e-03 -4.30234063427913733e-04
9.53124999999999944e-02 7.50000000000000000e-01 1.00839111561623548e-02 -3.15397183922052694e-04
9.53124999999999944e-02 7.96875000000000000e-01 1.07380287895022294e-02 -2.29222262885933381e-04
9.53124999999999944e-02 8.43750000000000000e-01 1.14181071911110561e-02 -1.65380379145795860e-04
9.53124999999999944e-02 8.90625000000000000e-01 1.21159229541993093e-02 -1.18878605257904257e-04
9.53124999999999944e-02 9.37500000000000000e-01 1.28218260267664846e-02 -8.49560566858547180e-05
9.53124999999999944e-02 9.84375000000000000e-01 1.35250132721980530e-02 -6.02316265474430509e-05
9.53124999999999944e-02 1.03125000000000000e+00 1.42139146625860253e-02 -4.19306611363442930e-05
9.53124999999999944e-02 1.07812500000000000e+00 1.48766545018073747e-02 -2.82026024316858951e-05
9.53124999999999944e-02 1.12500000000000000e+00 1.55015357099358639e-02 -1.77346446645797075e-05
9.53124999999999944e-02 1.17187500000000000e+00 1.60774915734603688e-02 -9.59798506555537216e-06
9.53124999999999944e-02 1.21875000000000000e+00 1.65944577880172625e-02 -3.23300732583879640e-06
9.53124999999999944e-02 1.26562500000000000e+00 1.70436355160791947e-02 1.73580717256923805e-06
9.53124999999999944e-02 1.31250000000000000e+00 1.74176382416780413e-02 5.54632580697623720e-06
9.53124999999999944e-02 1.35937500000000000e+00 1.77105356019661847e-02 8.35457948367283366e-06
9.53124999999999944e-02 1.40625000000000000e+00 1.79178218153359346e-02 1.02639935696492840e-05
9.53124999999999944e-02 1.45312500000000000e+00 1.80363430044619896e-02 1.13284049598024169e-05
9.53124999999999944e-02 1.50000000000000000e+00 1.80642170719449782e-02 1.15759497243409985e-05
1.04374999999999996e-01 -1.50000000000000000e+00 2.16739564205134239e-02 4.68662534410533763e-05
1.04374999999999996e-01 -1.45312500000000000e+00 2.16404468063079308e-02 4.66760697669152522e-05
1.04374999999999996e-01 -1.40625000000000000e+00 2.14980829478568884e-02 4.58315463937666528e-05
1.04374999999999996e-01 -1.35937500000000000e+00 2.12491145539685025e-02 4.42199764568887598e-05
1.04374999999999996e-01 -1.31250000000000000e+00 2.08973140508315891e-02 4.16309906042554908e-05
1.04374999999999996e-01 -1.26562500000000000e+00 2.04480760298653974e-02 3.77654652405217008e-05
1.04374999999999996e-01 -1.21875000000000000e+00 1.99085085209378017e-02 3.23956576927266865e-05
1.04374999999999996e-01 -1.17187500000000000e+00 1.92874750424099385e-02 2.53526269331811104e-05
1.04374999999999996e-01 -1.12500000000000000e+00 1.85955454021767587e-02 1.63149762747473031e-05
1.04374999999999996e-01 -1.07812500000000000e+00 1.78448211828845515e-02 4.88884003400465599e-06
1.04374999999999996e-01 -1.03125000000000000e+00 1.70486193839120385e-02 -9.40522485759905815e-06
1.04374999999999996e-01 -9.84375000000000000e-01 1.62210226779807357e-02 -2.75929995656119245e-05
1.04374999999999996e-01 -9.37500000000000000e-01 1.53763319023572445e-02 -5.12182062004679111e-05
1.04374999999999996e-01 -8.90625000000000000e-01 1.45284785092072623e-02 -8.26159679914172546e-05
1.04374999999999996e-01 -8.43750000000000000e-01 1.36904651118931638e-02 -1.25428241465415499e-04
1.04374999999999996e-01 -7.96875000000000000e-01 1.28738977555674181e-02 -1.84293000668654319e-04
1.04374999999999996e-01 -7.50000000000000000e-01 1.20886557571993486e-02 -2.65925935901883471e-04
1.04374999999999996e-01 -7.03125000000000000e-01 1.13427196463980265e-02 -3.77923453801954571e-04
1.04374999999999996e-01 -6.56250000000000000e-01 1.06421521909809379e-02 -5.29821323137262155e-04
1.04374999999999996e-01 -6.09375000000000000e-01 9.99120772429295395e-03 -7.30129156180502601e-04
1.04374999999999996e-01 -5.62500000000000000e-01 9.39253401494125582e-03 -9.88019928210701797e-04
1.04374999999999996e-01 -5.15625000000000000e-01 8.84742862142163904e-03 -1.30988185955192133e-03
1.04374999999999996e-01 -4.68750000000000000e-01 8.35611585373860488e-03 -1.69870270866235044e-03
1.04374999999999996e-01 -4.21875000000000000e-01 7.91801819501690429e-03 -2.14576538835227482e-03
1.04374999999999996e-01 -3.75000000000000000e-01 7.53200471632800485e-03 -2.63626753382267516e-03
1.04374999999999996e-01 -3.28125000000000000e-01 7.19660687813772869e-03 -3.15228141213639906e-03
1.04374999999999996e-01 -2.81250000000000000e-01 6.91019826386606723e-03 -3.68375299969606615e-03
1.04374999999999996e-01 -2.34375000000000000e-01 6.67113902522642292e-03 -4.21175184186896312e-03
1.04374999999999996e-01 -1.87500000000000000e-01 6.47788833264226378e-03 -4.70610924096184682e-03
1.04374999999999996e-01 -1.40625000000000000e-01 6.32908929095330614e-03 -5.13465609785262924e-03
1.04374999999999996e-01 -9.37500000000000000e-02 6.22363099781934014e-03 -5.46680714029385006e-03
1.04374999999999996e-01 -4.68750000000000000e-02 6.16069202961248841e-03 -5.67727772969537411e-03
1.04374999999999996e-01 0.00000000000000000e+00 6.13976889098652792e-03 -5.74937843337964931e-03
1.04374999999999996e-01 4.68750000000000000e-02 6.16069202961238085e-03 -5.67727772969576702e-03
1.04374999999999996e-01 9.37500000000000000e-02 6.22363099781934014e-03 -5.46680714029385006e-03
1.04374999999999996e-01 1.40625000000000000e-01 6.32908929095330614e-03 -5.13465609785262924e-03
1.04374999999999996e-01 1.87500000000000000e-01 6.47788833264235572e-03 -4.70610924096154324e-03
1.04374999999999996e-01 2.34375000000000000e-01 6.67113902522636394e-03 -4.21175184186912011e-03
1.04374999999999996e-01 2.81250000000000000e-01 6.91019826386611493e-03 -3.68375299969593735e-03
1.04374999999999996e-01 3.28125000000000000e-01 7.19660687813774170e-03 -3.15228141213636567e-03
1.04374999999999996e-01 3.75000000000000000e-01 7.53200471632797450e-03 -2.63626753382269858e-03
1.04374999999999996e-01 4.21875000000000000e-01 7.91801819501679154e-03 -2.14576538835239711e-03
1.04374999999999996e-01 4.68750000000000000e-01 8.35611585373863611e-03 -1.69870270866232312e-03
1.04374999999999996e-01 5.15625000000000000e-01 8.84742862142148638e-03 -1.30988185955202910e-03
1.04374999999999996e-01 5.62500000000000000e-01 9.39253401494125582e-03 -9.88019928210701797e-04
1.04374999999999996e-01 6.09375000000000000e-01 9.99120772429302161e-03 -7.30129156180485254e-04
1.04374999999999996e-01 6.56250000000000000e-01 1.06421521909809379e-02 -5.29821323137262155e-04
1.04374999999999996e-01 7.03125000000000000e-01 1.13427196463980300e-02 -3.77923453801955764e-04
1.04374999999999996e-01 7.50000000000000000e-01 1.20886557571993469e-02 -2.65925935901880652e-04
1.04374999999999996e-01 7.96875000000000000e-01 1.28738977555674563e-02 -1.84293000668652232e-04
1.04374999999999996e-01 8.43750000000000000e-01 1.36904651118931308e-02 -1.25428241465416935e-04
1.04374999999999996e-01 8.90625000000000000e-01 1.45284785092072277e-02 -8.26159679914181084e-05
1.04374999999999996e-01 9.37500000000000000e-01 1.53763319023571925e-02 -5.12182062004701473e-05
1.04374999999999996e-01 9.84375000000000000e-01 1.62210226779807669e-02 -2.75929995656113925e-05
1.04374999999999996e-01 1.03125000000000000e+00 1.70486193839120108e-02 -9.40522485759937833e-06
1.04374999999999996e-01 1.07812500000000000e+00 1.78448211828846105e-02 4.88884003400553860e-06
1.04374999999999996e-01 1.12500000000000000e+00 1.85955454021767587e-02 1.63149762747473031e-05
1.04374999999999996e-01 1.17187500000000000e+00 1.92874750424098761e-02 2.53526269331805954e-05
1.04374999999999996e-01 1.21875000000000000e+00 1.99085085209378641e-02 3.23956576927274522e-05
1.04374999999999996e-01 1.26562500000000000e+00 2.04480760298654217e-02 3.77654652405220870e-05
1.04374999999999996e-01 1.31250000000000000e+00 2.08973140508316689e-02 4.16309906042562430e-05
1.04374999999999996e-01 1.35937500000000000e+00 2.12491145539684193e-02 4.42199764568877569e-05
1.04374999999999996e-01 1.40625000000000000e+00 2.14980829478568641e-02 4.58315463937665715e-05
1.04374999999999996e-01 1.45312500000000000e+00 2.16404468063079308e-02 4.66760697669152522e-05
1.04374999999999996e-01 1.50000000000000000e+00 2.16739564205134239e-02 4.68662534410533763e-05
1.13437499999999997e-01 -1.50000000000000000e+00 2.56156217229614735e-02 4.33021265863853082e-05
1.13437499999999997e-01 -1.45312500000000000e+00 2.55759338880522727e-02 4.40011044722874031e-05
1.13437499999999997e-01 -1.40625000000000000e+00 2.54074757575467082e-02 4.68472619061978068e-05
1.13437499999999997e-01 -1.35937500000000000e+00 2.51128950483711019e-02 5.13435910740988992e-05
1.13437499999999997e-01 -1.31250000000000000e+00 2.46966348865068214e-02 5.65531636521762006e-05
1.13437499999999997e-01 -1.26562500000000000e+00 2.41650556464641127e-02 6.12996830573986850e-05
1.13437499999999997e-01 -1.21875000000000000e+00 2.35265481323914498e-02 6.43630544566429645e-05
1.13437499999999997e-01 -1.17187500000000000e+00 2.27915887272260136e-02 6.45832012381023553e-05
1.13437499999999997e-01 -1.12500000000000000e+00 2.19726857013884634e-02 6.06265260128472578e-05
1.13437499999999997e-01 -1.07812500000000000e+00 2.10841751985579064e-02 5.21333597562378178e-05
1.13437499999999997e-01 -1.03125000000000000e+00 2.01418464179070680e-02 3.84661128282507984e-05
1.13437499999999997e-01 -9.84375000000000000e-01 1.91624057109278031e-02 1.94230745385943386e-05
1.13437499999999997e-01 -9.37500000000000000e-01 1.81628223299799343e-02 -5.83879760391183498e-06
1.13437499999999997e-01 -8.90625000000000000e-01 1.71596255302924709e-02 -3.87632666575315674e-05
1.13437499999999997e-01 -8.43750000000000000e-01 1.61682354412595944e-02 -8.22467108050523753e-05
1.13437499999999997e-01 -7.96875000000000000e-01 1.52024045860798037e-02 -1.40855146750605678e-04
1.13437499999999997e-01 -7.50000000000000000e-01 1.42738251842182834e-02 -2.21238882066843081e-04
1.13437499999999997e-01 -7.03125000000000000e-01 1.33919265291320942e-02 -3.32629302274687136e-04
1.13437499999999997e-01 -6.56250000000000000e-01 1.25638557769088034e-02 -4.86437537925727824e-04
1.13437499999999997e-01 -6.09375000000000000e-01 1.17946117367679452e-02 -6.96100971034241791e-04
1.13437499999999997e-01 -5.62500000000000000e-01 1.10872882958028655e-02 -9.75784639482091460e-04
1.13437499999999997e-01 -5.15625000000000000e-01 1.04433816749690180e-02 -1.33762925993512064e-03
1.13437499999999997e-01 -4.68750000000000000e-01 9.86312102759693415e-03 -1.78899839930883641e-03
1.13437499999999997e-01 -4.21875000000000000e-01 9.34579136247845263e-03 -2.33235676486946968e-03
1.13437499999999997e-01 -3.75000000000000000e-01 8.89002825987491620e-03 -2.95990159478804870e-03
1.13437499999999997e-01 -3.28125000000000000e-01 8.49407325242933740e-03 -3.65421984456842236e-03
1.13437499999999997e-01 -2.81250000000000000e-01 8.15598604018208384e-03 -4.38289364962441384e-03
1.13437499999999997e-01 -2.34375000000000000e-01 7.87381468650365582e-03 -5.10120341771771926e-03
1.13437499999999997e-01 -1.87500000000000000e-01 7.64572786300490512e-03 -5.76658197670023871e-03
1.13437499999999997e-01 -1.40625000000000000e-01 7.47011453814112360e-03 -6.33690287234271211e-03
1.13437499999999997e-01 -9.37500000000000000e-02 7.34565671618234682e-03 -6.77448161028538619e-03
1.13437499999999997e-01 -4.68750000000000000e-02 7.27138033576726385e-03 -7.04967117458296048e-03
1.13437499999999997e-01 0.00000000000000000e+00 7.24668853043007252e-03 -7.14356478237846652e-03
1.13437499999999997e-01 4.68750000000000000e-02 7.27138033576726732e-03 -7.04967117458290757e-03
1.13437499999999997e-01 9.37500000000000000e-02 7.34565671618251856e-03 -6.77448161028474088e-03
1.13437499999999997e-01 1.40625000000000000e-01 7.47011453814103599e-03 -6.33690287234307380e-03
1.13437499999999997e-01 1.87500000000000000e-01 7.64572786300490338e-03 -5.76658197670022570e-03
1.13437499999999997e-01 2.34375000000000000e-01 7.87381468650361939e-03 -5.10120341771782421e-03
1.13437499999999997e-01 2.81250000000000000e-01 8.15598604018208384e-03 -4.38289364962441384e-03
1.13437499999999997e-01 3.28125000000000000e-01 8.49407325242933914e-03 -3.65421984456841846e-03
1.13437499999999997e-01 3.75000000000000000e-01 8.89002825987480517e-03 -2.95990159478822391e-03
1.13437499999999997e-01 4.21875000000000000e-01 9.34579136247848385e-03 -2.33235676486942805e-03
1.13437499999999997e-01 4.68750000000000000e-01 9.86312102759688905e-03 -1.78899839930886503e-03
1.13437499999999997e-01 5.15625000000000000e-01 1.04433816749689521e-02 -1.33762925993516964e-03
1.13437499999999997e-01 5.62500000000000000e-01 1.10872882958028152e-02 -9.75784639482116180e-04
1.13437499999999997e-01 6.09375000000000000e-01 1.17946117367679487e-02 -6.96100971034239405e-04
1.13437499999999997e-01 6.56250000000000000e-01 1.25638557769089127e-02 -4.86437537925702617e-04
1.13437499999999997e-01 7.03125000000000000e-01 1.33919265291320387e-02 -3.32629302274697165e-04
1.13437499999999997e-01 7.50000000000000000e-01 1.42738251842183198e-02 -2.21238882066839910e-04
1.13437499999999997e-01 7.96875000000000000e-01 1.52024045860798037e-02 -1.40855146750605678e-04
1.13437499999999997e-01 8.43750000000000000e-01 1.61682354412595944e-02 -8.22467108050523753e-05
1.13437499999999997e-01 8.90625000000000000e-01 1.71596255302924328e-02 -3.87632666575333428e-05
1.13437499999999997e-01 9.37500000000000000e-01 1.81628223299799309e-02 -5.83879760391186886e-06
1.13437499999999997e-01 9.84375000000000000e-01 1.91624057109278691e-02 1.94230745385955787e-05
1.13437499999999997e-01 1.03125000000000000e+00 2.01418464179070611e-02 3.84661128282502631e-05
1.13437499999999997e-01 1.07812500000000000e+00 2.10841751985578300e-02 5.21333597562367065e-05
1.13437499999999997e-01 1.12500000000000000e+00 2.19726857013884634e-02 6.06265260128472578e-05
1.13437499999999997e-01 1.17187500000000000e+00 2.27915887272260170e-02 6.45832012381020301e-05
1.13437499999999997e-01 1.21875000000000000e+00 2.35265481323914186e-02 6.43630544566432762e-05
1.13437499999999997e-01 1.26562500000000000e+00 2.41650556464641092e-02 6.12996830573990644e-05
1.13437499999999997e-01 1.31250000000000000e+00 2.46966348865068179e-02 5.65531636521751096e-05
1.13437499999999997e-01 1.35937500000000000e+00 2.51128950483711054e-02 5.13435910740990347e-05
1.13437499999999997e-01 1.40625000000000000e+00 2.54074757575467117e-02 4.68472619061977661e-05
1.13437499999999997e-01 1.45312500000000000e+00 2.55759338880522692e-02 4.40011044722861969e-05
1.13437499999999997e-01 1.50000000000000000e+00 2.56156217229614735e-02 4.33021265863853082e-05
1.22499999999999998e-01 -1.50000000000000000e+00 2.98903355111356447e-02 -1.35995821731560239e-04
1.22499999999999998e-01 -1.45312500000000000e+00 2.98439188097754417e-02 -1.33828302414915843e-04
1.22499999999999998e-01 -1.40625000000000000e+00 2.96470924014570723e-02 -1.24564789534975886e-04
1.22499999999999998e-01 -1.35937500000000000e+00 2.93029315239679393e-02 -1.08153553148130645e-04
1.22499999999999998e-01 -1.31250000000000000e+00 2.88166009421510216e-02 -8.48077258122812788e-05
1.22499999999999998e-01 -1.26562500000000000e+00 2.81955026110781923e-02 -5.54894989325565145e-05
1.22499999999999998e-01 -1.21875000000000000e+00 2.74494145342455940e-02 -2.22891419851883021e-05
1.22499999999999998e-01 -1.17187500000000000e+00 2.65905621137995964e-02 1.13059847523948008e-05
1.22499999999999998e-01 -1.12500000000000000e+00 2.56335612463785174e-02 4.10015511542728719e-05
1.22499999999999998e-01 -1.07812500000000000e+00 2.45951831835976784e-02 6.27124776066823985e-05
1.22499999999999998e-01 -1.03125000000000000e+00 2.34939160228921848e-02 7.27110722231031514e-05
1.22499999999999998e-01 -9.84375000000000000e-01 2.23493337930232606e-02 6.96350171975107561e-05
1.22499999999999998e-01 -9.37500000000000000e-01 2.11813238182389819e-02 5.27003242087316321e-05
1.22499999999999998e-01 -8.90625000000000000e-01 2.00092556054861162e-02 2.20108279175133763e-05
1.22499999999999998e-01 -8.43750000000000000e-01 1.88511898689397231e-02 -2.29587964638879005e-05
1.22499999999999998e-01 -7.96875000000000000e-01 1.77232195724001951e-02 -8.52539290435054212e-05
1.22499999999999998e-01 -7.50000000000000000e-01 1.66390085464208325e-02 -1.70002944319275272e-04
1.22499999999999998e-01 -7.03125000000000000e-01 1.56095560448148429e-02 -2.86606804397575960e-04
1.22499999999999998e-01 -6.56250000000000000e-01 1.46431784967585420e-02 -4.47656332382544663e-04
1.22499999999999998e-01 -6.09375000000000000e-01 1.37456715183985525e-02 -6.70415036737603354e-04
1.22499999999999998e-01 -5.62500000000000000e-01 1.29206001573339731e-02 -9.73360597482960613e-04
1.22499999999999998e-01 -5.15625000000000000e-01 1.21696628731865555e-02 -1.37789122521987987e-03
1.22499999999999998e-01 -4.68750000000000000e-01 1.14930814449341924e-02 -1.89954405328693907e-03
1.22499999999999998e-01 -4.21875000000000000e-01 1.08899804750429464e-02 -2.55032135893968649e-03
1.22499999999999998e-01 -3.75000000000000000e-01 1.03587326846547641e-02 -3.32469603271995633e-03
1.22499999999999998e-01 -3.28125000000000000e-01 9.89725730842315465e-03 -4.20478983409491164e-03
1.22499999999999998e-01 -2.81250000000000000e-01 9.50326744232262918e-03 -5.15674934264630409e-03
1.22499999999999998e-01 -2.34375000000000000e-01 9.17446796949049868e-03 -6.12871907480262278e-03
1.22499999999999998e-01 -1.87500000000000000e-01 8.90870903339399146e-03 -7.05800695830171177e-03
1.22499999999999998e-01 -1.40625000000000000e-01 8.70410150838193085e-03 -7.87626815431932692e-03
1.22499999999999998e-01 -9.37500000000000000e-02 8.55910110805181180e-03 -8.51750677265846086e-03
1.22499999999999998e-01 -4.68750000000000000e-02 8.47256714928614277e-03 -8.92669552059987409e-03
1.22499999999999998e-01 0.00000000000000000e+00 8.44380090388137904e-03 -9.06734942499002119e-03
1.22499999999999998e-01 4.68750000000000000e-02 8.47256714928618267e-03 -8.92669552059969194e-03
1.22499999999999998e-01 9.37500000000000000e-02 8.55910110805181180e-03 -8.51750677265846086e-03
1.22499999999999998e-01 1.40625000000000000e-01 8.70410150838196901e-03 -7.87626815431911355e-03
1.22499999999999998e-01 1.87500000000000000e-01 8.90870903339394983e-03 -7.05800695830179330e-03
1.22499999999999998e-01 2.34375000000000000e-01 9.17446796949043970e-03 -6.12871907480279539e-03
1.22499999999999998e-01 2.81250000000000000e-01 9.50326744232258235e-03 -5.15674934264646195e-03
1.22499999999999998e-01 3.28125000000000000e-01 9.89725730842318761e-03 -4.20478983409484572e-03
1.22499999999999998e-01 3.75000000000000000e-01 1.03587326846547659e-02 -3.32469603271994679e-03
1.22499999999999998e-01 4.21875000000000000e-01 1.08899804750429464e-02 -2.55032135893968649e-03
1.22499999999999998e-01 4.68750000000000000e-01 1.14930814449342236e-02 -1.89954405328692866e-03
1.22499999999999998e-01 5.15625000000000000e-01 1.21696628731864862e-02 -1.37789122521992410e-03
1.22499999999999998e-01 5.62500000000000000e-01 1.29206001573340026e-02 -9.73360597482949229e-04
1.22499999999999998e-01 6.09375000000000000e-01 1.37456715183985560e-02 -6.70415036737601945e-04
1.22499999999999998e-01 6.56250000000000000e-01 1.46431784967585125e-02 -4.47656332382547373e-04
1.22499999999999998e-01 7.03125000000000000e-01 1.56095560448148811e-02 -2.86606804397573467e-04
1.22499999999999998e-01 7.50000000000000000e-01 1.66390085464208151e-02 -1.70002944319275787e-04
1.22499999999999998e-01 7.96875000000000000e-01 1.77232195724001673e-02 -8.52539290435072236e-05
1.22499999999999998e-01 8.43750000000000000e-01 1.88511898689397613e-02 -2.29587964638846411e-05
1.22499999999999998e-01 8.90625000000000000e-01 2.00092556054861162e-02 2.20108279175133763e-05
1.22499999999999998e-01 9.37500000000000000e-01 2.11813238182389230e-02 5.27003242087315508e-05
1.22499999999999998e-01 9.84375000000000000e-01 2.23493337930232329e-02 6.96350171975106477e-05
1.22499999999999998e-01 1.03125000000000000e+00 2.34939160228921952e-02 7.27110722231046286e-05
1.22499999999999998e-01 1.07812500000000000e+00 2.45951831835978692e-02 6.27124776066803114e-05
1.22499999999999998e-01 1.12500000000000000e+00 2.56335612463786007e-02 4.10015511542705544e-05
1.22499999999999998e-01 1.17187500000000000e+00 2.65905621137995964e-02 1.13059847523948008e-05
1.22499999999999998e-01 1.21875000000000000e+00 2.74494145342456287e-02 -2.22891419851894981e-05
1.22499999999999998e-01 1.26562500000000000e+00 2.81955026110782998e-02 -5.54894989325615629e-05
1.22499999999999998e-01 1.31250000000000000e+00 2.88166009421509280e-02 -8.48077258122768743e-05
1.22499999999999998e-01 1.35937500000000000e+00 2.93029315239679670e-02 -1.08153553148131675e-04
1.22499999999999998e-01 1.40625000000000000e+00 2.96470924014570723e-02 -1.24564789534975886e-04
1.22499999999999998e-01 1.45312500000000000e+00 2.98439188097754417e-02 -1.33828302414915843e-04
1.22499999999999998e-01 1.50000000000000000e+00 2.98903355111356447e-02 -1.35995821731560239e-04
1.31562499999999999e-01 -1.50000000000000000e+00 3.44993167460550809e-02 -3.76531453821515622e-04
1.31562499999999999e-01 -1.45312500000000000e+00 3.44456119605870137e-02 -3.77324291567273263e-04
1.31562499999999999e-01 -1.40625000000000000e+00 3.42181191718262528e-02 -3.80025197195617509e-04
1.31562499999999999e-01 -1.35937500000000000e+00 3.38203696466796919e-02 -3.81985690650288149e-04
1.31562499999999999e-01 -1.31250000000000000e+00 3.32582993416091974e-02 -3.78657280019948056e-04
1.31562499999999999e-01 -1.26562500000000000e+00 3.25404262245790818e-02 -3.64281045139017298e-04
1.31562499999999999e-01 -1.21875000000000000e+00 3.16780190896979452e-02 -3.33459971193135604e-04
1.31562499999999999e-01 -1.17187500000000000e+00 3.06851887515539393e-02 -2.82425367831713433e-04
1.31562499999999999e-01 -1.12500000000000000e+00 2.95788296677770082e-02 -2.12741563446306527e-04
1.31562499999999999e-01 -1.07812500000000000e+00 2.83783522974383716e-02 -1.32108060293944834e-04
1.31562499999999999e-01 -1.03125000000000000e+00 2.71051755964001884e-02 -5.26166556651093021e-05
1.31562499999999999e-01 -9.84375000000000000e-01 2.57819918038221310e-02 1.18586869690944274e-05
1.31562499999999999e-01 -9.37500000000000000e-01 2.44318630408368910e-02 5.13958648600151385e-05
1.31562499999999999e-01 -8.90625000000000000e-01 2.30772482333314252e-02 6.02746387599522050e-05
1.31562499999999999e-01 -8.43750000000000000e-01 2.17390772993093055e-02 3.72688210426014294e-05
1.31562499999999999e-01 -7.96875000000000000e-01 2.04359814168039271e-02 -1.65009268720426734e-05
1.31562499999999999e-01 -7.50000000000000000e-01 1.91837565811585654e-02 -1.03228248376343508e-04
1.31562499999999999e-01 -7.03125000000000000e-01 1.79950931900257557e-02 -2.28600819562772194e-04
1.31562499999999999e-01 -6.56250000000000000e-01 1.68795603107520717e-02 -4.03995856138265354e-04
1.31562499999999999e-01 -6.09375000000000000e-01 1.58438001412946339e-02 -6.47927433296359152e-04
1.31562499999999999e-01 -5.62500000000000000e-01 1.48918708145423431e-02 -9.83805176793747967e-04
1.31562499999999999e-01 -5.15625000000000000e-01 1.40256733299455993e-02 -1.43987763466908248e-03
1.31562499999999999e-01 -4.68750000000000000e-01 1.32454067368682205e-02 -2.04248687394409118e-03
1.31562499999999999e-01 -4.21875000000000000e-01 1.25500094837767123e-02 -2.81397077324934330e-03
1.31562499999999999e-01 -3.75000000000000000e-01 1.19375596610408162e-02 -3.76145586413510801e-03
1.31562499999999999e-01 -3.28125000000000000e-01 1.14056198652715580e-02 -4.87069390743700200e-03
1.31562499999999999e-01 -2.81250000000000000e-01 1.09515223076488595e-02 -6.10601428254526572e-03
1.31562499999999999e-01 -2.34375000000000000e-01 1.05725964010729111e-02 -7.39631504394443282e-03
1.31562499999999999e-01 -1.87500000000000000e-01 1.02663448380808618e-02 -8.65300021750292983e-03
1.31562499999999999e-01 -1.40625000000000000e-01 1.00305757956859094e-02 -9.77663324422862329e-03
1.31562499999999999e-01 -9.37500000000000000e-02 9.86349905180228942e-03 -1.06675829979977089e-02
1.31562499999999999e-01 -4.68750000000000000e-02 9.76379302709395880e-03 -1.12406589342199624e-02
1.31562499999999999e-01 0.00000000000000000e+00 9.73064847851439624e-03 -1.14384401845318579e-02
1.31562499999999999e-01 4.68750000000000000e-02 9.76379302709399696e-03 -1.12406589342198496e-02
1.31562499999999999e-01 9.37500000000000000e-02 9.86349905180228942e-03 -1.06675829979977089e-02
1.31562499999999999e-01 1.40625000000000000e-01 1.00305757956859094e-02 -9.77663324422862329e-03
1.31562499999999999e-01 1.87500000000000000e-01 1.02663448380808184e-02 -8.65300021750308769e-03
1.31562499999999999e-01 2.34375000000000000e-01 1.05725964010728764e-02 -7.39631504394457594e-03
1.31562499999999999e-01 2.81250000000000000e-01 1.09515223076488630e-02 -6.10601428254529954e-03
1.31562499999999999e-01 3.28125000000000000e-01 1.14056198652715580e-02 -4.87069390743700200e-03
1.31562499999999999e-01 3.75000000000000000e-01 1.19375596610407711e-02 -3.76145586413517176e-03
1.31562499999999999e-01 4.21875000000000000e-01 1.25500094837767608e-02 -2.81397077324927738e-03
1.31562499999999999e-01 4.68750000000000000e-01 1.32454067368682187e-02 -2.04248687394408468e-03
1.31562499999999999e-01 5.15625000000000000e-01 1.40256733299457346e-02 -1.43987763466899401e-03
1.31562499999999999e-01 5.62500000000000000e-01 1.48918708145423188e-02 -9.83805176793757941e-04
1.31562499999999999e-01 6.09375000000000000e-01 1.58438001412945645e-02 -6.47927433296382463e-04
1.31562499999999999e-01 6.56250000000000000e-01 1.68795603107520752e-02 -4.03995856138262047e-04
1.31562499999999999e-01 7.03125000000000000e-01 1.79950931900256586e-02 -2.28600819562785448e-04
1.31562499999999999e-01 7.50000000000000000e-01 1.91837565811584371e-02 -1.03228248376357047e-04
1.31562499999999999e-01 7.96875000000000000e-01 2.04359814168038785e-02 -1.65009268720442117e-05
1.31562499999999999e-01 8.43750000000000000e-01 2.17390772993092778e-02 3.72688210426014090e-05
1.31562499999999999e-01 8.90625000000000000e-01 2.30772482333313350e-02 6.02746387599524557e-05
1.31562499999999999e-01 9.37500000000000000e-01 2.44318630408368945e-02 5.13958648600151724e-05
1.31562499999999999e-01 9.84375000000000000e-01 2.57819918038221310e-02 1.18586869690944274e-05
1.31562499999999999e-01 1.03125000000000000e+00 2.71051755964001363e-02 -5.26166556651069575e-05
1.31562499999999999e-01 1.07812500000000000e+00 2.83783522974383681e-02 -1.32108060293946135e-04
1.31562499999999999e-01 1.12500000000000000e+00 2.95788296677769492e-02 -2.12741563446301241e-04
1.31562499999999999e-01 1.17187500000000000e+00 3.06851887515539393e-02 -2.82425367831713433e-04
1.31562499999999999e-01 1.21875000000000000e+00 3.16780190896979105e-02 -3.33459971193133869e-04
1.31562499999999999e-01 1.26562500000000000e+00 3.25404262245790610e-02 -3.64281045139016701e-04
1.31562499999999999e-01 1.31250000000000000e+00 3.32582993416093431e-02 -3.78657280019950116e-04
1.31562499999999999e-01 1.35937500000000000e+00 3.38203696466796919e-02 -3.81985690650288149e-04
1.31562499999999999e-01 1.40625000000000000e+00 3.42181191718262320e-02 -3.80025197195618485e-04
1.31562499999999999e-01 1.45312500000000000e+00 3.44456119605870345e-02 -3.77324291567276732e-04
1.31562499999999999e-01 1.50000000000000000e+00 3.44993167460550809e-02 -3.76531453821515622e-04
1.40625000000000000e-01 -1.50000000000000000e+00 3.94438815255892458e-02 -2.33268876340524036e-04
1.40625000000000000e-01 -1.45312500000000000e+00 3.93823202835581199e-02 -2.38163272707464226e-04
1.40625000000000000e-01 -1.40625000000000000e+00 3.91218372679938212e-02 -2.59286348830610025e-04
1.40625000000000000e-01 -1.35937500000000000e+00 3.86664471463496057e-02 -2.97486262383001195e-04
1.40625000000000000e-01 -1.31250000000000000e+00 3.80229050398914886e-02 -3.52960665483745349e-04
1.40625000000000000e-01 -1.26562500000000000e+00 3.72009177834899465e-02 -4.23066902292800037e-04
1.40625000000000000e-01 -1.21875000000000000e+00 3.62133475424254378e-02 -4.99542575566805543e-04
1.40625000000000000e-01 -1.17187500000000000e+00 3.50763271000918211e-02 -5.64693988572575263e-04
1.40625000000000000e-01 -1.12500000000000000e+00 3.38092022687915203e-02 -5.96863959218550070e-04
1.40625000000000000e-01 -1.07812500000000000e+00 3.24342306589487581e-02 -5.74755062853654066e-04
1.40625000000000000e-01 -1.03125000000000000e+00 3.09759998042793520e-02 -4.92964549107164285e-04
1.40625000000000000e-01 -9.84375000000000000e-01 2.94605778788446272e-02 -3.64995699870211926e-04
1.40625000000000000e-01 -9.37500000000000000e-01 2.79144663206447839e-02 -2.22499116271682114e-04
1.40625000000000000e-01 -8.90625000000000000e-01 2.63634700474111340e-02 -1.00388931470897594e-04
1.40625000000000000e-01 -8.43750000000000000e-01 2.48316228978745779e-02 -2.50361617955658863e-05
1.40625000000000000e-01 -7.96875000000000000e-01 2.33402961929681449e-02 -1.03480991384515627e-05
1.40625000000000000e-01 -7.50000000000000000e-01 2.19075806153123907e-02 -5.89601583115957303e-05
1.40625000000000000e-01 -7.03125000000000000e-01 2.05479788058686476e-02 -1.71933234537564400e-04
1.40625000000000000e-01 -6.56250000000000000e-01 1.92723941016603624e-02 -3.56341061873366601e-04
1.40625000000000000e-01 -6.09375000000000000e-01 1.80883622041097814e-02 -6.26130332300149552e-04
1.40625000000000000e-01 -5.62500000000000000e-01 1.70004528119412322e-02 -1.00572961491917734e-03
1.40625000000000000e-01 -5.15625000000000000e-01 1.60107661730355746e-02 -1.52881264275216188e-03
1.40625000000000000e-01 -4.68750000000000000e-01 1.51194598305423953e-02 -2.23255749696089434e-03
1.40625000000000000e-01 -4.21875000000000000e-01 1.43252572769012373e-02 -3.15116056388063497e-03
1.40625000000000000e-01 -3.75000000000000000e-01 1.36259076052031719e-02 -4.30729541879181811e-03
1.40625000000000000e-01 -3.28125000000000000e-01 1.30185803162100357e-02 -5.69311645319964515e-03
1.40625000000000000e-01 -2.81250000000000000e-01 1.25001907850892241e-02 -7.27387971865029424e-03
1.40625000000000000e-01 -2.34375000000000000e-01 1.20676593862901142e-02 -8.96537021966341795e-03
1.40625000000000000e-01 -1.87500000000000000e-01 1.17181114887267897e-02 -1.06476090703260043e-02
1.40625000000000000e-01 -1.40625000000000000e-01 1.14490272847443553e-02 -1.21789167008842618e-02
1.40625000000000000e-01 -9.37500000000000000e-02 1.12583504984121851e-02 -1.34103403731013499e-02
1.40625000000000000e-01 -4.68750000000000000e-02 1.11445640735170579e-02 -1.42101534279297226e-02
1.40625000000000000e-01 0.00000000000000000e+00 1.11067394280642637e-02 -1.44875584196311937e-02
1.40625000000000000e-01 4.68750000000000000e-02 1.11445640735170041e-02 -1.42101534279300678e-02
1.40625000000000000e-01 9.37500000000000000e-02 1.12583504984122233e-02 -1.34103403731010516e-02
1.40625000000000000e-01 1.40625000000000000e-01 1.14490272847443918e-02 -1.21789167008840623e-02
1.40625000000000000e-01 1.87500000000000000e-01 1.17181114887267880e-02 -1.06476090703260824e-02
1.40625000000000000e-01 2.34375000000000000e-01 1.20676593862901159e-02 -8.96537021966344917e-03
1.40625000000000000e-01 2.81250000000000000e-01 1.25001907850892120e-02 -7.27387971865033588e-03
1.40625000000000000e-01 3.28125000000000000e-01 1.30185803162101155e-02 -5.69311645319944392e-03
1.40625000000000000e-01 3.75000000000000000e-01 1.36259076052030904e-02 -4.30729541879201587e-03
1.40625000000000000e-01 4.21875000000000000e-01 1.43252572769012355e-02 -3.15116056388064190e-03
1.40625000000000000e-01 4.68750000000000000e-01 1.51194598305423172e-02 -2.23255749696096503e-03
1.40625000000000000e-01 5.15625000000000000e-01 1.60107661730355746e-02 -1.52881264275216188e-03
1.40625000000000000e-01 5.62500000000000000e-01 1.70004528119412010e-02 -1.00572961491919187e-03
1.40625000000000000e-01 6.09375000000000000e-01 1.80883622041096807e-02 -6.26130332300181103e-04
1.40625000000000000e-01 6.56250000000000000e-01 1.92723941016604040e-02 -3.56341061873361072e-04
1.40625000000000000e-01 7.03125000000000000e-01 2.05479788058686164e-02 -1.71933234537566867e-04
1.40625000000000000e-01 7.50000000000000000e-01 2.19075806153123352e-02 -5.89601583115984746e-05
1.40625000000000000e-01 7.96875000000000000e-01 2.33402961929681414e-02 -1.03480991384529756e-05
1.40625000000000000e-01 8.43750000000000000e-01 2.48316228978745085e-02 -2.50361617955630166e-05
1.40625000000000000e-01 8.90625000000000000e-01 2.63634700474112589e-02 -1.00388931470905102e-04
1.40625000000000000e-01 9.37500000000000000e-01 2.79144663206447874e-02 -2.22499116271678780e-04
1.40625000000000000e-01 9.84375000000000000e-01 2.94605778788445960e-02 -3.64995699870208836e-04
1.40625000000000000e-01 1.03125000000000000e+00 3.09759998042793902e-02 -4.92964549107165369e-04
1.40625000000000000e-01 1.07812500000000000e+00 3.24342306589487581e-02 -5.74755062853654066e-04
1.40625000000000000e-01 1.12500000000000000e+00 3.38092022687916105e-02 -5.96863959218547901e-04
1.40625000000000000e-01 1.17187500000000000e+00 3.50763271000916962e-02 -5.64693988572582419e-04
1.40625000000000000e-01 1.21875000000000000e+00 3.62133475424254725e-02 -4.99542575566800447e-04
1.40625000000000000e-01 1.26562500000000000e+00 3.72009177834899327e-02 -4.23066902292797543e-04
1.40625000000000000e-01 1.31250000000000000e+00 3.80229050398913984e-02 -3.52960665483754619e-04
1.40625000000000000e-01 1.35937500000000000e+00 3.86664471463497444e-02 -2.97486262382989106e-04
1.40625000000000000e-01 1.40625000000000000e+00 3.91218372679938767e-02 -2.59286348830608073e-04
1.40625000000000000e-01 1.45312500000000000e+00 3.93823202835581199e-02 -2.38163272707464226e-04
1.40625000000000000e-01 1.50000000000000000e+00 3.94438815255892458e-02 -2.33268876340524036e-04
1.49687500000000001e-01 -1.50000000000000000e+00 4.47254438399718804e-02 -2.17107961576232816e-05
1.49687500000000001e-01 -1.45312500000000000e+00 4.46554480506319504e-02 -2.29219411223424340e-05
1.49687500000000001e-01 -1.40625000000000000e+00 4.43596236243206030e-02 -2.86660229862085579e-05
1.49687500000000001e-01 -1.35937500000000000e+00 4.38424947183345542e-02 -4.14571505617060873e-05
1.49687500000000001e-01 -1.31250000000000000e+00 4.31116817984181638e-02 -6.67396207870686679e-05
1.49687500000000001e-01 -1.26562500000000000e+00 4.21781516024620079e-02 -1.14199984357274330e-04
1.49687500000000001e-01 -1.21875000000000000e+00 4.10564610315376707e-02 -1.97815602918324128e-04
1.49687500000000001e-01 -1.17187500000000000e+00 3.97649014574851870e-02 -3.30507568209593484e-04
1.49687500000000001e-01 -1.12500000000000000e+00 3.83254447740529608e-02 -5.13121621999067115e-04
1.49687500000000001e-01 -1.07812500000000000e+00 3.67634078262982569e-02 -7.16842936004693436e-04
1.49687500000000001e-01 -1.03125000000000000e+00 3.51067907245638730e-02 -8.83236266569643988e-04
1.49687500000000001e-01 -9.84375000000000000e-01 3.33853031892022908e-02 -9.48051120890024113e-04
1.49687500000000001e-01 -9.37500000000000000e-01 3.16291590633085706e-02 -8.79729257895102293e-04
1.49687500000000001e-01 -8.90625000000000000e-01 2.98677739651351144e-02 -7.04455662190172586e-04
1.49687500000000001e-01 -8.43750000000000000e-01 2.81285270461063622e-02 -4.90698267059986129e-04
1.49687500000000001e-01 -7.96875000000000000e-01 2.64357362090295346e-02 -3.11286373126810673e-04
1.49687500000000001e-01 -7.50000000000000000e-01 2.48099514324389772e-02 -2.17739100515957045e-04
1.49687500000000001e-01 -7.03125000000000000e-01 2.32676085261696100e-02 -2.35987364337582621e-04
1.49687500000000001e-01 -6.56250000000000000e-01 2.18210247562403703e-02 -3.74874460467649879e-04
1.49687500000000001e-01 -6.09375000000000000e-01 2.04786730742466533e-02 -6.42998639616424047e-04
1.49687500000000001e-01 -5.62500000000000000e-01 1.92456494334066718e-02 -1.06197627057483539e-03
1.49687500000000001e-01 -5.15625000000000000e-01 1.81242461136794063e-02 -1.66374829702934149e-03
1.49687500000000001e-01 -4.68750000000000000e-01 1.71145566611946402e-02 -2.49191048375790218e-03
1.49687500000000001e-01 -4.21875000000000000e-01 1.62150575129943741e-02 -3.59409423353239735e-03
1.49687500000000001e-01 -3.75000000000000000e-01 1.54231316111888561e-02 -5.00684724288627536e-03
1.49687500000000001e-01 -3.28125000000000000e-01 1.47355166386644604e-02 -6.73622515147760496e-03
1.49687500000000001e-01 -2.81250000000000000e-01 1.41486734049706651e-02 -8.74855819113383101e-03
1.49687500000000001e-01 -2.34375000000000000e-01 1.36590783225658957e-02 -1.09468194733222789e-02
1.49687500000000001e-01 -1.87500000000000000e-01 1.32634485606046709e-02 -1.31726261007859627e-02
1.49687500000000001e-01 -1.40625000000000000e-01 1.29589103192823268e-02 -1.52301279145843176e-02
1.49687500000000001e-01 -9.37500000000000000e-02 1.27431206541401189e-02 -1.69050324665822559e-02
1.49687500000000001e-01 -4.68750000000000000e-02 1.26143521309586143e-02 -1.80020195061436523e-02
1.49687500000000001e-01 0.00000000000000000e+00 1.25715478260734169e-02 -1.83841413036337671e-02
1.49687500000000001e-01 4.68750000000000000e-02 1.26143521309585206e-02 -1.80020195061444781e-02
1.49687500000000001e-01 9.37500000000000000e-02 1.27431206541400912e-02 -1.69050324665825959e-02
1.49687500000000001e-01 1.40625000000000000e-01 1.29589103192823268e-02 -1.52301279145843176e-02
1.49687500000000001e-01 1.87500000000000000e-01 1.32634485606046224e-02 -1.31726261007863235e-02
1.49687500000000001e-01 2.34375000000000000e-01 1.36590783225658628e-02 -1.09468194733224437e-02
1.49687500000000001e-01 2.81250000000000000e-01 1.41486734049707276e-02 -8.74855819113345978e-03
1.49687500000000001e-01 3.28125000000000000e-01 1.47355166386644119e-02 -6.73622515147776109e-03
1.49687500000000001e-01 3.75000000000000000e-01 1.54231316111889047e-02 -5.00684724288622419e-03
1.49687500000000001e-01 4.21875000000000000e-01 1.62150575129944192e-02 -3.59409423353237263e-03
1.49687500000000001e-01 4.68750000000000000e-01 1.71145566611945951e-02 -2.49191048375793384e-03
1.49687500000000001e-01 5.15625000000000000e-01 1.81242461136794791e-02 -1.66374829702927969e-03
1.49687500000000001e-01 5.62500000000000000e-01 1.92456494334066926e-02 -1.06197627057483344e-03
1.49687500000000001e-01 6.09375000000000000e-01 2.04786730742465492e-02 -6.42998639616449309e-04
1.49687500000000001e-01 6.56250000000000000e-01 2.18210247562403703e-02 -3.74874460467649879e-04
1.49687500000000001e-01 7.03125000000000000e-01 2.32676085261696516e-02 -2.35987364337579450e-04
1.49687500000000001e-01 7.50000000000000000e-01 2.48099514324389044e-02 -2.17739100515955988e-04
1.49687500000000001e-01 7.96875000000000000e-01 2.64357362090295346e-02 -3.11286373126810673e-04
1.49687500000000001e-01 8.43750000000000000e-01 2.81285270461063587e-02 -4.90698267059980708e-04
1.49687500000000001e-01 8.90625000000000000e-01 2.98677739651351214e-02 -7.04455662190176164e-04
1.49687500000000001e-01 9.37500000000000000e-01 3.16291590633085706e-02 -8.79729257895102293e-04
1.49687500000000001e-01 9.84375000000000000e-01 3.33853031892023186e-02 -9.48051120890028342e-04
1.49687500000000001e-01 1.03125000000000000e+00 3.51067907245638522e-02 -8.83236266569643338e-04
1.49687500000000001e-01 1.07812500000000000e+00 3.67634078262982916e-02 -7.16842936004690075e-04
1.49687500000000001e-01 1.12500000000000000e+00 3.83254447740528845e-02 -5.13121621999078825e-04
1.49687500000000001e-01 1.17187500000000000e+00 3.97649014574852216e-02 -3.30507568209588659e-04
1.49687500000000001e-01 1.21875000000000000e+00 4.10564610315376777e-02 -1.97815602918324128e-04
1.49687500000000001e-01 1.26562500000000000e+00 4.21781516024621814e-02 -1.14199984357263461e-04
1.49687500000000001e-01 1.31250000000000000e+00 4.31116817984182055e-02 -6.67396207870663504e-05
1.49687500000000001e-01 1.35937500000000000e+00 4.38424947183345681e-02 -4.14571505617061347e-05
1.49687500000000001e-01 1.40625000000000000e+00 4.43596236243206377e-02 -2.86660229862077821e-05
1.49687500000000001e-01 1.45312500000000000e+00 4.46554480506319920e-02 -2.29219411223416852e-05
1.49687500000000001e-01 1.50000000000000000e+00 4.47254438399718804e-02 -2.17107961576232816e-05
1.58750000000000002e-01 -1.50000000000000000e+00 5.03455163734745359e-02 -7.40235318923802799e-08
1.58750000000000002e-01 -1.45312500000000000e+00 5.02664976860466642e-02 -8.34540472971193974e-08
1.58750000000000002e-01 -1.40625000000000000e+00 4.99329517932080233e-02 -1.36849833239848378e-07
1.58750000000000002e-01 -1.35937500000000000e+00 4.93499369898965784e-02 -3.10906133173863754e-07
1.58750000000000002e-01 -1.31250000000000000e+00 4.85259832358960128e-02 -9.05076567140141750e-07
1.58750000000000002e-01 -1.26562500000000000e+00 4.74733861216106029e-02 -3.06433644376544439e-06
1.58750000000000002e-01 -1.21875000000000000e+00 4.62084971958138316e-02 -1.08861432472757343e-05
1.58750000000000002e-01 -1.17187500000000000e+00 4.47519029742687938e-02 -3.69247499930339731e-05
1.58750000000000002e-01 -1.12500000000000000e+00 4.31283781504988167e-02 -1.10962498975169979e-04
1.58750000000000002e-01 -1.07812500000000000e+00 4.13665153248739190e-02 -2.80654144060413419e-04
1.58750000000000002e-01 -1.03125000000000000e+00 3.94979780073739448e-02 -5.80592219163050230e-04
1.58750000000000002e-01 -9.84375000000000000e-01 3.75563917016575460e-02 -9.75692459494514170e-04
1.58750000000000002e-01 -9.37500000000000000e-01 3.55759651376827621e-02 -1.33927774899820595e-03
1.58750000000000002e-01 -8.90625000000000000e-01 3.35899982567728350e-02 -1.52282026711260941e-03
1.58750000000000002e-01 -8.43750000000000000e-01 3.16294642001366810e-02 -1.46447666007193844e-03
1.58750000000000002e-01 -7.96875000000000000e-01 2.97218387690290006e-02 -1.22759529092917935e-03
1.58750000000000002e-01 -7.50000000000000000e-01 2.78902980423308966e-02 -9.46548779717511766e-04
1.58750000000000002e-01 -7.03125000000000000e-01 2.61533316389439829e-02 -7.47214581705595428e-04
1.58750000000000002e-01 -6.56250000000000000e-01 2.45247481746418659e-02 -7.09857662422119047e-04
1.58750000000000002e-01 -6.09375000000000000e-01 2.30139980739647657e-02 -8.76648301707298088e-04
1.58750000000000002e-01 -5.62500000000000000e-01 2.16267140712236988e-02 -1.27449525030680941e-03
1.58750000000000002e-01 -5.15625000000000000e-01 2.03653689887532650e-02 -1.92945803481321459e-03
1.58750000000000002e-01 -4.68750000000000000e-01 1.92299658681766884e-02 -2.89030197951939708e-03
1.58750000000000002e-01 -4.21875000000000000e-01 1.82186984470804336e-02 -4.20974582072781815e-03
1.58750000000000002e-01 -3.75000000000000000e-01 1.73285433827426102e-02 -5.93660122175132705e-03
1.58750000000000002e-01 -3.28125000000000000e-01 1.65557654091628044e-02 -8.09176771444349019e-03
1.58750000000000002e-01 -2.81250000000000000e-01 1.58963311572896081e-02 -1.06429103145889142e-02
1.58750000000000002e-01 -2.34375000000000000e-01 1.53462367249205724e-02 -1.34774815264832853e-02
1.58750000000000002e-01 -1.87500000000000000e-01 1.49017591515203697e-02 -1.63956993827641014e-02
1.58750000000000002e-01 -1.40625000000000000e-01 1.45596438842342940e-02 -1.91311760485621228e-02
1.58750000000000002e-01 -9.37500000000000000e-02 1.43172401777191538e-02 -2.13824170303815800e-02
1.58750000000000002e-01 -4.68750000000000000e-02 1.41725949854703982e-02 -2.28679975108089829e-02
1.58750000000000002e-01 0.00000000000000000e+00 1.41245138541440975e-02 -2.33873991223264091e-02
1.58750000000000002e-01 4.68750000000000000e-02 1.41725949854703027e-02 -2.28679975108100550e-02
1.58750000000000002e-01 9.37500000000000000e-02 1.43172401777191122e-02 -2.13824170303817708e-02
1.58750000000000002e-01 1.40625000000000000e-01 1.45596438842342420e-02 -1.91311760485626189e-02
1.58750000000000002e-01 1.87500000000000000e-01 1.49017591515203662e-02 -1.63956993827640632e-02
1.58750000000000002e-01 2.34375000000000000e-01 1.53462367249205776e-02 -1.34774815264833234e-02
1.58750000000000002e-01 2.81250000000000000e-01 1.58963311572896428e-02 -1.06429103145888170e-02
1.58750000000000002e-01 3.28125000000000000e-01 1.65557654091628079e-02 -8.09176771444351794e-03
1.58750000000000002e-01 3.75000000000000000e-01 1.73285433827425651e-02 -5.93660122175146930e-03
1.58750000000000002e-01 4.21875000000000000e-01 1.82186984470805342e-02 -4.20974582072767157e-03
1.58750000000000002e-01 4.68750000000000000e-01 1.92299658681766884e-02 -2.89030197951939708e-03
1.58750000000000002e-01 5.15625000000000000e-01 2.03653689887532546e-02 -1.92945803481322478e-03
1.58750000000000002e-01 5.62500000000000000e-01 2.16267140712236988e-02 -1.27449525030680941e-03
1.58750000000000002e-01 6.09375000000000000e-01 2.30139980739648004e-02 -8.76648301707287896e-04
1.58750000000000002e-01 6.56250000000000000e-01 2.45247481746419076e-02 -7.09857662422120890e-04
1.58750000000000002e-01 7.03125000000000000e-01 2.61533316389439829e-02 -7.47214581705595428e-04
1.58750000000000002e-01 7.50000000000000000e-01 2.78902980423308966e-02 -9.46548779717511766e-04
1.58750000000000002e-01 7.96875000000000000e-01 2.97218387690289694e-02 -1.22759529092916699e-03
1.58750000000000002e-01 8.43750000000000000e-01 3.16294642001365839e-02 -1.46447666007194408e-03
1.58750000000000002e-01 8.90625000000000000e-01 3.35899982567728905e-02 -1.52282026711261786e-03
1.58750000000000002e-01 9.37500000000000000e-01 3.55759651376827898e-02 -1.33927774899819771e-03
1.58750000000000002e-01 9.84375000000000000e-01 3.75563917016575460e-02 -9.75692459494514170e-04
1.58750000000000002e-01 1.03125000000000000e+00 3.94979780073739517e-02 -5.80592219163050230e-04
1.58750000000000002e-01 1.07812500000000000e+00 4.13665153248739537e-02 -2.80654144060409299e-04
1.58750000000000002e-01 1.12500000000000000e+00 4.31283781504987820e-02 -1.10962498975171266e-04
1.58750000000000002e-01 1.17187500000000000e+00 4.47519029742689534e-02 -3.69247499930297176e-05
1.58750000000000002e-01 1.21875000000000000e+00 4.62084971958139565e-02 -1.08861432472745061e-05
1.58750000000000002e-01 1.26562500000000000e+00 4.74733861216108180e-02 -3.06433644376469858e-06
1.58750000000000002e-01 1.31250000000000000e+00 4.85259832358962209e-02 -9.05076567139905745e-07
1.58750000000000002e-01 1.35937500000000000e+00 4.93499369898965784e-02 -3.10906133173863754e-07
1.58750000000000002e-01 1.40625000000000000e+00 4.99329517932080302e-02 -1.36849833239848378e-07
1.58750000000000002e-01 1.45312500000000000e+00 5.02664976860466364e-02 -8.34540472971226531e-08
1.58750000000000002e-01 1.50000000000000000e+00 5.03455163734745359e-02 -7.40235318923802799e-08
1.67812499999999976e-01 -1.50000000000000000e+00 5.63057113503809964e-02 -9.73487111511808635e-13
1.67812499999999976e-01 -1.45312500000000000e+00 5.62170706365902537e-02 -1.22035674250154919e-12
1.67812499999999976e-01 -1.40625000000000000e+00 5.58433928821586503e-02 -3.11673850537592541e-12
1.67812499999999976e-01 -1.35937500000000000e+00 5.51902935513128995e-02 -1.51223795900978457e-11
1.67812499999999976e-01 -1.31250000000000000e+00 5.42672539560418790e-02 -1.23553589687839091e-10
1.67812499999999976e-01 -1.26562500000000000e+00 5.30879651013340045e-02 -1.43220297317915792e-09
1.67812499999999976e-01 -1.21875000000000000e+00 5.16706713710323451e-02 -1.92877089283545688e-08
1.67812499999999976e-01 -1.17187500000000000e+00 5.00383907576741199e-02 -2.48283910429093490e-07
1.67812499999999976e-01 -1.12500000000000000e+00 4.82188795046908855e-02 -2.58011078286431710e-06
1.67812499999999976e-01 -1.07812500000000000e+00 4.62442272265500415e-02 -1.93815244671398322e-05
1.67812499999999976e-01 -1.03125000000000000e+00 4.41500190522330707e-02 -9.97986220004911745e-05
1.67812499999999976e-01 -9.84375000000000000e-01 4.19740799182314883e-02 -3.50950458544969565e-04
1.67812499999999976e-01 -9.37500000000000000e-01 3.97549062001038567e-02 -8.67612984704695415e-04
1.67812499999999976e-01 -8.90625000000000000e-01 3.75299655303092256e-02 -1.57617140533635597e-03
1.67812499999999976e-01 -8.43750000000000000e-01 3.53340816483445480e-02 -2.20886594925519481e-03
1.67812499999999976e-01 -7.96875000000000000e-01 3.31981048281141458e-02 -2.50802701604322439e-03
1.67812499999999976e-01 -7.50000000000000000e-01 3.11480063493183995e-02 -2.42802354533181754e-03
1.67812499999999976e-01 -7.03125000000000000e-01 2.92044498586944076e-02 -2.13109800703504670e-03
1.67812499999999976e-01 -6.56250000000000000e-01 2.73828102065591938e-02 -1.84818438688103882e-03
1.67812499999999976e-01 -6.09375000000000000e-01 2.56935516101483331e-02 -1.76526686119045763e-03
1.67812499999999976e-01 -5.62500000000000000e-01 2.41428495547660049e-02 -1.99249535880208738e-03
1.67812499999999976e-01 -5.15625000000000000e-01 2.27333412765566498e-02 -2.59721722714448093e-03
1.67812499999999976e-01 -4.68750000000000000e-01 2.14649084759609421e-02 -3.64169578829393438e-03
1.67812499999999976e-01 -4.21875000000000000e-01 2.03354227506721066e-02 -5.17498699749149773e-03
1.67812499999999976e-01 -3.75000000000000000e-01 1.93414111658378740e-02 -7.26271216254622924e-03
1.67812499999999976e-01 -3.28125000000000000e-01 1.84786218238923647e-02 -9.92755649432211507e-03
1.67812499999999976e-01 -2.81250000000000000e-01 1.77424855791372058e-02 -1.31428168386383062e-02
1.67812499999999976e-01 -2.34375000000000000e-01 1.71284803627447316e-02 -1.67668377881981488e-02
1.67812499999999976e-01 -1.87500000000000000e-01 1.66324100538976054e-02 -2.05553069077983284e-02
1.67812499999999976e-01 -1.40625000000000000e-01 1.62506118021136653e-02 -2.41501268275082989e-02
1.67812499999999976e-01 -9.37500000000000000e-02 1.59801053923642258e-02 -2.71357348172340425e-02
1.67812499999999976e-01 -4.68750000000000000e-02 1.58186965874598240e-02 -2.91182189150125462e-02
1.67812499999999976e-01 0.00000000000000000e+00 1.57650440254365060e-02 -2.98135993833426940e-02
1.67812499999999976e-01 4.68750000000000000e-02 1.58186965874598240e-02 -2.91182189150125462e-02
1.67812499999999976e-01 9.37500000000000000e-02 1.59801053923642640e-02 -2.71357348172335915e-02
1.67812499999999976e-01 1.40625000000000000e-01 1.62506118021136479e-02 -2.41501268275085036e-02
1.67812499999999976e-01 1.87500000000000000e-01 1.66324100538976644e-02 -2.05553069077981272e-02
1.67812499999999976e-01 2.34375000000000000e-01 1.71284803627448148e-02 -1.67668377881976111e-02
1.67812499999999976e-01 2.81250000000000000e-01 1.77424855791371919e-02 -1.31428168386382230e-02
1.67812499999999976e-01 3.28125000000000000e-01 1.84786218238923647e-02 -9.92755649432211507e-03
1.67812499999999976e-01 3.75000000000000000e-01 1.93414111658379087e-02 -7.26271216254617547e-03
1.67812499999999976e-01 4.21875000000000000e-01 2.03354227506720581e-02 -5.17498699749156278e-03
1.67812499999999976e-01 4.68750000000000000e-01 2.14649084759608623e-02 -3.64169578829400898e-03
1.67812499999999976e-01 5.15625000000000000e-01 2.27333412765567157e-02 -2.59721722714442238e-03
1.67812499999999976e-01 5.62500000000000000e-01 2.41428495547659876e-02 -1.99249535880208044e-03
1.67812499999999976e-01 6.09375000000000000e-01 2.56935516101483227e-02 -1.76526686119044549e-03
1.67812499999999976e-01 6.56250000000000000e-01 2.73828102065592112e-02 -1.84818438688103231e-03
1.67812499999999976e-01 7.03125000000000000e-01 2.92044498586944076e-02 -2.13109800703504670e-03
1.67812499999999976e-01 7.50000000000000000e-01 3.11480063493183683e-02 -2.42802354533183792e-03
1.67812499999999976e-01 7.96875000000000000e-01 3.31981048281141111e-02 -2.50802701604320184e-03
1.67812499999999976e-01 8.43750000000000000e-01 3.53340816483445203e-02 -2.20886594925519741e-03
1.67812499999999976e-01 8.90625000000000000e-01 3.75299655303091700e-02 -1.57617140533635944e-03
1.67812499999999976e-01 9.37500000000000000e-01 3.97549062001039191e-02 -8.67612984704675466e-04
1.67812499999999976e-01 9.84375000000000000e-01 4.19740799182314397e-02 -3.50950458544976884e-04
1.67812499999999976e-01 1.03125000000000000e+00 4.41500190522331332e-02 -9.97986220004872172e-05
1.67812499999999976e-01 1.07812500000000000e+00 4.62442272265500415e-02 -1.93815244671398322e-05
1.67812499999999976e-01 1.12500000000000000e+00 4.82188795046908300e-02 -2.58011078286448904e-06
1.67812499999999976e-01 1.17187500000000000e+00 5.00383907576741130e-02 -2.48283910429093490e-07
1.67812499999999976e-01 1.21875000000000000e+00 5.16706713710323798e-02 -1.92877089283530699e-08
1.67812499999999976e-01 1.26562500000000000e+00 5.30879651013338658e-02 -1.43220297317955703e-09
1.67812499999999976e-01 1.31250000000000000e+00 5.42672539560418721e-02 -1.23553589687842995e-10
1.67812499999999976e-01 1.35937500000000000e+00 5.51902935513129203e-02 -1.51223795900969345e-11
1.67812499999999976e-01 1.40625000000000000e+00 5.58433928821586642e-02 -3.11673850537580383e-12
1.67812499999999976e-01 1.45312500000000000e+00 5.62170706365904202e-02 -1.22035674250103644e-12
1.67812499999999976e-01 1.50000000000000000e+00 5.63057113503811768e-02 -9.73487111511347385e-13
1.76875000000000004e-01 -1.50000000000000000e+00 6.26077414231562268e-02 -4.58872483512973156e-20
1.76875000000000004e-01 -1.45312500000000000e+00 6.25088682868351481e-02 -6.19274981335464965e-20
1.76875000000000004e-01 -1.40625000000000000e+00 6.20926165436866684e-02 -2.19128634097676711e-19
1.76875000000000004e-01 -1.35937500000000000e+00 6.13651800516069115e-02 -1.99408035457655737e-18
1.76875000000000004e-01 -1.31250000000000000e+00 6.03370307534233721e-02 -4.40856290456968529e-17
1.76875000000000004e-01 -1.26562500000000000e+00 5.90233189074167025e-02 -2.07375441206412104e-15
1.76875000000000004e-01 -1.21875000000000000e+00 5.74442778845872457e-02 -1.65804374825759924e-13
1.76875000000000004e-01 -1.17187500000000000e+00 5.56254930710863502e-02 -1.62661494531061611e-11
1.76875000000000004e-01 -1.12500000000000000e+00 5.35978830614427804e-02 -1.36399580088386456e-09
1.76875000000000004e-01 -1.07812500000000000e+00 5.13972607840075119e-02 -7.13193149332172319e-08
1.76875000000000004e-01 -1.03125000000000000e+00 4.90633992043945089e-02 -1.93112170011426471e-06
1.76875000000000004e-01 -9.84375000000000000e-01 4.66386165943702274e-02 -2.56485743177818176e-05
1.76875000000000004e-01 -9.37500000000000000e-01 4.41660009591447120e-02 -1.75338520502769853e-04
1.76875000000000004e-01 -8.90625000000000000e-01 4.16874816271700296e-02 -6.81283081647812510e-04
1.76875000000000004e-01 -8.43750000000000000e-01 3.92419981623658917e-02 -1.68025303453146584e-03
1.76875000000000004e-01 -7.96875000000000000e-01 3.68639975364538422e-02 -2.91096979182464211e-03
1.76875000000000004e-01 -7.50000000000000000e-01 3.45824177153510465e-02 -3.86498745248819173e-03
1.76875000000000004e-01 -7.03125000000000000e-01 3.24202160069450018e-02 -4.24442589913653651e-03
1.76875000000000004e-01 -6.56250000000000000e-01 3.03944055128206742e-02 -4.15002794549901646e-03
1.76875000000000004e-01 -6.09375000000000000e-01 2.85164962475031175e-02 -3.91388290346543401e-03
1.76875000000000004e-01 -5.62500000000000000e-01 2.67932074393249960e-02 -3.87231271716496775e-03
1.76875000000000004e-01 -5.15625000000000000e-01 2.52273195870931430e-02 -4.26829440630703116e-03
1.76875000000000004e-01 -4.68750000000000000e-01 2.38185575612772232e-02 -5.25459175797804174e-03
1.76875000000000004e-01 -4.21875000000000000e-01 2.25644273269270425e-02 -6.92304964352757467e-03
1.76875000000000004e-01 -3.75000000000000000e-01 2.14609596829971640e-02 -9.36520215467456958e-03
1.76875000000000004e-01 -3.28125000000000000e-01 2.05033397258438180e-02 -1.25944159080580310e-02
1.76875000000000004e-01 -2.81250000000000000e-01 1.96864188520354394e-02 -1.65930249221226955e-02
1.76875000000000004e-01 -2.34375000000000000e-01 1.90051174087318107e-02 -2.11696290716978132e-02
1.76875000000000004e-01 -1.87500000000000000e-01 1.84547319404982195e-02 -2.60262307457813195e-02
1.76875000000000004e-01 -1.40625000000000000e-01 1.80311629439403875e-02 -3.06877913568121621e-02
1.76875000000000004e-01 -9.37500000000000000e-02 1.77310785128861476e-02 -3.45901357261178682e-02
1.76875000000000004e-01 -4.68750000000000000e-02 1.75520272877943279e-02 -3.71948182147984752e-02
1.76875000000000004e-01 0.00000000000000000e+00 1.74925114236474354e-02 -3.81106068183444252e-02
1.76875000000000004e-01 4.68750000000000000e-02 1.75520272877943279e-02 -3.71948182147984752e-02
1.76875000000000004e-01 9.37500000000000000e-02 1.77310785128862308e-02 -3.45901357261164596e-02
1.76875000000000004e-01 1.40625000000000000e-01 1.80311629439403841e-02 -3.06877913568122038e-02
1.76875000000000004e-01 1.87500000000000000e-01 1.84547319404981605e-02 -2.60262307457818365e-02
1.76875000000000004e-01 2.34375000000000000e-01 1.90051174087319044e-02 -2.11696290716970222e-02
1.76875000000000004e-01 2.81250000000000000e-01 1.96864188520354394e-02 -1.65930249221226955e-02
1.76875000000000004e-01 3.28125000000000000e-01 2.05033397258438665e-02 -1.25944159080577118e-02
1.76875000000000004e-01 3.75000000000000000e-01 2.14609596829971501e-02 -9.36520215467450193e-03
1.76875000000000004e-01 4.21875000000000000e-01 2.25644273269269696e-02 -6.92304964352768483e-03
1.76875000000000004e-01 4.68750000000000000e-01 2.38185575612771677e-02 -5.25459175797809205e-03
1.76875000000000004e-01 5.15625000000000000e-01 2.52273195870932054e-02 -4.26829440630698432e-03
1.76875000000000004e-01 5.62500000000000000e-01 2.67932074393250758e-02 -3.87231271716498467e-03
1.76875000000000004e-01 6.09375000000000000e-01 2.85164962475031869e-02 -3.91388290346547218e-03
1.76875000000000004e-01 6.56250000000000000e-01 3.03944055128207470e-02 -4.15002794549907718e-03
1.76875000000000004e-01 7.03125000000000000e-01 3.24202160069448908e-02 -4.24442589913653131e-03
1.76875000000000004e-01 7.50000000000000000e-01 3.45824177153510048e-02 -3.86498745248817959e-03
1.76875000000000004e-01 7.96875000000000000e-01 3.68639975364538422e-02 -2.91096979182464211e-03
1.76875000000000004e-01 8.43750000000000000e-01 3.92419981623659681e-02 -1.68025303453142680e-03
1.76875000000000004e-01 8.90625000000000000e-01 4.16874816271700990e-02 -6.81283081647793536e-04
1.76875000000000004e-01 9.37500000000000000e-01 4.41660009591448438e-02 -1.75338520502755054e-04
1.76875000000000004e-01 9.84375000000000000e-01 4.66386165943702066e-02 -2.56485743177821293e-05
1.76875000000000004e-01 1.03125000000000000e+00 4.90633992043944672e-02 -1.93112170011436297e-06
1.76875000000000004e-01 1.07812500000000000e+00 5.13972607840074772e-02 -7.13193149332203553e-08
1.76875000000000004e-01 1.12500000000000000e+00 5.35978830614427595e-02 -1.36399580088391026e-09
1.76875000000000004e-01 1.17187500000000000e+00 5.56254930710863779e-02 -1.62661494531052435e-11
1.76875000000000004e-01 1.21875000000000000e+00 5.74442778845872526e-02 -1.65804374825759924e-13
1.76875000000000004e-01 1.26562500000000000e+00 5.90233189074167025e-02 -2.07375441206412104e-15
1.76875000000000004e-01 1.31250000000000000e+00 6.03370307534233652e-02 -4.40856290456984368e-17
1.76875000000000004e-01 1.35937500000000000e+00 6.13651800516069254e-02 -1.99408035457646954e-18
1.76875000000000004e-01 1.40625000000000000e+00 6.20926165436867100e-02 -2.19128634097655093e-19
1.76875000000000004e-01 1.45312500000000000e+00 6.25088682868351203e-02 -6.19274981335525030e-20
1.76875000000000004e-01 1.50000000000000000e+00 6.26077414231562268e-02 -4.58872483512973156e-20
1.85937499999999978e-01 -1.26562500000000000e+00 6.52809658894616951e-02 -1.13785727408676296e-22
1.85937499999999978e-01 -1.21875000000000000e+00 6.35306914519517957e-02 -1.71537625252422731e-20
1.85937499999999978e-01 -1.17187500000000000e+00 6.15144086342269136e-02 -6.57228114115078019e-18
1.85937499999999978e-01 -1.12500000000000000e+00 5.92663812291863851e-02 -4.43192147315588240e-15
1.85937499999999978e-01 -1.07812500000000000e+00 5.68263771242212001e-02 -2.95020249798976039e-12
1.85937499999999978e-01 -1.03125000000000000e+00 5.42386319719318361e-02 -1.05469109933951132e-09
1.85937499999999978e-01 -9.84375000000000000e-01 5.15502624345872684e-02 -1.35458742308890906e-07
1.85937499999999978e-01 -9.37500000000000000e-01 4.88092643771632084e-02 -5.56555747130271021e-06
1.85937499999999978e-01 -8.90625000000000000e-01 4.60623344233801538e-02 -8.12035719156606377e-05
1.85937499999999978e-01 -8.43750000000000000e-01 4.33528025354826332e-02 -5.13811881397405017e-04
1.85937499999999978e-01 -7.96875000000000000e-01 4.07189406663362938e-02 -1.72995291724857537e-03
1.85937499999999978e-01 -7.50000000000000000e-01 3.81928274135740140e-02 -3.67809280241816489e-03
1.85937499999999978e-01 -7.03125000000000000e-01 3.57998325982318427e-02 -5.64155648004441811e-03
1.85937499999999978e-01 -6.56250000000000000e-01 3.35586763511092276e-02 -6.92805206497015217e-03
1.85937499999999978e-01 -6.09375000000000000e-01 3.14819417250216185e-02 -7.43392466768917626e-03
1.85937499999999978e-01 -5.62500000000000000e-01 2.95768872557221375e-02 -7.55121633178454290e-03
1.85937499999999978e-01 -5.15625000000000000e-01 2.78464101279409584e-02 -7.80990243640625800e-03
1.85937499999999978e-01 -4.68750000000000000e-01 2.62900379076482990e-02 -8.63622574230320066e-03
1.85937499999999978e-01 -4.21875000000000000e-01 2.49048631221760741e-02 -1.03114994569915713e-02
1.85937499999999978e-01 -3.75000000000000000e-01 2.36863700705463656e-02 -1.30216317040639049e-02
1.85937499999999978e-01 -3.28125000000000000e-01 2.26291316395183587e-02 -1.68086731098110870e-02
1.85937499999999978e-01 -2.81250000000000000e-01 2.17273739100015406e-02 -2.16667904893396504e-02
1.85937499999999978e-01 -2.34375000000000000e-01 2.09754186006323382e-02 -2.73424092239814738e-02
1.85937499999999978e-01 -1.87500000000000000e-01 2.03680195642857234e-02 -3.34625063885633511e-02
1.85937499999999978e-01 -1.40625000000000000e-01 1.99006114551277674e-02 -3.94068201859726144e-02
1.85937499999999978e-01 -9.37500000000000000e-02 1.95694878882374385e-02 -4.44209033742547152e-02
1.85937499999999978e-01 -4.68750000000000000e-02 1.93719240895688857e-02 -4.77828520258043246e-02
1.85937499999999978e-01 0.00000000000000000e+00 1.93062559577268436e-02 -4.89673642945740797e-02
1.85937499999999978e-01 4.68750000000000000e-02 1.93719240895688059e-02 -4.77828520258052544e-02
1.85937499999999978e-01 9.37500000000000000e-02 1.95694878882373968e-02 -4.44209033742552564e-02
1.85937499999999978e-01 1.40625000000000000e-01 1.99006114551277327e-02 -3.94068201859730308e-02
1.85937499999999978e-01 1.87500000000000000e-01 2.03680195642856748e-02 -3.34625063885640173e-02
1.85937499999999978e-01 2.34375000000000000e-01 2.09754186006323000e-02 -2.73424092239815154e-02
1.85937499999999978e-01 2.81250000000000000e-01 2.17273739100015857e-02 -2.16667904893393347e-02
1.85937499999999978e-01 3.28125000000000000e-01 2.26291316395182962e-02 -1.68086731098113541e-02
1.85937499999999978e-01 3.75000000000000000e-01 2.36863700705463726e-02 -1.30216317040639396e-02
1.85937499999999978e-01 4.21875000000000000e-01 2.49048631221760880e-02 -1.03114994569916095e-02
1.85937499999999978e-01 4.68750000000000000e-01 2.62900379076482713e-02 -8.63622574230316249e-03
1.85937499999999978e-01 5.15625000000000000e-01 2.78464101279409584e-02 -7.80990243640625800e-03
1.85937499999999978e-01 5.62500000000000000e-01 2.95768872557222694e-02 -7.55121633178455071e-03
1.85937499999999978e-01 6.09375000000000000e-01 3.14819417250216046e-02 -7.43392466768915544e-03
1.85937499999999978e-01 6.56250000000000000e-01 3.35586763511092831e-02 -6.92805206497012441e-03
1.85937499999999978e-01 7.03125000000000000e-01 3.57998325982318497e-02 -5.64155648004442331e-03
1.85937499999999978e-01 7.50000000000000000e-01 3.81928274135740348e-02 -3.67809280241814191e-03
1.85937499999999978e-01 7.96875000000000000e-01 4.07189406663362868e-02 -1.72995291724857949e-03
1.85937499999999978e-01 8.43750000000000000e-01 4.33528025354826402e-02 -5.13811881397405017e-04
1.85937499999999978e-01 8.90625000000000000e-01 4.60623344233801191e-02 -8.12035719156640258e-05
1.85937499999999978e-01 9.37500000000000000e-01 4.88092643771632431e-02 -5.56555747130245526e-06
1.85937499999999978e-01 9.84375000000000000e-01 5.15502624345872545e-02 -1.35458742308893950e-07
1.85937499999999978e-01 1.03125000000000000e+00 5.42386319719318291e-02 -1.05469109933951132e-09
1.85937499999999978e-01 1.07812500000000000e+00 5.68263771242212001e-02 -2.95020249798976039e-12
1.85937499999999978e-01 1.12500000000000000e+00 5.92663812291863851e-02 -4.43192147315588240e-15
1.85937499999999978e-01 1.17187500000000000e+00 6.15144086342270663e-02 -6.57228114114776418e-18
1.85937499999999978e-01 1.21875000000000000e+00 6.35306914519518234e-02 -1.71537625252403923e-20
1.85937499999999978e-01 1.26562500000000000e+00 6.52809658894615980e-02 -1.13785727408709751e-22
1.95000000000000007e-01 -1.12500000000000000e+00 6.52254257580819202e-02 -9.79022933210154523e-22
1.95000000000000007e-01 -1.07812500000000000e+00 6.25323820057043789e-02 -1.95879976353321318e-18
1.95000000000000007e-01 -1.03125000000000000e+00 5.96762592655843416e-02 -6.59898612915122933e-15
1.95000000000000007e-01 -9.84375000000000000e-01 5.67092897643742544e-02 -1.44844478480201966e-11
1.95000000000000007e-01 -9.37500000000000000e-01 5.36847068045094786e-02 -9.23541054492654957e-09
1.95000000000000007e-01 -8.90625000000000000e-01 5.06542925301055463e-02 -1.23995564919016391e-06
1.95000000000000007e-01 -8.43750000000000000e-01 4.76660520017701539e-02 -3.93415245834039662e-05
1.95000000000000007e-01 -7.96875000000000000e-01 4.47623169164371032e-02 -4.01657138090021168e-04
1.95000000000000007e-01 -7.50000000000000000e-01 4.19784829677783619e-02 -1.80898877018600230e-03
1.95000000000000007e-01 -7.03125000000000000e-01 3.93424503286419133e-02 -4.62047905954353529e-03
1.95000000000000007e-01 -6.56250000000000000e-01 3.68747112844707153e-02 -8.03631814981086399e-03
1.95000000000000007e-01 -6.09375000000000000e-01 3.45889439156263287e-02 -1.08667137532225226e-02
1.95000000000000007e-01 -5.62500000000000000e-01 3.24929357214405676e-02 -1.26362648948100433e-02
1.95000000000000007e-01 -5.15625000000000000e-01 3.05896681469168194e-02 -1.37087719908186110e-02
1.95000000000000007e-01 -4.68750000000000000e-01 2.88784256486948471e-02 -1.48012708081483851e-02
1.95000000000000007e-01 -4.21875000000000000e-01 2.73558349351805674e-02 -1.65828972823354875e-02
1.95000000000000007e-01 -3.75000000000000000e-01 2.60167798200316158e-02 -1.95248992288786401e-02
1.95000000000000007e-01 -3.28125000000000000e-01 2.48551688142433433e-02 -2.38414231743953528e-02
1.95000000000000007e-01 -2.81250000000000000e-01 2.38645545591961022e-02 -2.95851394220163939e-02
1.95000000000000007e-01 -2.34375000000000000e-01 2.30386174164910820e-02 -3.64698962732212459e-02
1.95000000000000007e-01 -1.87500000000000000e-01 2.23715319729623739e-02 -4.40222091032498944e-02
1.95000000000000007e-01 -1.40625000000000000e-01 2.18582369967342746e-02 -5.14525414592916577e-02
1.95000000000000007e-01 -9.37500000000000000e-02 2.14946282597987398e-02 -5.77704062949434341e-02
1.95000000000000007e-01 -4.68750000000000000e-02 2.12776909158096626e-02 -6.20266814328339494e-02
1.95000000000000007e-01 0.00000000000000000e+00 2.12055846325835823e-02 -6.35295738178923153e-02
1.95000000000000007e-01 4.68750000000000000e-02 2.12776909158096661e-02 -6.20266814328334984e-02
1.95000000000000007e-01 9.37500000000000000e-02 2.14946282597987155e-02 -5.77704062949440031e-02
1.95000000000000007e-01 1.40625000000000000e-01 2.18582369967342330e-02 -5.14525414592924904e-02
1.95000000000000007e-01 1.87500000000000000e-01 2.23715319729623739e-02 -4.40222091032498944e-02
1.95000000000000007e-01 2.34375000000000000e-01 2.30386174164911237e-02 -3.64698962732208642e-02
1.95000000000000007e-01 2.81250000000000000e-01 2.38645545591960606e-02 -2.95851394220166888e-02
1.95000000000000007e-01 3.28125000000000000e-01 2.48551688142433433e-02 -2.38414231743953528e-02
1.95000000000000007e-01 3.75000000000000000e-01 2.60167798200316193e-02 -1.95248992288787823e-02
1.95000000000000007e-01 4.21875000000000000e-01 2.73558349351805327e-02 -1.65828972823354771e-02
1.95000000000000007e-01 4.68750000000000000e-01 2.88784256486948505e-02 -1.48012708081483313e-02
1.95000000000000007e-01 5.15625000000000000e-01 3.05896681469167812e-02 -1.37087719908186526e-02
1.95000000000000007e-01 5.62500000000000000e-01 3.24929357214405329e-02 -1.26362648948101283e-02
1.95000000000000007e-01 6.09375000000000000e-01 3.45889439156263009e-02 -1.08667137532226198e-02
1.95000000000000007e-01 6.56250000000000000e-01 3.68747112844706806e-02 -8.03631814981093685e-03
1.95000000000000007e-01 7.03125000000000000e-01 3.93424503286420035e-02 -4.62047905954341386e-03
1.95000000000000007e-01 7.50000000000000000e-01 4.19784829677785076e-02 -1.80898877018587437e-03
1.95000000000000007e-01 7.96875000000000000e-01 4.47623169164370893e-02 -4.01657138090025180e-04
1.95000000000000007e-01 8.43750000000000000e-01 4.76660520017703065e-02 -3.93415245833981725e-05
1.95000000000000007e-01 8.90625000000000000e-01 5.06542925301055741e-02 -1.23995564919012071e-06
1.95000000000000007e-01 9.37500000000000000e-01 5.36847068045094647e-02 -9.23541054492678946e-09
1.95000000000000007e-01 9.84375000000000000e-01 5.67092897643741364e-02 -1.44844478480241193e-11
1.95000000000000007e-01 1.03125000000000000e+00 5.96762592655845012e-02 -6.59898612914823481e-15
1.95000000000000007e-01 1.07812500000000000e+00 6.25323820057043928e-02 -1.95879976353315579e-18
1.95000000000000007e-01 1.12500000000000000e+00 6.52254257580819341e-02 -9.79022933210125747e-22
2.04062499999999980e-01 -1.03125000000000000e+00 6.53768516635663266e-02 -5.25332935053645512e-21
2.04062499999999980e-01 -9.84375000000000000e-01 6.21159821770611645e-02 -4.09196526123675433e-17
2.04062499999999980e-01 -9.37500000000000000e-01 5.87923330418411300e-02 -3.40442415838706072e-13
2.04062499999999980e-01 -8.90625000000000000e-01 5.54631038869173587e-02 -8.67508447529677686e-10
2.04062499999999980e-01 -8.43750000000000000e-01 5.21812705287104037e-02 -3.44154453273514219e-07
2.04062499999999980e-01 -7.96875000000000000e-01 4.89934660867060931e-02 -2.21800511319452230e-05
2.04062499999999980e-01 -7.50000000000000000e-01 4.59385823727678222e-02 -3.45374953802886407e-04
2.04062499999999980e-01 -7.03125000000000000e-01 4.30471664638082951e-02 -1.99042094482798420e-03
2.04062499999999980e-01 -6.56250000000000000e-01 4.03415438112620650e-02 -5.91327990436097285e-03
2.04062499999999980e-01 -6.09375000000000000e-01 3.78365037289771153e-02 -1.14020165001349101e-02
2.04062499999999980e-01 -5.62500000000000000e-01 3.55403459141586872e-02 -1.67023761670962584e-02
2.04062499999999980e-01 -5.15625000000000000e-01 3.34560973528831851e-02 -2.07758727023782050e-02
2.04062499999999980e-01 -4.68750000000000000e-01 3.15827479017313367e-02 -2.38191682810373236e-02
2.04062499999999980e-01 -4.21875000000000000e-01 2.99164012256004780e-02 -2.67128337363827309e-02
2.04062499999999980e-01 -3.75000000000000000e-01 2.84512827251187789e-02 -3.03915554508695750e-02
2.04062499999999980e-01 -3.28125000000000000e-01 2.71805812772220531e-02 -3.54695720625906666e-02
2.04062499999999980e-01 -2.81250000000000000e-01 2.60971256100501273e-02 -4.22263518801845247e-02
2.04062499999999980e-01 -2.34375000000000000e-01 2.51939102640926782e-02 -5.04599552048895159e-02
2.04062499999999980e-01 -1.87500000000000000e-01 2.44644927387194962e-02 -5.96129152966853385e-02
2.04062499999999980e-01 -1.40625000000000000e-01 2.39032850024997294e-02 -6.87228252248419658e-02
2.04062499999999980e-01 -9.37500000000000000e-02 2.35057610357514990e-02 -7.65307831529345173e-02
2.04062499999999980e-01 -4.68750000000000000e-02 2.32685988933925628e-02 -8.18167574097334871e-02
2.04062499999999980e-01 0.00000000000000000e+00 2.31897718360462510e-02 -8.36879209791190348e-02
2.04062499999999980e-01 4.68750000000000000e-02 2.32685988933925628e-02 -8.18167574097334871e-02
2.04062499999999980e-01 9.37500000000000000e-02 2.35057610357515892e-02 -7.65307831529323246e-02
2.04062499999999980e-01 1.40625000000000000e-01 2.39032850024997294e-02 -6.87228252248419658e-02
2.04062499999999980e-01 1.87500000000000000e-01 2.44644927387194511e-02 -5.96129152966865597e-02
2.04062499999999980e-01 2.34375000000000000e-01 2.51939102640927441e-02 -5.04599552048888289e-02
2.04062499999999980e-01 2.81250000000000000e-01 2.60971256100501932e-02 -4.22263518801842402e-02
2.04062499999999980e-01 3.28125000000000000e-01 2.71805812772220878e-02 -3.54695720625906041e-02
2.04062499999999980e-01 3.75000000000000000e-01 2.84512827251187234e-02 -3.03915554508697797e-02
2.04062499999999980e-01 4.21875000000000000e-01 2.99164012256005162e-02 -2.67128337363827864e-02
2.04062499999999980e-01 4.68750000000000000e-01 3.15827479017314061e-02 -2.38191682810372507e-02
2.04062499999999980e-01 5.15625000000000000e-01 3.34560973528831088e-02 -2.07758727023783334e-02
2.04062499999999980e-01 5.62500000000000000e-01 3.55403459141587635e-02 -1.67023761670960572e-02
2.04062499999999980e-01 6.09375000000000000e-01 3.78365037289770043e-02 -1.14020165001351998e-02
2.04062499999999980e-01 6.56250000000000000e-01 4.03415438112621622e-02 -5.91327990436076902e-03
2.04062499999999980e-01 7.03125000000000000e-01 4.30471664638082951e-02 -1.99042094482798420e-03
2.04062499999999980e-01 7.50000000000000000e-01 4.59385823727677944e-02 -3.45374953802892208e-04
2.04062499999999980e-01 7.96875000000000000e-01 4.89934660867059890e-02 -2.21800511319477540e-05
2.04062499999999980e-01 8.43750000000000000e-01 5.21812705287103967e-02 -3.44154453273522584e-07
2.04062499999999980e-01 8.90625000000000000e-01 5.54631038869173934e-02 -8.67508447529616268e-10
2.04062499999999980e-01 9.37500000000000000e-01 5.87923330418410883e-02 -3.40442415838751763e-13
2.04062499999999980e-01 9.84375000000000000e-01 6.21159821770611784e-02 -4.09196526123664340e-17
2.04062499999999980e-01 1.03125000000000000e+00 6.53768516635663266e-02 -5.25332935053645512e-21
2.13125000000000009e-01 -9.37500000000000000e-01 6.41321413254838379e-02 -1.22060601331014425e-18
2.13125000000000009e-01 -8.90625000000000000e-01 6.04884942403974696e-02 -2.17007310376228995e-14
2.13125000000000009e-01 -8.43750000000000000e-01 5.68979469752895345e-02 -1.49878998802337128e-10
2.13125000000000009e-01 -7.96875000000000000e-01 5.34116831167534417e-02 -1.39052879068945920e-07
2.13125000000000009e-01 -7.50000000000000000e-01 5.00722721903274701e-02 -1.56956577343797559e-05
2.13125000000000009e-01 -7.03125000000000000e-01 4.69130231231489336e-02 -3.38785446552996976e-04
2.13125000000000009e-01 -6.56250000000000000e-01 4.39581509152069810e-02 -2.34993372787558859e-03
2.13125000000000009e-01 -6.09375000000000000e-01 4.12235659575494393e-02 -7.80941796734258096e-03
2.13125000000000009e-01 -5.62500000000000000e-01 3.87180564087031068e-02 -1.62751041420853039e-02
2.13125000000000009e-01 -5.15625000000000000e-01 3.64446493162000271e-02 -2.53739880012886290e-02
2.13125000000000009e-01 -4.68750000000000000e-01 3.44019823932928404e-02 -3.33063124118986795e-02
2.13125000000000009e-01 -4.21875000000000000e-01 3.25855739232495736e-02 -3.99540689131472684e-02
2.13125000000000009e-01 -3.75000000000000000e-01 3.09889288353808190e-02 -4.62529973517551291e-02
2.13125000000000009e-01 -3.28125000000000000e-01 2.96044578974821032e-02 -5.32689227334590537e-02
2.13125000000000009e-01 -2.81250000000000000e-01 2.84242130228314106e-02 -6.17591693827056545e-02
2.13125000000000009e-01 -2.34375000000000000e-01 2.74404566853436310e-02 -7.18138826980526945e-02
2.13125000000000009e-01 -1.87500000000000000e-01 2.66460902037774991e-02 -8.29272311989648209e-02
2.13125000000000009e-01 -1.40625000000000000e-01 2.60349669521045685e-02 -9.40076166191121942e-02
2.13125000000000009e-01 -9.37500000000000000e-02 2.56021145818712478e-02 -1.03544328319331871e-01
2.13125000000000009e-01 -4.68750000000000000e-02 2.53438866534635224e-02 -1.10022971374090464e-01
2.13125000000000009e-01 0.00000000000000000e+00 2.52580596423454783e-02 -1.12321023677355677e-01
2.13125000000000009e-01 4.68750000000000000e-02 2.53438866534634669e-02 -1.10022971374090853e-01
2.13125000000000009e-01 9.37500000000000000e-02 2.56021145818712478e-02 -1.03544328319331871e-01
2.13125000000000009e-01 1.40625000000000000e-01 2.60349669521045685e-02 -9.40076166191121942e-02
2.13125000000000009e-01 1.87500000000000000e-01 2.66460902037773395e-02 -8.29272311989676658e-02
2.13125000000000009e-01 2.34375000000000000e-01 2.74404566853435339e-02 -7.18138826980540546e-02
2.13125000000000009e-01 2.81250000000000000e-01 2.84242130228313655e-02 -6.17591693827059043e-02
2.13125000000000009e-01 3.28125000000000000e-01 2.96044578974822038e-02 -5.32689227334583806e-02
2.13125000000000009e-01 3.75000000000000000e-01 3.09889288353808259e-02 -4.62529973517548584e-02
2.13125000000000009e-01 4.21875000000000000e-01 3.25855739232496985e-02 -3.99540689131466231e-02
2.13125000000000009e-01 4.68750000000000000e-01 3.44019823932929097e-02 -3.33063124118981174e-02
2.13125000000000009e-01 5.15625000000000000e-01 3.64446493162000687e-02 -2.53739880012886602e-02
2.13125000000000009e-01 5.62500000000000000e-01 3.87180564087031276e-02 -1.62751041420852866e-02
2.13125000000000009e-01 6.09375000000000000e-01 4.12235659575494809e-02 -7.80941796734248728e-03
2.13125000000000009e-01 6.56250000000000000e-01 4.39581509152069325e-02 -2.34993372787564020e-03
2.13125000000000009e-01 7.03125000000000000e-01 4.69130231231488781e-02 -3.38785446553011612e-04
2.13125000000000009e-01 7.50000000000000000e-01 5.00722721903273660e-02 -1.56956577343818261e-05
2.13125000000000009e-01 7.96875000000000000e-01 5.34116831167534625e-02 -1.39052879068938111e-07
2.13125000000000009e-01 8.43750000000000000e-01 5.68979469752895345e-02 -1.49878998802337128e-10
2.13125000000000009e-01 8.90625000000000000e-01 6.04884942403974904e-02 -2.17007310376215679e-14
2.13125000000000009e-01 9.37500000000000000e-01 6.41321413254839073e-02 -1.22060601330993972e-18
2.22187499999999982e-01 -8.90625000000000000e-01 6.57301654999465079e-02 -1.85346966191895807e-19
2.22187499999999982e-01 -8.43750000000000000e-01 6.18155331068020245e-02 -4.44871012011372893e-15
2.22187499999999982e-01 -7.96875000000000000e-01 5.80162159800222121e-02 -5.46768595214728965e-11
2.22187499999999982e-01 -7.50000000000000000e-01 5.43786455151167442e-02 -8.81590689064897871e-08
2.22187499999999982e-01 -7.03125000000000000e-01 5.09390054569755640e-02 -1.44214277505416553e-05
2.22187499999999982e-01 -6.56250000000000000e-01 4.77234515342563753e-02 -3.83775299975590365e-04
2.22187499999999982e-01 -6.09375000000000000e-01 4.47490180662088594e-02 -2.98832226079307666e-03
2.22187499999999982e-01 -5.62500000000000000e-01 4.20249503786140760e-02 -1.06614770836410168e-02
2.22187499999999982e-01 -5.15625000000000000e-01 3.95542228504879578e-02 -2.34164003845058963e-02
2.22187499999999982e-01 -4.68750000000000000e-01 3.73350570783957184e-02 -3.82184468100340430e-02
2.22187499999999982e-01 -4.21875000000000000e-01 3.53623182398406233e-02 -5.23255773727910184e-02
2.22187499999999982e-01 -3.75000000000000000e-01 3.36287244184670722e-02 -6.50058329365604953e-02
2.22187499999999982e-01 -3.28125000000000000e-01 3.21258464619728762e-02 -7.69693489451447471e-02
2.22187499999999982e-01 -2.81250000000000000e-01 3.08449040676319203e-02 -8.93812208479183162e-02
2.22187499999999982e-01 -2.34375000000000000e-01 2.97773795763664854e-02 -1.02739495696689734e-01
2.22187499999999982e-01 -1.87500000000000000e-01 2.89154777422948595e-02 -1.16858339673811568e-01
2.22187499999999982e-01 -1.40625000000000000e-01 2.82524606610921811e-02 -1.30624606630184492e-01
2.22187499999999982e-01 -9.37500000000000000e-02 2.77828845290872470e-02 -1.42383943801147855e-01
2.22187499999999982e-01 -4.68750000000000000e-02 2.75027606486455238e-02 -1.50358338890729359e-01
2.22187499999999982e-01 0.00000000000000000e+00 2.74096581323805752e-02 -1.53186364374640921e-01
2.22187499999999982e-01 4.68750000000000000e-02 2.75027606486456175e-02 -1.50358338890727333e-01
2.22187499999999982e-01 9.37500000000000000e-02 2.77828845290872470e-02 -1.42383943801147855e-01
2.22187499999999982e-01 1.40625000000000000e-01 2.82524606610921013e-02 -1.30624606630186796e-01
2.22187499999999982e-01 1.87500000000000000e-01 2.89154777422948629e-02 -1.16858339673811124e-01
2.22187499999999982e-01 2.34375000000000000e-01 2.97773795763664403e-02 -1.02739495696690816e-01
2.22187499999999982e-01 2.81250000000000000e-01 3.08449040676320452e-02 -8.93812208479167480e-02
2.22187499999999982e-01 3.28125000000000000e-01 3.21258464619728762e-02 -7.69693489451447471e-02
2.22187499999999982e-01 3.75000000000000000e-01 3.36287244184670375e-02 -6.50058329365604814e-02
2.22187499999999982e-01 4.21875000000000000e-01 3.53623182398406719e-02 -5.23255773727905049e-02
2.22187499999999982e-01 4.68750000000000000e-01 3.73350570783956837e-02 -3.82184468100342997e-02
2.22187499999999982e-01 5.15625000000000000e-01 3.95542228504879717e-02 -2.34164003845057644e-02
2.22187499999999982e-01 5.62500000000000000e-01 4.20249503786141662e-02 -1.06614770836406282e-02
2.22187499999999982e-01 6.09375000000000000e-01 4.47490180662088177e-02 -2.98832226079316383e-03
2.22187499999999982e-01 6.56250000000000000e-01 4.77234515342564516e-02 -3.83775299975564561e-04
2.22187499999999982e-01 7.03125000000000000e-01 5.09390054569756057e-02 -1.44214277505408760e-05
2.22187499999999982e-01 7.50000000000000000e-01 5.43786455151167789e-02 -8.81590689064839637e-08
2.22187499999999982e-01 7.96875000000000000e-01 5.80162159800222260e-02 -5.46768595214712680e-11
2.22187499999999982e-01 8.43750000000000000e-01 6.18155331068020453e-02 -4.44871012011352777e-15
2.22187499999999982e-01 8.90625000000000000e-01 6.57301654999464940e-02 -1.85346966191901873e-19
2.31250000000000011e-01 -7.96875000000000000e-01 6.28062634253644947e-02 -2.82762441627622467e-15
2.31250000000000011e-01 -7.50000000000000000e-01 5.88567398044273077e-02 -4.30225736526352890e-11
2.31250000000000011e-01 -7.03125000000000000e-01 5.51240397129974871e-02 -8.86053034775078283e-08
2.31250000000000011e-01 -6.56250000000000000e-01 5.16363049469981267e-02 -1.71312050654402577e-05
2.31250000000000011e-01 -6.09375000000000000e-01 4.84116889256648100e-02 -4.98808988971639715e-04
2.31250000000000011e-01 -5.62500000000000000e-01 4.54598546637052653e-02 -4.07423528873604186e-03
2.31250000000000011e-01 -5.15625000000000000e-01 4.27836633775594763e-02 -1.50143847829602127e-02
2.31250000000000011e-01 -4.68750000000000000e-01 4.03808497554803553e-02 -3.39718305005975996e-02
2.31250000000000011e-01 -4.21875000000000000e-01 3.82455524850542211e-02 -5.71530183421689597e-02
2.31250000000000011e-01 -3.75000000000000000e-01 3.63696319322306047e-02 -8.05391238363057232e-02
2.31250000000000011e-01 -3.28125000000000000e-01 3.47437537651164308e-02 -1.02417612420583462e-01
2.31250000000000011e-01 -2.81250000000000000e-01 3.33582474998162237e-02 -1.23164504843533681e-01
2.31250000000000011e-01 -2.34375000000000000e-01 3.22037654241051838e-02 -1.43238343683505159e-01
2.31250000000000011e-01 -1.87500000000000000e-01 3.12717740392540328e-02 -1.62903511444189630e-01
2.31250000000000011e-01 -1.40625000000000000e-01 3.05549105879129833e-02 -1.81118420993085671e-01
2.31250000000000011e-01 -9.37500000000000000e-02 3.00472340981589002e-02 -1.96272071754440253e-01
2.31250000000000011e-01 -4.68750000000000000e-02 2.97443954873217314e-02 -2.06425876175005657e-01
2.31250000000000011e-01 0.00000000000000000e+00 2.96437457310477770e-02 -2.10011406657171329e-01
2.31250000000000011e-01 4.68750000000000000e-02 2.97443954873216378e-02 -2.06425876175010126e-01
2.31250000000000011e-01 9.37500000000000000e-02 3.00472340981588967e-02 -1.96272071754440586e-01
2.31250000000000011e-01 1.40625000000000000e-01 3.05549105879129833e-02 -1.81118420993085671e-01
2.31250000000000011e-01 1.87500000000000000e-01 3.12717740392538940e-02 -1.62903511444191351e-01
2.31250000000000011e-01 2.34375000000000000e-01 3.22037654241052046e-02 -1.43238343683505104e-01
2.31250000000000011e-01 2.81250000000000000e-01 3.33582474998161821e-02 -1.23164504843534139e-01
2.31250000000000011e-01 3.28125000000000000e-01 3.47437537651164308e-02 -1.02417612420583462e-01
2.31250000000000011e-01 3.75000000000000000e-01 3.63696319322306255e-02 -8.05391238363057510e-02
2.31250000000000011e-01 4.21875000000000000e-01 3.82455524850541517e-02 -5.71530183421697577e-02
2.31250000000000011e-01 4.68750000000000000e-01 4.03808497554802998e-02 -3.39718305005979604e-02
2.31250000000000011e-01 5.15625000000000000e-01 4.27836633775595179e-02 -1.50143847829598449e-02
2.31250000000000011e-01 5.62500000000000000e-01 4.54598546637051820e-02 -4.07423528873619885e-03
2.31250000000000011e-01 6.09375000000000000e-01 4.84116889256646782e-02 -4.98808988971698804e-04
2.31250000000000011e-01 6.56250000000000000e-01 5.16363049469981267e-02 -1.71312050654402577e-05
2.31250000000000011e-01 7.03125000000000000e-01 5.51240397129974802e-02 -8.86053034775108724e-08
2.31250000000000011e-01 7.50000000000000000e-01 5.88567398044272522e-02 -4.30225736526406915e-11
2.31250000000000011e-01 7.96875000000000000e-01 6.28062634253644947e-02 -2.82762441627622467e-15
2.40312499999999984e-01 -7.50000000000000000e-01 6.35055345653653264e-02 -4.74593570033195262e-15
2.40312499999999984e-01 -7.03125000000000000e-01 5.94669911886088615e-02 -6.70423162211390865e-11
2.40312499999999984e-01 -6.56250000000000000e-01 5.56955090754500462e-02 -1.34513277849599199e-07
2.40312499999999984e-01 -6.09375000000000000e-01 5.22103474903665432e-02 -2.54939221060310221e-05
2.40312499999999984e-01 -5.62500000000000000e-01 4.90215388052087295e-02 -7.28448556898203797e-04
2.40312499999999984e-01 -5.15625000000000000e-01 4.61317622775639091e-02 -5.88110271042626472e-03
2.40312499999999984e-01 -4.68750000000000000e-01 4.35381876791599426e-02 -2.16536100066687977e-02
2.40312499999999984e-01 -4.21875000000000000e-01 4.12341478888748336e-02 -4.94323304037417796e-02
2.40312499999999984e-01 -3.75000000000000000e-01 3.92105700085084996e-02 -8.44058993975565219e-02
2.40312499999999984e-01 -3.28125000000000000e-01 3.74571457131780000e-02 -1.20940845157853000e-01
2.40312499999999984e-01 -2.81250000000000000e-01 3.59632537520083659e-02 -1.56106469608843113e-01
2.40312499999999984e-01 -2.34375000000000000e-01 3.47186645602611879e-02 -1.88661371317026261e-01
2.40312499999999984e-01 -1.87500000000000000e-01 3.37140633869369780e-02 -2.18664635593212531e-01
2.40312499999999984e-01 -1.40625000000000000e-01 3.29414281585440338e-02 -2.44902269051141069e-01
2.40312499999999984e-01 -9.37500000000000000e-02 3.23942944418210699e-02 -2.65895062404304772e-01
2.40312499999999984e-01 -4.68750000000000000e-02 3.20679342852838445e-02 -2.79664204567274199e-01
2.40312499999999984e-01 0.00000000000000000e+00 3.19594695618879293e-02 -2.84482191254305072e-01
2.40312499999999984e-01 4.68750000000000000e-02 3.20679342852837959e-02 -2.79664204567275143e-01
2.40312499999999984e-01 9.37500000000000000e-02 3.23942944418211115e-02 -2.65895062404303439e-01
2.40312499999999984e-01 1.40625000000000000e-01 3.29414281585440893e-02 -2.44902269051140792e-01
2.40312499999999984e-01 1.87500000000000000e-01 3.37140633869369849e-02 -2.18664635593213141e-01
2.40312499999999984e-01 2.34375000000000000e-01 3.47186645602612365e-02 -1.88661371317024346e-01
2.40312499999999984e-01 2.81250000000000000e-01 3.59632537520084422e-02 -1.56106469608841364e-01
2.40312499999999984e-01 3.28125000000000000e-01 3.74571457131778890e-02 -1.20940845157856358e-01
2.40312499999999984e-01 3.75000000000000000e-01 3.92105700085084996e-02 -8.44058993975565219e-02
2.40312499999999984e-01 4.21875000000000000e-01 4.12341478888749169e-02 -4.94323304037407180e-02
2.40312499999999984e-01 4.68750000000000000e-01 4.35381876791599426e-02 -2.16536100066687977e-02
2.40312499999999984e-01 5.15625000000000000e-01 4.61317622775639646e-02 -5.88110271042605742e-03
2.40312499999999984e-01 5.62500000000000000e-01 4.90215388052088405e-02 -7.28448556898136251e-04
2.40312499999999984e-01 6.09375000000000000e-01 5.22103474903666542e-02 -2.54939221060272409e-05
2.40312499999999984e-01 6.56250000000000000e-01 5.56955090754501086e-02 -1.34513277849585329e-07
2.40312499999999984e-01 7.03125000000000000e-01 5.94669911886089170e-02 -6.70423162211312541e-11
2.40312499999999984e-01 7.50000000000000000e-01 6.35055345653653125e-02 -4.74593570033208515e-15
2.49375000000000013e-01 -7.03125000000000000e-01 6.39666620652642876e-02 -1.72031382040011357e-14
2.49375000000000013e-01 -6.56250000000000000e-01 5.98997987031691659e-02 -1.80728185861166373e-10
2.49375000000000013e-01 -6.09375000000000000e-01 5.61437014216085786e-02 -2.83988719502725650e-07
2.49375000000000013e-01 -5.62500000000000000e-01 5.27087140503287588e-02 -4.52889296655326233e-05
2.49375000000000013e-01 -5.15625000000000000e-01 4.95972562266145528e-02 -1.16221770978660439e-03
2.49375000000000013e-01 -4.68750000000000000e-01 4.68058471730559283e-02 -8.83710941412426711e-03
2.49375000000000013e-01 -4.21875000000000000e-01 4.43269284322894697e-02 -3.16232530327838351e-02
2.49375000000000013e-01 -3.75000000000000000e-01 4.21504134503093569e-02 -7.15229481508768278e-02
2.49375000000000013e-01 -3.28125000000000000e-01 4.02649474448937283e-02 -1.22441548218653384e-01
2.49375000000000013e-01 -2.81250000000000000e-01 3.86588951437321568e-02 -1.76633422984983801e-01
2.49375000000000013e-01 -2.34375000000000000e-01 3.73210914334049515e-02 -2.28445583096048177e-01
2.49375000000000013e-01 -1.87500000000000000e-01 3.62413959996211663e-02 -2.75628402342442236e-01
2.49375000000000013e-01 -1.40625000000000000e-01 3.54110921091595268e-02 -3.15625600140864604e-01
2.49375000000000013e-01 -9.37500000000000000e-02 3.48231650047507446e-02 -3.46641002145800348e-01
2.49375000000000013e-01 -4.68750000000000000e-02 3.44724890350329854e-02 -3.66559422828795500e-01
2.49375000000000013e-01 0.00000000000000000e+00 3.43559458193259254e-02 -3.73461974686536635e-01
2.49375000000000013e-01 4.68750000000000000e-02 3.44724890350329022e-02 -3.66559422828799442e-01
2.49375000000000013e-01 9.37500000000000000e-02 3.48231650047507099e-02 -3.46641002145804067e-01
2.49375000000000013e-01 1.40625000000000000e-01 3.54110921091595060e-02 -3.15625600140865881e-01
2.49375000000000013e-01 1.87500000000000000e-01 3.62413959996212148e-02 -2.75628402342440626e-01
2.49375000000000013e-01 2.34375000000000000e-01 3.73210914334048960e-02 -2.28445583096050786e-01
2.49375000000000013e-01 2.81250000000000000e-01 3.86588951437322123e-02 -1.76633422984981497e-01
2.49375000000000013e-01 3.28125000000000000e-01 4.02649474448937283e-02 -1.22441548218653384e-01
2.49375000000000013e-01 3.75000000000000000e-01 4.21504134503095512e-02 -7.15229481508721787e-02
2.49375000000000013e-01 4.21875000000000000e-01 4.43269284322894974e-02 -3.16232530327835645e-02
2.49375000000000013e-01 4.68750000000000000e-01 4.68058471730558867e-02 -8.83710941412448221e-03
2.49375000000000013e-01 5.15625000000000000e-01 4.95972562266144834e-02 -1.16221770978667074e-03
2.49375000000000013e-01 5.62500000000000000e-01 5.27087140503287171e-02 -4.52889296655348188e-05
2.49375000000000013e-01 6.09375000000000000e-01 5.61437014216086203e-02 -2.83988719502708392e-07
2.49375000000000013e-01 6.56250000000000000e-01 5.98997987031692283e-02 -1.80728185861136465e-10
2.49375000000000013e-01 7.03125000000000000e-01 6.39666620652642876e-02 -1.72031382040011357e-14
2.58437499999999987e-01 -6.56250000000000000e-01 6.42478436077552478e-02 -1.10455125188285943e-13
2.58437499999999987e-01 -6.09375000000000000e-01 6.02103956568630153e-02 -7.28297808173755113e-10
2.58437499999999987e-01 -5.62500000000000000e-01 5.65200323282832873e-02 -7.59849767168283973e-07
2.58437499999999987e-01 -5.15625000000000000e-01 5.31788265243909042e-02 -9.11071170074990744e-05
2.58437499999999987e-01 -4.68750000000000000e-01 5.01825532452167128e-02 -1.96715597709277426e-03
2.58437499999999987e-01 -4.21875000000000000e-01 4.75226706885642641e-02 -1.35841092025649826e-02
2.58437499999999987e-01 -3.75000000000000000e-01 4.51879932442885365e-02 -4.62354870844084789e-02
2.58437499999999987e-01 -3.28125000000000000e-01 4.31660434698522139e-02 -1.02259233579881745e-01
2.58437499999999987e-01 -2.81250000000000000e-01 4.14441061098634322e-02 -1.73384614850924906e-01
2.58437499999999987e-01 -2.34375000000000000e-01 4.00100249001368383e-02 -2.48340937191534383e-01
2.58437499999999987e-01 -1.87500000000000000e-01 3.88527883471362911e-02 -3.19381353504796850e-01
2.58437499999999987e-01 -1.40625000000000000e-01 3.79629488473080187e-02 -3.80130927227263715e-01
2.58437499999999987e-01 -9.37500000000000000e-02 3.73329139017075859e-02 -4.26849934016229504e-01
2.58437499999999987e-01 -4.68750000000000000e-02 3.69571409930112976e-02 -4.56568201731253065e-01
2.58437499999999987e-01 0.00000000000000000e+00 3.68322601587556114e-02 -4.66808511732193565e-01
2.58437499999999987e-01 4.68750000000000000e-02 3.69571409930112976e-02 -4.56568201731253065e-01
2.58437499999999987e-01 9.37500000000000000e-02 3.73329139017075443e-02 -4.26849934016234056e-01
2.58437499999999987e-01 1.40625000000000000e-01 3.79629488473080257e-02 -3.80130927227263715e-01
2.58437499999999987e-01 1.87500000000000000e-01 3.88527883471362911e-02 -3.19381353504796850e-01
2.58437499999999987e-01 2.34375000000000000e-01 4.00100249001368383e-02 -2.48340937191534383e-01
2.58437499999999987e-01 2.81250000000000000e-01 4.14441061098633420e-02 -1.73384614850928181e-01
2.58437499999999987e-01 3.28125000000000000e-01 4.31660434698522902e-02 -1.02259233579878664e-01
2.58437499999999987e-01 3.75000000000000000e-01 4.51879932442884949e-02 -4.62354870844092353e-02
2.58437499999999987e-01 4.21875000000000000e-01 4.75226706885643752e-02 -1.35841092025640233e-02
2.58437499999999987e-01 4.68750000000000000e-01 5.01825532452166226e-02 -1.96715597709293168e-03
2.58437499999999987e-01 5.15625000000000000e-01 5.31788265243908972e-02 -9.11071170074990744e-05
2.58437499999999987e-01 5.62500000000000000e-01 5.65200323282832873e-02 -7.59849767168283973e-07
2.58437499999999987e-01 6.09375000000000000e-01 6.02103956568630846e-02 -7.28297808173670844e-10
2.58437499999999987e-01 6.56250000000000000e-01 6.42478436077552201e-02 -1.10455125188290765e-13
2.67499999999999960e-01 -6.09375000000000000e-01 6.44090109266261257e-02 -1.04985284718428633e-12
2.67499999999999960e-01 -5.62500000000000000e-01 6.04540852002215662e-02 -3.82241786690581257e-09
2.67499999999999960e-01 -5.15625000000000000e-01 5.68750984144698463e-02 -2.35955912122494323e-06
2.67499999999999960e-01 -4.68750000000000000e-01 5.36669792087755074e-02 -1.97520525949474314e-04
2.67499999999999960e-01 -4.21875000000000000e-01 5.08201036774656376e-02 -3.43694548313286776e-03
2.67499999999999960e-01 -3.75000000000000000e-01 4.83220965904625419e-02 -2.10264936529454063e-02
2.67499999999999960e-01 -3.28125000000000000e-01 4.61592778261795678e-02 -6.70511257710164899e-02
2.67499999999999960e-01 -2.81250000000000000e-01 4.43177834490823541e-02 -1.43014439599504078e-01
2.67499999999999960e-01 -2.34375000000000000e-01 4.27844085361795551e-02 -2.36903728192820351e-01
2.67499999999999960e-01 -1.87500000000000000e-01 4.15472235079263549e-02 -3.34033167509627638e-01
2.67499999999999960e-01 -1.40625000000000000e-01 4.05960128320789551e-02 -4.21047024248596524e-01
2.67499999999999960e-01 -9.37500000000000000e-02 3.99225783141894386e-02 -4.89209200933994726e-01
2.67499999999999960e-01 -4.68750000000000000e-02 3.95209410850437537e-02 -5.32825827831056142e-01
2.67499999999999960e-01 0.00000000000000000e+00 3.93874681047345215e-02 -5.47875694276906522e-01
2.67499999999999960e-01 4.68750000000000000e-02 3.95209410850437606e-02 -5.32825827831056587e-01
2.67499999999999960e-01 9.37500000000000000e-02 3.99225783141894386e-02 -4.89209200933994726e-01
2.67499999999999960e-01 1.40625000000000000e-01 4.05960128320789065e-02 -4.21047024248603519e-01
2.67499999999999960e-01 1.87500000000000000e-01 4.15472235079263619e-02 -3.34033167509627638e-01
2.67499999999999960e-01 2.34375000000000000e-01 4.27844085361796106e-02 -2.36903728192815577e-01
2.67499999999999960e-01 2.81250000000000000e-01 4.43177834490824513e-02 -1.43014439599498888e-01
2.67499999999999960e-01 3.28125000000000000e-01 4.61592778261796788e-02 -6.70511257710130343e-02
2.67499999999999960e-01 3.75000000000000000e-01 4.83220965904623476e-02 -2.10264936529479009e-02
2.67499999999999960e-01 4.21875000000000000e-01 5.08201036774656376e-02 -3.43694548313286776e-03
2.67499999999999960e-01 4.68750000000000000e-01 5.36669792087755004e-02 -1.97520525949474395e-04
2.67499999999999960e-01 5.15625000000000000e-01 5.68750984144698532e-02 -2.35955912122491909e-06
2.67499999999999960e-01 5.62500000000000000e-01 6.04540852002216356e-02 -3.82241786690526250e-09
2.67499999999999960e-01 6.09375000000000000e-01 6.44090109266262784e-02 -1.04985284718393554e-12
2.76562499999999989e-01 -5.62500000000000000e-01 6.45094027856857460e-02 -1.26578221484688042e-11
2.76562499999999989e-01 -5.15625000000000000e-01 6.06846404003867565e-02 -2.32228614400412072e-08
2.76562499999999989e-01 -4.68750000000000000e-01 5.72577463107391341e-02 -7.91095328722779575e-06
2.76562499999999989e-01 -4.21875000000000000e-01 5.42179087349390076e-02 -4.42618591184301094e-04
2.76562499999999989e-01 -3.75000000000000000e-01 5.15514669512313478e-02 -6.05550413702374713e-03
2.76562499999999989e-01 -3.28125000000000000e-01 4.92434542591525387e-02 -3.23238422195668423e-02
2.76562499999999989e-01 -2.81250000000000000e-01 4.72787865935534943e-02 -9.52702849303719984e-02
2.76562499999999989e-01 -2.34375000000000000e-01 4.56431509683086073e-02 -1.93420903210670625e-01
2.76562499999999989e-01 -1.87500000000000000e-01 4.43236515422731209e-02 -3.09986959824811115e-01
2.76562499999999989e-01 -1.40625000000000000e-01 4.33092669737129496e-02 -4.23380942613714506e-01
2.76562499999999989e-01 -9.37500000000000000e-02 4.25911649059537573e-02 -5.16208433602780237e-01
2.76562499999999989e-01 -4.68750000000000000e-02 4.21629103302636060e-02 -5.76886720650806484e-01
2.76562499999999989e-01 0.00000000000000000e+00 4.20205954775132937e-02 -5.98006648446294364e-01
2.76562499999999989e-01 4.68750000000000000e-02 4.21629103302636199e-02 -5.76886720650806706e-01
2.76562499999999989e-01 9.37500000000000000e-02 4.25911649059538128e-02 -5.16208433602771799e-01
2.76562499999999989e-01 1.40625000000000000e-01 4.33092669737129010e-02 -4.23380942613723499e-01
2.76562499999999989e-01 1.87500000000000000e-01 4.43236515422731070e-02 -3.09986959824807784e-01
2.76562499999999989e-01 2.34375000000000000e-01 4.56431509683086142e-02 -1.93420903210670264e-01
2.76562499999999989e-01 2.81250000000000000e-01 4.72787865935535637e-02 -9.52702849303693061e-02
2.76562499999999989e-01 3.28125000000000000e-01 4.92434542591526012e-02 -3.23238422195650313e-02
2.76562499999999989e-01 3.75000000000000000e-01 5.15514669512313478e-02 -6.05550413702374713e-03
2.76562499999999989e-01 4.21875000000000000e-01 5.42179087349390007e-02 -4.42618591184301094e-04
2.76562499999999989e-01 4.68750000000000000e-01 5.72577463107391063e-02 -7.91095328722801598e-06
2.76562499999999989e-01 5.15625000000000000e-01 6.06846404003867634e-02 -2.32228614400412072e-08
2.76562499999999989e-01 5.62500000000000000e-01 6.45094027856856905e-02 -1.26578221484701936e-11
2.85624999999999962e-01 -5.15625000000000000e-01 6.46059635607438981e-02 -1.70552761577405057e-10
2.85624999999999962e-01 -4.68750000000000000e-01 6.09534233719876903e-02 -1.48949383879675644e-07
2.85624999999999962e-01 -4.21875000000000000e-01 5.77147194008947734e-02 -2.71205624241517977e-05
2.85624999999999962e-01 -3.75000000000000000e-01 5.48748041218539845e-02 -9.96083543638015285e-04
2.85624999999999962e-01 -3.28125000000000000e-01 5.24173364224031629e-02 -1.05903124711172834e-02
2.85624999999999962e-01 -2.81250000000000000e-01 5.03259379010897873e-02 -4.87842876636388340e-02
2.85624999999999962e-01 -2.34375000000000000e-01 4.85851262280330848e-02 -1.31188955953210729e-01
2.85624999999999962e-01 -1.87500000000000000e-01 4.71809898863293706e-02 -2.50793386574982791e-01
2.85624999999999962e-01 -1.40625000000000000e-01 4.61016630531271288e-02 -3.82263180795877122e-01
2.85624999999999962e-01 -9.37500000000000000e-02 4.53376502577283180e-02 -4.97839787943344325e-01
2.85624999999999962e-01 -4.68750000000000000e-02 4.48820402837670357e-02 -5.76201865168194938e-01
2.85624999999999962e-01 0.00000000000000000e+00 4.47306388381587747e-02 -6.03890128598176923e-01
2.85624999999999962e-01 4.68750000000000000e-02 4.48820402837670912e-02 -5.76201865168184169e-01
2.85624999999999962e-01 9.37500000000000000e-02 4.53376502577283597e-02 -4.97839787943341716e-01
2.85624999999999962e-01 1.40625000000000000e-01 4.61016630531270455e-02 -3.82263180795882618e-01
2.85624999999999962e-01 1.87500000000000000e-01 4.71809898863293706e-02 -2.50793386574982791e-01
2.85624999999999962e-01 2.34375000000000000e-01 4.85851262280330431e-02 -1.31188955953213782e-01
2.85624999999999962e-01 2.81250000000000000e-01 5.03259379010897873e-02 -4.87842876636388340e-02
2.85624999999999962e-01 3.28125000000000000e-01 5.24173364224032046e-02 -1.05903124711169364e-02
2.85624999999999962e-01 3.75000000000000000e-01 5.48748041218540261e-02 -9.96083543637955437e-04
2.85624999999999962e-01 4.21875000000000000e-01 5.77147194008948011e-02 -2.71205624241507372e-05
2.85624999999999962e-01 4.68750000000000000e-01 6.09534233719875862e-02 -1.48949383879703675e-07
2.85624999999999962e-01 5.15625000000000000e-01 6.46059635607439120e-02 -1.70552761577399319e-10
2.94687499999999991e-01 -4.68750000000000000e-01 6.47525264418129243e-02 -2.32894956284573872e-09
2.94687499999999991e-01 -4.21875000000000000e-01 6.13091213279118030e-02 -9.44836800820236975e-07
2.94687499999999991e-01 -3.75000000000000000e-01 5.82907643246322466e-02 -9.17331539710334031e-05
2.94687499999999991e-01 -3.28125000000000000e-01 5.56796481034544377e-02 -2.21300677062085836e-03
2.94687499999999991e-01 -2.81250000000000000e-01 5.34580229710805849e-02 -1.82128552045584258e-02
2.94687499999999991e-01 -2.34375000000000000e-01 5.16091741279586097e-02 -7.14336589687789569e-02
2.94687499999999991e-01 -1.87500000000000000e-01 5.01181237676235902e-02 -1.73598496417604858e-01
2.94687499999999991e-01 -1.40625000000000000e-01 4.89721221618090105e-02 -3.06935974542508705e-01
2.94687499999999991e-01 -9.37500000000000000e-02 4.81609813214407892e-02 -4.37055055694098915e-01
2.94687499999999991e-01 -4.68750000000000000e-02 4.76772934982579583e-02 -5.30203364796047127e-01
2.94687499999999991e-01 0.00000000000000000e+00 4.75165659524690309e-02 -5.63846578573548363e-01
2.94687499999999991e-01 4.68750000000000000e-02 4.76772934982579166e-02 -5.30203364796051124e-01
2.94687499999999991e-01 9.37500000000000000e-02 4.81609813214407892e-02 -4.37055055694098915e-01
2.94687499999999991e-01 1.40625000000000000e-01 4.89721221618090036e-02 -3.06935974542507761e-01
2.94687499999999991e-01 1.87500000000000000e-01 5.01181237676234931e-02 -1.73598496417615544e-01
2.94687499999999991e-01 2.34375000000000000e-01 5.16091741279585403e-02 -7.14336589687825513e-02
2.94687499999999991e-01 2.81250000000000000e-01 5.34580229710805224e-02 -1.82128552045593521e-02
2.94687499999999991e-01 3.28125000000000000e-01 5.56796481034544447e-02 -2.21300677062084838e-03
2.94687499999999991e-01 3.75000000000000000e-01 5.82907643246322951e-02 -9.17331539710266946e-05
2.94687499999999991e-01 4.21875000000000000e-01 6.13091213279118030e-02 -9.44836800820236975e-07
2.94687499999999991e-01 4.68750000000000000e-01 6.47525264418128965e-02 -2.32894956284592856e-09
3.03749999999999964e-01 -4.21875000000000000e-01 6.49996522138230892e-02 -3.00676333949851950e-08
3.03749999999999964e-01 -3.75000000000000000e-01 6.17979603291371263e-02 -5.69205612751540164e-06
3.03749999999999964e-01 -3.28125000000000000e-01 5.90290734753512458e-02 -3.00555151848361127e-04
3.03749999999999964e-01 -2.81250000000000000e-01 5.66737909854914818e-02 -4.81337469992462828e-03
3.03749999999999964e-01 -2.34375000000000000e-01 5.47141006617594058e-02 -3.03389451644510005e-02
3.03749999999999964e-01 -1.87500000000000000e-01 5.31339066426807644e-02 -1.01044545492609134e-01
3.03749999999999964e-01 -1.40625000000000000e-01 5.19195351625253709e-02 -2.17565181736972674e-01
3.03749999999999964e-01 -9.37500000000000000e-02 5.10600758942760108e-02 -3.49185519353705176e-01
3.03749999999999964e-01 -4.68750000000000000e-02 5.05476040049050931e-02 -4.51006947245221446e-01
3.03749999999999964e-01 0.00000000000000000e+00 5.03773162739070482e-02 -4.88935588776551078e-01
3.03749999999999964e-01 4.68750000000000000e-02 5.05476040049051972e-02 -4.51006947245196466e-01
3.03749999999999964e-01 9.37500000000000000e-02 5.10600758942759553e-02 -3.49185519353715612e-01
3.03749999999999964e-01 1.40625000000000000e-01 5.19195351625254126e-02 -2.17565181736968621e-01
3.03749999999999964e-01 1.87500000000000000e-01 5.31339066426807644e-02 -1.01044545492609134e-01
3.03749999999999964e-01 2.34375000000000000e-01 5.47141006617593573e-02 -3.03389451644525826e-02
3.03749999999999964e-01 2.81250000000000000e-01 5.66737909854914262e-02 -4.81337469992490323e-03
3.03749999999999964e-01 3.28125000000000000e-01 5.90290734753513846e-02 -3.00555151848312446e-04
3.03749999999999964e-01 3.75000000000000000e-01 6.17979603291370916e-02 -5.69205612751589122e-06
3.03749999999999964e-01 4.21875000000000000e-01 6.49996522138231447e-02 -3.00676333949830112e-08
3.12812499999999993e-01 -3.75000000000000000e-01 6.53949616009186774e-02 -3.51243591966140620e-07
3.12812499999999993e-01 -3.28125000000000000e-01 6.24642573762231035e-02 -3.19122280958086479e-05
3.12812499999999993e-01 -2.81250000000000000e-01 5.99719550762695813e-02 -9.46587362525825476e-04
3.12812499999999993e-01 -2.34375000000000000e-01 5.78986784287049416e-02 -1.00918446083590047e-02
3.12812499999999993e-01 -1.87500000000000000e-01 5.62271606574024502e-02 -4.92319182617753093e-02
3.12812499999999993e-01 -1.40625000000000000e-01 5.49427631712771647e-02 -1.36105472965736440e-01
3.12812499999999993e-01 -9.37500000000000000e-02 5.40338231128518476e-02 -2.55197924610197968e-01
3.12812499999999993e-01 -4.68750000000000000e-02 5.34918778136334594e-02 -3.57799530920637598e-01
3.12812499999999993e-01 0.00000000000000000e+00 5.33118014457274747e-02 -3.97753401881839941e-01
3.12812499999999993e-01 4.68750000000000000e-02 5.34918778136334594e-02 -3.57799530920637598e-01
3.12812499999999993e-01 9.37500000000000000e-02 5.40338231128518059e-02 -2.55197924610204130e-01
3.12812499999999993e-01 1.40625000000000000e-01 5.49427631712771716e-02 -1.36105472965735663e-01
3.12812499999999993e-01 1.87500000000000000e-01 5.62271606574024918e-02 -4.92319182617737341e-02
3.12812499999999993e-01 2.34375000000000000e-01 5.78986784287050110e-02 -1.00918446083582969e-02
3.12812499999999993e-01 2.81250000000000000e-01 5.99719550762695675e-02 -9.46587362525845317e-04
3.12812499999999993e-01 3.28125000000000000e-01 6.24642573762231312e-02 -3.19122280958080719e-05
3.12812499999999993e-01 3.75000000000000000e-01 6.53949616009186357e-02 -3.51243591966162431e-07
3.21874999999999967e-01 -3.28125000000000000e-01 6.59838056186460298e-02 -3.62703647038448701e-06
3.21874999999999967e-01 -2.81250000000000000e-01 6.33511927204825076e-02 -1.65486300903686741e-04
3.21874999999999967e-01 -2.34375000000000000e-01 6.11616470836633258e-02 -2.84513855110908858e-03
3.21874999999999967e-01 -1.87500000000000000e-01 5.93966771308440319e-02 -2.06628002314843025e-02
3.21874999999999967e-01 -1.40625000000000000e-01 5.80406380609281500e-02 -7.64861392681049218e-02
3.21874999999999967e-01 -9.37500000000000000e-02 5.70810839678023915e-02 -1.73229548214090562e-01
3.21874999999999967e-01 -4.68750000000000000e-02 5.65089934330427687e-02 -2.69100580364668995e-01
3.21874999999999967e-01 0.00000000000000000e+00 5.63189058224807110e-02 -3.08864252160139297e-01
3.21874999999999967e-01 4.68750000000000000e-02 5.65089934330428242e-02 -2.69100580364653619e-01
3.21874999999999967e-01 9.37500000000000000e-02 5.70810839678024817e-02 -1.73229548214081597e-01
3.21874999999999967e-01 1.40625000000000000e-01 5.80406380609280598e-02 -7.64861392681114027e-02
3.21874999999999967e-01 1.87500000000000000e-01 5.93966771308441013e-02 -2.06628002314823631e-02
3.21874999999999967e-01 2.34375000000000000e-01 6.11616470836633258e-02 -2.84513855110908858e-03
3.21874999999999967e-01 2.81250000000000000e-01 6.33511927204826603e-02 -1.65486300903651667e-04
3.21874999999999967e-01 3.28125000000000000e-01 6.59838056186460298e-02 -3.62703647038448701e-06
3.30937499999999996e-01 -2.34375000000000000e-01 6.45017138135222101e-02 -7.89997424933493197e-04
3.30937499999999996e-01 -1.87500000000000000e-01 6.26412170630019360e-02 -8.16550883994461921e-03
3.30937499999999996e-01 -1.40625000000000000e-01 6.12119629868949564e-02 -4.06551831462403784e-02
3.30937499999999996e-01 -9.37500000000000000e-02 6.02006918390052895e-02 -1.12690435502474554e-01
3.30937499999999996e-01 -4.68750000000000000e-02 5.95978024101346815e-02 -1.96726911866555915e-01
3.30937499999999996e-01 0.00000000000000000e+00 5.93974870110331316e-02 -2.34606301308739523e-01
3.30937499999999996e-01 4.68750000000000000e-02 5.95978024101347786e-02 -1.96726911866539844e-01
3.30937499999999996e-01 9.37500000000000000e-02 6.02006918390052756e-02 -1.12690435502475358e-01
3.30937499999999996e-01 1.40625000000000000e-01 6.12119629868950257e-02 -4.06551831462383453e-02
3.30937499999999996e-01 1.87500000000000000e-01 6.26412170630018805e-02 -8.16550883994508238e-03
3.30937499999999996e-01 2.34375000000000000e-01 6.45017138135222101e-02 -7.89997424933493197e-04
3.39999999999999969e-01 -1.87500000000000000e-01 6.59595116672163362e-02 -3.40894707675783388e-03
3.39999999999999969e-01 -1.40625000000000000e-01 6.44555129352911843e-02 -2.19318572744600371e-02
3.39999999999999969e-01 -9.37500000000000000e-02 6.33914530517146746e-02 -7.39635747315524061e-02
3.39999999999999969e-01 -4.68750000000000000e-02 6.27571298899936292e-02 -1.45829354248892457e-01
3.39999999999999969e-01 0.00000000000000000e+00 6.25463764312406412e-02 -1.81311961603908001e-01
3.39999999999999969e-01 4.68750000000000000e-02 6.27571298899936569e-02 -1.45829354248888404e-01
3.39999999999999969e-01 9.37500000000000000e-02 6.33914530517147856e-02 -7.39635747315451064e-02
3.39999999999999969e-01 1.40625000000000000e-01 6.44555129352912537e-02 -2.19318572744585001e-02
3.39999999999999969e-01 1.87500000000000000e-01 6.59595116672163917e-02 -3.40894707675750341e-03
3.49062499999999942e-01 -4.68750000000000000e-02 6.59857751955601202e-02 -1.12922895809626958e-01
3.49062499999999942e-01 0.00000000000000000e+00 6.57643798963681303e-02 -1.45987418965886073e-01
3.49062499999999942e-01 4.68750000000000000e-02 6.59857751955600369e-02 -1.12922895809639670e-01
