# T_electron( psi ) in JOULES -- geq tabulates eV and meq::Species
# documents joules, so the conversion is here and not in the TOML.
#
#    psi            f( psi )        f'( psi )
5.63780116139572449e-03 5.49639824052611900e-17 1.42623389772134785e-15
5.66732429213511347e-03 5.50061972889350322e-17 1.43355449598376987e-15
5.69684742287450158e-03 5.50486287174484214e-17 1.44090340153910824e-15
5.72637055361389057e-03 5.50912775265212786e-17 1.44828061438736276e-15
5.75589368435327955e-03 5.51341445518734877e-17 1.45568613452853383e-15
5.78541681509266766e-03 5.51772306292249881e-17 1.46311996196262145e-15
5.81493994583205664e-03 5.52205365942956575e-17 1.47058209668962522e-15
5.84446307657144476e-03 5.52640632828054416e-17 1.47807253870954574e-15
5.87398620731083374e-03 5.53078115304741997e-17 1.48559128802238262e-15
5.90350933805022272e-03 5.53517821730218896e-17 1.49313834462813604e-15
5.93303246878961084e-03 5.53959760461684014e-17 1.50071370852680522e-15
5.96255559952899982e-03 5.54403939856336561e-17 1.50831737971839155e-15
5.99207873026838880e-03 5.54850368271375499e-17 1.51594935820289383e-15
6.02160186100777692e-03 5.55299054063999791e-17 1.52360964398031246e-15
6.05112499174716590e-03 5.55750005591409077e-17 1.53129823705064824e-15
6.08064812248655488e-03 5.56203231210801828e-17 1.53901513741389958e-15
6.11017125322594300e-03 5.56658739279377375e-17 1.54676034507006786e-15
6.13969438396533198e-03 5.57116538154334927e-17 1.55453386001915249e-15
6.16921751470472096e-03 5.57576636192873572e-17 1.56233568226115308e-15
6.19874064544410908e-03 5.58039041752192148e-17 1.57016581179607062e-15
6.22826377618349806e-03 5.58503763189489987e-17 1.57802424862390411e-15
6.25778690692288704e-03 5.58970808861966175e-17 1.58591099274465474e-15
6.28731003766227516e-03 5.59440187126819676e-17 1.59382604415832114e-15
6.31683316840166414e-03 5.59911906341249821e-17 1.60176940286490448e-15
6.34635629914105225e-03 5.60385974862455327e-17 1.60974106886440357e-15
6.37587942988044123e-03 5.60862401047635773e-17 1.61774104215681981e-15
6.40540256061983022e-03 5.61341193253989874e-17 1.62576932274215162e-15
6.43492569135921833e-03 5.61822359838716964e-17 1.63382591062040056e-15
6.46444882209860731e-03 5.62305909159015882e-17 1.64191080579156566e-15
6.49397195283799630e-03 5.62791849572085836e-17 1.65002400825564691e-15
6.52349508357738441e-03 5.63280189435126159e-17 1.65816551801264491e-15
6.55301821431677339e-03 5.63770937105335692e-17 1.66633533506255946e-15
6.58254134505616151e-03 5.64264100939913395e-17 1.67453345940538996e-15
6.61206447579555049e-03 5.64759689320017541e-17 1.68276013449811065e-15
6.64158760653493947e-03 5.65257710722640181e-17 1.69101560379769356e-15
6.67111073727432759e-03 5.65758173648733167e-17 1.69929986730413910e-15
6.70063386801371657e-03 5.66261086599247490e-17 1.70761292501744726e-15
6.73015699875310555e-03 5.66766458075134879e-17 1.71595477693761804e-15
6.75968012949249367e-03 5.67274296577346201e-17 1.72432542306465203e-15
6.78920326023188265e-03 5.67784610606833062e-17 1.73272486339854865e-15
6.81872639097127163e-03 5.68297408664546700e-17 1.74115309793930750e-15
6.84824952171065975e-03 5.68812699251438596e-17 1.74961012668692937e-15
6.87777265245004873e-03 5.69330490868459864e-17 1.75809594964141366e-15
6.90729578318943771e-03 5.69850792016562111e-17 1.76661056680276117e-15
6.93681891392882582e-03 5.70373611196696449e-17 1.77515397817097071e-15
6.96634204466821481e-03 5.70898956909814363e-17 1.78372618374604307e-15
6.99586517540760379e-03 5.71426837656866964e-17 1.79232718352797864e-15
7.02538830614699190e-03 5.71957261938805737e-17 1.80095697751677605e-15
7.05491143688638089e-03 5.72490238256582286e-17 1.80961556571243687e-15
7.08443456762576987e-03 5.73025775119605302e-17 1.81830303405919603e-15
7.11395769836515798e-03 5.73563881071115497e-17 1.82701946850129006e-15
7.14348082910454697e-03 5.74104564662810791e-17 1.83576486903871854e-15
7.17300395984393508e-03 5.74647834446389595e-17 1.84453923567148188e-15
7.20252709058332406e-03 5.75193698973550198e-17 1.85334256839957930e-15
7.23205022132271218e-03 5.75742166795990396e-17 1.86217486722301235e-15
7.26157335206210116e-03 5.76293246465408725e-17 1.87103613214177948e-15
7.29109648280149014e-03 5.76846946533503227e-17 1.87992636315588146e-15
7.32061961354087826e-03 5.77403275551972313e-17 1.88884556026531791e-15
7.35014274428026724e-03 5.77962242072513903e-17 1.89779372347008961e-15
7.37966587501965622e-03 5.78523854646826408e-17 1.90677085277019498e-15
7.40918900575904434e-03 5.79088121826607748e-17 1.91577694816563600e-15
7.43871213649843332e-03 5.79655052163556336e-17 1.92481200965641109e-15
7.46823526723782230e-03 5.80224654209370458e-17 1.93387603724252103e-15
7.49775839797721042e-03 5.80796936515748035e-17 1.94296903092396583e-15
7.52728152871659940e-03 5.81371907634387603e-17 1.95209099070074510e-15
7.55680465945598838e-03 5.81949576119509585e-17 1.96124194220563768e-15
7.58632779019537649e-03 5.82529950535424924e-17 1.97042191107142204e-15
7.61585092093476548e-03 5.83113039448967068e-17 1.97963089729809857e-15
7.64537405167415446e-03 5.83698851426969341e-17 1.98886890088566648e-15
7.67489718241354257e-03 5.84287395036265316e-17 1.99813592183412735e-15
7.70442031315293156e-03 5.84878678843688071e-17 2.00743196014347921e-15
7.73394344389232054e-03 5.85472711416071176e-17 2.01675701581372285e-15
7.76346657463170865e-03 5.86069501320248080e-17 2.02611108884485865e-15
7.79298970537109763e-03 5.86669057123052108e-17 2.03549417923688624e-15
7.82251283611048662e-03 5.87271387391316707e-17 2.04490628698980599e-15
7.85203596684987473e-03 5.87876500691875327e-17 2.05434741210361753e-15
7.88155909758926285e-03 5.88484405591561044e-17 2.06381755457832044e-15
7.91108222832865270e-03 5.89095110657207554e-17 2.07331671441391592e-15
7.94060535906804081e-03 5.89708624455648182e-17 2.08284489161040279e-15
7.97012848980742893e-03 5.90324955553716375e-17 2.09240208616778221e-15
7.99965162054681878e-03 5.90944112518245335e-17 2.10198829808605263e-15
8.02917475128620689e-03 5.91566103909084133e-17 2.11160345639208155e-15
8.05869788202559501e-03 5.92190938258143715e-17 2.12124749011273410e-15
8.08822101276498312e-03 5.92818624090350279e-17 2.13092039924801149e-15
8.11774414350437297e-03 5.93449169930630393e-17 2.14062218379791252e-15
8.14726727424376108e-03 5.94082584303910503e-17 2.15035284376243719e-15
8.17679040498315093e-03 5.94718875735116806e-17 2.16011237914158629e-15
8.20631353572253905e-03 5.95358052749175996e-17 2.16990078993535943e-15
8.23583666646192716e-03 5.96000123871014146e-17 2.17971807614375700e-15
8.26535979720131528e-03 5.96645097625558195e-17 2.18956423776677822e-15
8.29488292794070513e-03 5.97292982537734096e-17 2.19943927480442386e-15
8.32440605868009324e-03 5.97943787132468292e-17 2.20934318725669276e-15
8.35392918941948309e-03 5.98597519934687230e-17 2.21927597512358648e-15
8.38345232015887121e-03 5.99254189469317477e-17 2.22923763840510384e-15
8.41297545089825932e-03 5.99913804261285356e-17 2.23922817710124564e-15
8.44249858163764744e-03 6.00576372835517311e-17 2.24924759121201108e-15
8.47202171237703729e-03 6.01241903716939664e-17 2.25929588073740095e-15
8.50154484311642540e-03 6.01910405413945815e-17 2.26937287767617661e-15
8.53106797385581525e-03 6.02581886368796735e-17 2.27947841402710022e-15
8.56059110459520337e-03 6.03256355007220597e-17 2.28961248979017098e-15
8.59011423533459148e-03 6.03933819754944956e-17 2.29977510496538968e-15
8.61963736607397960e-03 6.04614289037698355e-17 2.30996625955275632e-15
8.64916049681336944e-03 6.05297771281207980e-17 2.32018595355227091e-15
8.67868362755275756e-03 6.05984274911202496e-17 2.33043418696393304e-15
8.70820675829214567e-03 6.06673808353409582e-17 2.34071095978774273e-15
8.73772988903153552e-03 6.07366380033557288e-17 2.35101627202370035e-15
8.76725301977092364e-03 6.08061998377373169e-17 2.36135012367180592e-15
8.79677615051031175e-03 6.08760671810586014e-17 2.37171251473205864e-15
8.82629928124969987e-03 6.09462408758922887e-17 2.38210344520445970e-15
8.85582241198908972e-03 6.10167217648112205e-17 2.39252291508900830e-15
8.88534554272847783e-03 6.10875106903882019e-17 2.40297092438570485e-15
8.91486867346786768e-03 6.11586084951960130e-17 2.41344747309454934e-15
8.94439180420725580e-03 6.12300160218074341e-17 2.42395256121554059e-15
8.97391493494664391e-03 6.13017341100905989e-17 2.43448591391027049e-15
9.00343806568603203e-03 6.13737635890947835e-17 2.44504725634032858e-15
9.03296119642542188e-03 6.14461052851646298e-17 2.45563658850571367e-15
9.06248432716480999e-03 6.15187600246447549e-17 2.46625391040642733e-15
9.09200745790419984e-03 6.15917286338797638e-17 2.47689922204246917e-15
9.12153058864358796e-03 6.16650119392142490e-17 2.48757252341383881e-15
9.15105371938297607e-03 6.17386107669928770e-17 2.49827381452053544e-15
9.18057685012236419e-03 6.18125259435602157e-17 2.50900309536256104e-15
9.21009998086175403e-03 6.18867582952609070e-17 2.51976036593991404e-15
9.23962311160114215e-03 6.19613086484395805e-17 2.53054562625259522e-15
9.26914624234053200e-03 6.20361778294408163e-17 2.54135887630060380e-15
9.29866937307992011e-03 6.21113666646092316e-17 2.55220011608394134e-15
9.32819250381930823e-03 6.21868759802894684e-17 2.56306934560260549e-15
9.35771563455869634e-03 6.22627066028261315e-17 2.57396656485659862e-15
9.38723876529808619e-03 6.23388593585638257e-17 2.58489177384591913e-15
9.41676189603747431e-03 6.24153350738471807e-17 2.59584497257056783e-15
9.44628502677686242e-03 6.24921345711964529e-17 2.60682577241771961e-15
9.47580815751625227e-03 6.25692586578344685e-17 2.61783378477454897e-15
9.50533128825564039e-03 6.26467081371597174e-17 2.62886900964105630e-15
9.53485441899502850e-03 6.27244838125706897e-17 2.63993144701724121e-15
9.56437754973441662e-03 6.28025864874658508e-17 2.65102109690310409e-15
9.59390068047380647e-03 6.28810169652436661e-17 2.66213795929864534e-15
9.62342381121319458e-03 6.29597760493026626e-17 2.67328203420386417e-15
9.65294694195258443e-03 6.30388645430412811e-17 2.68445332161876058e-15
9.68247007269197255e-03 6.31182832498580115e-17 2.69565182154333457e-15
9.71199320343136066e-03 6.31980329731513687e-17 2.70687753397758772e-15
9.74151633417074878e-03 6.32781145163197932e-17 2.71813045892151766e-15
9.77103946491013862e-03 6.33585286827617629e-17 2.72941059637512596e-15
9.80056259564952674e-03 6.34392762758757924e-17 2.74071794633841224e-15
9.83008572638891659e-03 6.35203580990603349e-17 2.75205250881137610e-15
9.85960885712830470e-03 6.36017749557138926e-17 2.76341428379401754e-15
9.88913198786769282e-03 6.36835276492349186e-17 2.77480327128633774e-15
9.91865511860708093e-03 6.37656169780069417e-17 2.78621896169005475e-15
9.94817824934647078e-03 6.38480437203535342e-17 2.79766084540688975e-15
9.97770138008585890e-03 6.39308086495833196e-17 2.80912892243684237e-15
1.00072245108252487e-02 6.40139125390048719e-17 2.82062319277991061e-15
1.00367476415646369e-02 6.40973561619268393e-17 2.83214365643609686e-15
1.00662707723040250e-02 6.41811402916577958e-17 2.84369031340540072e-15
1.00957939030434131e-02 6.42652657015063772e-17 2.85526316368782178e-15
1.01253170337828012e-02 6.43497331647811699e-17 2.86686220728335967e-15
1.01548401645221911e-02 6.44345434547907850e-17 2.87848744419201516e-15
1.01843632952615809e-02 6.45196973448438458e-17 2.89013887441378826e-15
1.02138864260009690e-02 6.46051956082489389e-17 2.90181649794867817e-15
1.02434095567403571e-02 6.46910390183146876e-17 2.91352031479668530e-15
1.02729326874797453e-02 6.47772283483496907e-17 2.92525032495781043e-15
1.03024558182191334e-02 6.48637643716625593e-17 2.93700652843205238e-15
1.03319789489585232e-02 6.49506478615618920e-17 2.94878892521941154e-15
1.03615020796979113e-02 6.50378795913563248e-17 2.96059751531988752e-15
1.03910252104373012e-02 6.51254603280848979e-17 2.97243166165312563e-15
1.04205483411766893e-02 6.52133908137085664e-17 2.98429072713876688e-15
1.04500714719160774e-02 6.53016717839186901e-17 2.99617471177681400e-15
1.04795946026554655e-02 6.53903039744066904e-17 3.00808361556726505e-15
1.05091177333948554e-02 6.54792881208639762e-17 3.02001743851012079e-15
1.05386408641342435e-02 6.55686249589819072e-17 3.03197618060538084e-15
1.05681639948736333e-02 6.56583152244518803e-17 3.04395984185304599e-15
1.05976871256130215e-02 6.57483596529653168e-17 3.05596842225311506e-15
1.06272102563524096e-02 6.58387589802135764e-17 3.06800192180559001e-15
1.06567333870917977e-02 6.59295139418881050e-17 3.08006034051046769e-15
1.06862565178311875e-02 6.60206252736802626e-17 3.09214367836775204e-15
1.07157796485705756e-02 6.61120937112814087e-17 3.10425193537743913e-15
1.07453027793099655e-02 6.62039199903830141e-17 3.11638511153953210e-15
1.07748259100493536e-02 6.62961048466764139e-17 3.12854320685402859e-15
1.08043490407887417e-02 6.63886490158530293e-17 3.14072622132093057e-15
1.08338721715281298e-02 6.64815532336042448e-17 3.15293415494023686e-15
1.08633953022675180e-02 6.65748182280393329e-17 3.16516623725260573e-15
1.08929184330069078e-02 6.66684446969390813e-17 3.17742169779869504e-15
1.09224415637462977e-02 6.67624333305021163e-17 3.18970053657850519e-15
1.09519646944856858e-02 6.68567848189270892e-17 3.20200275359203579e-15
1.09814878252250739e-02 6.69514998524127127e-17 3.21432834883928644e-15
1.10110109559644620e-02 6.70465791211575394e-17 3.22667732232025873e-15
1.10405340867038501e-02 6.71420233153602696e-17 3.23904967403495185e-15
1.10700572174432400e-02 6.72378331252195668e-17 3.25144540398336463e-15
1.10995803481826298e-02 6.73340092409340698e-17 3.26386451216549825e-15
1.11291034789220179e-02 6.74305523527024051e-17 3.27630699858135232e-15
1.11586266096614060e-02 6.75274631507232730e-17 3.28877286323092762e-15
1.11881497404007942e-02 6.76247423251952755e-17 3.30126210611422337e-15
1.12176728711401823e-02 6.77223905663170760e-17 3.31377472723123957e-15
1.12471960018795721e-02 6.78204085642873379e-17 3.32631072658197582e-15
1.12767191326189602e-02 6.79187970093047124e-17 3.33887010416643330e-15
1.13062422633583501e-02 6.80175565915678382e-17 3.35145285998461163e-15
1.13357653940977382e-02 6.81166879923303494e-17 3.36405808508480455e-15
1.13652885248371263e-02 6.82161918570657009e-17 3.37668487051530661e-15
1.13948116555765144e-02 6.83160688223023798e-17 3.38933321627611821e-15
1.14243347863159043e-02 6.84163195245687992e-17 3.40200312236723776e-15
1.14538579170552924e-02 6.85169446003934587e-17 3.41469458878866763e-15
1.14833810477946822e-02 6.86179446863047343e-17 3.42740761554040546e-15
1.15129041785340704e-02 6.87193204188311378e-17 3.44014220262245322e-15
1.15424273092734585e-02 6.88210724345010947e-17 3.45289835003480934e-15
1.15719504400128466e-02 6.89232013698430799e-17 3.46567605777747538e-15
1.16014735707522347e-02 6.90257078613855187e-17 3.47847532585044937e-15
1.16309967014916246e-02 6.91285925456568860e-17 3.49129615425373290e-15
1.16605198322310144e-02 6.92318560591855949e-17 3.50413854298732636e-15
1.16900429629704025e-02 6.93354990385001079e-17 3.51700249205122817e-15
1.17195660937097906e-02 6.94395221201288998e-17 3.52988800144543952e-15
1.17490892244491787e-02 6.95439259406004207e-17 3.54279507116995922e-15
1.17786123551885669e-02 6.96487111364430961e-17 3.55572370122478884e-15
1.18081354859279567e-02 6.97538783338358415e-17 3.56867283994091900e-15
1.18376586166673466e-02 6.98594281175595572e-17 3.58164143564934385e-15
1.18671817474067347e-02 6.99653610620455229e-17 3.59462948835006260e-15
1.18967048781461228e-02 7.00716777417250920e-17 3.60763699804307525e-15
1.19262280088855109e-02 7.01783787310296056e-17 3.62066396472838180e-15
1.19557511396248990e-02 7.02854646043903431e-17 3.63371038840598147e-15
1.19852742703642889e-02 7.03929359362386828e-17 3.64677626907587582e-15
1.20147974011036770e-02 7.05007933010059164e-17 3.65986160673806408e-15
1.20443205318430668e-02 7.06090372731233851e-17 3.67296640139254624e-15
1.20738436625824549e-02 7.07176684270224053e-17 3.68609065303932151e-15
1.21033667933218431e-02 7.08266873371343428e-17 3.69923436167839226e-15
1.21328899240612312e-02 7.09360945778904771e-17 3.71239752730975533e-15
1.21624130548006210e-02 7.10458907237221371e-17 3.72558014993341310e-15
1.21919361855400091e-02 7.11560763490606762e-17 3.73878222954936318e-15
1.22214593162793990e-02 7.12666520283374232e-17 3.75200376615760954e-15
1.22509824470187871e-02 7.13776183359836822e-17 3.76524475975814901e-15
1.22805055777581752e-02 7.14889758346452002e-17 3.77850401275319500e-15
1.23100287084975633e-02 7.16007250398252114e-17 3.79178032754496093e-15
1.23395518392369515e-02 7.17128664552413805e-17 3.80507370413344679e-15
1.23690749699763413e-02 7.18254005846113846e-17 3.81838414251865338e-15
1.23985981007157312e-02 7.19383279316528636e-17 3.83171164270057912e-15
1.24281212314551193e-02 7.20516490000834331e-17 3.84505620467922559e-15
1.24576443621945074e-02 7.21653642936208193e-17 3.85841782845459199e-15
1.24871674929338955e-02 7.22794743159826252e-17 3.87179651402667754e-15
1.25166906236732836e-02 7.23939795708865403e-17 3.88519226139548460e-15
1.25462137544126735e-02 7.25088805620501923e-17 3.89860507056101082e-15
1.25757368851520633e-02 7.26241777931912581e-17 3.91203494152325618e-15
1.26052600158914514e-02 7.27398717680273779e-17 3.92548187428222147e-15
1.26347831466308395e-02 7.28559629902762039e-17 3.93894586883790750e-15
1.26643062773702277e-02 7.29724519636554133e-17 3.95242692519031425e-15
1.26938294081096158e-02 7.30893391918826337e-17 3.96592504333944014e-15
1.27233525388490056e-02 7.32066251786755545e-17 3.97944022328528598e-15
1.27528756695883937e-02 7.33243104145096022e-17 3.99297111941959211e-15
1.27823988003277836e-02 7.34423953368915090e-17 4.00651638613409654e-15
1.28119219310671717e-02 7.35608803700857939e-17 4.02007602342880006e-15
1.28414450618065598e-02 7.36797659383569632e-17 4.03365003130370267e-15
1.28709681925459479e-02 7.37990524659695356e-17 4.04723840975880436e-15
1.29004913232853378e-02 7.39187403771880301e-17 4.06084115879410356e-15
1.29300144540247259e-02 7.40388300962769776e-17 4.07445827840960263e-15
1.29595375847641157e-02 7.41593220475008846e-17 4.08808976860530159e-15
1.29890607155035039e-02 7.42802166551242575e-17 4.10173562938119884e-15
1.30185838462428920e-02 7.44015143434116398e-17 4.11539586073729438e-15
1.30481069769822801e-02 7.45232155366275626e-17 4.12907046267358902e-15
1.30776301077216682e-02 7.46453206590364707e-17 4.14275943519008352e-15
1.31071532384610581e-02 7.47678301349029445e-17 4.15646277828677633e-15
1.31366763692004479e-02 7.48907443884915027e-17 4.17018049196366822e-15
1.31661994999398360e-02 7.50140638440666395e-17 4.18391257622075920e-15
1.31957226306792241e-02 7.51377889258928859e-17 4.19765903105805006e-15
1.32252457614186122e-02 7.52619200435277312e-17 4.21141836201784585e-15
1.32547688921580004e-02 7.53864575477005702e-17 4.22518907464245876e-15
1.32842920228973902e-02 7.55114017744338053e-17 4.23897116893188639e-15
1.33138151536367801e-02 7.56367530597497896e-17 4.25276464488612877e-15
1.33433382843761682e-02 7.57625117396709130e-17 4.26656950250518668e-15
1.33728614151155563e-02 7.58886781502195409e-17 4.28038574178906011e-15
1.34023845458549444e-02 7.60152526274180756e-17 4.29421336273774828e-15
1.34319076765943325e-02 7.61422355072888825e-17 4.30805236535125198e-15
1.34614308073337224e-02 7.62696271258543269e-17 4.32190274962957121e-15
1.34909539380731105e-02 7.63974278191368112e-17 4.33576451557270518e-15
1.35204770688125003e-02 7.65256379231587252e-17 4.34963766318065388e-15
1.35500001995518884e-02 7.66542577739423729e-17 4.36352219245341811e-15
1.35795233302912766e-02 7.67832877075102058e-17 4.37741810339099866e-15
1.36090464610306647e-02 7.69127280598845891e-17 4.39132539599339316e-15
1.36385695917700545e-02 7.70425791670879008e-17 4.40524407026060397e-15
1.36680927225094426e-02 7.71728413651424813e-17 4.41917412619262874e-15
1.36976158532488308e-02 7.73035149739039286e-17 4.43311392099175914e-15
1.37271389839882206e-02 7.74346002485603392e-17 4.44706181186028212e-15
1.37566621147276087e-02 7.75660974281330792e-17 4.46101779879820005e-15
1.37861852454669968e-02 7.76980067516434407e-17 4.47498188180551057e-15
1.38157083762063867e-02 7.78303284581127526e-17 4.48895406088221526e-15
1.38452315069457748e-02 7.79630627865622825e-17 4.50293433602831332e-15
1.38747546376851629e-02 7.80962099760133963e-17 4.51692270724380554e-15
1.39042777684245528e-02 7.82297702654873986e-17 4.53091917452869034e-15
1.39338008991639409e-02 7.83637438940055936e-17 4.54492373788297010e-15
1.39633240299033290e-02 7.84981311005893105e-17 4.55893639730664244e-15
1.39928471606427188e-02 7.86329321242598659e-17 4.57295715279970895e-15
1.40223702913821070e-02 7.87681472040385397e-17 4.58698600436216883e-15
1.40518934221214951e-02 7.89037765789466732e-17 4.60102295199402287e-15
1.40814165528608849e-02 7.90398204880056078e-17 4.61506799569527028e-15
1.41109396836002730e-02 7.91762791702366233e-17 4.62912113546591108e-15
1.41404628143396612e-02 7.93131528646610241e-17 4.64318237130594524e-15
1.41699859450790510e-02 7.94504417926927268e-17 4.65724991403224882e-15
1.41995090758184391e-02 7.95881461053159123e-17 4.67132197446169629e-15
1.42290322065578272e-02 7.97262659359072752e-17 4.68539855259428686e-15
1.42585553372972171e-02 7.98648014178435962e-17 4.69947964843002131e-15
1.42880784680366052e-02 8.00037526845015946e-17 4.71356526196889965e-15
1.43176015987759933e-02 8.01431198692580017e-17 4.72765539321092266e-15
1.43471247295153814e-02 8.02829031054895739e-17 4.74175004215608877e-15
1.43766478602547713e-02 8.04231025265730673e-17 4.75584920880439798e-15
1.44061709909941594e-02 8.05637182658851886e-17 4.76995289315585186e-15
1.44356941217335475e-02 8.07047504568026942e-17 4.78406109521044963e-15
1.44652172524729374e-02 8.08461992327023524e-17 4.79817381496819050e-15
1.44947403832123255e-02 8.09880647269608577e-17 4.81229105242907604e-15
1.45242635139517136e-02 8.11303470729549664e-17 4.82641280759310467e-15
1.45537866446911034e-02 8.12730464040614346e-17 4.84053908046027641e-15
1.45833097754304915e-02 8.14161628536569938e-17 4.85466987103059360e-15
1.46128329061698797e-02 8.15596965551183632e-17 4.86880517930405390e-15
1.46423560369092695e-02 8.17036476228085940e-17 4.88294307319768620e-15
1.46718791676486576e-02 8.18480160950358689e-17 4.89708162062852019e-15
1.47014022983880457e-02 8.19928019910946286e-17 4.91122082159655666e-15
1.47309254291274356e-02 8.21380053302793631e-17 4.92536067610179404e-15
1.47604485598668237e-02 8.22836261318845255e-17 4.93950118414423312e-15
1.47899716906062118e-02 8.24296644152045565e-17 4.95364234572387231e-15
1.48194948213456017e-02 8.25761201995339584e-17 4.96778416084071478e-15
1.48490179520849898e-02 8.27229935041671721e-17 4.98192662949475894e-15
1.48785410828243779e-02 8.28702843483986752e-17 4.99606975168600322e-15
1.49080642135637677e-02 8.30179927515229207e-17 5.01021352741444919e-15
1.49375873443031559e-02 8.31661187328343987e-17 5.02435795668009765e-15
1.49671104750425440e-02 8.33146623116275007e-17 5.03850303948294701e-15
1.49966336057819338e-02 8.34636235071967906e-17 5.05264877582299728e-15
1.50261567365213219e-02 8.36130023388366845e-17 5.06679516570024924e-15
1.50556798672607101e-02 8.37627988258416108e-17 5.08094220911470290e-15
1.50852029980000982e-02 8.39130129875060965e-17 5.09508990606635904e-15
1.51147261287394880e-02 8.40636448227546654e-17 5.10923618666171426e-15
1.51442492594788761e-02 8.42146942490322226e-17 5.12337898100727068e-15
1.51737723902182643e-02 8.43661611634137807e-17 5.13751828910302593e-15
1.52032955209576541e-02 8.45180454629742909e-17 5.15165411094898158e-15
1.52328186516970422e-02 8.46703470447887537e-17 5.16578644654513764e-15
1.52623417824364303e-02 8.48230658059321694e-17 5.17991529589149252e-15
1.52918649131758202e-02 8.49762016434795261e-17 5.19404065898804782e-15
1.53213880439152083e-02 8.51297544545058489e-17 5.20816253583480352e-15
1.53509111746545964e-02 8.52837241360860643e-17 5.22228092643175805e-15
1.53804343053939863e-02 8.54381105852952219e-17 5.23639583077891377e-15
1.54099574361333744e-02 8.55929136992082976e-17 5.25050724887626833e-15
1.54394805668727625e-02 8.57481333749002548e-17 5.26461518072382329e-15
1.54690036976121523e-02 8.59037695094461186e-17 5.27871962632157787e-15
1.54985268283515405e-02 8.60598219999208523e-17 5.29282058566953364e-15
1.55280499590909286e-02 8.62162907433994687e-17 5.30691805876768746e-15
1.55575730898303184e-02 8.63731756369569560e-17 5.32101204561604168e-15
1.55870962205697065e-02 8.65304765560086223e-17 5.33510034526136480e-15
1.56166193513090946e-02 8.66881932893310930e-17 5.34918075675042451e-15
1.56461424820484862e-02 8.68463256040412645e-17 5.36325328008322081e-15
1.56756656127878743e-02 8.70048732672561069e-17 5.37731791525975450e-15
1.57051887435272625e-02 8.71638360460925288e-17 5.39137466228002479e-15
1.57347118742666506e-02 8.73232137076674511e-17 5.40542352114403166e-15
1.57642350050060387e-02 8.74830060190978317e-17 5.41946449185177514e-15
1.57937581357454268e-02 8.76432127475006038e-17 5.43349757440325599e-15
1.58232812664848149e-02 8.78038336599926390e-17 5.44752276879847423e-15
1.58528043972242030e-02 8.79648685236909569e-17 5.46154007503742749e-15
1.58823275279635912e-02 8.81263171057124536e-17 5.47554949312011971e-15
1.59118506587029793e-02 8.82881791731740378e-17 5.48955102304654773e-15
1.59413737894423709e-02 8.84504544931926427e-17 5.50354466481671313e-15
1.59708969201817590e-02 8.86131428328852508e-17 5.51753041843061435e-15
1.60004200509211471e-02 8.87762439593687338e-17 5.53150828388825294e-15
1.60299431816605387e-02 8.89397576397600494e-17 5.54547826118962813e-15
1.60594663123999268e-02 8.91036836183098760e-17 5.55943802677493056e-15
1.60889894431393149e-02 8.92680215478038717e-17 5.57338525708435086e-15
1.61185125738787030e-02 8.94327710581614275e-17 5.58731995211788904e-15
1.61480357046180911e-02 8.95979317793019959e-17 5.60124211187554431e-15
1.61775588353574792e-02 8.97635033411449924e-17 5.61515173635731745e-15
1.62070819660968674e-02 8.99294853736097711e-17 5.62904882556320847e-15
1.62366050968362555e-02 9.00958775066157967e-17 5.64293337949321737e-15
1.62661282275756436e-02 9.02626793700824725e-17 5.65680539814734414e-15
1.62956513583150352e-02 9.04298905939291771e-17 5.67066488152558800e-15
1.63251744890544233e-02 9.05975108080753383e-17 5.68451182962795053e-15
1.63546976197938114e-02 9.07655396424404087e-17 5.69834624245442936e-15
1.63842207505332030e-02 9.09339767269437176e-17 5.71216812000502685e-15
1.64137438812725911e-02 9.11028216915047421e-17 5.72597746227974064e-15
1.64432670120119792e-02 9.12720741660428732e-17 5.73977426927857389e-15
1.64727901427513673e-02 9.14417337804775265e-17 5.75355854100152422e-15
1.65023132734907554e-02 9.16118001647281050e-17 5.76733027744859164e-15
1.65318364042301436e-02 9.17822729247413674e-17 5.78108704263110353e-15
1.65613595349695317e-02 9.19531515705733330e-17 5.79482640056038173e-15
1.65908826657089198e-02 9.21244355883074254e-17 5.80854835123642862e-15
1.66204057964483079e-02 9.22961244640270070e-17 5.82225289465924341e-15
1.66499289271876960e-02 9.24682176838155263e-17 5.83594003082882768e-15
1.66794520579270876e-02 9.26407147337562713e-17 5.84960975974517826e-15
1.67089751886664757e-02 9.28136150999326908e-17 5.86326208140829910e-15
1.67384983194058638e-02 9.29869182684281714e-17 5.87689699581818548e-15
1.67680214501452554e-02 9.31606237253260754e-17 5.89051450297484212e-15
1.67975445808846435e-02 9.33347309567098020e-17 5.90411460287826508e-15
1.68270677116240316e-02 9.35092394486627751e-17 5.91769729552845752e-15
1.68565908423634198e-02 9.36841486872682950e-17 5.93126258092541785e-15
1.68861139731028079e-02 9.38594581586098105e-17 5.94481045906914529e-15
1.69156371038421960e-02 9.40351673487707205e-17 5.95834092995964142e-15
1.69451602345815841e-02 9.42112757438343998e-17 5.97185399359690544e-15
1.69746833653209722e-02 9.43877828298841980e-17 5.98534964998093894e-15
1.70042064960603603e-02 9.45646880680415889e-17 5.99882536259845393e-15
1.70337296267997519e-02 9.47419908195802817e-17 6.01227859493616400e-15
1.70632527575391400e-02 9.49196904208120481e-17 6.02570934699406994e-15
1.70927758882785281e-02 9.50977862080485978e-17 6.03911761877217334e-15
1.71222990190179197e-02 9.52762775176017393e-17 6.05250341027047182e-15
1.71518221497573078e-02 9.54551636857832194e-17 6.06586672148896618e-15
1.71813452804966960e-02 9.56344440489047849e-17 6.07920755242765719e-15
1.72108684112360841e-02 9.58141179432781951e-17 6.09252590308654251e-15
1.72403915419754722e-02 9.59941847052152460e-17 6.10582177346562606e-15
1.72699146727148603e-02 9.61746436710276351e-17 6.11909516356490390e-15
1.72994378034542484e-02 9.63554941770271956e-17 6.13234607338437841e-15
1.73289609341936365e-02 9.65367355595256373e-17 6.14557450292404879e-15
1.73584840649330246e-02 9.67183671548347564e-17 6.15878045218391505e-15
1.73880071956724128e-02 9.69003882992662626e-17 6.17196392116397718e-15
1.74175303264118043e-02 9.70827983291319645e-17 6.18512490986423439e-15
1.74470534571511925e-02 9.72655965807435965e-17 6.19826341828468984e-15
1.74765765878905806e-02 9.74487823645956821e-17 6.21137682299863321e-15
1.75060997186299722e-02 9.76323548879136662e-17 6.22446250057936126e-15
1.75356228493693603e-02 9.78163133321057948e-17 6.23752045102687637e-15
1.75651459801087484e-02 9.80006568785802773e-17 6.25055067434117379e-15
1.75946691108481365e-02 9.81853847087453842e-17 6.26355317052225511e-15
1.76241922415875246e-02 9.83704960040092509e-17 6.27652793957012112e-15
1.76537153723269127e-02 9.85559899457801605e-17 6.28947498148477261e-15
1.76832385030663009e-02 9.87418657154662851e-17 6.30239429626620799e-15
1.77127616338056890e-02 9.89281224944759079e-17 6.31528588391442727e-15
1.77422847645450771e-02 9.91147594642172133e-17 6.32814974442943045e-15
1.77718078952844687e-02 9.93017758060984353e-17 6.34098587781122147e-15
1.78013310260238568e-02 9.94891707015277705e-17 6.35379428405979324e-15
1.78308541567632449e-02 9.96769433319134529e-17 6.36657496317515127e-15
1.78603772875026365e-02 9.98650928786637163e-17 6.37932791515729161e-15
1.78899004182420246e-02 1.00053618523186782e-16 6.39205314000621823e-15
1.79194235489814127e-02 1.00242519446890847e-16 6.40475063772192874e-15
1.79489466797208008e-02 1.00431794804661902e-16 6.41741771324011963e-15
1.79784698104601889e-02 1.00621443645296940e-16 6.43005167149648740e-15
1.80079929411995771e-02 1.00811464991070711e-16 6.44265251249102811e-15
1.80375160719389652e-02 1.01001857864257953e-16 6.45522023622374647e-15
1.80670392026783533e-02 1.01192621287133465e-16 6.46775484269464013e-15
1.80965623334177414e-02 1.01383754281971911e-16 6.48025633190371146e-15
1.81260854641571295e-02 1.01575255871048139e-16 6.49272470385095730e-15
1.81556085948965211e-02 1.01767125076636802e-16 6.50515995853637843e-15
1.81851317256359092e-02 1.01959360921012722e-16 6.51756209595997643e-15
1.82146548563752973e-02 1.02151962426450613e-16 6.52993111612174895e-15
1.82441779871146889e-02 1.02344928615225237e-16 6.54226701902169834e-15
1.82737011178540770e-02 1.02538258509611320e-16 6.55456980465982382e-15
1.83032242485934651e-02 1.02731951131883648e-16 6.56683947303612459e-15
1.83327473793328533e-02 1.02926005504316972e-16 6.57907602415060066e-15
1.83622705100722414e-02 1.03120420649185993e-16 6.59127945800325360e-15
1.83917936408116295e-02 1.03315195588765496e-16 6.60344977459408264e-15
1.84213167715510176e-02 1.03510329318269050e-16 6.61558422409576201e-15
1.84508399022904057e-02 1.03705820724665563e-16 6.62768005668096994e-15
1.84803630330297938e-02 1.03901668667862772e-16 6.63973727234970483e-15
1.85098861637691854e-02 1.04097872007768341e-16 6.65175587110196669e-15
1.85394092945085735e-02 1.04294429604290107e-16 6.66373585293775631e-15
1.85689324252479616e-02 1.04491340317335671e-16 6.67567721785707133e-15
1.85984555559873532e-02 1.04688603006812833e-16 6.68757996585991489e-15
1.86279786867267413e-02 1.04886216532629306e-16 6.69944409694628621e-15
1.86575018174661295e-02 1.05084179754692816e-16 6.71126961111618371e-15
1.86870249482055176e-02 1.05282491532911087e-16 6.72305650836960976e-15
1.87165480789449057e-02 1.05481150727191882e-16 6.73480478870656120e-15
1.87460712096842938e-02 1.05680156197442815e-16 6.74651445212704198e-15
1.87755943404236819e-02 1.05879506803571723e-16 6.75818549863104815e-15
1.88051174711630700e-02 1.06079201405486295e-16 6.76981792821858366e-15
1.88346406019024581e-02 1.06279238863094279e-16 6.78141174088964535e-15
1.88641637326418497e-02 1.06479618036303390e-16 6.79296693664423400e-15
1.88936868633812378e-02 1.06680337757602125e-16 6.80448072927546947e-15
1.89232099941206260e-02 1.06881396749802344e-16 6.81595033257647473e-15
1.89527331248600141e-02 1.07082793708296680e-16 6.82737574654724821e-15
1.89822562555994057e-02 1.07284527328477715e-16 6.83875697118778675e-15
1.90117793863387938e-02 1.07486596305738132e-16 6.85009400649809588e-15
1.90413025170781819e-02 1.07688999335470477e-16 6.86138685247817087e-15
1.90708256478175700e-02 1.07891735113067455e-16 6.87263550912801328e-15
1.91003487785569581e-02 1.08094802333921651e-16 6.88383997644762628e-15
1.91298719092963462e-02 1.08298199693425697e-16 6.89500025443700513e-15
1.91593950400357343e-02 1.08501925886972262e-16 6.90611634309615299e-15
1.91889181707751225e-02 1.08705979609953917e-16 6.91718824242506829e-15
1.92184413015145106e-02 1.08910359557763283e-16 6.92821595242375180e-15
1.92479644322539022e-02 1.09115064425793028e-16 6.93919947309220353e-15
1.92774875629932903e-02 1.09320092909435761e-16 6.95013880443042190e-15
1.93070106937326784e-02 1.09525443704084101e-16 6.96103394643841007e-15
1.93365338244720700e-02 1.09731115505130694e-16 6.97188489911616409e-15
1.93660569552114581e-02 1.09937106980385576e-16 6.98268885965545403e-15
1.93955800859508462e-02 1.10143416687328612e-16 6.99344302524804207e-15
1.94251032166902343e-02 1.10350043155857071e-16 7.00414739589393531e-15
1.94546263474296224e-02 1.10556984915868222e-16 7.01480197159312664e-15
1.94841494781690105e-02 1.10764240497259359e-16 7.02540675234562002e-15
1.95136726089083987e-02 1.10971808429927738e-16 7.03596173815141228e-15
1.95431957396477868e-02 1.11179687243770677e-16 7.04646692901050816e-15
1.95727188703871749e-02 1.11387875468685421e-16 7.05692232492290292e-15
1.96022420011265665e-02 1.11596371634569264e-16 7.06732792588859973e-15
1.96317651318659546e-02 1.11805174271319437e-16 7.07768373190759542e-15
1.96612882626053427e-02 1.12014281908833320e-16 7.08798974297989552e-15
1.96908113933447308e-02 1.12223693077008121e-16 7.09824595910549293e-15
1.97203345240841224e-02 1.12433406305741072e-16 7.10845238028439395e-15
1.97498576548235105e-02 1.12643420124929577e-16 7.11860900651659387e-15
1.97793807855628986e-02 1.12853733064470794e-16 7.12871583780209582e-15
1.98089039163022868e-02 1.13064343654262104e-16 7.13877287414089824e-15
1.98384270470416749e-02 1.13275250396661776e-16 7.14877731715824757e-15
1.98679501777810630e-02 1.13486451683872457e-16 7.15872636847939185e-15
1.98974733085204511e-02 1.13697945880557928e-16 7.16862002810433265e-15
1.99269964392598392e-02 1.13909731351381825e-16 7.17845829603306839e-15
1.99565195699992273e-02 1.14121806461007881e-16 7.18824117226559749e-15
1.99860427007386189e-02 1.14334169574099830e-16 7.19796865680192154e-15
2.00155658314780070e-02 1.14546819055321354e-16 7.20764074964204053e-15
2.00450889622173951e-02 1.14759753269336189e-16 7.21725745078595447e-15
2.00746120929567867e-02 1.14972970580808017e-16 7.22681876023366335e-15
2.01041352236961748e-02 1.15186469354400597e-16 7.23632467798516559e-15
2.01336583544355630e-02 1.15400247954777613e-16 7.24577520404046593e-15
2.01631814851749511e-02 1.15614304746602700e-16 7.25517033839955806e-15
2.01927046159143392e-02 1.15828638094539689e-16 7.26451008106244513e-15
2.02222277466537273e-02 1.16043246363252239e-16 7.27379443202912873e-15
2.02517508773931154e-02 1.16258127917404061e-16 7.28302339129960569e-15
2.02812740081325035e-02 1.16473281121658886e-16 7.29219695887387917e-15
2.03107971388718916e-02 1.16688704313402872e-16 7.30131236294057357e-15
2.03403202696112832e-02 1.16904395720912158e-16 7.31036683168832433e-15
2.03698434003506713e-02 1.17120353545185409e-16 7.31936036511712515e-15
2.03993665310900595e-02 1.17336575987221138e-16 7.32829296322698075e-15
2.04288896618294476e-02 1.17553061248018059e-16 7.33716462601788798e-15
2.04584127925688392e-02 1.17769807528574710e-16 7.34597535348985000e-15
2.04879359233082273e-02 1.17986813029889705e-16 7.35472514564286364e-15
2.05174590540476154e-02 1.18204075952961732e-16 7.36341400247693207e-15
2.05469821847870035e-02 1.18421594498789329e-16 7.37204192399205056e-15
2.05765053155263916e-02 1.18639366868371134e-16 7.38060891018822383e-15
2.06060284462657797e-02 1.18857391262705787e-16 7.38911496106544872e-15
2.06355515770051678e-02 1.19075665882791826e-16 7.39756007662372841e-15
2.06650747077445560e-02 1.19294188929627939e-16 7.40594425686305972e-15
2.06945978384839441e-02 1.19512958604212690e-16 7.41426750178344424e-15
2.07241209692233357e-02 1.19731973107544717e-16 7.42252981138488197e-15
2.07536440999627238e-02 1.19951230640622608e-16 7.43073118566737449e-15
2.07831672307021119e-02 1.20170729377655656e-16 7.43886890242391823e-15
2.08126903614415035e-02 1.20390467385695642e-16 7.44694023944751755e-15
2.08422134921808916e-02 1.20610442705005051e-16 7.45494519673817400e-15
2.08717366229202797e-02 1.20830653375846343e-16 7.46288377429588287e-15
2.09012597536596678e-02 1.21051097438482028e-16 7.47075597212064889e-15
2.09307828843990559e-02 1.21271772933174466e-16 7.47856179021246731e-15
2.09603060151384440e-02 1.21492677900186242e-16 7.48630122857134289e-15
2.09898291458778322e-02 1.21713810379779766e-16 7.49397428719727402e-15
2.10193522766172203e-02 1.21935168412217499e-16 7.50158096609026073e-15
2.10488754073566084e-02 1.22156750037761875e-16 7.50912126525029984e-15
2.10783985380960000e-02 1.22378553296675453e-16 7.51659518467739768e-15
2.11079216688353881e-02 1.22600576229220620e-16 7.52400272437154793e-15
2.11374447995747762e-02 1.22822816875659885e-16 7.53134388433275375e-15
2.11669679303141643e-02 1.23045273276255683e-16 7.53861866456101514e-15
2.11964910610535559e-02 1.23267943471270499e-16 7.54582706505633209e-15
2.12260141917929440e-02 1.23490825500966769e-16 7.55296908581870461e-15
2.12555373225323321e-02 1.23713917379539537e-16 7.56004207799256839e-15
2.12850604532717202e-02 1.23937217016913618e-16 7.56704339272236704e-15
2.13145835840111084e-02 1.24160722296946609e-16 7.57397303000809740e-15
2.13441067147504965e-02 1.24384431103495861e-16 7.58083098984975788e-15
2.13736298454898846e-02 1.24608341320418847e-16 7.58761727224735321e-15
2.14031529762292762e-02 1.24832450831572992e-16 7.59433187720088026e-15
2.14326761069686643e-02 1.25056757520815818e-16 7.60097480471034059e-15
2.14621992377080524e-02 1.25281259272004700e-16 7.60754605477573104e-15
2.14917223684474405e-02 1.25505953968997087e-16 7.61404562739705635e-15
2.15212454991868286e-02 1.25730839495650453e-16 7.62047352257431337e-15
2.15507686299262168e-02 1.25955913735822272e-16 7.62682974030749894e-15
2.15802917606656049e-02 1.26181174573369943e-16 7.63311428059662252e-15
2.16098148914049965e-02 1.26406619892150890e-16 7.63932714344167623e-15
2.16393380221443846e-02 1.26632247576022662e-16 7.64546832884266007e-15
2.16688611528837727e-02 1.26858055508842608e-16 7.65153783679957876e-15
2.16983842836231608e-02 1.27084041574468226e-16 7.65753566731242916e-15
2.17279074143625489e-02 1.27310203631649742e-16 7.66345926910597074e-15
2.17574305451019370e-02 1.27536539438708534e-16 7.66930609090496140e-15
2.17869536758413286e-02 1.27763046728858831e-16 7.67507613270940271e-15
2.18164768065807167e-02 1.27989723235314763e-16 7.68076939451929467e-15
2.18459999373201048e-02 1.28216566691290558e-16 7.68638587633463728e-15
2.18755230680594930e-02 1.28443574830000322e-16 7.69192557815542582e-15
2.19050461987988811e-02 1.28670745384658332e-16 7.69738849998166816e-15
2.19345693295382692e-02 1.28898076088478694e-16 7.70277464181335800e-15
2.19640924602776608e-02 1.29125564674675636e-16 7.70808400365050007e-15
2.19936155910170489e-02 1.29353208876463362e-16 7.71331658549308964e-15
2.20231387217564370e-02 1.29581006427056003e-16 7.71847238734113301e-15
2.20526618524958251e-02 1.29808955059667737e-16 7.72355140919462231e-15
2.20821849832352132e-02 1.30037052507512793e-16 7.72855365105356383e-15
2.21117081139746013e-02 1.30265296503805350e-16 7.73347911291795286e-15
2.21412312447139929e-02 1.30493684781759539e-16 7.73832779478779569e-15
2.21707543754533810e-02 1.30722215074589587e-16 7.74309969666308444e-15
2.22002775061927692e-02 1.30950885091603590e-16 7.74779238931828690e-15
2.22298006369321573e-02 1.31179692446485057e-16 7.75240344352786296e-15
2.22593237676715454e-02 1.31408634729011585e-16 7.75693285929181263e-15
2.22888468984109335e-02 1.31637709528960626e-16 7.76138063661013275e-15
2.23183700291503216e-02 1.31866914436109701e-16 7.76574677548283120e-15
2.23478931598897132e-02 1.32096247040236262e-16 7.77003127590989853e-15
2.23774162906291013e-02 1.32325704931117856e-16 7.77423413789134103e-15
2.24069394213684894e-02 1.32555285698531933e-16 7.77835536142715557e-15
2.24364625521078775e-02 1.32784986932255992e-16 7.78239494651734528e-15
2.24659856828472657e-02 1.33014806222067607e-16 7.78635289316190703e-15
2.24955088135866538e-02 1.33244741157744202e-16 7.79022920136084395e-15
2.25250319443260454e-02 1.33474789329063277e-16 7.79402387111415290e-15
2.25545550750654335e-02 1.33704948325802305e-16 7.79773690242183388e-15
2.25840782058048216e-02 1.33935215737738885e-16 7.80136829528389162e-15
2.26136013365442097e-02 1.34165589154650416e-16 7.80491804970031823e-15
2.26431244672835978e-02 1.34396066166314424e-16 7.80838616567112160e-15
2.26726475980229859e-02 1.34626644340044014e-16 7.81177036047456162e-15
2.27021707287623775e-02 1.34857321153294898e-16 7.81506835138890293e-15
2.27316938595017656e-02 1.35088094061058421e-16 7.81828013841414551e-15
2.27612169902411537e-02 1.35318960518325828e-16 7.82140572155029095e-15
2.27907401209805419e-02 1.35549917980088464e-16 7.82444510079733925e-15
2.28202632517199300e-02 1.35780963901337624e-16 7.82739827615528567e-15
2.28497863824593181e-02 1.36012095737064626e-16 7.83026524762413811e-15
2.28793095131987097e-02 1.36243310942260792e-16 7.83304601520389025e-15
2.29088326439380978e-02 1.36474606971917415e-16 7.83574057889454525e-15
2.29383557746774859e-02 1.36705981281025841e-16 7.83834893869609995e-15
2.29678789054168740e-02 1.36937431324577339e-16 7.84087109460855908e-15
2.29974020361562621e-02 1.37168954557563229e-16 7.84330704663191634e-15
2.30269251668956502e-02 1.37400548434974855e-16 7.84565679476617803e-15
2.30564482976350384e-02 1.37632210411803538e-16 7.84792033901134101e-15
2.30859714283744299e-02 1.37863937943040522e-16 7.85009767936740527e-15
2.31154945591138181e-02 1.38095728483677152e-16 7.85218881583436922e-15
2.31450176898532062e-02 1.38327579467920038e-16 7.85419163636573086e-15
2.31745408205925943e-02 1.38559488246836728e-16 7.85610402891497553e-15
2.32040639513319824e-02 1.38791452150710109e-16 7.85792599348210639e-15
2.32335870820713705e-02 1.39023468509823044e-16 7.85965753006712186e-15
2.32631102128107621e-02 1.39255534654458422e-16 7.86129863867002510e-15
2.32926333435501502e-02 1.39487647914899006e-16 7.86284931929081452e-15
2.33221564742895383e-02 1.39719805621427758e-16 7.86430957192948541e-15
2.33516796050289265e-02 1.39952005104327491e-16 7.86567939658604721e-15
2.33812027357683146e-02 1.40184243693881093e-16 7.86695879326048889e-15
2.34107258665077027e-02 1.40416518720371403e-16 7.86814776195281992e-15
2.34402489972470943e-02 1.40648827514081307e-16 7.86924630266303714e-15
2.34697721279864824e-02 1.40881167405293645e-16 7.87025441539113739e-15
2.34992952587258705e-02 1.41113535724291278e-16 7.87117210013712541e-15
2.35288183894652586e-02 1.41345929801357071e-16 7.87199935690099803e-15
2.35583415202046467e-02 1.41578346966773910e-16 7.87273618568275843e-15
2.35878646509440348e-02 1.41810784550824610e-16 7.87338258648240186e-15
2.36173877816834264e-02 1.42043239864919349e-16 7.87393664154166625e-15
2.36469109124228145e-02 1.42275710144977227e-16 7.87439643310228798e-15
2.36764340431622027e-02 1.42508192608044635e-16 7.87476196116427018e-15
2.37059571739015908e-02 1.42740684471168039e-16 7.87503322572760655e-15
2.37354803046409789e-02 1.42973182951393830e-16 7.87521022679230182e-15
2.37650034353803670e-02 1.43205685265768375e-16 7.87529296435835442e-15
2.37945265661197551e-02 1.43438188631338113e-16 7.87528143842576277e-15
2.38240496968591467e-02 1.43670690265149413e-16 7.87517564899452844e-15
2.38535728275985348e-02 1.43903187384248738e-16 7.87497559606465301e-15
2.38830959583379229e-02 1.44135677205682431e-16 7.87468127963613491e-15
2.39126190890773110e-02 1.44368156946497007e-16 7.87429269970897256e-15
2.39421422198166992e-02 1.44600623823738708e-16 7.87380985628316911e-15
2.39716653505560873e-02 1.44833075054454050e-16 7.87323274935872298e-15
2.40011884812954789e-02 1.45065507855689399e-16 7.87256137893563102e-15
2.40307116120348670e-02 1.45297919444491195e-16 7.87179574501389955e-15
2.40602347427742551e-02 1.45530307037905806e-16 7.87093584759352382e-15
2.40897578735136432e-02 1.45762667836243051e-16 7.86997998597850321e-15
2.41192810042530313e-02 1.45994998972866216e-16 7.86892645947283867e-15
2.41488041349924194e-02 1.46227297564401919e-16 7.86777526807652863e-15
2.41783272657318110e-02 1.46459560727476875e-16 7.86652641178957150e-15
2.42078503964711991e-02 1.46691785578717701e-16 7.86517989061196729e-15
2.42373735272105872e-02 1.46923969234751111e-16 7.86373570454372073e-15
2.42668966579499754e-02 1.47156108812203748e-16 7.86219385358482551e-15
2.42964197886893635e-02 1.47388201427702277e-16 7.86055433773528793e-15
2.43259429194287516e-02 1.47620244197873339e-16 7.85881715699510170e-15
2.43554660501681432e-02 1.47852234239343651e-16 7.85698231136427153e-15
2.43849891809075313e-02 1.48084168668739903e-16 7.85504980084279429e-15
2.44145123116469194e-02 1.48316044602688587e-16 7.85301962543067311e-15
2.44440354423863075e-02 1.48547859157816543e-16 7.85089178512790486e-15
2.44735585731256956e-02 1.48779609450750413e-16 7.84866627993449109e-15
2.45030817038650837e-02 1.49011292598116787e-16 7.84634310985042867e-15
2.45326048346044719e-02 1.49242905716542407e-16 7.84392227487572547e-15
2.45621279653438634e-02 1.49474445908266421e-16 7.84140231302990386e-15
2.45916510960832516e-02 1.49705910217978556e-16 7.83878176233249882e-15
2.46211742268226397e-02 1.49937295675980921e-16 7.83606062278351036e-15
2.46506973575620278e-02 1.50168599312575699e-16 7.83323889438293689e-15
2.46802204883014159e-02 1.50399818158065151e-16 7.83031657713077841e-15
2.47097436190408040e-02 1.50630949242751336e-16 7.82729367102703493e-15
2.47392667497801956e-02 1.50861989596936487e-16 7.82417017607170803e-15
2.47687898805195837e-02 1.51092936250922839e-16 7.82094609226479769e-15
2.47983130112589718e-02 1.51323786235012501e-16 7.81762141960630078e-15
2.48278361419983599e-02 1.51554536579507707e-16 7.81419615809622043e-15
2.48573592727377481e-02 1.51785184314710666e-16 7.81067030773455666e-15
2.48868824034771362e-02 1.52015726470923463e-16 7.80704386852130631e-15
2.49164055342165278e-02 1.52246160078448381e-16 7.80331684045647410e-15
2.49459286649559159e-02 1.52476482167587531e-16 7.79948922354005531e-15
2.49754517956953040e-02 1.52706689768643169e-16 7.79556101777205310e-15
2.50049749264346921e-02 1.52936779911917408e-16 7.79153222315246430e-15
2.50344980571740802e-02 1.53166749615873575e-16 7.78740163666991834e-15
2.50640211879134683e-02 1.53396595851619410e-16 7.78316805531303516e-15
2.50935443186528599e-02 1.53626315578423795e-16 7.77883147908181951e-15
2.51230674493922480e-02 1.53855905755555565e-16 7.77439190797626506e-15
2.51525905801316361e-02 1.54085363342283628e-16 7.76984934199637655e-15
2.51821137108710243e-02 1.54314685297876768e-16 7.76520378114215557e-15
2.52116368416104124e-02 1.54543868581603870e-16 7.76045522541359579e-15
2.52411599723498005e-02 1.54772910152733842e-16 7.75560367481070195e-15
2.52706831030891921e-02 1.55001806970535468e-16 7.75064912933347090e-15
2.53002062338285802e-02 1.55230555994277656e-16 7.74559158898191053e-15
2.53297293645679683e-02 1.55459154183229290e-16 7.74043105375600978e-15
2.53592524953073564e-02 1.55687598496659130e-16 7.73516752365577340e-15
2.53887756260467445e-02 1.55915885893836133e-16 7.72980099868120454e-15
2.54182987567861327e-02 1.56144013334029135e-16 7.72433147883230004e-15
2.54478218875255208e-02 1.56371977776506968e-16 7.71875896410905833e-15
2.54773450182649124e-02 1.56599776180538541e-16 7.71308345451148256e-15
2.55068681490043005e-02 1.56827405496285141e-16 7.70730402457890101e-15
2.55363912797436886e-02 1.57054862637478212e-16 7.70141974885063880e-15
2.55659144104830767e-02 1.57282144508741552e-16 7.69543062732670223e-15
2.55954375412224648e-02 1.57509248014699059e-16 7.68933666000708499e-15
2.56249606719618529e-02 1.57736170059974654e-16 7.68313784689179183e-15
2.56544838027012445e-02 1.57962907549192085e-16 7.67683418798081958e-15
2.56840069334406326e-02 1.58189457386975325e-16 7.67042568327417140e-15
2.57135300641800207e-02 1.58415816477948219e-16 7.66391233277184255e-15
2.57430531949194089e-02 1.58641981726734543e-16 7.65729413647383620e-15
2.57725763256587970e-02 1.58867950037958291e-16 7.65057109438015391e-15
2.58020994563981851e-02 1.59093718316243311e-16 7.64374320649079097e-15
2.58316225871375767e-02 1.59319283466213328e-16 7.63681047280575209e-15
2.58611457178769648e-02 1.59544642392492362e-16 7.62977289332503570e-15
2.58906688486163529e-02 1.59769791999704235e-16 7.62263046804864023e-15
2.59201919793557410e-02 1.59994729192472820e-16 7.61538319697656882e-15
2.59497151100951291e-02 1.60219450875421965e-16 7.60803108010881675e-15
2.59792382408345172e-02 1.60443953946963262e-16 7.60057348618368947e-15
2.60087613715739088e-02 1.60668235280659235e-16 7.59300978393948452e-15
2.60382845023132969e-02 1.60892291743860077e-16 7.58533997337620824e-15
2.60678076330526851e-02 1.61116120203916034e-16 7.57756405449385429e-15
2.60973307637920732e-02 1.61339717528177349e-16 7.56968202729242743e-15
2.61268538945314613e-02 1.61563080583994141e-16 7.56169389177192290e-15
2.61563770252708494e-02 1.61786206238716755e-16 7.55359964793234388e-15
2.61859001560102375e-02 1.62009091359695359e-16 7.54539929577369035e-15
2.62154232867496291e-02 1.62231732814280221e-16 7.53709283529596074e-15
2.62449464174890172e-02 1.62454127469821488e-16 7.52868026649915664e-15
2.62744695482284053e-02 1.62676272193669477e-16 7.52016158938327645e-15
2.63039926789677934e-02 1.62898163853174260e-16 7.51153680394832176e-15
2.63335158097071816e-02 1.63119799315686251e-16 7.50280591019429415e-15
2.63630389404465697e-02 1.63341175448555548e-16 7.49396890812118731e-15
2.63925620711859613e-02 1.63562289119132419e-16 7.48502579772900754e-15
2.64220852019253494e-02 1.63783137194767034e-16 7.47597657901775169e-15
2.64516083326647375e-02 1.64003716539635038e-16 7.46682092939304563e-15
2.64811314634041256e-02 1.64224024005213290e-16 7.45755852626050734e-15
2.65106545941435137e-02 1.64444056439803977e-16 7.44818936962013996e-15
2.65401777248829018e-02 1.64663810691709383e-16 7.43871345947194509e-15
2.65697008556222934e-02 1.64883283609231769e-16 7.42913079581591799e-15
2.65992239863616815e-02 1.65102472040673249e-16 7.41944137865206180e-15
2.66287471171010696e-02 1.65321372834336179e-16 7.40964520798037970e-15
2.66582702478404578e-02 1.65539982838522724e-16 7.39974228380086378e-15
2.66877933785798459e-02 1.65758298901535118e-16 7.38973260611352036e-15
2.67173165093192340e-02 1.65976317871675621e-16 7.37961617491834628e-15
2.67468396400586256e-02 1.66194036597246471e-16 7.36939299021534471e-15
2.67763627707980137e-02 1.66411451926549803e-16 7.35906305200451090e-15
2.68058859015374018e-02 1.66628560707887978e-16 7.34862636028584959e-15
2.68354090322767899e-02 1.66845359789563156e-16 7.33808291505935762e-15
2.68649321630161780e-02 1.67061846019877623e-16 7.32743271632503658e-15
2.68944552937555661e-02 1.67278016247133517e-16 7.31667576408288646e-15
2.69239784244949543e-02 1.67493867319614756e-16 7.30581205646651600e-15
2.69535015552343458e-02 1.67709396085531773e-16 7.29484159160953552e-15
2.69830246859737340e-02 1.67924599393076561e-16 7.28376436951194502e-15
2.70125478167131221e-02 1.68139474090441111e-16 7.27258039017374451e-15
2.70420709474525102e-02 1.68354017025817564e-16 7.26128965359493397e-15
2.70715940781918983e-02 1.68568225047397766e-16 7.24989215977551184e-15
2.71011172089312864e-02 1.68782095003373929e-16 7.23838790871547969e-15
2.71306403396706780e-02 1.68995623741937949e-16 7.22677690041483910e-15
2.71601634704100661e-02 1.69208808111281941e-16 7.21505913487358691e-15
2.71896866011494542e-02 1.69421644959597897e-16 7.20323461209172470e-15
2.72192097318888424e-02 1.69634131135077883e-16 7.19130333206925248e-15
2.72487328626282305e-02 1.69846263485913795e-16 7.17926529480617023e-15
2.72782559933676186e-02 1.70058038860297797e-16 7.16712050030247797e-15
2.73077791241070102e-02 1.70269454106421880e-16 7.15486894855817569e-15
2.73373022548463983e-02 1.70480506072478113e-16 7.14251063957326338e-15
2.73668253855857864e-02 1.70691191606658413e-16 7.13004557334773948e-15
2.73963485163251745e-02 1.70901507560385873e-16 7.11747407819096141e-15
2.74258716470645626e-02 1.71111450798006903e-16 7.10479648241228344e-15
2.74553947778039507e-02 1.71321018187098988e-16 7.09201278601170556e-15
2.74849179085433423e-02 1.71530206595239710e-16 7.07912298898922779e-15
2.75144410392827304e-02 1.71739012890006483e-16 7.06612709134484853e-15
2.75439641700221186e-02 1.71947433938976666e-16 7.05302509307857094e-15
2.75734873007615067e-02 1.72155466609727893e-16 7.03981699419039188e-15
2.76030104315008948e-02 1.72363107769837551e-16 7.02650279468031370e-15
2.76325335622402829e-02 1.72570354286883100e-16 7.01308249454833562e-15
2.76620566929796710e-02 1.72777203028442049e-16 6.99955609379445685e-15
2.76915798237190626e-02 1.72983650862091835e-16 6.98592359241867817e-15
2.77211029544584507e-02 1.73189694655409918e-16 6.97218499042100039e-15
2.77506260851978388e-02 1.73395331275973758e-16 6.95834028780142191e-15
2.77801492159372269e-02 1.73600557591360889e-16 6.94438948455994352e-15
2.78096723466766151e-02 1.73805370469148748e-16 6.93033258069656445e-15
2.78391954774160032e-02 1.74009766776914745e-16 6.91616957621128626e-15
2.78687186081553948e-02 1.74213743388782087e-16 6.90190113624501281e-15
2.78982417388947829e-02 1.74417297205056667e-16 6.88752792593865109e-15
2.79277648696341710e-02 1.74620425132589954e-16 6.87304994529220033e-15
2.79572880003735591e-02 1.74823124078233588e-16 6.85846719430565973e-15
2.79868111311129472e-02 1.75025390948839134e-16 6.84377967297903165e-15
2.80163342618523353e-02 1.75227222651258011e-16 6.82898738131231374e-15
2.80458573925917269e-02 1.75428616092341835e-16 6.81409031930550520e-15
2.80753805233311150e-02 1.75629568178942220e-16 6.79908848695860997e-15
2.81049036540705031e-02 1.75830075817910660e-16 6.78398188427162412e-15
2.81344267848098913e-02 1.76030135916098744e-16 6.76877051124455079e-15
2.81639499155492794e-02 1.76229745380357990e-16 6.75345436787738842e-15
2.81934730462886675e-02 1.76428901117539915e-16 6.73803345417013620e-15
2.82229961770280591e-02 1.76627600034496159e-16 6.72250777012279573e-15
2.82525193077674472e-02 1.76825839038078238e-16 6.70687731573536541e-15
2.82820424385068353e-02 1.77023615035137645e-16 6.69114209100784605e-15
2.83115655692462234e-02 1.77220924932526044e-16 6.67530209594023842e-15
2.83410886999856115e-02 1.77417765646991903e-16 6.65935833621910851e-15
2.83706118307249996e-02 1.77614134134871861e-16 6.64331181753102781e-15
2.84001349614643878e-02 1.77810027362399406e-16 6.62716253987599238e-15
2.84296580922037793e-02 1.78005442295808275e-16 6.61091050325400458e-15
2.84591812229431675e-02 1.78200375901331909e-16 6.59455570766506283e-15
2.84887043536825556e-02 1.78394825145203945e-16 6.57809815310916951e-15
2.85182274844219437e-02 1.78588786993657948e-16 6.56153783958632225e-15
2.85477506151613318e-02 1.78782258412927555e-16 6.54487476709652182e-15
2.85772737459007199e-02 1.78975236369246306e-16 6.52810893563976904e-15
2.86067968766401115e-02 1.79167717828847813e-16 6.51124034521606310e-15
2.86363200073794996e-02 1.79359699757965641e-16 6.49426899582540321e-15
2.86658431381188877e-02 1.79551179122833353e-16 6.47719488746779175e-15
2.86953662688582758e-02 1.79742152889684611e-16 6.46001802014322634e-15
2.87248893995976640e-02 1.79932618024752857e-16 6.44273839385170856e-15
2.87544125303370521e-02 1.80122571494271826e-16 6.42535600859323606e-15
2.87839356610764437e-02 1.80312010264475058e-16 6.40787086436781276e-15
2.88134587918158318e-02 1.80500931314850854e-16 6.39028430806273766e-15
2.88429819225552199e-02 1.80689331677906757e-16 6.37259768656531448e-15
2.88725050532946080e-02 1.80877208399404899e-16 6.35481099987554322e-15
2.89020281840339961e-02 1.81064558525107683e-16 6.33692424799342388e-15
2.89315513147733842e-02 1.81251379100777217e-16 6.31893743091895645e-15
2.89610744455127758e-02 1.81437667172175807e-16 6.30085054865213936e-15
2.89905975762521639e-02 1.81623419785065707e-16 6.28266360119297577e-15
2.90201207069915521e-02 1.81808633985209148e-16 6.26437658854146330e-15
2.90496438377309402e-02 1.81993306818368362e-16 6.24598951069760276e-15
2.90791669684703283e-02 1.82177435330305579e-16 6.22750236766139413e-15
2.91086900992097164e-02 1.82361016566783104e-16 6.20891515943283742e-15
2.91382132299491045e-02 1.82544047573563094e-16 6.19022788601193262e-15
2.91677363606884961e-02 1.82726525396407829e-16 6.17144054739867974e-15
2.91972594914278842e-02 1.82908447081079564e-16 6.15255314359307721e-15
2.92267826221672723e-02 1.83089809673340581e-16 6.13356567459512817e-15
2.92563057529066604e-02 1.83270610218953084e-16 6.11447814040483025e-15
2.92858288836460486e-02 1.83450845780267324e-16 6.09529222662353972e-15
2.93153520143854367e-02 1.83630513485986097e-16 6.07600961885261283e-15
2.93448751451248283e-02 1.83809610481399921e-16 6.05663031709204799e-15
2.93743982758642164e-02 1.83988133911799635e-16 6.03715432134184679e-15
2.94039214066036045e-02 1.84166080922475832e-16 6.01758163160200843e-15
2.94334445373429926e-02 1.84343448658719301e-16 5.99791224787253292e-15
2.94629676680823807e-02 1.84520234265820735e-16 5.97814617015342025e-15
2.94924907988217688e-02 1.84696434889070749e-16 5.95828339844467123e-15
2.95220139295611604e-02 1.84872047673760134e-16 5.93832393274628425e-15
2.95515370603005485e-02 1.85047069765179606e-16 5.91826777305826092e-15
2.95810601910399366e-02 1.85221498308619831e-16 5.89811491938060043e-15
2.96105833217793248e-02 1.85395330449371477e-16 5.87786537171330279e-15
2.96401064525187129e-02 1.85568563332725283e-16 5.85751913005636957e-15
2.96696295832581010e-02 1.85741194103971965e-16 5.83707619440979840e-15
2.96991527139974926e-02 1.85913219908402214e-16 5.81653656477358930e-15
2.97286758447368807e-02 1.86084637891306698e-16 5.79590024114774383e-15
2.97581989754762688e-02 1.86255445217841720e-16 5.77516924217341165e-15
2.97877221062156569e-02 1.86425639132625544e-16 5.75434558649174240e-15
2.98172452369550450e-02 1.86595216900142218e-16 5.73342927410273294e-15
2.98467683676944331e-02 1.86764175784875619e-16 5.71242030500638956e-15
2.98762914984338213e-02 1.86932513051309622e-16 5.69131867920270676e-15
2.99058146291732128e-02 1.87100225963928178e-16 5.67012439669168847e-15
2.99353377599126010e-02 1.87267311787215164e-16 5.64883745747333154e-15
2.99648608906519891e-02 1.87433767785654578e-16 5.62745786154763754e-15
2.99943840213913772e-02 1.87599591223730198e-16 5.60598560891460649e-15
3.00239071521307653e-02 1.87764779365926098e-16 5.58442069957423679e-15
3.00534302828701534e-02 1.87929329476726105e-16 5.56276313352653081e-15
3.00829534136095450e-02 1.88093238820614119e-16 5.54101291077148699e-15
3.01124765443489331e-02 1.88256504662074115e-16 5.51917003130910610e-15
3.01419996750883212e-02 1.88419124265589945e-16 5.49723449513938735e-15
3.01715228058277093e-02 1.88581094895645559e-16 5.47520630226233155e-15
3.02010459365670975e-02 1.88742413816724858e-16 5.45308545267793868e-15
3.02305690673064856e-02 1.88903078316367510e-16 5.43087428919764942e-15
3.02600921980458772e-02 1.89063085774335926e-16 5.40857515463290605e-15
3.02896153287852653e-02 1.89222433593448312e-16 5.38618804898370697e-15
3.03191384595246534e-02 1.89381119176522772e-16 5.36371297225005534e-15
3.03486615902640415e-02 1.89539139926377659e-16 5.34114992443194722e-15
3.03781847210034296e-02 1.89696493245830881e-16 5.31849890552938655e-15
3.04077078517428177e-02 1.89853176537700815e-16 5.29575991554236939e-15
3.04372309824822093e-02 1.90009187204805541e-16 5.27293295447089968e-15
3.04667541132215974e-02 1.90164522649963264e-16 5.25001802231497349e-15
3.04962772439609855e-02 1.90319180275992211e-16 5.22701511907459395e-15
3.05258003747003737e-02 1.90473157485710441e-16 5.20392424474975871e-15
3.05553235054397618e-02 1.90626451681936106e-16 5.18074539934047093e-15
3.05848466361791499e-02 1.90779060267487560e-16 5.15747858284672744e-15
3.06143697669185380e-02 1.90930980645182833e-16 5.13412379526852983e-15
3.06438928976579296e-02 1.91082210217840155e-16 5.11068103660587651e-15
3.06734160283973177e-02 1.91232746388277630e-16 5.08715030685876986e-15
3.07029391591367058e-02 1.91382586585440956e-16 5.06353426097578040e-15
3.07324622898760939e-02 1.91531728342785600e-16 5.03983555390548259e-15
3.07619854206154821e-02 1.91680169219894548e-16 5.01605418564787328e-15
3.07915085513548702e-02 1.91827906776350735e-16 4.99219015620295563e-15
3.08210316820942617e-02 1.91974938571737171e-16 4.96824346557072806e-15
3.08505548128336499e-02 1.92121262165636694e-16 4.94421411375119136e-15
3.08800779435730380e-02 1.92266875117632435e-16 4.92010210074434315e-15
3.09096010743124261e-02 1.92411774987307160e-16 4.89590742655018739e-15
3.09391242050518142e-02 1.92555959334244024e-16 4.87163009116872171e-15
3.09686473357912023e-02 1.92699425718025865e-16 4.84727009459994611e-15
3.09981704665305939e-02 1.92842171698235694e-16 4.82282743684386059e-15
3.10276935972699820e-02 1.92984194834456396e-16 4.79830211790046593e-15
3.10572167280093701e-02 1.93125492686271056e-16 4.77369413776976214e-15
3.10867398587487583e-02 1.93266062813262510e-16 4.74900349645174765e-15
3.11162629894881464e-02 1.93405902775013817e-16 4.72423019394642323e-15
3.11457861202275345e-02 1.93545010131107914e-16 4.69937423025379125e-15
3.11753092509669261e-02 1.93683382470178032e-16 4.67443855733380056e-15
3.12048323817063142e-02 1.93821017497059078e-16 4.64942612714640632e-15
3.12343555124457023e-02 1.93957912945636184e-16 4.62433693969160694e-15
3.12638786431850904e-02 1.94094066549794480e-16 4.59917099496940478e-15
3.12934017739244785e-02 1.94229476043419169e-16 4.57392829297979671e-15
3.13229249046638666e-02 1.94364139160395307e-16 4.54860883372278507e-15
3.13524480354032548e-02 1.94498053634608173e-16 4.52321261719836909e-15
3.13819711661426498e-02 1.94631217199942947e-16 4.49773964340654875e-15
3.14114942968820310e-02 1.94763627590284609e-16 4.47218991234732329e-15
3.14410174276214260e-02 1.94895282539518488e-16 4.44656342402069426e-15
3.14705405583608072e-02 1.95026179781529763e-16 4.42086017842666089e-15
3.15000636891002023e-02 1.95156317050203367e-16 4.39508017556522395e-15
3.15295868198395834e-02 1.95285692079424701e-16 4.36922341543638188e-15
3.15591099505789785e-02 1.95414302603078821e-16 4.34328989804013546e-15
3.15886330813183666e-02 1.95542146355050907e-16 4.31727962337648470e-15
3.16181562120577547e-02 1.95669221069226064e-16 4.29119259144542959e-15
3.16476793427971428e-02 1.95795524511284634e-16 4.26503203311035020e-15
3.16772024735365310e-02 1.95921054574086990e-16 4.23880117923462738e-15
3.17067256042759191e-02 1.96045809182288766e-16 4.21250002981826036e-15
3.17362487350153072e-02 1.96169786260545546e-16 4.18612858486124913e-15
3.17657718657547022e-02 1.96292983733512842e-16 4.15968684436359369e-15
3.17952949964940834e-02 1.96415399525846164e-16 4.13317480832529562e-15
3.18248181272334785e-02 1.96537031562201196e-16 4.10659247674635176e-15
3.18543412579728596e-02 1.96657877767233448e-16 4.07993984962676527e-15
3.18838643887122547e-02 1.96777936065598455e-16 4.05321692696653378e-15
3.19133875194516428e-02 1.96897204381951852e-16 4.02642370876565887e-15
3.19429106501910309e-02 1.97015680640949124e-16 3.99956019502413975e-15
3.19724337809304190e-02 1.97133362767245881e-16 3.97262638574197642e-15
3.20019569116698072e-02 1.97250248685497659e-16 3.94562228091916967e-15
3.20314800424091953e-02 1.97366336320360042e-16 3.91854788055571871e-15
3.20610031731485834e-02 1.97481623596488590e-16 3.89140318465162355e-15
3.20905263038879784e-02 1.97596108438538863e-16 3.86418819320688496e-15
3.21200494346273596e-02 1.97709788805500088e-16 3.83690639504693498e-15
3.21495725653667547e-02 1.97822662793696284e-16 3.80956127899720720e-15
3.21790956961061358e-02 1.97934728533785039e-16 3.78215284505770085e-15
3.22086188268455309e-02 1.98045984156424113e-16 3.75468109322841750e-15
3.22381419575849121e-02 1.98156427792271167e-16 3.72714602350935636e-15
3.22676650883243071e-02 1.98266057571983715e-16 3.69954763590051585e-15
3.22971882190636952e-02 1.98374871626219616e-16 3.67188593040189913e-15
3.23267113498030834e-02 1.98482868085636358e-16 3.64416090701350383e-15
3.23562344805424715e-02 1.98590045080891725e-16 3.61637256573533074e-15
3.23857576112818596e-02 1.98696400742643356e-16 3.58852090656737907e-15
3.24152807420212477e-02 1.98801933201548861e-16 3.56060592950964961e-15
3.24448038727606358e-02 1.98906640588265953e-16 3.53262763456214316e-15
3.24743270035000309e-02 1.99010521033452266e-16 3.50458602172485812e-15
3.25038501342394121e-02 1.99113572667765464e-16 3.47648109099779490e-15
3.25333732649788071e-02 1.99215793621863232e-16 3.44831284238095468e-15
3.25628963957181883e-02 1.99317182026403206e-16 3.42008127587433588e-15
3.25924195264575833e-02 1.99417736048683197e-16 3.39179011467636293e-15
3.26219426571969645e-02 1.99517454002561708e-16 3.36344308198546145e-15
3.26514657879363596e-02 1.99616334238537340e-16 3.33504017780162947e-15
3.26809889186757477e-02 1.99714375107108646e-16 3.30658140212486738e-15
3.27105120494151358e-02 1.99811574958774276e-16 3.27806675495517715e-15
3.27400351801545239e-02 1.99907932144032784e-16 3.24949623629255523e-15
3.27695583108939120e-02 2.00003445013382894e-16 3.22086984613700518e-15
3.27990814416333001e-02 2.00098111917323085e-16 3.19218758448852423e-15
3.28286045723726883e-02 2.00191931206352106e-16 3.16344945134711515e-15
3.28581277031120833e-02 2.00284901230968437e-16 3.13465544671277516e-15
3.28876508338514645e-02 2.00377020341670802e-16 3.10580557058550546e-15
3.29171739645908595e-02 2.00468286888957705e-16 3.07689982296530645e-15
3.29466970953302407e-02 2.00558699223327820e-16 3.04793820385217771e-15
3.29762202260696358e-02 2.00648255695279726e-16 3.01892071324611887e-15
3.30057433568090169e-02 2.00736954655312025e-16 2.98984735114713110e-15
3.30352664875484120e-02 2.00824794453923366e-16 2.96071811755521283e-15
3.30647896182878001e-02 2.00911773480302948e-16 2.93153694402568624e-15
3.30943127490271882e-02 2.00997890278402422e-16 2.90230776211387234e-15
3.31238358797665763e-02 2.01083143430864035e-16 2.87303057181976994e-15
3.31533590105059645e-02 2.01167531520330034e-16 2.84370537314338022e-15
3.31828821412453526e-02 2.01251053129442740e-16 2.81433216608470240e-15
3.32124052719847407e-02 2.01333706840844229e-16 2.78491095064373727e-15
3.32419284027241357e-02 2.01415491237176918e-16 2.75544172682048404e-15
3.32714515334635169e-02 2.01496404901083032e-16 2.72592449461494310e-15
3.33009746642029120e-02 2.01576446415204792e-16 2.69635925402711444e-15
3.33304977949422931e-02 2.01655614362184420e-16 2.66674600505699848e-15
3.33600209256816882e-02 2.01733907324664312e-16 2.63708474770459441e-15
3.33895440564210763e-02 2.01811323885286517e-16 2.60737548196990263e-15
3.34190671871604644e-02 2.01887862626693456e-16 2.57761820785292315e-15
3.34485903178998525e-02 2.01963522131527300e-16 2.54781292535365595e-15
3.34781134486392407e-02 2.02038300982430323e-16 2.51795963447210105e-15
3.35076365793786288e-02 2.02112197762044770e-16 2.48805833520825844e-15
3.35371597101180169e-02 2.02185211093476499e-16 2.45811313928414250e-15
3.35666828408574119e-02 2.02257339761686025e-16 2.42812815842176800e-15
3.35962059715967931e-02 2.02328582592097376e-16 2.39810339262113417e-15
3.36257291023361882e-02 2.02398938410134577e-16 2.36803884188224217e-15
3.36552522330755693e-02 2.02468406041221755e-16 2.33793450620509122e-15
3.36847753638149644e-02 2.02536984310782861e-16 2.30779038558968132e-15
3.37142984945543456e-02 2.02604672044242121e-16 2.27760648003601287e-15
3.37438216252937406e-02 2.02671468067023560e-16 2.24738278954408586e-15
3.37733447560331287e-02 2.02737371204551156e-16 2.21711931411389991e-15
3.38028678867725169e-02 2.02802380282249035e-16 2.18681605374545540e-15
3.38323910175119050e-02 2.02866494125541322e-16 2.15647300843875233e-15
3.38619141482512931e-02 2.02929711559851946e-16 2.12609017819378992e-15
3.38914372789906812e-02 2.02992031410605079e-16 2.09566756301056896e-15
3.39209604097300693e-02 2.03053452503224751e-16 2.06520516288908944e-15
3.39504835404694644e-02 2.03113973663135085e-16 2.03470297782935137e-15
3.39800066712088455e-02 2.03173593715760010e-16 2.00416100783135395e-15
3.40095298019482406e-02 2.03232311528464329e-16 1.97358351470155397e-15
3.40390529326876218e-02 2.03290126136375185e-16 1.94297476024640783e-15
3.40685760634270168e-02 2.03347036616560423e-16 1.91233474446591473e-15
3.40980991941663980e-02 2.03403042046087839e-16 1.88166346736007507e-15
3.41276223249057931e-02 2.03458141502025204e-16 1.85096092892888884e-15
3.41571454556451812e-02 2.03512334061440315e-16 1.82022712917235566e-15
3.41866685863845693e-02 2.03565618801400942e-16 1.78946206809047631e-15
3.42161917171239574e-02 2.03617994798975004e-16 1.75866574568325000e-15
3.42457148478633455e-02 2.03669461131230298e-16 1.72783816195067732e-15
3.42752379786027336e-02 2.03720016875234520e-16 1.69697931689275769e-15
3.43047611093421217e-02 2.03769661108055591e-16 1.66608921050949170e-15
3.43342842400815168e-02 2.03818392906761182e-16 1.63516784280087914e-15
3.43638073708208980e-02 2.03866211348419188e-16 1.60421521376691962e-15
3.43933305015602930e-02 2.03913115510097430e-16 1.57323132340761355e-15
3.44228536322996742e-02 2.03959104468863703e-16 1.54221617172296110e-15
3.44523767630390693e-02 2.04004177301785705e-16 1.51116975871296170e-15
3.44818998937784504e-02 2.04048333129037352e-16 1.48009646460184827e-15
3.45114230245178455e-02 2.04091571243216306e-16 1.44900066961385313e-15
3.45409461552572336e-02 2.04133890980026225e-16 1.41788237374897590e-15
3.45704692859966217e-02 2.04175291675170717e-16 1.38674157700721697e-15
3.45999924167360098e-02 2.04215772664353564e-16 1.35557827938857614e-15
3.46295155474753980e-02 2.04255333283278351e-16 1.32439248089305341e-15
3.46590386782147861e-02 2.04293972867648785e-16 1.29318418152064918e-15
3.46885618089541742e-02 2.04331690753168500e-16 1.26195338127136285e-15
3.47180849396935692e-02 2.04368486275541228e-16 1.23070008014519443e-15
3.47476080704329504e-02 2.04404358770470603e-16 1.19942427814214450e-15
3.47771312011723455e-02 2.04439307573660357e-16 1.16812597526221287e-15
3.48066543319117266e-02 2.04473332020814000e-16 1.13680517150539915e-15
3.48361774626511217e-02 2.04506431447635315e-16 1.10546186687170372e-15
3.48657005933905098e-02 2.04538605189828009e-16 1.07409606136112640e-15
3.48952237241298979e-02 2.04569852583095690e-16 1.04270775497366718e-15
3.49247468548692860e-02 2.04600172963142017e-16 1.01129694770932626e-15
3.49542699856086742e-02 2.04629565709618016e-16 9.79868105288101302e-16
3.49837931163480623e-02 2.04658030377964156e-16 9.48425693429989992e-16
3.50133162470874504e-02 2.04685566567568075e-16 9.16969712134992719e-16
3.50428393778268454e-02 2.04712173877817560e-16 8.85500161403109089e-16
3.50723625085662266e-02 2.04737851908100399e-16 8.54017041234339298e-16
3.51018856393056217e-02 2.04762600257804229e-16 8.22520351628683249e-16
3.51314087700450028e-02 2.04786418526316838e-16 7.91010092586141138e-16
3.51609319007843979e-02 2.04809306313025988e-16 7.59486264106712768e-16
3.51904550315237791e-02 2.04831263217319417e-16 7.27948866190398238e-16
3.52199781622631741e-02 2.04852288838584788e-16 6.96397898837197548e-16
3.52495012930025622e-02 2.04872382776210011e-16 6.64833362047110698e-16
3.52790244237419504e-02 2.04891544629582676e-16 6.33255255820137589e-16
3.53085475544813385e-02 2.04909773998090544e-16 6.01663580156278221e-16
3.53380706852207266e-02 2.04927070481121404e-16 5.70058335055532694e-16
3.53675938159601147e-02 2.04943433678062967e-16 5.38439520517901006e-16
3.53971169466995028e-02 2.04958863188302995e-16 5.06807136543383157e-16
3.54266400774388979e-02 2.04973358655684966e-16 4.75165700516609795e-16
3.54561632081782790e-02 2.04986919901875580e-16 4.43519729822211663e-16
3.54856863389176741e-02 2.04999546792997229e-16 4.11869224460188810e-16
3.55152094696570553e-02 2.05011239195172255e-16 3.80214184430541187e-16
3.55447326003964503e-02 2.05021996974523197e-16 3.48554609733268795e-16
3.55742557311358315e-02 2.05031819997172346e-16 3.16890500368371682e-16
3.56037788618752266e-02 2.05040708129242194e-16 2.85221856335849749e-16
3.56333019926146147e-02 2.05048661236855130e-16 2.53548677635703097e-16
3.56628251233540028e-02 2.05055679186133572e-16 2.21870964267931674e-16
3.56923482540933909e-02 2.05061761843200032e-16 1.90188716232535507e-16
3.57218713848327790e-02 2.05066909074176755e-16 1.58501933529514594e-16
3.57513945155721671e-02 2.05071120745186206e-16 1.26810616158868886e-16
3.57809176463115552e-02 2.05074396722350849e-16 9.51147641205984337e-17
3.58104407770509503e-02 2.05076736871793076e-16 6.34143774147032483e-17
3.58399639077903315e-02 2.05078141059635351e-16 3.17094560411832807e-17
3.58694870385297265e-02 2.05078609152000017e-16 3.85601032201655171e-29
3.58990101692691077e-02 2.05078141059635326e-16 -3.17094560411066071e-17
3.59285333000085028e-02 2.05076736871793076e-16 -6.34143774146279244e-17
3.59580564307478839e-02 2.05074396722350849e-16 -9.51147641205253901e-17
3.59875795614872790e-02 2.05071120745186230e-16 -1.26810616158798998e-16
3.60171026922266671e-02 2.05066909074176805e-16 -1.58501933529448773e-16
3.60466258229660552e-02 2.05061761843200032e-16 -1.90188716232474641e-16
3.60761489537054433e-02 2.05055679186133572e-16 -2.21870964267876701e-16
3.61056720844448314e-02 2.05048661236855130e-16 -2.53548677635654878e-16
3.61351952151842196e-02 2.05040708129242243e-16 -2.85221856335809222e-16
3.61647183459236077e-02 2.05031819997172346e-16 -3.16890500368339733e-16
3.61942414766630027e-02 2.05021996974523221e-16 -3.48554609733246361e-16
3.62237646074023839e-02 2.05011239195172255e-16 -3.80214184430529108e-16
3.62532877381417790e-02 2.04999546792997180e-16 -4.11869224460188021e-16
3.62828108688811601e-02 2.04986919901875605e-16 -4.43519729822223150e-16
3.63123339996205552e-02 2.04973358655684991e-16 -4.75165700516634348e-16
3.63418571303599433e-02 2.04958863188302995e-16 -5.06807136543421713e-16
3.63713802610993314e-02 2.04943433678062967e-16 -5.38439520517952972e-16
3.64009033918387195e-02 2.04927070481121428e-16 -5.70058335055596000e-16
3.64304265225781077e-02 2.04909773998090544e-16 -6.01663580156350698e-16
3.64599496533174958e-02 2.04891544629582626e-16 -6.33255255820217067e-16
3.64894727840568839e-02 2.04872382776210060e-16 -6.64833362047195205e-16
3.65189959147962789e-02 2.04852288838584837e-16 -6.96397898837284915e-16
3.65485190455356601e-02 2.04831263217319417e-16 -7.27948866190486393e-16
3.65780421762750552e-02 2.04809306313025988e-16 -7.59486264106799543e-16
3.66075653070144363e-02 2.04786418526316838e-16 -7.91010092586224461e-16
3.66370884377538314e-02 2.04762600257804204e-16 -8.22520351628761050e-16
3.66666115684932126e-02 2.04737851908100399e-16 -8.54017041234409309e-16
3.66961346992326076e-02 2.04712173877817536e-16 -8.85500161403169338e-16
3.67256578299719957e-02 2.04685566567568075e-16 -9.16969712135041037e-16
3.67551809607113839e-02 2.04658030377964156e-16 -9.48425693430024505e-16
3.67847040914507720e-02 2.04629565709618016e-16 -9.79868105288119446e-16
3.68142272221901601e-02 2.04600172963142017e-16 -1.01129694770932626e-15
3.68437503529295482e-02 2.04569852583095665e-16 -1.04270775497364903e-15
3.68732734836689363e-02 2.04538605189828009e-16 -1.07409606136109268e-15
3.69027966144083314e-02 2.04506431447635364e-16 -1.10546186687165659e-15
3.69323197451477125e-02 2.04473332020813976e-16 -1.13680517150534137e-15
3.69618428758871076e-02 2.04439307573660332e-16 -1.16812597526214661e-15
3.69913660066264888e-02 2.04404358770470603e-16 -1.19942427814207232e-15
3.70208891373658838e-02 2.04368486275541228e-16 -1.23070008014511870e-15
3.70504122681052650e-02 2.04331690753168524e-16 -1.26195338127128574e-15
3.70799353988446601e-02 2.04293972867648785e-16 -1.29318418152057306e-15
3.71094585295840412e-02 2.04255333283278301e-16 -1.32439248089298123e-15
3.71389816603234363e-02 2.04215772664353613e-16 -1.35557827938850988e-15
3.71685047910628313e-02 2.04175291675170717e-16 -1.38674157700715899e-15
3.71980279218022125e-02 2.04133890980026200e-16 -1.41788237374892897e-15
3.72275510525416076e-02 2.04091571243216306e-16 -1.44900066961381921e-15
3.72570741832809887e-02 2.04048333129037402e-16 -1.48009646460183032e-15
3.72865973140203838e-02 2.04004177301785705e-16 -1.51116975871296170e-15
3.73161204447597650e-02 2.03959104468863654e-16 -1.54221617172297944e-15
3.73456435754991600e-02 2.03913115510097430e-16 -1.57323132340764806e-15
3.73751667062385412e-02 2.03866211348419237e-16 -1.60421521376696814e-15
3.74046898369779363e-02 2.03818392906761207e-16 -1.63516784280093929e-15
3.74342129677173174e-02 2.03769661108055591e-16 -1.66608921050956191e-15
3.74637360984567125e-02 2.03720016875234520e-16 -1.69697931689283540e-15
3.74932592291960937e-02 2.03669461131230298e-16 -1.72783816195076055e-15
3.75227823599354887e-02 2.03617994798975029e-16 -1.75866574568333677e-15
3.75523054906748838e-02 2.03565618801401016e-16 -1.78946206809056466e-15
3.75818286214142649e-02 2.03512334061440290e-16 -1.82022712917244322e-15
3.76113517521536600e-02 2.03458141502025204e-16 -1.85096092892897325e-15
3.76408748828930412e-02 2.03403042046087839e-16 -1.88166346736015435e-15
3.76703980136324362e-02 2.03347036616560423e-16 -1.91233474446598730e-15
3.76999211443718174e-02 2.03290126136375185e-16 -1.94297476024647094e-15
3.77294442751112125e-02 2.03232311528464280e-16 -1.97358351470160604e-15
3.77589674058505936e-02 2.03173593715759961e-16 -2.00416100783139260e-15
3.77884905365899887e-02 2.03113973663135011e-16 -2.03470297782937543e-15
3.78180136673293699e-02 2.03053452503224751e-16 -2.06520516288910009e-15
3.78475367980687649e-02 2.02992031410605079e-16 -2.09566756301056659e-15
3.78770599288081461e-02 2.02929711559851896e-16 -2.12609017819377533e-15
3.79065830595475411e-02 2.02866494125541298e-16 -2.15647300843872551e-15
3.79361061902869362e-02 2.02802380282249035e-16 -2.18681605374541793e-15
3.79656293210263174e-02 2.02737371204551156e-16 -2.21711931411385179e-15
3.79951524517657124e-02 2.02671468067023511e-16 -2.24738278954402828e-15
3.80246755825050936e-02 2.02604672044242121e-16 -2.27760648003594582e-15
3.80541987132444887e-02 2.02536984310782910e-16 -2.30779038558960559e-15
3.80837218439838698e-02 2.02468406041221755e-16 -2.33793450620500681e-15
3.81132449747232649e-02 2.02398938410134528e-16 -2.36803884188215026e-15
3.81427681054626461e-02 2.02328582592097326e-16 -2.39810339262103556e-15
3.81722912362020411e-02 2.02257339761686001e-16 -2.42812815842166309e-15
3.82018143669414223e-02 2.02185211093476499e-16 -2.45811313928403166e-15
3.82313374976808173e-02 2.02112197762044770e-16 -2.48805833520814248e-15
3.82608606284201985e-02 2.02038300982430323e-16 -2.51795963447198114e-15
3.82903837591595936e-02 2.01963522131527300e-16 -2.54781292535353368e-15
3.83199068898989886e-02 2.01887862626693431e-16 -2.57761820785279969e-15
3.83494300206383698e-02 2.01811323885286517e-16 -2.60737548196977996e-15
3.83789531513777649e-02 2.01733907324664337e-16 -2.63708474770447332e-15
3.84084762821171460e-02 2.01655614362184469e-16 -2.66674600505688094e-15
3.84379994128565411e-02 2.01576446415204816e-16 -2.69635925402700203e-15
3.84675225435959223e-02 2.01496404901083032e-16 -2.72592449461483739e-15
3.84970456743353173e-02 2.01415491237176968e-16 -2.75544172682038583e-15
3.85265688050746985e-02 2.01333706840844253e-16 -2.78491095064364892e-15
3.85560919358140936e-02 2.01251053129442740e-16 -2.81433216608462470e-15
3.85856150665534747e-02 2.01167531520330083e-16 -2.84370537314331514e-15
3.86151381972928698e-02 2.01083143430864084e-16 -2.87303057181971866e-15
3.86446613280322648e-02 2.00997890278402496e-16 -2.90230776211383644e-15
3.86741844587716460e-02 2.00911773480303022e-16 -2.93153694402566731e-15
3.87037075895110411e-02 2.00824794453923440e-16 -2.96071811755521283e-15
3.87332307202504222e-02 2.00736954655312099e-16 -2.98984735114714964e-15
3.87627538509898173e-02 2.00648255695279751e-16 -3.01892071324615516e-15
3.87922769817291985e-02 2.00558699223327845e-16 -3.04793820385223017e-15
3.88218001124685935e-02 2.00468286888957754e-16 -3.07689982296537350e-15
3.88513232432079747e-02 2.00377020341670876e-16 -3.10580557058558711e-15
3.88808463739473698e-02 2.00284901230968487e-16 -3.13465544671286864e-15
3.89103695046867509e-02 2.00191931206352156e-16 -3.16344945134722007e-15
3.89398926354261460e-02 2.00098111917323134e-16 -3.19218758448864020e-15
3.89694157661655272e-02 2.00003445013382919e-16 -3.22086984613712982e-15
3.89989388969049222e-02 1.99907932144032858e-16 -3.24949623629268816e-15
3.90284620276443173e-02 1.99811574958774325e-16 -3.27806675495531599e-15
3.90579851583836984e-02 1.99714375107108646e-16 -3.30658140212501213e-15
3.90875082891230935e-02 1.99616334238537340e-16 -3.33504017780177856e-15
3.91170314198624747e-02 1.99517454002561733e-16 -3.36344308198561291e-15
3.91465545506018697e-02 1.99417736048683197e-16 -3.39179011467651755e-15
3.91760776813412509e-02 1.99317182026403206e-16 -3.42008127587449010e-15
3.92056008120806460e-02 1.99215793621863232e-16 -3.44831284238110772e-15
3.92351239428200271e-02 1.99113572667765489e-16 -3.47648109099794715e-15
3.92646470735594222e-02 1.99010521033452266e-16 -3.50458602172500682e-15
3.92941702042988034e-02 1.98906640588265953e-16 -3.53262763456228752e-15
3.93236933350381984e-02 1.98801933201548837e-16 -3.56060592950978924e-15
3.93532164657775796e-02 1.98696400742643282e-16 -3.58852090656751160e-15
3.93827395965169746e-02 1.98590045080891725e-16 -3.61637256573545459e-15
3.94122627272563697e-02 1.98482868085636308e-16 -3.64416090701361900e-15
3.94417858579957509e-02 1.98374871626219542e-16 -3.67188593040200405e-15
3.94713089887351459e-02 1.98266057571983691e-16 -3.69954763590060972e-15
3.95008321194745271e-02 1.98156427792271094e-16 -3.72714602350943682e-15
3.95303552502139222e-02 1.98045984156424064e-16 -3.75468109322848455e-15
3.95598783809533033e-02 1.97934728533785015e-16 -3.78215284505775371e-15
3.95894015116926984e-02 1.97822662793696186e-16 -3.80956127899724270e-15
3.96189246424320796e-02 1.97709788805500063e-16 -3.83690639504695391e-15
3.96484477731714746e-02 1.97596108438538789e-16 -3.86418819320688496e-15
3.96779709039108558e-02 1.97481623596488540e-16 -3.89140318465160461e-15
3.97074940346502508e-02 1.97366336320359992e-16 -3.91854788055568243e-15
3.97370171653896320e-02 1.97250248685497634e-16 -3.94562228091911761e-15
3.97665402961290271e-02 1.97133362767245807e-16 -3.97262638574190937e-15
3.97960634268684221e-02 1.97015680640949124e-16 -3.99956019502405850e-15
3.98255865576078033e-02 1.96897204381951778e-16 -4.02642370876556500e-15
3.98551096883471984e-02 1.96777936065598430e-16 -4.05321692696642886e-15
3.98846328190865795e-02 1.96657877767233448e-16 -4.07993984962664931e-15
3.99141559498259746e-02 1.96537031562201122e-16 -4.10659247674622791e-15
3.99436790805653558e-02 1.96415399525846164e-16 -4.13317480832516230e-15
3.99732022113047508e-02 1.96292983733512818e-16 -4.15968684436345564e-15
4.00027253420441320e-02 1.96169786260545497e-16 -4.18612858486110477e-15
4.00322484727835270e-02 1.96045809182288766e-16 -4.21250002981811206e-15
4.00617716035229082e-02 1.95921054574086990e-16 -4.23880117923447592e-15
4.00912947342623033e-02 1.95795524511284634e-16 -4.26503203311019716e-15
4.01208178650016983e-02 1.95669221069226064e-16 -4.29119259144527576e-15
4.01503409957410795e-02 1.95542146355050932e-16 -4.31727962337633087e-15
4.01798641264804746e-02 1.95414302603078821e-16 -4.34328989803998400e-15
4.02093872572198557e-02 1.95285692079424701e-16 -4.36922341543623358e-15
4.02389103879592508e-02 1.95156317050203416e-16 -4.39508017556507959e-15
4.02684335186986320e-02 1.95026179781529763e-16 -4.42086017842652205e-15
4.02979566494380270e-02 1.94895282539518537e-16 -4.44656342402056252e-15
4.03274797801774082e-02 1.94763627590284634e-16 -4.47218991234719944e-15
4.03570029109168033e-02 1.94631217199942947e-16 -4.49773964340643279e-15
4.03865260416561844e-02 1.94498053634608173e-16 -4.52321261719826338e-15
4.04160491723955795e-02 1.94364139160395381e-16 -4.54860883372269120e-15
4.04455723031349607e-02 1.94229476043419169e-16 -4.57392829297971624e-15
4.04750954338743557e-02 1.94094066549794505e-16 -4.59917099496933694e-15
4.05046185646137508e-02 1.93957912945636234e-16 -4.62433693969155487e-15
4.05341416953531319e-02 1.93821017497059128e-16 -4.64942612714637003e-15
4.05636648260925270e-02 1.93683382470178105e-16 -4.67443855733378242e-15
4.05931879568319082e-02 1.93545010131107914e-16 -4.69937423025379125e-15
4.06227110875713032e-02 1.93405902775013866e-16 -4.72423019394644216e-15
4.06522342183106844e-02 1.93266062813262608e-16 -4.74900349645178236e-15
4.06817573490500795e-02 1.93125492686271105e-16 -4.77369413776981184e-15
4.07112804797894606e-02 1.92984194834456470e-16 -4.79830211790052904e-15
4.07408036105288557e-02 1.92842171698235743e-16 -4.82282743684393474e-15
4.07703267412682369e-02 1.92699425718025890e-16 -4.84727009460002894e-15
4.07998498720076319e-02 1.92555959334244098e-16 -4.87163009116881243e-15
4.08293730027470131e-02 1.92411774987307234e-16 -4.89590742655028442e-15
4.08588961334864081e-02 1.92266875117632435e-16 -4.92010210074444491e-15
4.08884192642258032e-02 1.92121262165636743e-16 -4.94421411375129312e-15
4.09179423949651844e-02 1.91974938571737196e-16 -4.96824346557083061e-15
4.09474655257045794e-02 1.91827906776350735e-16 -4.99219015620305661e-15
4.09769886564439606e-02 1.91680169219894548e-16 -5.01605418564797189e-15
4.10065117871833557e-02 1.91531728342785600e-16 -5.03983555390557410e-15
4.10360349179227368e-02 1.91382586585440956e-16 -5.06353426097586638e-15
4.10655580486621319e-02 1.91232746388277630e-16 -5.08715030685884717e-15
4.10950811794015131e-02 1.91082210217840155e-16 -5.11068103660594436e-15
4.11246043101409081e-02 1.90930980645182833e-16 -5.13412379526858820e-15
4.11541274408802893e-02 1.90779060267487584e-16 -5.15747858284677793e-15
4.11836505716196843e-02 1.90626451681936155e-16 -5.18074539934051353e-15
4.12131737023590655e-02 1.90473157485710441e-16 -5.20392424474979579e-15
4.12426968330984606e-02 1.90319180275992162e-16 -5.22701511907462472e-15
4.12722199638378556e-02 1.90164522649963313e-16 -5.25001802231499794e-15
4.13017430945772368e-02 1.90009187204805566e-16 -5.27293295447091783e-15
4.13312662253166319e-02 1.89853176537700815e-16 -5.29575991554238438e-15
4.13607893560560130e-02 1.89696493245830881e-16 -5.31849890552939681e-15
4.13903124867954081e-02 1.89539139926377659e-16 -5.34114992443195589e-15
4.14198356175347893e-02 1.89381119176522772e-16 -5.36371297225006007e-15
4.14493587482741843e-02 1.89222433593448312e-16 -5.38618804898371012e-15
4.14788818790135655e-02 1.89063085774335926e-16 -5.40857515463290762e-15
4.15084050097529605e-02 1.88903078316367510e-16 -5.43087428919764942e-15
4.15379281404923417e-02 1.88742413816724858e-16 -5.45308545267793868e-15
4.15674512712317368e-02 1.88581094895645535e-16 -5.47520630226233155e-15
4.15969744019711318e-02 1.88419124265589921e-16 -5.49723449513938656e-15
4.16264975327105130e-02 1.88256504662074066e-16 -5.51917003130910610e-15
4.16560206634499081e-02 1.88093238820614119e-16 -5.54101291077148699e-15
4.16855437941892892e-02 1.87929329476726130e-16 -5.56276313352653081e-15
4.17150669249286843e-02 1.87764779365926098e-16 -5.58442069957423679e-15
4.17445900556680655e-02 1.87599591223730198e-16 -5.60598560891460649e-15
4.17741131864074605e-02 1.87433767785654578e-16 -5.62745786154763754e-15
4.18036363171468417e-02 1.87267311787215164e-16 -5.64883745747333154e-15
4.18331594478862367e-02 1.87100225963928154e-16 -5.67012439669168847e-15
4.18626825786256179e-02 1.86932513051309622e-16 -5.69131867920270755e-15
4.18922057093650130e-02 1.86764175784875619e-16 -5.71242030500638956e-15
4.19217288401043942e-02 1.86595216900142267e-16 -5.73342927410273451e-15
4.19512519708437892e-02 1.86425639132625519e-16 -5.75434558649174082e-15
4.19807751015831843e-02 1.86255445217841696e-16 -5.77516924217341165e-15
4.20102982323225654e-02 1.86084637891306698e-16 -5.79590024114774383e-15
4.20398213630619605e-02 1.85913219908402190e-16 -5.81653656477358851e-15
4.20693444938013417e-02 1.85741194103971965e-16 -5.83707619440979840e-15
4.20988676245407367e-02 1.85568563332725283e-16 -5.85751913005636799e-15
4.21283907552801179e-02 1.85395330449371477e-16 -5.87786537171330121e-15
4.21579138860195130e-02 1.85221498308619831e-16 -5.89811491938059727e-15
4.21874370167588941e-02 1.85047069765179631e-16 -5.91826777305825697e-15
4.22169601474982892e-02 1.84872047673760183e-16 -5.93832393274627715e-15
4.22464832782376704e-02 1.84696434889070798e-16 -5.95828339844466097e-15
4.22760064089770654e-02 1.84520234265820685e-16 -5.97814617015340842e-15
4.23055295397164466e-02 1.84343448658719301e-16 -5.99791224787251793e-15
4.23350526704558416e-02 1.84166080922475881e-16 -6.01758163160199028e-15
4.23645758011952367e-02 1.83988133911799586e-16 -6.03715432134182470e-15
4.23940989319346179e-02 1.83809610481399946e-16 -6.05663031709202274e-15
4.24236220626740129e-02 1.83630513485986097e-16 -6.07600961885258285e-15
4.24531451934133941e-02 1.83450845780267374e-16 -6.09529222662350659e-15
4.24826683241527892e-02 1.83270610218953059e-16 -6.11447814040479160e-15
4.25121914548921703e-02 1.83089809673340605e-16 -6.13356567459508557e-15
4.25417145856315654e-02 1.82908447081079614e-16 -6.15255314359303303e-15
4.25712377163709466e-02 1.82726525396407829e-16 -6.17144054739863162e-15
4.26007608471103416e-02 1.82544047573563094e-16 -6.19022788601188450e-15
4.26302839778497228e-02 1.82361016566783104e-16 -6.20891515943278929e-15
4.26598071085891178e-02 1.82177435330305554e-16 -6.22750236766134916e-15
4.26893302393284990e-02 1.81993306818368362e-16 -6.24598951069756095e-15
4.27188533700678941e-02 1.81808633985209148e-16 -6.26437658854142544e-15
4.27483765008072891e-02 1.81623419785065756e-16 -6.28266360119294263e-15
4.27778996315466703e-02 1.81437667172175856e-16 -6.30085054865211254e-15
4.28074227622860654e-02 1.81251379100777291e-16 -6.31893743091893673e-15
4.28369458930254465e-02 1.81064558525107707e-16 -6.33692424799341441e-15
4.28664690237648416e-02 1.80877208399404948e-16 -6.35481099987554322e-15
4.28959921545042228e-02 1.80689331677906757e-16 -6.37259768656532632e-15
4.29255152852436178e-02 1.80500931314850854e-16 -6.39028430806276291e-15
4.29550384159829990e-02 1.80312010264475058e-16 -6.40787086436785063e-15
4.29845615467223940e-02 1.80122571494271851e-16 -6.42535600859328970e-15
4.30140846774617752e-02 1.79932618024752906e-16 -6.44273839385177325e-15
4.30436078082011703e-02 1.79742152889684611e-16 -6.46001802014330128e-15
4.30731309389405653e-02 1.79551179122833353e-16 -6.47719488746787379e-15
4.31026540696799465e-02 1.79359699757965690e-16 -6.49426899582549314e-15
4.31321772004193416e-02 1.79167717828847813e-16 -6.51124034521615697e-15
4.31617003311587227e-02 1.78975236369246331e-16 -6.52810893563986528e-15
4.31912234618981178e-02 1.78782258412927555e-16 -6.54487476709661885e-15
4.32207465926374990e-02 1.78588786993657948e-16 -6.56153783958641849e-15
4.32502697233768940e-02 1.78394825145203921e-16 -6.57809815310926260e-15
4.32797928541162752e-02 1.78200375901331909e-16 -6.59455570766515197e-15
4.33093159848556702e-02 1.78005442295808225e-16 -6.61091050325408662e-15
4.33388391155950514e-02 1.77810027362399430e-16 -6.62716253987606653e-15
4.33683622463344465e-02 1.77614134134871811e-16 -6.64331181753109092e-15
4.33978853770738277e-02 1.77417765646991879e-16 -6.65935833621916215e-15
4.34274085078132227e-02 1.77220924932526019e-16 -6.67530209594027707e-15
4.34569316385526178e-02 1.77023615035137645e-16 -6.69114209100787129e-15
4.34864547692919989e-02 1.76825839038078213e-16 -6.70687731573537645e-15
4.35159779000313940e-02 1.76627600034496109e-16 -6.72250777012279415e-15
4.35455010307707752e-02 1.76428901117539890e-16 -6.73803345417012358e-15
4.35750241615101702e-02 1.76229745380357966e-16 -6.75345436787736554e-15
4.36045472922495514e-02 1.76030135916098695e-16 -6.76877051124451845e-15
4.36340704229889464e-02 1.75830075817910660e-16 -6.78398188427158467e-15
4.36635935537283276e-02 1.75629568178942220e-16 -6.79908848695856185e-15
4.36931166844677227e-02 1.75428616092341835e-16 -6.81409031930545155e-15
4.37226398152071039e-02 1.75227222651257962e-16 -6.82898738131225221e-15
4.37521629459464989e-02 1.75025390948839085e-16 -6.84377967297896539e-15
4.37816860766858801e-02 1.74823124078233588e-16 -6.85846719430558952e-15
4.38112092074252751e-02 1.74620425132589954e-16 -6.87304994529212697e-15
4.38407323381646702e-02 1.74417297205056667e-16 -6.88752792593857536e-15
4.38702554689040514e-02 1.74213743388782111e-16 -6.90190113624493708e-15
4.38997785996434464e-02 1.74009766776914745e-16 -6.91616957621120895e-15
4.39293017303828276e-02 1.73805370469148723e-16 -6.93033258069648793e-15
4.39588248611222226e-02 1.73600557591360889e-16 -6.94438948455986937e-15
4.39883479918616038e-02 1.73395331275973758e-16 -6.95834028780134854e-15
4.40178711226009989e-02 1.73189694655409918e-16 -6.97218499042092860e-15
4.40473942533403801e-02 1.72983650862091885e-16 -6.98592359241861033e-15
4.40769173840797751e-02 1.72777203028442049e-16 -6.99955609379439295e-15
4.41064405148191563e-02 1.72570354286883125e-16 -7.01308249454827330e-15
4.41359636455585513e-02 1.72363107769837576e-16 -7.02650279468025612e-15
4.41654867762979464e-02 1.72155466609727942e-16 -7.03981699419033903e-15
4.41950099070373276e-02 1.71947433938976715e-16 -7.05302509307852519e-15
4.42245330377767226e-02 1.71739012890006483e-16 -7.06612709134480830e-15
4.42540561685161038e-02 1.71530206595239710e-16 -7.07912298898919308e-15
4.42835792992554989e-02 1.71321018187099012e-16 -7.09201278601167874e-15
4.43131024299948800e-02 1.71111450798006903e-16 -7.10479648241226609e-15
4.43426255607342751e-02 1.70901507560385873e-16 -7.11747407819095195e-15
4.43721486914736563e-02 1.70691191606658487e-16 -7.13004557334773948e-15
4.44016718222130513e-02 1.70480506072478162e-16 -7.14251063957327127e-15
4.44311949529524325e-02 1.70269454106421930e-16 -7.15486894855819304e-15
4.44607180836918275e-02 1.70058038860297821e-16 -7.16712050030250163e-15
4.44902412144312087e-02 1.69846263485913820e-16 -7.17926529480619863e-15
4.45197643451706038e-02 1.69634131135077908e-16 -7.19130333206928403e-15
4.45492874759099988e-02 1.69421644959597897e-16 -7.20323461209175941e-15
4.45788106066493800e-02 1.69208808111281941e-16 -7.21505913487362162e-15
4.46083337373887751e-02 1.68995623741937974e-16 -7.22677690041487223e-15
4.46378568681281562e-02 1.68782095003373929e-16 -7.23838790871551282e-15
4.46673799988675513e-02 1.68568225047397790e-16 -7.24989215977554182e-15
4.46969031296069325e-02 1.68354017025817564e-16 -7.26128965359495764e-15
4.47264262603463275e-02 1.68139474090441136e-16 -7.27258039017376186e-15
4.47559493910857087e-02 1.67924599393076585e-16 -7.28376436951195607e-15
4.47854725218251037e-02 1.67709396085531798e-16 -7.29484159160953868e-15
4.48149956525644849e-02 1.67493867319614805e-16 -7.30581205646650811e-15
4.48445187833038800e-02 1.67278016247133517e-16 -7.31667576408286753e-15
4.48740419140432611e-02 1.67061846019877673e-16 -7.32743271632500660e-15
4.49035650447826562e-02 1.66845359789563205e-16 -7.33808291505931818e-15
4.49330881755220513e-02 1.66628560707887978e-16 -7.34862636028580068e-15
4.49626113062614324e-02 1.66411451926549852e-16 -7.35906305200445726e-15
4.49921344370008275e-02 1.66194036597246471e-16 -7.36939299021528633e-15
4.50216575677402087e-02 1.65976317871675646e-16 -7.37961617491828791e-15
4.50511806984796037e-02 1.65758298901535142e-16 -7.38973260611346040e-15
4.50807038292189849e-02 1.65539982838522724e-16 -7.39974228380080540e-15
4.51102269599583799e-02 1.65321372834336179e-16 -7.40964520798032447e-15
4.51397500906977611e-02 1.65102472040673298e-16 -7.41944137865201289e-15
4.51692732214371562e-02 1.64883283609231769e-16 -7.42913079581587539e-15
4.51987963521765373e-02 1.64663810691709432e-16 -7.43871345947191038e-15
4.52283194829159324e-02 1.64444056439804026e-16 -7.44818936962011788e-15
4.52578426136553136e-02 1.64224024005213315e-16 -7.45755852626049629e-15
4.52873657443947086e-02 1.64003716539635087e-16 -7.46682092939304721e-15
4.53168888751341037e-02 1.63783137194767083e-16 -7.47597657901777220e-15
4.53464120058734849e-02 1.63562289119132444e-16 -7.48502579772904225e-15
4.53759351366128799e-02 1.63341175448555548e-16 -7.49396890812123779e-15
4.54054582673522611e-02 1.63119799315686251e-16 -7.50280591019435410e-15
4.54349813980916561e-02 1.62898163853174309e-16 -7.51153680394839749e-15
4.54645045288310373e-02 1.62676272193669502e-16 -7.52016158938336322e-15
4.54940276595704324e-02 1.62454127469821513e-16 -7.52868026649925130e-15
4.55235507903098136e-02 1.62231732814280221e-16 -7.53709283529606172e-15
4.55530739210492086e-02 1.62009091359695408e-16 -7.54539929577379606e-15
4.55825970517885898e-02 1.61786206238716779e-16 -7.55359964793245274e-15
4.56121201825279848e-02 1.61563080583994141e-16 -7.56169389177203650e-15
4.56416433132673799e-02 1.61339717528177349e-16 -7.56968202729253787e-15
4.56711664440067611e-02 1.61116120203916059e-16 -7.57756405449396789e-15
4.57006895747461561e-02 1.60892291743860077e-16 -7.58533997337632026e-15
4.57302127054855373e-02 1.60668235280659235e-16 -7.59300978393959497e-15
4.57597358362249323e-02 1.60443953946963262e-16 -7.60057348618379202e-15
4.57892589669643135e-02 1.60219450875421965e-16 -7.60803108010891299e-15
4.58187820977037086e-02 1.59994729192472796e-16 -7.61538319697665559e-15
4.58483052284430898e-02 1.59769791999704235e-16 -7.62263046804872227e-15
4.58778283591824848e-02 1.59544642392492337e-16 -7.62977289332510827e-15
4.59073514899218660e-02 1.59319283466213328e-16 -7.63681047280581993e-15
4.59368746206612610e-02 1.59093718316243262e-16 -7.64374320649085092e-15
4.59663977514006422e-02 1.58867950037958266e-16 -7.65057109438020756e-15
4.59959208821400373e-02 1.58641981726734543e-16 -7.65729413647388195e-15
4.60254440128794323e-02 1.58415816477948170e-16 -7.66391233277188200e-15
4.60549671436188135e-02 1.58189457386975275e-16 -7.67042568327420137e-15
4.60844902743582086e-02 1.57962907549192061e-16 -7.67683418798084482e-15
4.61140134050975897e-02 1.57736170059974654e-16 -7.68313784689180761e-15
4.61435365358369848e-02 1.57509248014699059e-16 -7.68933666000709604e-15
4.61730596665763660e-02 1.57282144508741528e-16 -7.69543062732670380e-15
4.62025827973157610e-02 1.57054862637478187e-16 -7.70141974885063564e-15
4.62321059280551422e-02 1.56827405496285141e-16 -7.70730402457888681e-15
4.62616290587945372e-02 1.56599776180538516e-16 -7.71308345451146363e-15
4.62911521895339184e-02 1.56371977776506968e-16 -7.71875896410903151e-15
4.63206753202733135e-02 1.56144013334029110e-16 -7.72433147883226691e-15
4.63501984510126946e-02 1.55915885893836109e-16 -7.72980099868116668e-15
4.63797215817520897e-02 1.55687598496659105e-16 -7.73516752365573396e-15
4.64092447124914848e-02 1.55459154183229290e-16 -7.74043105375596561e-15
4.64387678432308659e-02 1.55230555994277631e-16 -7.74559158898186004e-15
4.64682909739702610e-02 1.55001806970535468e-16 -7.75064912933342041e-15
4.64978141047096422e-02 1.54772910152733817e-16 -7.75560367481064989e-15
4.65273372354490372e-02 1.54543868581603846e-16 -7.76045522541354057e-15
4.65568603661884184e-02 1.54314685297876744e-16 -7.76520378114210035e-15
4.65863834969278134e-02 1.54085363342283628e-16 -7.76984934199632449e-15
4.66159066276671946e-02 1.53855905755555565e-16 -7.77439190797621457e-15
4.66454297584065897e-02 1.53626315578423795e-16 -7.77883147908176902e-15
4.66749528891459708e-02 1.53396595851619410e-16 -7.78316805531298941e-15
4.67044760198853659e-02 1.53166749615873575e-16 -7.78740163666987416e-15
4.67339991506247471e-02 1.52936779911917383e-16 -7.79153222315242644e-15
4.67635222813641421e-02 1.52706689768643169e-16 -7.79556101777201681e-15
4.67930454121035372e-02 1.52476482167587531e-16 -7.79948922354002534e-15
4.68225685428429184e-02 1.52246160078448381e-16 -7.80331684045644728e-15
4.68520916735823134e-02 1.52015726470923463e-16 -7.80704386852128579e-15
4.68816148043216946e-02 1.51785184314710641e-16 -7.81067030773453773e-15
4.69111379350610896e-02 1.51554536579507707e-16 -7.81419615809620623e-15
4.69406610658004708e-02 1.51323786235012526e-16 -7.81762141960628973e-15
4.69701841965398659e-02 1.51092936250922839e-16 -7.82094609226478823e-15
4.69997073272792470e-02 1.50861989596936487e-16 -7.82417017607170172e-15
4.70292304580186421e-02 1.50630949242751311e-16 -7.82729367102703178e-15
4.70587535887580233e-02 1.50399818158065151e-16 -7.83031657713077526e-15
4.70882767194974183e-02 1.50168599312575699e-16 -7.83323889438293373e-15
4.71177998502368134e-02 1.49937295675980945e-16 -7.83606062278350878e-15
4.71473229809761946e-02 1.49705910217978556e-16 -7.83878176233249882e-15
4.71768461117155896e-02 1.49474445908266446e-16 -7.84140231302990228e-15
4.72063692424549708e-02 1.49242905716542382e-16 -7.84392227487572547e-15
4.72358923731943658e-02 1.49011292598116787e-16 -7.84634310985042867e-15
4.72654155039337470e-02 1.48779609450750413e-16 -7.84866627993448951e-15
4.72949386346731421e-02 1.48547859157816543e-16 -7.85089178512790486e-15
4.73244617654125233e-02 1.48316044602688612e-16 -7.85301962543067311e-15
4.73539848961519183e-02 1.48084168668739903e-16 -7.85504980084279429e-15
4.73835080268912995e-02 1.47852234239343651e-16 -7.85698231136427153e-15
4.74130311576306945e-02 1.47620244197873339e-16 -7.85881715699510170e-15
4.74425542883700757e-02 1.47388201427702301e-16 -7.86055433773528793e-15
4.74720774191094708e-02 1.47156108812203748e-16 -7.86219385358482708e-15
4.75016005498488658e-02 1.46923969234751111e-16 -7.86373570454372073e-15
4.75311236805882470e-02 1.46691785578717725e-16 -7.86517989061196729e-15
4.75606468113276420e-02 1.46459560727476875e-16 -7.86652641178957150e-15
4.75901699420670232e-02 1.46227297564401919e-16 -7.86777526807652863e-15
4.76196930728064183e-02 1.45994998972866216e-16 -7.86892645947283709e-15
4.76492162035457995e-02 1.45762667836243051e-16 -7.86997998597850479e-15
4.76787393342851945e-02 1.45530307037905806e-16 -7.87093584759352382e-15
4.77082624650245757e-02 1.45297919444491195e-16 -7.87179574501389797e-15
4.77377855957639707e-02 1.45065507855689399e-16 -7.87256137893562945e-15
4.77673087265033519e-02 1.44833075054454050e-16 -7.87323274935872298e-15
4.77968318572427470e-02 1.44600623823738708e-16 -7.87380985628316911e-15
4.78263549879821281e-02 1.44368156946496982e-16 -7.87429269970897256e-15
4.78558781187215232e-02 1.44135677205682431e-16 -7.87468127963613491e-15
4.78854012494609182e-02 1.43903187384248738e-16 -7.87497559606465301e-15
4.79149243802002994e-02 1.43670690265149413e-16 -7.87517564899452844e-15
4.79444475109396945e-02 1.43438188631338089e-16 -7.87528143842576277e-15
4.79739706416790757e-02 1.43205685265768375e-16 -7.87529296435835442e-15
4.80034937724184707e-02 1.42973182951393830e-16 -7.87521022679230182e-15
4.80330169031578519e-02 1.42740684471168039e-16 -7.87503322572760655e-15
4.80625400338972469e-02 1.42508192608044635e-16 -7.87476196116427018e-15
4.80920631646366281e-02 1.42275710144977227e-16 -7.87439643310228955e-15
4.81215862953760232e-02 1.42043239864919349e-16 -7.87393664154166783e-15
4.81511094261154043e-02 1.41810784550824610e-16 -7.87338258648240186e-15
4.81806325568547994e-02 1.41578346966773910e-16 -7.87273618568275843e-15
4.82101556875941806e-02 1.41345929801357096e-16 -7.87199935690099803e-15
4.82396788183335756e-02 1.41113535724291278e-16 -7.87117210013712698e-15
4.82692019490729707e-02 1.40881167405293620e-16 -7.87025441539113739e-15
4.82987250798123519e-02 1.40648827514081307e-16 -7.86924630266303714e-15
4.83282482105517469e-02 1.40416518720371403e-16 -7.86814776195281992e-15
4.83577713412911281e-02 1.40184243693881093e-16 -7.86695879326048889e-15
4.83872944720305231e-02 1.39952005104327466e-16 -7.86567939658604721e-15
4.84168176027699043e-02 1.39719805621427733e-16 -7.86430957192948541e-15
4.84463407335092994e-02 1.39487647914898981e-16 -7.86284931929081452e-15
4.84758638642486805e-02 1.39255534654458397e-16 -7.86129863867002510e-15
4.85053869949880756e-02 1.39023468509823044e-16 -7.85965753006712186e-15
4.85349101257274568e-02 1.38791452150710084e-16 -7.85792599348210639e-15
4.85644332564668518e-02 1.38559488246836728e-16 -7.85610402891497553e-15
4.85939563872062469e-02 1.38327579467920038e-16 -7.85419163636573086e-15
4.86234795179456281e-02 1.38095728483677152e-16 -7.85218881583436922e-15
4.86530026486850231e-02 1.37863937943040522e-16 -7.85009767936740369e-15
4.86825257794244043e-02 1.37632210411803538e-16 -7.84792033901133785e-15
4.87120489101637993e-02 1.37400548434974855e-16 -7.84565679476617330e-15
4.87415720409031805e-02 1.37168954557563229e-16 -7.84330704663191161e-15
4.87710951716425756e-02 1.36937431324577363e-16 -7.84087109460854804e-15
4.88006183023819567e-02 1.36705981281025841e-16 -7.83834893869608890e-15
4.88301414331213518e-02 1.36474606971917415e-16 -7.83574057889452789e-15
4.88596645638607330e-02 1.36243310942260792e-16 -7.83304601520387132e-15
4.88891876946001280e-02 1.36012095737064626e-16 -7.83026524762411287e-15
4.89187108253395092e-02 1.35780963901337624e-16 -7.82739827615525727e-15
4.89482339560789043e-02 1.35549917980088489e-16 -7.82444510079730296e-15
4.89777570868182993e-02 1.35318960518325828e-16 -7.82140572155024993e-15
4.90072802175576805e-02 1.35088094061058421e-16 -7.81828013841409502e-15
4.90368033482970755e-02 1.34857321153294947e-16 -7.81506835138884297e-15
4.90663264790364567e-02 1.34626644340044038e-16 -7.81177036047449378e-15
4.90958496097758518e-02 1.34396066166314448e-16 -7.80838616567104429e-15
4.91253727405152329e-02 1.34165589154650441e-16 -7.80491804970023461e-15
4.91548958712546280e-02 1.33935215737738909e-16 -7.80136829528379853e-15
4.91844190019940092e-02 1.33704948325802354e-16 -7.79773690242173764e-15
4.92139421327334042e-02 1.33474789329063301e-16 -7.79402387111405666e-15
4.92434652634727854e-02 1.33244741157744251e-16 -7.79022920136074613e-15
4.92729883942121805e-02 1.33014806222067632e-16 -7.78635289316181710e-15
4.93025115249515616e-02 1.32784986932256066e-16 -7.78239494651725851e-15
4.93320346556909567e-02 1.32555285698531958e-16 -7.77835536142707984e-15
4.93615577864303517e-02 1.32325704931117880e-16 -7.77423413789127319e-15
4.93910809171697329e-02 1.32096247040236311e-16 -7.77003127590984488e-15
4.94206040479091280e-02 1.31866914436109750e-16 -7.76574677548279018e-15
4.94501271786485092e-02 1.31637709528960675e-16 -7.76138063661011539e-15
4.94796503093879042e-02 1.31408634729011635e-16 -7.75693285929181263e-15
4.95091734401272854e-02 1.31179692446485130e-16 -7.75240344352788821e-15
4.95386965708666804e-02 1.30950885091603639e-16 -7.74779238931833581e-15
4.95682197016060616e-02 1.30722215074589636e-16 -7.74309969666316175e-15
4.95977428323454567e-02 1.30493684781759613e-16 -7.73832779478789824e-15
4.96272659630848378e-02 1.30265296503805375e-16 -7.73347911291808223e-15
4.96567890938242329e-02 1.30037052507512842e-16 -7.72855365105370898e-15
4.96863122245636141e-02 1.29808955059667786e-16 -7.72355140919478481e-15
4.97158353553030091e-02 1.29581006427056027e-16 -7.71847238734130656e-15
4.97453584860424042e-02 1.29353208876463387e-16 -7.71331658549327107e-15
4.97748816167817854e-02 1.29125564674675661e-16 -7.70808400365068466e-15
4.98044047475211804e-02 1.28898076088478694e-16 -7.70277464181354259e-15
4.98339278782605616e-02 1.28670745384658307e-16 -7.69738849998184802e-15
4.98634510089999566e-02 1.28443574830000322e-16 -7.69192557815559779e-15
4.98929741397393378e-02 1.28216566691290534e-16 -7.68638587633479348e-15
4.99224972704787329e-02 1.27989723235314763e-16 -7.68076939451943666e-15
4.99520204012181140e-02 1.27763046728858782e-16 -7.67507613270952577e-15
4.99815435319575091e-02 1.27536539438708534e-16 -7.66930609090506080e-15
5.00110666626968903e-02 1.27310203631649718e-16 -7.66345926910604016e-15
5.00405897934362853e-02 1.27084041574468226e-16 -7.65753566731246703e-15
5.00701129241756804e-02 1.26858055508842583e-16 -7.65153783679958507e-15
5.00996360549150616e-02 1.26632247576022613e-16 -7.64546832884263956e-15
5.01291591856544566e-02 1.26406619892150866e-16 -7.63932714344162732e-15
5.01586823163938378e-02 1.26181174573369869e-16 -7.63311428059655310e-15
5.01882054471332328e-02 1.25955913735822247e-16 -7.62682974030741374e-15
5.02177285778726140e-02 1.25730839495650429e-16 -7.62047352257421082e-15
5.02472517086120091e-02 1.25505953968997087e-16 -7.61404562739694276e-15
5.02767748393513902e-02 1.25281259272004675e-16 -7.60754605477561113e-15
5.03062979700907853e-02 1.25056757520815793e-16 -7.60097480471021595e-15
5.03358211008301665e-02 1.24832450831572992e-16 -7.59433187720075562e-15
5.03653442315695615e-02 1.24608341320418847e-16 -7.58761727224723015e-15
5.03948673623089427e-02 1.24384431103495861e-16 -7.58083098984964270e-15
5.04243904930483378e-02 1.24160722296946609e-16 -7.57397303000799011e-15
5.04539136237877328e-02 1.23937217016913643e-16 -7.56704339272227238e-15
5.04834367545271140e-02 1.23713917379539537e-16 -7.56004207799249109e-15
5.05129598852665090e-02 1.23490825500966818e-16 -7.55296908581864623e-15
5.05424830160058902e-02 1.23267943471270524e-16 -7.54582706505629580e-15
5.05720061467452853e-02 1.23045273276255683e-16 -7.53861866456099778e-15
5.06015292774846664e-02 1.22822816875659885e-16 -7.53134388433275217e-15
5.06310524082240615e-02 1.22600576229220620e-16 -7.52400272437156371e-15
5.06605755389634427e-02 1.22378553296675478e-16 -7.51659518467742766e-15
5.06900986697028377e-02 1.22156750037761899e-16 -7.50912126525034402e-15
5.07196218004422189e-02 1.21935168412217474e-16 -7.50158096609031437e-15
5.07491449311816140e-02 1.21713810379779766e-16 -7.49397428719733713e-15
5.07786680619209951e-02 1.21492677900186242e-16 -7.48630122857141388e-15
5.08081911926603902e-02 1.21271772933174466e-16 -7.47856179021254462e-15
5.08377143233997852e-02 1.21051097438482028e-16 -7.47075597212072777e-15
5.08672374541391664e-02 1.20830653375846343e-16 -7.46288377429596492e-15
5.08967605848785615e-02 1.20610442705005051e-16 -7.45494519673825762e-15
5.09262837156179426e-02 1.20390467385695617e-16 -7.44694023944760274e-15
5.09558068463573377e-02 1.20170729377655656e-16 -7.43886890242400027e-15
5.09853299770967189e-02 1.19951230640622608e-16 -7.43073118566745022e-15
5.10148531078361139e-02 1.19731973107544692e-16 -7.42252981138495455e-15
5.10443762385754951e-02 1.19512958604212665e-16 -7.41426750178351209e-15
5.10738993693148902e-02 1.19294188929627939e-16 -7.40594425686311968e-15
5.11034225000542713e-02 1.19075665882791802e-16 -7.39756007662378205e-15
5.11329456307936664e-02 1.18857391262705763e-16 -7.38911496106549448e-15
5.11624687615330476e-02 1.18639366868371110e-16 -7.38060891018826169e-15
5.11919918922724426e-02 1.18421594498789304e-16 -7.37204192399208053e-15
5.12215150230118377e-02 1.18204075952961707e-16 -7.36341400247694943e-15
5.12510381537512189e-02 1.17986813029889705e-16 -7.35472514564287469e-15
5.12805612844906139e-02 1.17769807528574686e-16 -7.34597535348985000e-15
5.13100844152299951e-02 1.17553061248018010e-16 -7.33716462601787694e-15
5.13396075459693901e-02 1.17336575987221114e-16 -7.32829296322695708e-15
5.13691306767087713e-02 1.17120353545185359e-16 -7.31936036511708886e-15
5.13986538074481664e-02 1.16904395720912158e-16 -7.31036683168827385e-15
5.14281769381875475e-02 1.16688704313402847e-16 -7.30131236294051204e-15
5.14577000689269426e-02 1.16473281121658862e-16 -7.29219695887380186e-15
5.14872231996663238e-02 1.16258127917404061e-16 -7.28302339129951576e-15
5.15167463304057188e-02 1.16043246363252239e-16 -7.27379443202902775e-15
5.15462694611451139e-02 1.15828638094539713e-16 -7.26451008106233627e-15
5.15757925918844951e-02 1.15614304746602700e-16 -7.25517033839944289e-15
5.16053157226238901e-02 1.15400247954777589e-16 -7.24577520404034602e-15
5.16348388533632713e-02 1.15186469354400597e-16 -7.23632467798504568e-15
5.16643619841026663e-02 1.14972970580808042e-16 -7.22681876023354344e-15
5.16938851148420475e-02 1.14759753269336214e-16 -7.21725745078583929e-15
5.17234082455814426e-02 1.14546819055321354e-16 -7.20764074964193009e-15
5.17529313763208237e-02 1.14334169574099854e-16 -7.19796865680182057e-15
5.17824545070602188e-02 1.14121806461007955e-16 -7.18824117226550598e-15
5.18119776377996000e-02 1.13909731351381850e-16 -7.17845829603299108e-15
5.18415007685389950e-02 1.13697945880557953e-16 -7.16862002810427111e-15
5.18710238992783762e-02 1.13486451683872506e-16 -7.15872636847934925e-15
5.19005470300177713e-02 1.13275250396661801e-16 -7.14877731715822706e-15
5.19300701607571663e-02 1.13064343654262104e-16 -7.13877287414089824e-15
5.19595932914965475e-02 1.12853733064470844e-16 -7.12871583780211949e-15
5.19891164222359425e-02 1.12643420124929577e-16 -7.11860900651663647e-15
5.20186395529753237e-02 1.12433406305741121e-16 -7.10845238028445549e-15
5.20481626837147188e-02 1.12223693077008121e-16 -7.09824595910556945e-15
5.20776858144540999e-02 1.12014281908833345e-16 -7.08798974297998308e-15
5.21072089451934950e-02 1.11805174271319462e-16 -7.07768373190769403e-15
5.21367320759328762e-02 1.11596371634569264e-16 -7.06732792588870465e-15
5.21662552066722712e-02 1.11387875468685421e-16 -7.05692232492301336e-15
5.21957783374116524e-02 1.11179687243770677e-16 -7.04646692901062096e-15
5.22253014681510475e-02 1.10971808429927750e-16 -7.03596173815152508e-15
5.22548245988904286e-02 1.10764240497259359e-16 -7.02540675234572888e-15
5.22843477296298237e-02 1.10556984915868198e-16 -7.01480197159323156e-15
5.23138708603692187e-02 1.10350043155857047e-16 -7.00414739589403155e-15
5.23433939911085999e-02 1.10143416687328588e-16 -6.99344302524812964e-15
5.23729171218479950e-02 1.09937106980385576e-16 -6.98268885965552661e-15
5.24024402525873761e-02 1.09731115505130657e-16 -6.97188489911622247e-15
5.24319633833267712e-02 1.09525443704084101e-16 -6.96103394643845030e-15
5.24614865140661524e-02 1.09320092909435761e-16 -6.95013880443044951e-15
5.24910096448055474e-02 1.09115064425793016e-16 -6.93919947309221773e-15
5.25205327755449286e-02 1.08910359557763258e-16 -6.92821595242375259e-15
5.25500559062843237e-02 1.08705979609953905e-16 -6.91718824242506040e-15
5.25795790370237048e-02 1.08501925886972250e-16 -6.90611634309613406e-15
5.26091021677630999e-02 1.08298199693425697e-16 -6.89500025443697831e-15
5.26386252985024811e-02 1.08094802333921627e-16 -6.88383997644759236e-15
5.26681484292418761e-02 1.07891735113067455e-16 -6.87263550912797541e-15
5.26976715599812712e-02 1.07688999335470464e-16 -6.86138685247812748e-15
5.27271946907206523e-02 1.07486596305738120e-16 -6.85009400649804934e-15
5.27567178214600474e-02 1.07284527328477691e-16 -6.83875697118773942e-15
5.27862409521994286e-02 1.07082793708296655e-16 -6.82737574654720009e-15
5.28157640829388236e-02 1.06881396749802344e-16 -6.81595033257642897e-15
5.28452872136782048e-02 1.06680337757602125e-16 -6.80448072927542687e-15
5.28748103444175999e-02 1.06479618036303365e-16 -6.79296693664419535e-15
5.29043334751569810e-02 1.06279238863094279e-16 -6.78141174088961064e-15
5.29338566058963761e-02 1.06079201405486319e-16 -6.76981792821855447e-15
5.29633797366357573e-02 1.05879506803571723e-16 -6.75818549863102606e-15
5.29929028673751523e-02 1.05680156197442803e-16 -6.74651445212702384e-15
5.30224259981145474e-02 1.05481150727191857e-16 -6.73480478870655016e-15
5.30519491288539286e-02 1.05282491532911087e-16 -6.72305650836960266e-15
5.30814722595933236e-02 1.05084179754692791e-16 -6.71126961111618371e-15
5.31109953903327048e-02 1.04886216532629294e-16 -6.69944409694629094e-15
5.31405185210720998e-02 1.04688603006812833e-16 -6.68757996585992593e-15
5.31700416518114810e-02 1.04491340317335671e-16 -6.67567721785708947e-15
5.31995647825508761e-02 1.04294429604290095e-16 -6.66373585293777840e-15
5.32290879132902572e-02 1.04097872007768341e-16 -6.65175587110199667e-15
5.32586110440296523e-02 1.03901668667862772e-16 -6.63973727234974033e-15
5.32881341747690335e-02 1.03705820724665563e-16 -6.62768005668101332e-15
5.33176573055084285e-02 1.03510329318269050e-16 -6.61558422409581250e-15
5.33471804362478097e-02 1.03315195588765484e-16 -6.60344977459414101e-15
5.33767035669872048e-02 1.03120420649185993e-16 -6.59127945800331829e-15
5.34062266977265998e-02 1.02926005504316935e-16 -6.57907602415067008e-15
5.34357498284659810e-02 1.02731951131883648e-16 -6.56683947303619716e-15
5.34652729592053760e-02 1.02538258509611320e-16 -6.55456980465989797e-15
5.34947960899447572e-02 1.02344928615225237e-16 -6.54226701902177328e-15
5.35243192206841523e-02 1.02151962426450588e-16 -6.52993111612182231e-15
5.35538423514235334e-02 1.01959360921012709e-16 -6.51756209596004743e-15
5.35833654821629285e-02 1.01767125076636777e-16 -6.50515995853644548e-15
5.36128886129023097e-02 1.01575255871048102e-16 -6.49272470385101804e-15
5.36424117436417047e-02 1.01383754281971874e-16 -6.48025633190376431e-15
5.36719348743810859e-02 1.01192621287133428e-16 -6.46775484269468668e-15
5.37014580051204810e-02 1.01001857864257941e-16 -6.45522023622378276e-15
5.37309811358598621e-02 1.00811464991070674e-16 -6.44265251249105335e-15
5.37605042665992572e-02 1.00621443645296891e-16 -6.43005167149649687e-15
5.37900273973386522e-02 1.00431794804661865e-16 -6.41741771324011805e-15
5.38195505280780334e-02 1.00242519446890798e-16 -6.40475063772190980e-15
5.38490736588174285e-02 1.00053618523186745e-16 -6.39205314000618352e-15
5.38785967895568096e-02 9.98650928786636916e-17 -6.37932791515724270e-15
5.39081199202962047e-02 9.96769433319134160e-17 -6.36657496317508816e-15
5.39376430510355859e-02 9.94891707015277336e-17 -6.35379428405971908e-15
5.39671661817749809e-02 9.93017758060984106e-17 -6.34098587781113707e-15
5.39966893125143621e-02 9.91147594642171887e-17 -6.32814974442934131e-15
5.40262124432537572e-02 9.89281224944758832e-17 -6.31528588391432946e-15
5.40557355739931383e-02 9.87418657154662851e-17 -6.30239429626610702e-15
5.40852587047325334e-02 9.85559899457801235e-17 -6.28947498148466848e-15
5.41147818354719146e-02 9.83704960040092509e-17 -6.27652793957001699e-15
5.41443049662113096e-02 9.81853847087453842e-17 -6.26355317052215020e-15
5.41738280969507047e-02 9.80006568785802773e-17 -6.25055067434107045e-15
5.42033512276900858e-02 9.78163133321057948e-17 -6.23752045102677618e-15
5.42328743584294809e-02 9.76323548879136785e-17 -6.22446250057926975e-15
5.42623974891688621e-02 9.74487823645956698e-17 -6.21137682299854722e-15
5.42919206199082571e-02 9.72655965807435965e-17 -6.19826341828461253e-15
5.43214437506476383e-02 9.70827983291319892e-17 -6.18512490986416734e-15
5.43509668813870334e-02 9.69003882992662873e-17 -6.17196392116391880e-15
5.43804900121264145e-02 9.67183671548347564e-17 -6.15878045218386535e-15
5.44100131428658096e-02 9.65367355595256497e-17 -6.14557450292400620e-15
5.44395362736051908e-02 9.63554941770272203e-17 -6.13234607338434449e-15
5.44690594043445858e-02 9.61746436710276721e-17 -6.11909516356487708e-15
5.44985825350839809e-02 9.59941847052152583e-17 -6.10582177346560397e-15
5.45281056658233620e-02 9.58141179432781951e-17 -6.09252590308652831e-15
5.45576287965627571e-02 9.56344440489047849e-17 -6.07920755242764694e-15
5.45871519273021383e-02 9.54551636857832194e-17 -6.06586672148896223e-15
5.46166750580415333e-02 9.52762775176017762e-17 -6.05250341027047261e-15
5.46461981887809145e-02 9.50977862080486224e-17 -6.03911761877217886e-15
5.46757213195203096e-02 9.49196904208120604e-17 -6.02570934699408020e-15
5.47052444502596907e-02 9.47419908195803187e-17 -6.01227859493617741e-15
5.47347675809990858e-02 9.45646880680416135e-17 -5.99882536259846970e-15
5.47642907117384670e-02 9.43877828298842104e-17 -5.98534964998095787e-15
5.47938138424778620e-02 9.42112757438343998e-17 -5.97185399359692753e-15
5.48233369732172432e-02 9.40351673487707452e-17 -5.95834092995966508e-15
5.48528601039566382e-02 9.38594581586098475e-17 -5.94481045906917211e-15
5.48823832346960333e-02 9.36841486872683074e-17 -5.93126258092544625e-15
5.49119063654354145e-02 9.35092394486627874e-17 -5.91769729552848828e-15
5.49414294961748095e-02 9.33347309567098267e-17 -5.90411460287829821e-15
5.49709526269141907e-02 9.31606237253261001e-17 -5.89051450297487683e-15
5.50004757576535858e-02 9.29869182684281714e-17 -5.87689699581822414e-15
5.50299988883929669e-02 9.28136150999327154e-17 -5.86326208140833855e-15
5.50595220191323620e-02 9.26407147337562713e-17 -5.84960975974522165e-15
5.50890451498717432e-02 9.24682176838155263e-17 -5.83594003082887343e-15
5.51185682806111382e-02 9.22961244640270317e-17 -5.82225289465929232e-15
5.51480914113505194e-02 9.21244355883074254e-17 -5.80854835123647911e-15
5.51776145420899145e-02 9.19531515705733330e-17 -5.79482640056043459e-15
5.52071376728292956e-02 9.17822729247413674e-17 -5.78108704263115717e-15
5.52366608035686907e-02 9.16118001647281050e-17 -5.76733027744865002e-15
5.52661839343080857e-02 9.14417337804775265e-17 -5.75355854100158496e-15
5.52957070650474669e-02 9.12720741660428732e-17 -5.73977426927863542e-15
5.53252301957868620e-02 9.11028216915047298e-17 -5.72597746227980375e-15
5.53547533265262431e-02 9.09339767269437176e-17 -5.71216812000508680e-15
5.53842764572656382e-02 9.07655396424403717e-17 -5.69834624245448931e-15
5.54137995880050194e-02 9.05975108080753383e-17 -5.68451182962800654e-15
5.54433227187444144e-02 9.04298905939291524e-17 -5.67066488152564165e-15
5.54728458494837956e-02 9.02626793700824479e-17 -5.65680539814739305e-15
5.55023689802231907e-02 9.00958775066157721e-17 -5.64293337949326154e-15
5.55318921109625718e-02 8.99294853736097464e-17 -5.62904882556324634e-15
5.55614152417019669e-02 8.97635033411449801e-17 -5.61515173635734822e-15
5.55909383724413481e-02 8.95979317793019589e-17 -5.60124211187556639e-15
5.56204615031807431e-02 8.94327710581614028e-17 -5.58731995211790245e-15
5.56499846339201382e-02 8.92680215478038470e-17 -5.57338525708435402e-15
5.56795077646595193e-02 8.91036836183098390e-17 -5.55943802677492346e-15
5.57090308953989144e-02 8.89397576397600247e-17 -5.54547826118960841e-15
5.57385540261382956e-02 8.87762439593687091e-17 -5.53150828388822139e-15
5.57680771568776906e-02 8.86131428328852139e-17 -5.51753041843057411e-15
5.57976002876170718e-02 8.84504544931926427e-17 -5.50354466481666344e-15
5.58271234183564669e-02 8.82881791731740132e-17 -5.48955102304649251e-15
5.58566465490958480e-02 8.81263171057124413e-17 -5.47554949312005817e-15
5.58861696798352431e-02 8.79648685236909569e-17 -5.46154007503736438e-15
5.59156928105746243e-02 8.78038336599926390e-17 -5.44752276879840718e-15
5.59452159413140193e-02 8.76432127475005668e-17 -5.43349757440318815e-15
5.59747390720534144e-02 8.74830060190978317e-17 -5.41946449185170887e-15
5.60042622027927955e-02 8.73232137076674511e-17 -5.40542352114396777e-15
5.60337853335321906e-02 8.71638360460925288e-17 -5.39137466227996325e-15
5.60633084642715718e-02 8.70048732672560945e-17 -5.37731791525969849e-15
5.60928315950109668e-02 8.68463256040412645e-17 -5.36325328008317190e-15
5.61223547257503480e-02 8.66881932893310930e-17 -5.34918075675038428e-15
5.61518778564897431e-02 8.65304765560086223e-17 -5.33510034526133403e-15
5.61814009872291242e-02 8.63731756369569560e-17 -5.32101204561602275e-15
5.62109241179685193e-02 8.62162907433994687e-17 -5.30691805876767957e-15
5.62404472487079005e-02 8.60598219999208523e-17 -5.29282058566953522e-15
5.62699703794472955e-02 8.59037695094461186e-17 -5.27871962632158970e-15
5.62994935101866767e-02 8.57481333749002425e-17 -5.26461518072384301e-15
5.63290166409260717e-02 8.55929136992082976e-17 -5.25050724887629357e-15
5.63585397716654668e-02 8.54381105852952219e-17 -5.23639583077894454e-15
5.63880629024048480e-02 8.52837241360860643e-17 -5.22228092643179434e-15
5.64175860331442430e-02 8.51297544545058366e-17 -5.20816253583484217e-15
5.64471091638836242e-02 8.49762016434795261e-17 -5.19404065898808805e-15
5.64766322946230193e-02 8.48230658059321447e-17 -5.17991529589153354e-15
5.65061554253624004e-02 8.46703470447887537e-17 -5.16578644654517708e-15
5.65356785561017955e-02 8.45180454629742663e-17 -5.15165411094902102e-15
5.65652016868411767e-02 8.43661611634137561e-17 -5.13751828910306142e-15
5.65947248175805717e-02 8.42146942490322226e-17 -5.12337898100730145e-15
5.66242479483199529e-02 8.40636448227546654e-17 -5.10923618666174030e-15
5.66537710790593479e-02 8.39130129875060965e-17 -5.09508990606637876e-15
5.66832942097987291e-02 8.37627988258416108e-17 -5.08094220911471552e-15
5.67128173405381242e-02 8.36130023388366598e-17 -5.06679516570025476e-15
5.67423404712775192e-02 8.34636235071967906e-17 -5.05264877582299807e-15
5.67718636020169004e-02 8.33146623116275253e-17 -5.03850303948294149e-15
5.68013867327562955e-02 8.31661187328343864e-17 -5.02435795668008818e-15
5.68309098634956766e-02 8.30179927515229207e-17 -5.01021352741443578e-15
5.68604329942350717e-02 8.28702843483986505e-17 -4.99606975168598586e-15
5.68899561249744529e-02 8.27229935041671721e-17 -4.98192662949473922e-15
5.69194792557138479e-02 8.25761201995339338e-17 -4.96778416084069269e-15
5.69490023864532291e-02 8.24296644152045565e-17 -4.95364234572384944e-15
5.69785255171926242e-02 8.22836261318845255e-17 -4.93950118414420867e-15
5.70080486479320053e-02 8.21380053302793385e-17 -4.92536067610176959e-15
5.70375717786714004e-02 8.19928019910946286e-17 -4.91122082159653221e-15
5.70670949094107816e-02 8.18480160950358689e-17 -4.89708162062849731e-15
5.70966180401501766e-02 8.17036476228085940e-17 -4.88294307319766411e-15
5.71261411708895717e-02 8.15596965551183632e-17 -4.86880517930403418e-15
5.71556643016289528e-02 8.14161628536569938e-17 -4.85466987103057546e-15
5.71851874323683479e-02 8.12730464040614346e-17 -4.84053908046026221e-15
5.72147105631077291e-02 8.11303470729549664e-17 -4.82641280759309205e-15
5.72442336938471241e-02 8.09880647269608577e-17 -4.81229105242906420e-15
5.72737568245865053e-02 8.08461992327023647e-17 -4.79817381496818024e-15
5.73032799553259004e-02 8.07047504568027065e-17 -4.78406109521044016e-15
5.73328030860652815e-02 8.05637182658851886e-17 -4.76995289315584318e-15
5.73623262168046766e-02 8.04231025265730673e-17 -4.75584920880439009e-15
5.73918493475440578e-02 8.02829031054895739e-17 -4.74175004215608088e-15
5.74213724782834528e-02 8.01431198692580017e-17 -4.72765539321091556e-15
5.74508956090228479e-02 8.00037526845015946e-17 -4.71356526196889334e-15
5.74804187397622290e-02 7.98648014178435962e-17 -4.69947964843001500e-15
5.75099418705016241e-02 7.97262659359072752e-17 -4.68539855259427976e-15
5.75394650012410053e-02 7.95881461053159000e-17 -4.67132197446168761e-15
5.75689881319804003e-02 7.94504417926927391e-17 -4.65724991403224015e-15
5.75985112627197815e-02 7.93131528646610241e-17 -4.64318237130593656e-15
5.76280343934591766e-02 7.91762791702366233e-17 -4.62912113546589924e-15
5.76575575241985577e-02 7.90398204880056078e-17 -4.61506799569525845e-15
5.76870806549379528e-02 7.89037765789466732e-17 -4.60102295199401182e-15
5.77166037856773340e-02 7.87681472040385397e-17 -4.58698600436215936e-15
5.77461269164167290e-02 7.86329321242598659e-17 -4.57295715279970106e-15
5.77756500471561102e-02 7.84981311005893228e-17 -4.55893639730663692e-15
5.78051731778955052e-02 7.83637438940055936e-17 -4.54492373788296615e-15
5.78346963086349003e-02 7.82297702654873986e-17 -4.53091917452869034e-15
5.78642194393742815e-02 7.80962099760133963e-17 -4.51692270724380869e-15
5.78937425701136765e-02 7.79630627865622948e-17 -4.50293433602832199e-15
5.79232657008530577e-02 7.78303284581127526e-17 -4.48895406088222946e-15
5.79527888315924528e-02 7.76980067516434407e-17 -4.47498188180553030e-15
5.79823119623318339e-02 7.75660974281330915e-17 -4.46101779879822609e-15
5.80118350930712290e-02 7.74346002485603516e-17 -4.44706181186031525e-15
5.80413582238106102e-02 7.73035149739039163e-17 -4.43311392099179858e-15
5.80708813545500052e-02 7.71728413651424813e-17 -4.41917412619267686e-15
5.81004044852893864e-02 7.70425791670878884e-17 -4.40524407026065919e-15
5.81299276160287814e-02 7.69127280598845891e-17 -4.39132539599345627e-15
5.81594507467681626e-02 7.67832877075101934e-17 -4.37741810339106571e-15
5.81889738775075577e-02 7.66542577739423729e-17 -4.36352219245348990e-15
5.82184970082469527e-02 7.65256379231586883e-17 -4.34963766318072724e-15
5.82480201389863339e-02 7.63974278191367865e-17 -4.33576451557278012e-15
5.82775432697257290e-02 7.62696271258543146e-17 -4.32190274962964457e-15
5.83070664004651101e-02 7.61422355072888579e-17 -4.30805236535132456e-15
5.83365895312045052e-02 7.60152526274180633e-17 -4.29421336273781691e-15
5.83661126619438864e-02 7.58886781502195286e-17 -4.28038574178912480e-15
5.83956357926832814e-02 7.57625117396708883e-17 -4.26656950250524505e-15
5.84251589234226626e-02 7.56367530597497773e-17 -4.25276464488618005e-15
5.84546820541620576e-02 7.55114017744337807e-17 -4.23897116893192899e-15
5.84842051849014388e-02 7.53864575477005455e-17 -4.22518907464249268e-15
5.85137283156408339e-02 7.52619200435277065e-17 -4.21141836201786794e-15
5.85432514463802289e-02 7.51377889258928613e-17 -4.19765903105805874e-15
5.85727745771196101e-02 7.50140638440666148e-17 -4.18391257622075684e-15
5.86022977078590052e-02 7.48907443884914657e-17 -4.17018049196365402e-15
5.86318208385983863e-02 7.47678301349029198e-17 -4.15646277828675109e-15
5.86613439693377814e-02 7.46453206590364461e-17 -4.14275943519004881e-15
5.86908671000771626e-02 7.45232155366275380e-17 -4.12907046267354642e-15
5.87203902308165576e-02 7.44015143434116275e-17 -4.11539586073724389e-15
5.87499133615559388e-02 7.42802166551242452e-17 -4.10173562938114125e-15
5.87794364922953338e-02 7.41593220475008599e-17 -4.08808976860523848e-15
5.88089596230347150e-02 7.40388300962769529e-17 -4.07445827840953558e-15
5.88384827537741101e-02 7.39187403771880054e-17 -4.06084115879403335e-15
5.88680058845134913e-02 7.37990524659695233e-17 -4.04723840975873099e-15
5.88975290152528863e-02 7.36797659383569508e-17 -4.03365003130362930e-15
5.89270521459922814e-02 7.35608803700857816e-17 -4.02007602342872591e-15
5.89565752767316625e-02 7.34423953368915090e-17 -4.00651638613402397e-15
5.89860984074710576e-02 7.33243104145096022e-17 -3.99297111941952190e-15
5.90156215382104388e-02 7.32066251786755422e-17 -3.97944022328521892e-15
5.90451446689498338e-02 7.30893391918826460e-17 -3.96592504333937703e-15
5.90746677996892150e-02 7.29724519636554133e-17 -3.95242692519025429e-15
5.91041909304286101e-02 7.28559629902762039e-17 -3.93894586883785149e-15
5.91337140611679912e-02 7.27398717680273779e-17 -3.92548187428216862e-15
5.91632371919073863e-02 7.26241777931912828e-17 -3.91203494152320648e-15
5.91927603226467675e-02 7.25088805620501923e-17 -3.89860507056096427e-15
5.92222834533861625e-02 7.23939795708865526e-17 -3.88519226139544201e-15
5.92518065841255437e-02 7.22794743159826376e-17 -3.87179651402663967e-15
5.92813297148649387e-02 7.21653642936208193e-17 -3.85841782845455728e-15
5.93108528456043338e-02 7.20516490000834454e-17 -3.84505620467919403e-15
5.93403759763437150e-02 7.19383279316528760e-17 -3.83171164270055151e-15
5.93698991070831100e-02 7.18254005846113969e-17 -3.81838414251862893e-15
5.93994222378224912e-02 7.17128664552413805e-17 -3.80507370413342628e-15
5.94289453685618863e-02 7.16007250398252237e-17 -3.79178032754494515e-15
5.94584684993012674e-02 7.14889758346452125e-17 -3.77850401275318159e-15
5.94879916300406625e-02 7.13776183359836946e-17 -3.76524475975813954e-15
5.95175147607800437e-02 7.12666520283374355e-17 -3.75200376615760323e-15
5.95470378915194387e-02 7.11560763490607009e-17 -3.73878222954936161e-15
5.95765610222588199e-02 7.10458907237221495e-17 -3.72558014993341389e-15
5.96060841529982149e-02 7.09360945778904771e-17 -3.71239752730975928e-15
5.96356072837375961e-02 7.08266873371343551e-17 -3.69923436167839936e-15
5.96651304144769912e-02 7.07176684270224176e-17 -3.68609065303933255e-15
5.96946535452163862e-02 7.06090372731233974e-17 -3.67296640139256044e-15
5.97241766759557674e-02 7.05007933010059287e-17 -3.65986160673808144e-15
5.97536998066951625e-02 7.03929359362386951e-17 -3.64677626907589634e-15
5.97832229374345436e-02 7.02854646043903678e-17 -3.63371038840600513e-15
5.98127460681739387e-02 7.01783787310296302e-17 -3.62066396472840705e-15
5.98422691989133199e-02 7.00716777417251167e-17 -3.60763699804310365e-15
5.98717923296527149e-02 6.99653610620455476e-17 -3.59462948835009415e-15
5.99013154603920961e-02 6.98594281175595572e-17 -3.58164143564937777e-15
5.99308385911314911e-02 6.97538783338358538e-17 -3.56867283994095608e-15
5.99603617218708723e-02 6.96487111364430837e-17 -3.55572370122482749e-15
5.99898848526102674e-02 6.95439259406004084e-17 -3.54279507117000024e-15
6.00194079833496624e-02 6.94395221201289121e-17 -3.52988800144548251e-15
6.00489311140890436e-02 6.93354990385001203e-17 -3.51700249205127196e-15
6.00784542448284387e-02 6.92318560591855949e-17 -3.50413854298737093e-15
6.01079773755678198e-02 6.91285925456568860e-17 -3.49129615425377826e-15
6.01375005063072149e-02 6.90257078613855187e-17 -3.47847532585049473e-15
6.01670236370465961e-02 6.89232013698430799e-17 -3.46567605777751955e-15
6.01965467677859911e-02 6.88210724345011071e-17 -3.45289835003485272e-15
6.02260698985253723e-02 6.87193204188311378e-17 -3.44014220262249464e-15
6.02555930292647673e-02 6.86179446863047219e-17 -3.42740761554044570e-15
6.02851161600041485e-02 6.85169446003934463e-17 -3.41469458878870471e-15
6.03146392907435436e-02 6.84163195245687869e-17 -3.40200312236727286e-15
6.03441624214829248e-02 6.83160688223023675e-17 -3.38933321627614937e-15
6.03736855522223198e-02 6.82161918570656886e-17 -3.37668487051533501e-15
6.04032086829617149e-02 6.81166879923303371e-17 -3.36405808508482821e-15
6.04327318137010960e-02 6.80175565915678382e-17 -3.35145285998463095e-15
6.04622549444404911e-02 6.79187970093047001e-17 -3.33887010416644829e-15
6.04917780751798723e-02 6.78204085642873256e-17 -3.32631072658198647e-15
6.05213012059192673e-02 6.77223905663170514e-17 -3.31377472723124627e-15
6.05508243366586485e-02 6.76247423251952509e-17 -3.30126210611422613e-15
6.05803474673980435e-02 6.75274631507232484e-17 -3.28877286323092762e-15
6.06098705981374247e-02 6.74305523527023927e-17 -3.27630699858134995e-15
6.06393937288768198e-02 6.73340092409340451e-17 -3.26386451216549312e-15
6.06689168596162010e-02 6.72378331252195545e-17 -3.25144540398335713e-15
6.06984399903555960e-02 6.71420233153602573e-17 -3.23904967403494278e-15
6.07279631210949772e-02 6.70465791211575147e-17 -3.22667732232024926e-15
6.07574862518343722e-02 6.69514998524126881e-17 -3.21432834883927619e-15
6.07870093825737673e-02 6.68567848189270892e-17 -3.20200275359202435e-15
6.08165325133131485e-02 6.67624333305020917e-17 -3.18970053657849297e-15
6.08460556440525435e-02 6.66684446969390689e-17 -3.17742169779868400e-15
6.08755787747919247e-02 6.65748182280393206e-17 -3.16516623725259508e-15
6.09051019055313198e-02 6.64815532336042325e-17 -3.15293415494022700e-15
6.09346250362707009e-02 6.63886490158530170e-17 -3.14072622132092229e-15
6.09641481670100960e-02 6.62961048466764015e-17 -3.12854320685402110e-15
6.09936712977494772e-02 6.62039199903829895e-17 -3.11638511153952540e-15
6.10231944284888722e-02 6.61120937112814087e-17 -3.10425193537743282e-15
6.10527175592282534e-02 6.60206252736802503e-17 -3.09214367836774494e-15
6.10822406899676484e-02 6.59295139418880927e-17 -3.08006034051046217e-15
6.11117638207070296e-02 6.58387589802135764e-17 -3.06800192180558291e-15
6.11412869514464247e-02 6.57483596529652921e-17 -3.05596842225310835e-15
6.11708100821858197e-02 6.56583152244518680e-17 -3.04395984185303811e-15
6.12003332129252009e-02 6.55686249589818826e-17 -3.03197618060537217e-15
6.12298563436645960e-02 6.54792881208639638e-17 -3.02001743851011054e-15
6.12593794744039771e-02 6.53903039744066904e-17 -3.00808361556725361e-15
6.12889026051433722e-02 6.53016717839186778e-17 -2.99617471177680059e-15
6.13184257358827534e-02 6.52133908137085418e-17 -2.98429072713875228e-15
6.13479488666221484e-02 6.51254603280848856e-17 -2.97243166165310828e-15
6.13774719973615296e-02 6.50378795913563248e-17 -2.96059751531986858e-15
6.14069951281009246e-02 6.49506478615618920e-17 -2.94878892521939024e-15
6.14365182588403058e-02 6.48637643716625469e-17 -2.93700652843202950e-15
6.14660413895797009e-02 6.47772283483496784e-17 -2.92525032495778637e-15
6.14955645203190959e-02 6.46910390183146753e-17 -2.91352031479666124e-15
6.15250876510584771e-02 6.46051956082489512e-17 -2.90181649794865451e-15
6.15546107817978722e-02 6.45196973448438335e-17 -2.89013887441376538e-15
6.15841339125372533e-02 6.44345434547907850e-17 -2.87848744419199386e-15
6.16136570432766484e-02 6.43497331647811576e-17 -2.86686220728334034e-15
6.16431801740160296e-02 6.42652657015063772e-17 -2.85526316368780522e-15
6.16727033047554246e-02 6.41811402916577958e-17 -2.84369031340538770e-15
6.17022264354948058e-02 6.40973561619268393e-17 -2.83214365643608818e-15
6.17317495662342008e-02 6.40139125390048843e-17 -2.82062319277990588e-15
6.17612726969735820e-02 6.39308086495833196e-17 -2.80912892243684237e-15
6.17907958277129771e-02 6.38480437203535342e-17 -2.79766084540689567e-15
6.18203189584523582e-02 6.37656169780069540e-17 -2.78621896169006737e-15
6.18498420891917533e-02 6.36835276492349309e-17 -2.77480327128635707e-15
6.18793652199311484e-02 6.36017749557138926e-17 -2.76341428379404318e-15
6.19088883506705295e-02 6.35203580990603472e-17 -2.75205250881140845e-15
6.19384114814099246e-02 6.34392762758757924e-17 -2.74071794633844814e-15
6.19679346121493058e-02 6.33585286827617629e-17 -2.72941059637516541e-15
6.19974577428887008e-02 6.32781145163197932e-17 -2.71813045892155947e-15
6.20269808736280820e-02 6.31980329731513687e-17 -2.70687753397762992e-15
6.20565040043674770e-02 6.31182832498580115e-17 -2.69565182154337757e-15
6.20860271351068582e-02 6.30388645430412811e-17 -2.68445332161880160e-15
6.21155502658462533e-02 6.29597760493026380e-17 -2.67328203420390283e-15
6.21450733965856345e-02 6.28810169652436661e-17 -2.66213795929868005e-15
6.21745965273250295e-02 6.28025864874658385e-17 -2.65102109690313486e-15
6.22041196580644107e-02 6.27244838125706651e-17 -2.63993144701726566e-15
6.22336427888038057e-02 6.26467081371597051e-17 -2.62886900964107405e-15
6.22631659195432008e-02 6.25692586578344562e-17 -2.61783378477455843e-15
6.22926890502825820e-02 6.24921345711964406e-17 -2.60682577241772040e-15
6.23222121810219770e-02 6.24153350738471561e-17 -2.59584497257055797e-15
6.23517353117613582e-02 6.23388593585638257e-17 -2.58489177384589941e-15
6.23812584425007532e-02 6.22627066028261068e-17 -2.57396656485657022e-15
6.24107815732401344e-02 6.21868759802894684e-17 -2.56306934560257039e-15
6.24403047039795295e-02 6.21113666646092316e-17 -2.55220011608389993e-15
6.24698278347189107e-02 6.20361778294408039e-17 -2.54135887630055923e-15
6.24993509654583057e-02 6.19613086484395681e-17 -2.53054562625254750e-15
6.25288740961976869e-02 6.18867582952609070e-17 -2.51976036593986513e-15
6.25583972269370819e-02 6.18125259435602157e-17 -2.50900309536251292e-15
6.25879203576764631e-02 6.17386107669928523e-17 -2.49827381452048929e-15
6.26174434884158582e-02 6.16650119392142490e-17 -2.48757252341379542e-15
6.26469666191552532e-02 6.15917286338797515e-17 -2.47689922204243091e-15
6.26764897498946344e-02 6.15187600246447549e-17 -2.46625391040639656e-15
6.27060128806340294e-02 6.14461052851646298e-17 -2.45563658850569039e-15
6.27355360113734106e-02 6.13737635890947835e-17 -2.44504725634031438e-15
6.27650591421128057e-02 6.13017341100905866e-17 -2.43448591391026773e-15
6.27945822728521869e-02 6.12300160218074341e-17 -2.42395256121555045e-15
6.28241054035915819e-02 6.11586084951960130e-17 -2.41344747309457103e-15
6.28536285343309631e-02 6.10875106903882019e-17 -2.40297092438573719e-15
6.28831516650703581e-02 6.10167217648112205e-17 -2.39252291508904932e-15
6.29126747958097393e-02 6.09462408758922887e-17 -2.38210344520450742e-15
6.29421979265491344e-02 6.08760671810586014e-17 -2.37171251473211149e-15
6.29717210572885294e-02 6.08061998377373169e-17 -2.36135012367186074e-15
6.30012441880279106e-02 6.07366380033557164e-17 -2.35101627202375675e-15
6.30307673187673057e-02 6.06673808353409582e-17 -2.34071095978779834e-15
6.30602904495066868e-02 6.05984274911202496e-17 -2.33043418696398550e-15
6.30898135802460819e-02 6.05297771281207857e-17 -2.32018595355231903e-15
6.31193367109854631e-02 6.04614289037698109e-17 -2.30996625955279774e-15
6.31488598417248581e-02 6.03933819754944956e-17 -2.29977510496542320e-15
6.31783829724642393e-02 6.03256355007220351e-17 -2.28961248979019385e-15
6.32079061032036343e-02 6.02581886368796612e-17 -2.27947841402711087e-15
6.32374292339430155e-02 6.01910405413945692e-17 -2.26937287767617306e-15
6.32669523646824106e-02 6.01241903716939541e-17 -2.25929588073738162e-15
6.32964754954217917e-02 6.00576372835517187e-17 -2.24924759121197637e-15
6.33259986261611868e-02 5.99913804261285109e-17 -2.23922817710119752e-15
6.33555217569005819e-02 5.99254189469317354e-17 -2.22923763840504507e-15
6.33850448876399630e-02 5.98597519934687106e-17 -2.21927597512351903e-15
6.34145680183793581e-02 5.97943787132468292e-17 -2.20934318725661939e-15
6.34440911491187393e-02 5.97292982537733972e-17 -2.19943927480434655e-15
6.34736142798581343e-02 5.96645097625558072e-17 -2.18956423776670012e-15
6.35031374105975155e-02 5.96000123871014146e-17 -2.17971807614367969e-15
6.35326605413369105e-02 5.95358052749176119e-17 -2.16990078993528606e-15
6.35621836720762917e-02 5.94718875735116930e-17 -2.16011237914151924e-15
6.35917068028156868e-02 5.94082584303910626e-17 -2.15035284376237842e-15
6.36212299335550679e-02 5.93449169930630393e-17 -2.14062218379786440e-15
6.36507530642944630e-02 5.92818624090350402e-17 -2.13092039924797638e-15
6.36802761950338442e-02 5.92190938258143715e-17 -2.12124749011271517e-15
6.37097993257732392e-02 5.91566103909084257e-17 -2.11160345639208036e-15
6.37393224565126343e-02 5.90944112518245458e-17 -2.10198829808607196e-15
6.37688455872520155e-02 5.90324955553716375e-17 -2.09240208616782126e-15
6.37983687179914105e-02 5.89708624455648305e-17 -2.08284489161045919e-15
6.38278918487307917e-02 5.89095110657207678e-17 -2.07331671441398534e-15
6.38574149794701867e-02 5.88484405591561167e-17 -2.06381755457840051e-15
6.38869381102095679e-02 5.87876500691875327e-17 -2.05434741210370470e-15
6.39164612409489630e-02 5.87271387391316707e-17 -2.04490628698989711e-15
6.39459843716883442e-02 5.86669057123052108e-17 -2.03549417923697814e-15
6.39755075024277392e-02 5.86069501320248080e-17 -2.02611108884494779e-15
6.40050306331671204e-02 5.85472711416071053e-17 -2.01675701581380646e-15
6.40345537639065154e-02 5.84878678843687948e-17 -2.00743196014355336e-15
6.40640768946458966e-02 5.84287395036265070e-17 -1.99813592183418927e-15
6.40936000253852917e-02 5.83698851426969095e-17 -1.98886890088571302e-15
6.41231231561246867e-02 5.83113039448966821e-17 -1.97963089729812618e-15
6.41526462868640679e-02 5.82529950535424554e-17 -1.97042191107142756e-15
6.41821694176034629e-02 5.81949576119509338e-17 -1.96124194220561796e-15
6.42116925483428441e-02 5.81371907634387356e-17 -1.95209099070069698e-15
6.42412156790822392e-02 5.80796936515748035e-17 -1.94296903092388931e-15
6.42707388098216204e-02 5.80224654209370335e-17 -1.93387603724242006e-15
6.43002619405610154e-02 5.79655052163556336e-17 -1.92481200965628921e-15
6.43297850713003966e-02 5.79088121826607748e-17 -1.91577694816549637e-15
6.43593082020397916e-02 5.78523854646826408e-17 -1.90677085277004194e-15
6.43888313327791728e-02 5.77962242072514026e-17 -1.89779372346992553e-15
6.44183544635185679e-02 5.77403275551972313e-17 -1.88884556026514831e-15
6.44478775942579629e-02 5.76846946533503473e-17 -1.87992636315570870e-15
6.44774007249973441e-02 5.76293246465408972e-17 -1.87103613214160751e-15
6.45069238557367391e-02 5.75742166795990643e-17 -1.86217486722284472e-15
6.45364469864761203e-02 5.75193698973550444e-17 -1.85334256839941995e-15
6.45659701172155154e-02 5.74647834446389964e-17 -1.84453923567133358e-15
6.45954932479548966e-02 5.74104564662811160e-17 -1.83576486903858562e-15
6.46250163786942916e-02 5.73563881071115867e-17 -1.82701946850117607e-15
6.46545395094336728e-02 5.73025775119605672e-17 -1.81830303405910492e-15
6.46840626401730678e-02 5.72490238256582779e-17 -1.80961556571237179e-15
6.47135857709124490e-02 5.71957261938806230e-17 -1.80095697751673818e-15
6.47431089016518441e-02 5.71426837656867457e-17 -1.79232718352796483e-15
6.47726320323912252e-02 5.70898956909814732e-17 -1.78372618374605253e-15
6.48021551631306203e-02 5.70373611196696819e-17 -1.77515397817100049e-15
6.48316782938700154e-02 5.69850792016562727e-17 -1.76661056680280968e-15
6.48612014246093965e-02 5.69330490868460357e-17 -1.75809594964147894e-15
6.48907245553487916e-02 5.68812699251439089e-17 -1.74961012668700865e-15
6.49202476860881728e-02 5.68297408664547069e-17 -1.74115309793939881e-15
6.49497708168275678e-02 5.67784610606833555e-17 -1.73272486339864983e-15
6.49792939475669490e-02 5.67274296577346694e-17 -1.72432542306476149e-15
6.50088170783063440e-02 5.66766458075135125e-17 -1.71595477693773361e-15
6.50383402090457252e-02 5.66261086599247859e-17 -1.70761292501756598e-15
6.50678633397851203e-02 5.65758173648733537e-17 -1.69929986730425900e-15
6.50973864705245014e-02 5.65257710722640550e-17 -1.69101560379781347e-15
6.51269096012638965e-02 5.64759689320017664e-17 -1.68276013449822740e-15
6.51564327320032777e-02 5.64264100939913642e-17 -1.67453345940550238e-15
6.51859558627426727e-02 5.63770937105335815e-17 -1.66633533506266615e-15
6.52154789934820678e-02 5.63280189435126283e-17 -1.65816551801274588e-15
6.52450021242214490e-02 5.62791849572085836e-17 -1.65002400825574216e-15
6.52745252549608440e-02 5.62305909159016005e-17 -1.64191080579165539e-15
6.53040483857002252e-02 5.61822359838716841e-17 -1.63382591062048497e-15
6.53335715164396202e-02 5.61341193253989751e-17 -1.62576932274223050e-15
6.53630946471790014e-02 5.60862401047635773e-17 -1.61774104215689337e-15
6.53926177779183965e-02 5.60385974862455327e-17 -1.60974106886447220e-15
6.54221409086577776e-02 5.59911906341249698e-17 -1.60176940286496778e-15
6.54516640393971727e-02 5.59440187126819676e-17 -1.59382604415837971e-15
6.54811871701365539e-02 5.58970808861966052e-17 -1.58591099274470839e-15
6.55107103008759489e-02 5.58503763189489987e-17 -1.57802424862395322e-15
6.55402334316153301e-02 5.58039041752191901e-17 -1.57016581179611460e-15
6.55697565623547252e-02 5.57576636192873325e-17 -1.56233568226119272e-15
6.55992796930941202e-02 5.57116538154334804e-17 -1.55453386001918760e-15
6.56288028238335014e-02 5.56658739279377128e-17 -1.54676034507009823e-15
6.56583259545728964e-02 5.56203231210801581e-17 -1.53901513741392581e-15
6.56878490853122776e-02 5.55750005591408831e-17 -1.53129823705066993e-15
6.57173722160516727e-02 5.55299054063999667e-17 -1.52360964398033002e-15
6.57468953467910538e-02 5.54850368271375314e-17 -1.51594935820290764e-15
6.57764184775304489e-02 5.54403939856336253e-17 -1.50831737971840101e-15
6.58059416082698301e-02 5.53959760461683952e-17 -1.50071370852681114e-15
6.58354647390092251e-02 5.53517821730218711e-17 -1.49313834462813762e-15
6.58649878697486063e-02 5.53078115304741874e-17 -1.48559128802238045e-15
6.58945110004880014e-02 5.52640632828054170e-17 -1.47807253870954003e-15
6.59240341312273964e-02 5.52205365942956329e-17 -1.47058209668961615e-15
6.59535572619667776e-02 5.51772306292249511e-17 -1.46311996196260863e-15
6.59830803927061726e-02 5.51341445518734692e-17 -1.45568613452851766e-15
6.60126035234455538e-02 5.50912775265212478e-17 -1.44828061438734323e-15
6.60421266541849489e-02 5.50486287174484030e-17 -1.44090340153908536e-15
6.60716497849243301e-02 5.50061972889350137e-17 -1.43355449598374364e-15
6.61011729156637251e-02 5.49639824052611715e-17 -1.42623389772131886e-15
