# THE SAME REFERENCE WITH geq's phi_0 SOLVED POINTWISE TO
# ROOT-FIND PRECISION. geq's own field is neutral to about
# 5e-05, which moves its own Jtor by 2.2e-06 and is therefore
# the floor of any comparison against points.dat. Expression,
# profiles and species model are geq's throughout; only the
# scalar condition both codes share is solved harder.
#
#    R              z               psi             F_ref
5.90625000000000039e-02 -1.50000000000000000e+00 6.92540815974577919e-03 3.07800962776151447e-04
5.90625000000000039e-02 -1.45312500000000000e+00 6.91478716370253106e-03 3.07093670092798343e-04
5.90625000000000039e-02 -1.40625000000000000e+00 6.86950721597478012e-03 3.04092976133891004e-04
5.90625000000000039e-02 -1.35937500000000000e+00 6.79029796997212675e-03 2.98900374882084957e-04
5.90625000000000039e-02 -1.31250000000000000e+00 6.67837965355838441e-03 2.91684111442039470e-04
5.90625000000000039e-02 -1.26562500000000000e+00 6.53549056821785528e-03 2.82671313082532574e-04
5.90625000000000039e-02 -1.21875000000000000e+00 6.36391101322555507e-03 2.72139907593960128e-04
5.90625000000000039e-02 -1.17187500000000000e+00 6.16647138411678154e-03 2.60400450006958984e-04
5.90625000000000039e-02 -1.12500000000000000e+00 5.94653213940464324e-03 2.47779738753922403e-04
5.90625000000000039e-02 -1.07812500000000000e+00 5.70792592846313188e-03 2.34604842388060314e-04
5.90625000000000039e-02 1.07812500000000000e+00 5.70792592846316310e-03 2.34604842388062455e-04
5.90625000000000039e-02 1.12500000000000000e+00 5.94653213940464498e-03 2.47779738753920614e-04
5.90625000000000039e-02 1.17187500000000000e+00 6.16647138411678328e-03 2.60400450006959959e-04
5.90625000000000039e-02 1.21875000000000000e+00 6.36391101322549869e-03 2.72139907593956605e-04
5.90625000000000039e-02 1.26562500000000000e+00 6.53549056821785615e-03 2.82671313082532519e-04
5.90625000000000039e-02 1.31250000000000000e+00 6.67837965355840696e-03 2.91684111442040337e-04
5.90625000000000039e-02 1.35937500000000000e+00 6.79029796997212588e-03 2.98900374882083873e-04
5.90625000000000039e-02 1.40625000000000000e+00 6.86950721597486772e-03 3.04092976133896425e-04
5.90625000000000039e-02 1.45312500000000000e+00 6.91478716370250764e-03 3.07093670092795958e-04
5.90625000000000039e-02 1.50000000000000000e+00 6.92540815974577919e-03 3.07800962776151447e-04
6.81250000000000050e-02 -1.50000000000000000e+00 9.21676239882138031e-03 6.67061303491297132e-04
6.81250000000000050e-02 -1.45312500000000000e+00 9.20260933483393363e-03 6.65119947710679938e-04
6.81250000000000050e-02 -1.40625000000000000e+00 9.14230432389314708e-03 6.56904816429579905e-04
6.81250000000000050e-02 -1.35937500000000000e+00 9.03681625990466857e-03 6.42753186816158928e-04
6.81250000000000050e-02 -1.31250000000000000e+00 8.88776612633825416e-03 6.23222112948528884e-04
6.81250000000000050e-02 -1.26562500000000000e+00 8.69746446713992073e-03 5.99058601434437595e-04
6.81250000000000050e-02 -1.21875000000000000e+00 8.46894429196134828e-03 5.71145471366954699e-04
6.81250000000000050e-02 -1.17187500000000000e+00 8.20597293349973472e-03 5.40490372644331324e-04
6.81250000000000050e-02 -1.12500000000000000e+00 7.91302625148325445e-03 5.08152617037959352e-04
6.81250000000000050e-02 -1.07812500000000000e+00 7.59521202849096095e-03 4.75105993393677999e-04
6.81250000000000050e-02 -1.03125000000000000e+00 7.25813654345027360e-03 4.42223116025299229e-04
6.81250000000000050e-02 -9.84375000000000000e-01 6.90771819533447188e-03 4.10145926015096848e-04
6.81250000000000050e-02 -9.37500000000000000e-01 6.54996260859663261e-03 3.79353100823774268e-04
6.81250000000000050e-02 -8.90625000000000000e-01 6.19072215287282818e-03 3.50289530835694025e-04
6.81250000000000050e-02 -8.43750000000000000e-01 5.83546680232999854e-03 3.23245759391836522e-04
6.81250000000000050e-02 8.43750000000000000e-01 5.83546680232999680e-03 3.23245759391836468e-04
6.81250000000000050e-02 8.90625000000000000e-01 6.19072215287273537e-03 3.50289530835684647e-04
6.81250000000000050e-02 9.37500000000000000e-01 6.54996260859663261e-03 3.79353100823774268e-04
6.81250000000000050e-02 9.84375000000000000e-01 6.90771819533448229e-03 4.10145926015096144e-04
6.81250000000000050e-02 1.03125000000000000e+00 7.25813654345021288e-03 4.42223116025298308e-04
6.81250000000000050e-02 1.07812500000000000e+00 7.59521202849096008e-03 4.75105993393681360e-04
6.81250000000000050e-02 1.12500000000000000e+00 7.91302625148325445e-03 5.08152617037959352e-04
6.81250000000000050e-02 1.17187500000000000e+00 8.20597293349976421e-03 5.40490372644339455e-04
6.81250000000000050e-02 1.21875000000000000e+00 8.46894429196131705e-03 5.71145471366946026e-04
6.81250000000000050e-02 1.26562500000000000e+00 8.69746446713992073e-03 5.99058601434437595e-04
6.81250000000000050e-02 1.31250000000000000e+00 8.88776612633822641e-03 6.23222112948528775e-04
6.81250000000000050e-02 1.35937500000000000e+00 9.03681625990466857e-03 6.42753186816158928e-04
6.81250000000000050e-02 1.40625000000000000e+00 9.14230432389314708e-03 6.56904816429579905e-04
6.81250000000000050e-02 1.45312500000000000e+00 9.20260933483393537e-03 6.65119947710677553e-04
6.81250000000000050e-02 1.50000000000000000e+00 9.21676239882138031e-03 6.67061303491297132e-04
7.71874999999999922e-02 -1.50000000000000000e+00 1.18365043554329794e-02 1.45363341900752634e-03
7.71874999999999922e-02 -1.45312500000000000e+00 1.18183021559414535e-02 1.44851510308483759e-03
7.71874999999999922e-02 -1.40625000000000000e+00 1.17407923963867445e-02 1.42689320309197427e-03
7.71874999999999922e-02 -1.35937500000000000e+00 1.16052161382379504e-02 1.38974479747414037e-03
7.71874999999999922e-02 -1.31250000000000000e+00 1.14136506894196906e-02 1.33868473286229638e-03
7.71874999999999922e-02 -1.26562500000000000e+00 1.11690590145591493e-02 1.27586007540633002e-03
7.71874999999999922e-02 -1.21875000000000000e+00 1.08753335679257993e-02 1.20384430590849399e-03
7.71874999999999922e-02 -1.17187500000000000e+00 1.05373131198823761e-02 1.12546275860180641e-03
7.71874999999999922e-02 -1.12500000000000000e+00 1.01607509145447070e-02 1.04352523661783861e-03
7.71874999999999922e-02 -1.07812500000000000e+00 9.75221691389171336e-03 9.60674074305004218e-04
7.71874999999999922e-02 -1.03125000000000000e+00 9.31892614081161579e-03 8.79287247505424439e-04
7.71874999999999922e-02 -9.84375000000000000e-01 8.86849802606877111e-03 8.01315541435439161e-04
7.71874999999999922e-02 -9.37500000000000000e-01 8.40866548409634033e-03 7.28144944272404531e-04
7.71874999999999922e-02 -8.90625000000000000e-01 7.94696359379400141e-03 6.60877238759095863e-04
7.71874999999999922e-02 -8.43750000000000000e-01 7.49043300112626955e-03 6.00075985769941088e-04
7.71874999999999922e-02 -7.96875000000000000e-01 7.04537092517381908e-03 5.45734075502280619e-04
7.71874999999999922e-02 -7.50000000000000000e-01 6.61715373248437672e-03 4.97340274561696165e-04
7.71874999999999922e-02 -7.03125000000000000e-01 6.21014223781871794e-03 4.54543039021807068e-04
7.71874999999999922e-02 -6.56250000000000000e-01 5.82766778828789408e-03 4.16941772796829721e-04
7.71874999999999922e-02 6.56250000000000000e-01 5.82766778828789408e-03 4.16941772796829721e-04
7.71874999999999922e-02 7.03125000000000000e-01 6.21014223781872834e-03 4.54543039021806255e-04
7.71874999999999922e-02 7.50000000000000000e-01 6.61715373248435070e-03 4.97340274561695840e-04
7.71874999999999922e-02 7.96875000000000000e-01 7.04537092517381908e-03 5.45734075502280619e-04
7.71874999999999922e-02 8.43750000000000000e-01 7.49043300112631986e-03 6.00075985769943474e-04
7.71874999999999922e-02 8.90625000000000000e-01 7.94696359379403611e-03 6.60877238759101501e-04
7.71874999999999922e-02 9.37500000000000000e-01 8.40866548409633860e-03 7.28144944272399218e-04
7.71874999999999922e-02 9.84375000000000000e-01 8.86849802606877111e-03 8.01315541435439161e-04
7.71874999999999922e-02 1.03125000000000000e+00 9.31892614081164701e-03 8.79287247505431378e-04
7.71874999999999922e-02 1.07812500000000000e+00 9.75221691389171336e-03 9.60674074305004218e-04
7.71874999999999922e-02 1.12500000000000000e+00 1.01607509145447087e-02 1.04352523661783883e-03
7.71874999999999922e-02 1.17187500000000000e+00 1.05373131198823466e-02 1.12546275860180250e-03
7.71874999999999922e-02 1.21875000000000000e+00 1.08753335679258305e-02 1.20384430590849399e-03
7.71874999999999922e-02 1.26562500000000000e+00 1.11690590145591510e-02 1.27586007540634390e-03
7.71874999999999922e-02 1.31250000000000000e+00 1.14136506894196889e-02 1.33868473286230115e-03
7.71874999999999922e-02 1.35937500000000000e+00 1.16052161382378619e-02 1.38974479747411717e-03
7.71874999999999922e-02 1.40625000000000000e+00 1.17407923963866474e-02 1.42689320309193914e-03
7.71874999999999922e-02 1.45312500000000000e+00 1.18183021559413633e-02 1.44851510308481352e-03
7.71874999999999922e-02 1.50000000000000000e+00 1.18365043554329794e-02 1.45363341900752634e-03
8.62499999999999933e-02 -1.50000000000000000e+00 1.47853769162274249e-02 3.14627607142970844e-03
8.62499999999999933e-02 -1.45312500000000000e+00 1.47626030778298771e-02 3.13376695519963213e-03
8.62499999999999933e-02 -1.40625000000000000e+00 1.46656936230133549e-02 3.08095388302096450e-03
8.62499999999999933e-02 -1.35937500000000000e+00 1.44961942086811162e-02 2.99020379549526458e-03
8.62499999999999933e-02 -1.31250000000000000e+00 1.42566933686430961e-02 2.86549305906343621e-03
8.62499999999999933e-02 -1.26562500000000000e+00 1.39508860558677471e-02 2.71218068534781953e-03
8.62499999999999933e-02 -1.21875000000000000e+00 1.35836306266179808e-02 2.53672788242884518e-03
8.62499999999999933e-02 -1.17187500000000000e+00 1.31609721293438862e-02 2.34626386626136246e-03
8.62499999999999933e-02 -1.12500000000000000e+00 1.26901043614948209e-02 2.14807796493172521e-03
8.62499999999999933e-02 -1.07812500000000000e+00 1.21792486529017571e-02 1.94912864545534895e-03
8.62499999999999933e-02 -1.03125000000000000e+00 1.16374390193899595e-02 1.75556271453727614e-03
8.62499999999999933e-02 -9.84375000000000000e-01 1.10742197127372335e-02 1.57219144315865985e-03
8.62499999999999933e-02 -9.37500000000000000e-01 1.04992788275740153e-02 1.40261535373486764e-03
8.62499999999999933e-02 -8.90625000000000000e-01 9.92205589106362994e-03 1.24894719543947627e-03
8.62499999999999933e-02 -8.43750000000000000e-01 9.35136806974350143e-03 1.11197107190689690e-03
8.62499999999999933e-02 -7.96875000000000000e-01 8.79509675335443143e-03 9.91625314655268522e-04
8.62499999999999933e-02 -7.50000000000000000e-01 8.25996484753204960e-03 8.86993205587406131e-04
8.62499999999999933e-02 -7.03125000000000000e-01 7.75141873783691780e-03 7.97101903255138474e-04
8.62499999999999933e-02 -6.56250000000000000e-01 7.27361220944444751e-03 7.20388019648294468e-04
8.62499999999999933e-02 -6.09375000000000000e-01 6.82947650763076394e-03 6.54931521827641517e-04
8.62499999999999933e-02 -5.62500000000000000e-01 6.42085323513246278e-03 5.98992910111578562e-04
8.62499999999999933e-02 -5.15625000000000000e-01 6.04866494827364584e-03 5.51344964354149431e-04
8.62499999999999933e-02 -4.68750000000000000e-01 5.71310079991163913e-03 5.10870272634976843e-04
8.62499999999999933e-02 4.68750000000000000e-01 5.71310079991168250e-03 5.10870272634984432e-04
8.62499999999999933e-02 5.15625000000000000e-01 6.04866494827364584e-03 5.51344964354149431e-04
8.62499999999999933e-02 5.62500000000000000e-01 6.42085323513239513e-03 5.98992910111567612e-04
8.62499999999999933e-02 6.09375000000000000e-01 6.82947650763071016e-03 6.54931521827636421e-04
8.62499999999999933e-02 6.56250000000000000e-01 7.27361220944448654e-03 7.20388019648301081e-04
8.62499999999999933e-02 7.03125000000000000e-01 7.75141873783694469e-03 7.97101903255147148e-04
8.62499999999999933e-02 7.50000000000000000e-01 8.25996484753204960e-03 8.86993205587406131e-04
8.62499999999999933e-02 7.96875000000000000e-01 8.79509675335437592e-03 9.91625314655257030e-04
8.62499999999999933e-02 8.43750000000000000e-01 9.35136806974339561e-03 1.11197107190687803e-03
8.62499999999999933e-02 8.90625000000000000e-01 9.92205589106357616e-03 1.24894719543945892e-03
8.62499999999999933e-02 9.37500000000000000e-01 1.04992788275739806e-02 1.40261535373485203e-03
8.62499999999999933e-02 9.84375000000000000e-01 1.10742197127372665e-02 1.57219144315866527e-03
8.62499999999999933e-02 1.03125000000000000e+00 1.16374390193899595e-02 1.75556271453727614e-03
8.62499999999999933e-02 1.07812500000000000e+00 1.21792486529017554e-02 1.94912864545535524e-03
8.62499999999999933e-02 1.12500000000000000e+00 1.26901043614948243e-02 2.14807796493171827e-03
8.62499999999999933e-02 1.17187500000000000e+00 1.31609721293438862e-02 2.34626386626136246e-03
8.62499999999999933e-02 1.21875000000000000e+00 1.35836306266179808e-02 2.53672788242884518e-03
8.62499999999999933e-02 1.26562500000000000e+00 1.39508860558677505e-02 2.71218068534781996e-03
8.62499999999999933e-02 1.31250000000000000e+00 1.42566933686430700e-02 2.86549305906343013e-03
8.62499999999999933e-02 1.35937500000000000e+00 1.44961942086811145e-02 2.99020379549528670e-03
8.62499999999999933e-02 1.40625000000000000e+00 1.46656936230133532e-02 3.08095388302094325e-03
8.62499999999999933e-02 1.45312500000000000e+00 1.47626030778298528e-02 3.13376695519963604e-03
8.62499999999999933e-02 1.50000000000000000e+00 1.47853769162274249e-02 3.14627607142970844e-03
9.53124999999999944e-02 -1.50000000000000000e+00 1.80642170719449782e-02 6.52799047505808229e-03
9.53124999999999944e-02 -1.45312500000000000e+00 1.80363430044619896e-02 6.50182578743925890e-03
9.53124999999999944e-02 -1.40625000000000000e+00 1.79178218153359312e-02 6.39112856972200768e-03
9.53124999999999944e-02 -1.35937500000000000e+00 1.77105356019662714e-02 6.19978926702413266e-03
9.53124999999999944e-02 -1.31250000000000000e+00 1.74176382416780413e-02 5.93458523412492434e-03
9.53124999999999944e-02 -1.26562500000000000e+00 1.70436355160791739e-02 5.60505853800919059e-03
9.53124999999999944e-02 -1.21875000000000000e+00 1.65944577880173041e-02 5.22365213030243081e-03
9.53124999999999944e-02 -1.17187500000000000e+00 1.60774915734603688e-02 4.80531438913320112e-03
9.53124999999999944e-02 -1.12500000000000000e+00 1.55015357099359142e-02 4.36638601347946742e-03
9.53124999999999944e-02 -1.07812500000000000e+00 1.48766545018074407e-02 3.92303108818672919e-03
9.53124999999999944e-02 -1.03125000000000000e+00 1.42139146625860236e-02 3.49038766205666141e-03
9.53124999999999944e-02 -9.84375000000000000e-01 1.35250132721981553e-02 3.08103397328953832e-03
9.53124999999999944e-02 -9.37500000000000000e-01 1.28218260267664412e-02 2.70411576625542022e-03
9.53124999999999944e-02 -8.90625000000000000e-01 1.21159229541993093e-02 2.36518325556219931e-03
9.53124999999999944e-02 -8.43750000000000000e-01 1.14181071911110561e-02 2.06654933621255388e-03
9.53124999999999944e-02 -7.96875000000000000e-01 1.07380287895022294e-02 1.80760785816561835e-03
9.53124999999999944e-02 -7.50000000000000000e-01 1.00839111561624312e-02 1.58616794729951106e-03
9.53124999999999944e-02 -7.03125000000000000e-01 9.46240721190901891e-03 1.39850089355876453e-03
9.53124999999999944e-02 -6.56250000000000000e-01 8.87858154903468748e-03 1.24065848609532996e-03
9.53124999999999944e-02 -6.09375000000000000e-01 8.33599863741474670e-03 1.10845778813006899e-03
9.53124999999999944e-02 -5.62500000000000000e-01 7.83688797822535040e-03 9.98413407995515489e-04
9.53124999999999944e-02 -5.15625000000000000e-01 7.38235501501561912e-03 9.07092929768501415e-04
9.53124999999999944e-02 -4.68750000000000000e-01 6.97260985920667570e-03 8.31254725183314352e-04
9.53124999999999944e-02 -4.21875000000000000e-01 6.60719211746462441e-03 7.68040132070974056e-04
9.53124999999999944e-02 -3.75000000000000000e-01 6.28517719616700395e-03 7.15529644983326852e-04
9.53124999999999944e-02 -3.28125000000000000e-01 6.00535593436299451e-03 6.72181526137618276e-04
9.53124999999999944e-02 -2.81250000000000000e-01 5.76638452551500591e-03 6.36735492769156244e-04
9.53124999999999944e-02 2.81250000000000000e-01 5.76638452551494086e-03 6.36735492769148871e-04
9.53124999999999944e-02 3.28125000000000000e-01 6.00535593436294854e-03 6.72181526137608084e-04
9.53124999999999944e-02 3.75000000000000000e-01 6.28517719616693889e-03 7.15529644983314275e-04
9.53124999999999944e-02 4.21875000000000000e-01 6.60719211746464263e-03 7.68040132070978827e-04
9.53124999999999944e-02 4.68750000000000000e-01 6.97260985920668958e-03 8.31254725183313051e-04
9.53124999999999944e-02 5.15625000000000000e-01 7.38235501501562173e-03 9.07092929768505427e-04
9.53124999999999944e-02 5.62500000000000000e-01 7.83688797822535040e-03 9.98413407995515489e-04
9.53124999999999944e-02 6.09375000000000000e-01 8.33599863741480394e-03 1.10845778813007767e-03
9.53124999999999944e-02 6.56250000000000000e-01 8.87858154903468748e-03 1.24065848609532996e-03
9.53124999999999944e-02 7.03125000000000000e-01 9.46240721190901891e-03 1.39850089355876453e-03
9.53124999999999944e-02 7.50000000000000000e-01 1.00839111561623548e-02 1.58616794729948048e-03
9.53124999999999944e-02 7.96875000000000000e-01 1.07380287895022294e-02 1.80760785816561835e-03
9.53124999999999944e-02 8.43750000000000000e-01 1.14181071911110561e-02 2.06654933621255388e-03
9.53124999999999944e-02 8.90625000000000000e-01 1.21159229541993093e-02 2.36518325556219931e-03
9.53124999999999944e-02 9.37500000000000000e-01 1.28218260267664846e-02 2.70411576625544103e-03
9.53124999999999944e-02 9.84375000000000000e-01 1.35250132721980530e-02 3.08103397328948845e-03
9.53124999999999944e-02 1.03125000000000000e+00 1.42139146625860253e-02 3.49038766205667442e-03
9.53124999999999944e-02 1.07812500000000000e+00 1.48766545018073747e-02 3.92303108818669449e-03
9.53124999999999944e-02 1.12500000000000000e+00 1.55015357099358639e-02 4.36638601347943706e-03
9.53124999999999944e-02 1.17187500000000000e+00 1.60774915734603688e-02 4.80531438913320112e-03
9.53124999999999944e-02 1.21875000000000000e+00 1.65944577880172625e-02 5.22365213030243601e-03
9.53124999999999944e-02 1.26562500000000000e+00 1.70436355160791947e-02 5.60505853800921747e-03
9.53124999999999944e-02 1.31250000000000000e+00 1.74176382416780413e-02 5.93458523412492434e-03
9.53124999999999944e-02 1.35937500000000000e+00 1.77105356019661847e-02 6.19978926702406154e-03
9.53124999999999944e-02 1.40625000000000000e+00 1.79178218153359346e-02 6.39112856972201028e-03
9.53124999999999944e-02 1.45312500000000000e+00 1.80363430044619896e-02 6.50182578743925890e-03
9.53124999999999944e-02 1.50000000000000000e+00 1.80642170719449782e-02 6.52799047505808229e-03
1.04374999999999996e-01 -1.50000000000000000e+00 2.16739564205134239e-02 1.21789506330859717e-02
1.04374999999999996e-01 -1.45312500000000000e+00 2.16404468063079308e-02 1.21396085231035410e-02
1.04374999999999996e-01 -1.40625000000000000e+00 2.14980829478568884e-02 1.19716407435767318e-02
1.04374999999999996e-01 -1.35937500000000000e+00 2.12491145539685025e-02 1.16750523067620151e-02
1.04374999999999996e-01 -1.31250000000000000e+00 2.08973140508315891e-02 1.12509850527775113e-02
1.04374999999999996e-01 -1.26562500000000000e+00 2.04480760298653974e-02 1.07039224017466440e-02
1.04374999999999996e-01 -1.21875000000000000e+00 1.99085085209378017e-02 1.00449419462315878e-02
1.04374999999999996e-01 -1.17187500000000000e+00 1.92874750424099385e-02 9.29291962362784399e-03
1.04374999999999996e-01 -1.12500000000000000e+00 1.85955454021767587e-02 8.47319832882262834e-03
1.04374999999999996e-01 -1.07812500000000000e+00 1.78448211828845515e-02 7.61699857828177472e-03
1.04374999999999996e-01 -1.03125000000000000e+00 1.70486193839120385e-02 6.75844410332195750e-03
1.04374999999999996e-01 -9.84375000000000000e-01 1.62210226779807357e-02 5.92835449819146664e-03
1.04374999999999996e-01 -9.37500000000000000e-01 1.53763319023572445e-02 5.15317432708164037e-03
1.04374999999999996e-01 -8.90625000000000000e-01 1.45284785092072623e-02 4.45060090958645550e-03
1.04374999999999996e-01 -8.43750000000000000e-01 1.36904651118931638e-02 3.83040521756742441e-03
1.04374999999999996e-01 -7.96875000000000000e-01 1.28738977555674181e-02 3.29462600191017356e-03
1.04374999999999996e-01 -7.50000000000000000e-01 1.20886557571993486e-02 2.83962818015793227e-03
1.04374999999999996e-01 -7.03125000000000000e-01 1.13427196463980265e-02 2.45832056128588317e-03
1.04374999999999996e-01 -6.56250000000000000e-01 1.06421521909809379e-02 2.14163138159460895e-03
1.04374999999999996e-01 -6.09375000000000000e-01 9.99120772429295395e-03 1.88044186069514369e-03
1.04374999999999996e-01 -5.62500000000000000e-01 9.39253401494125582e-03 1.66569527682998127e-03
1.04374999999999996e-01 -5.15625000000000000e-01 8.84742862142163904e-03 1.48963681189976673e-03
1.04374999999999996e-01 -4.68750000000000000e-01 8.35611585373860488e-03 1.34540489957576210e-03
1.04374999999999996e-01 -4.21875000000000000e-01 7.91801819501690429e-03 1.22773520986431840e-03
1.04374999999999996e-01 -3.75000000000000000e-01 7.53200471632800485e-03 1.13205359760228932e-03
1.04374999999999996e-01 -3.28125000000000000e-01 7.19660687813772869e-03 1.05452956331506431e-03
1.04374999999999996e-01 -2.81250000000000000e-01 6.91019826386606723e-03 9.91953007409222169e-04
1.04374999999999996e-01 -2.34375000000000000e-01 6.67113902522642292e-03 9.42038268315108056e-04
1.04374999999999996e-01 -1.87500000000000000e-01 6.47788833264226378e-03 9.03154429456094906e-04
1.04374999999999996e-01 -1.40625000000000000e-01 6.32908929095330614e-03 8.74080758526404183e-04
1.04374999999999996e-01 -9.37500000000000000e-02 6.22363099781934014e-03 8.53917219266544202e-04
1.04374999999999996e-01 -4.68750000000000000e-02 6.16069202961248841e-03 8.42053771022724016e-04
1.04374999999999996e-01 0.00000000000000000e+00 6.13976889098652792e-03 8.38137746599930725e-04
1.04374999999999996e-01 4.68750000000000000e-02 6.16069202961238085e-03 8.42053771022705801e-04
1.04374999999999996e-01 9.37500000000000000e-02 6.22363099781934014e-03 8.53917219266544202e-04
1.04374999999999996e-01 1.40625000000000000e-01 6.32908929095330614e-03 8.74080758526404183e-04
1.04374999999999996e-01 1.87500000000000000e-01 6.47788833264235572e-03 9.03154429456111277e-04
1.04374999999999996e-01 2.34375000000000000e-01 6.67113902522636394e-03 9.42038268315102852e-04
1.04374999999999996e-01 2.81250000000000000e-01 6.91019826386611493e-03 9.91953007409226073e-04
1.04374999999999996e-01 3.28125000000000000e-01 7.19660687813774170e-03 1.05452956331506626e-03
1.04374999999999996e-01 3.75000000000000000e-01 7.53200471632797450e-03 1.13205359760227674e-03
1.04374999999999996e-01 4.21875000000000000e-01 7.91801819501679154e-03 1.22773520986428544e-03
1.04374999999999996e-01 4.68750000000000000e-01 8.35611585373863611e-03 1.34540489957577251e-03
1.04374999999999996e-01 5.15625000000000000e-01 8.84742862142148638e-03 1.48963681189972640e-03
1.04374999999999996e-01 5.62500000000000000e-01 9.39253401494125582e-03 1.66569527682998127e-03
1.04374999999999996e-01 6.09375000000000000e-01 9.99120772429302161e-03 1.88044186069517296e-03
1.04374999999999996e-01 6.56250000000000000e-01 1.06421521909809379e-02 2.14163138159460895e-03
1.04374999999999996e-01 7.03125000000000000e-01 1.13427196463980300e-02 2.45832056128588404e-03
1.04374999999999996e-01 7.50000000000000000e-01 1.20886557571993469e-02 2.83962818015790234e-03
1.04374999999999996e-01 7.96875000000000000e-01 1.28738977555674563e-02 3.29462600191021086e-03
1.04374999999999996e-01 8.43750000000000000e-01 1.36904651118931308e-02 3.83040521756741314e-03
1.04374999999999996e-01 8.90625000000000000e-01 1.45284785092072277e-02 4.45060090958641040e-03
1.04374999999999996e-01 9.37500000000000000e-01 1.53763319023571925e-02 5.15317432708161955e-03
1.04374999999999996e-01 9.84375000000000000e-01 1.62210226779807669e-02 5.92835449819147705e-03
1.04374999999999996e-01 1.03125000000000000e+00 1.70486193839120108e-02 6.75844410332192193e-03
1.04374999999999996e-01 1.07812500000000000e+00 1.78448211828846105e-02 7.61699857828185105e-03
1.04374999999999996e-01 1.12500000000000000e+00 1.85955454021767587e-02 8.47319832882262834e-03
1.04374999999999996e-01 1.17187500000000000e+00 1.92874750424098761e-02 9.29291962362772429e-03
1.04374999999999996e-01 1.21875000000000000e+00 1.99085085209378641e-02 1.00449419462317457e-02
1.04374999999999996e-01 1.26562500000000000e+00 2.04480760298654217e-02 1.07039224017466527e-02
1.04374999999999996e-01 1.31250000000000000e+00 2.08973140508316689e-02 1.12509850527776172e-02
1.04374999999999996e-01 1.35937500000000000e+00 2.12491145539684193e-02 1.16750523067619093e-02
1.04374999999999996e-01 1.40625000000000000e+00 2.14980829478568641e-02 1.19716407435767284e-02
1.04374999999999996e-01 1.45312500000000000e+00 2.16404468063079308e-02 1.21396085231035410e-02
1.04374999999999996e-01 1.50000000000000000e+00 2.16739564205134239e-02 1.21789506330859717e-02
1.13437499999999997e-01 -1.50000000000000000e+00 2.56156217229614735e-02 1.84685279112761710e-02
1.13437499999999997e-01 -1.45312500000000000e+00 2.55759338880522727e-02 1.84503208013439904e-02
1.13437499999999997e-01 -1.40625000000000000e+00 2.54074757575467082e-02 1.83663175058936812e-02
1.13437499999999997e-01 -1.35937500000000000e+00 2.51128950483711019e-02 1.81940936082092206e-02
1.13437499999999997e-01 -1.31250000000000000e+00 2.46966348865068214e-02 1.78983691148192035e-02
1.13437499999999997e-01 -1.26562500000000000e+00 2.41650556464641127e-02 1.74401182913698702e-02
1.13437499999999997e-01 -1.21875000000000000e+00 2.35265481323914498e-02 1.67869302896477141e-02
1.13437499999999997e-01 -1.17187500000000000e+00 2.27915887272260136e-02 1.59225499225105829e-02
1.13437499999999997e-01 -1.12500000000000000e+00 2.19726857013884634e-02 1.48521838661206090e-02
1.13437499999999997e-01 -1.07812500000000000e+00 2.10841751985579064e-02 1.36109433843477449e-02
1.13437499999999997e-01 -1.03125000000000000e+00 2.01418464179070680e-02 1.22531898303218766e-02
1.13437499999999997e-01 -9.84375000000000000e-01 1.91624057109278031e-02 1.08483395385611438e-02
1.13437499999999997e-01 -9.37500000000000000e-01 1.81628223299799343e-02 9.46472002544479669e-03
1.13437499999999997e-01 -8.90625000000000000e-01 1.71596255302924709e-02 8.16181534930481532e-03
1.13437499999999997e-01 -8.43750000000000000e-01 1.61682354412595944e-02 6.98039433114846456e-03
1.13437499999999997e-01 -7.96875000000000000e-01 1.52024045860798037e-02 5.94340948277214103e-03
1.13437499999999997e-01 -7.50000000000000000e-01 1.42738251842182834e-02 5.05600400364061321e-03
1.13437499999999997e-01 -7.03125000000000000e-01 1.33919265291320942e-02 4.31168792315207890e-03
1.13437499999999997e-01 -6.56250000000000000e-01 1.25638557769088034e-02 3.69623650763543704e-03
1.13437499999999997e-01 -6.09375000000000000e-01 1.17946117367679452e-02 3.19243726428207085e-03
1.13437499999999997e-01 -5.62500000000000000e-01 1.10872882958028655e-02 2.78253122244697271e-03
1.13437499999999997e-01 -5.15625000000000000e-01 1.04433816749690180e-02 2.45035975012149968e-03
1.13437499999999997e-01 -4.68750000000000000e-01 9.86312102759693415e-03 2.18175392106185898e-03
1.13437499999999997e-01 -4.21875000000000000e-01 9.34579136247845263e-03 1.96477590955266299e-03
1.13437499999999997e-01 -3.75000000000000000e-01 8.89002825987491620e-03 1.78993431118887433e-03
1.13437499999999997e-01 -3.28125000000000000e-01 8.49407325242933740e-03 1.64946821889475764e-03
1.13437499999999997e-01 -2.81250000000000000e-01 8.15598604018208384e-03 1.53750431873015390e-03
1.13437499999999997e-01 -2.34375000000000000e-01 7.87381468650365582e-03 1.44953365722566238e-03
1.13437499999999997e-01 -1.87500000000000000e-01 7.64572786300490512e-03 1.38186875967684646e-03
1.13437499999999997e-01 -1.40625000000000000e-01 7.47011453814112360e-03 1.33176611162401435e-03
1.13437499999999997e-01 -9.37500000000000000e-02 7.34565671618234682e-03 1.29727575028606122e-03
1.13437499999999997e-01 -4.68750000000000000e-02 7.27138033576726385e-03 1.27708388793808009e-03
1.13437499999999997e-01 0.00000000000000000e+00 7.24668853043007252e-03 1.27043525144208210e-03
1.13437499999999997e-01 4.68750000000000000e-02 7.27138033576726732e-03 1.27708388793807575e-03
1.13437499999999997e-01 9.37500000000000000e-02 7.34565671618251856e-03 1.29727575028611240e-03
1.13437499999999997e-01 1.40625000000000000e-01 7.47011453814103599e-03 1.33176611162400156e-03
1.13437499999999997e-01 1.87500000000000000e-01 7.64572786300490338e-03 1.38186875967684125e-03
1.13437499999999997e-01 2.34375000000000000e-01 7.87381468650361939e-03 1.44953365722564503e-03
1.13437499999999997e-01 2.81250000000000000e-01 8.15598604018208384e-03 1.53750431873015390e-03
1.13437499999999997e-01 3.28125000000000000e-01 8.49407325242933914e-03 1.64946821889475829e-03
1.13437499999999997e-01 3.75000000000000000e-01 8.89002825987480517e-03 1.78993431118883509e-03
1.13437499999999997e-01 4.21875000000000000e-01 9.34579136247848385e-03 1.96477590955267773e-03
1.13437499999999997e-01 4.68750000000000000e-01 9.86312102759688905e-03 2.18175392106182385e-03
1.13437499999999997e-01 5.15625000000000000e-01 1.04433816749689521e-02 2.45035975012147193e-03
1.13437499999999997e-01 5.62500000000000000e-01 1.10872882958028152e-02 2.78253122244694756e-03
1.13437499999999997e-01 6.09375000000000000e-01 1.17946117367679487e-02 3.19243726428205090e-03
1.13437499999999997e-01 6.56250000000000000e-01 1.25638557769089127e-02 3.69623650763550296e-03
1.13437499999999997e-01 7.03125000000000000e-01 1.33919265291320387e-02 4.31168792315204160e-03
1.13437499999999997e-01 7.50000000000000000e-01 1.42738251842183198e-02 5.05600400364062882e-03
1.13437499999999997e-01 7.96875000000000000e-01 1.52024045860798037e-02 5.94340948277214103e-03
1.13437499999999997e-01 8.43750000000000000e-01 1.61682354412595944e-02 6.98039433114846456e-03
1.13437499999999997e-01 8.90625000000000000e-01 1.71596255302924328e-02 8.16181534930479624e-03
1.13437499999999997e-01 9.37500000000000000e-01 1.81628223299799309e-02 9.46472002544479669e-03
1.13437499999999997e-01 9.84375000000000000e-01 1.91624057109278691e-02 1.08483395385612878e-02
1.13437499999999997e-01 1.03125000000000000e+00 2.01418464179070611e-02 1.22531898303218315e-02
1.13437499999999997e-01 1.07812500000000000e+00 2.10841751985578300e-02 1.36109433843476218e-02
1.13437499999999997e-01 1.12500000000000000e+00 2.19726857013884634e-02 1.48521838661206090e-02
1.13437499999999997e-01 1.17187500000000000e+00 2.27915887272260170e-02 1.59225499225105309e-02
1.13437499999999997e-01 1.21875000000000000e+00 2.35265481323914186e-02 1.67869302896476516e-02
1.13437499999999997e-01 1.26562500000000000e+00 2.41650556464641092e-02 1.74401182913698702e-02
1.13437499999999997e-01 1.31250000000000000e+00 2.46966348865068179e-02 1.78983691148192035e-02
1.13437499999999997e-01 1.35937500000000000e+00 2.51128950483711054e-02 1.81940936082093385e-02
1.13437499999999997e-01 1.40625000000000000e+00 2.54074757575467117e-02 1.83663175058936846e-02
1.13437499999999997e-01 1.45312500000000000e+00 2.55759338880522692e-02 1.84503208013439279e-02
1.13437499999999997e-01 1.50000000000000000e+00 2.56156217229614735e-02 1.84685279112761710e-02
1.22499999999999998e-01 -1.50000000000000000e+00 2.98903355111356447e-02 1.87989092384866358e-02
1.22499999999999998e-01 -1.45312500000000000e+00 2.98439188097754417e-02 1.88897302010754171e-02
1.22499999999999998e-01 -1.40625000000000000e+00 2.96470924014570723e-02 1.92597852531335607e-02
1.22499999999999998e-01 -1.35937500000000000e+00 2.93029315239679393e-02 1.98474604256423867e-02
1.22499999999999998e-01 -1.31250000000000000e+00 2.88166009421510216e-02 2.05486884547125825e-02
1.22499999999999998e-01 -1.26562500000000000e+00 2.81955026110781923e-02 2.12260184501849199e-02
1.22499999999999998e-01 -1.21875000000000000e+00 2.74494145342455940e-02 2.17248849093135341e-02
1.22499999999999998e-01 -1.17187500000000000e+00 2.65905621137995964e-02 2.18953298123636328e-02
1.22499999999999998e-01 -1.12500000000000000e+00 2.56335612463785174e-02 2.16225048281428675e-02
1.22499999999999998e-01 -1.07812500000000000e+00 2.45951831835976784e-02 2.08543377948457349e-02
1.22499999999999998e-01 -1.03125000000000000e+00 2.34939160228921848e-02 1.96094475504982602e-02
1.22499999999999998e-01 -9.84375000000000000e-01 2.23493337930232606e-02 1.79804031893148336e-02
1.22499999999999998e-01 -9.37500000000000000e-01 2.11813238182389819e-02 1.61033373127530306e-02
1.22499999999999998e-01 -8.90625000000000000e-01 2.00092556054861162e-02 1.41308712271371421e-02
1.22499999999999998e-01 -8.43750000000000000e-01 1.88511898689397231e-02 1.22004911759290100e-02
1.22499999999999998e-01 -7.96875000000000000e-01 1.77232195724001951e-02 1.04124730067074352e-02
1.22499999999999998e-01 -7.50000000000000000e-01 1.66390085464208325e-02 8.82799781002586645e-03
1.22499999999999998e-01 -7.03125000000000000e-01 1.56095560448148429e-02 7.46953878619896049e-03
1.22499999999999998e-01 -6.56250000000000000e-01 1.46431784967585420e-02 6.33342430641021300e-03
1.22499999999999998e-01 -6.09375000000000000e-01 1.37456715183985525e-02 5.39983514440079207e-03
1.22499999999999998e-01 -5.62500000000000000e-01 1.29206001573339731e-02 4.64163286232837074e-03
1.22499999999999998e-01 -5.15625000000000000e-01 1.21696628731865555e-02 4.03030761422518841e-03
1.22499999999999998e-01 -4.68750000000000000e-01 1.14930814449341924e-02 3.53970739612363087e-03
1.22499999999999998e-01 -4.21875000000000000e-01 1.08899804750429464e-02 3.14686469163298881e-03
1.22499999999999998e-01 -3.75000000000000000e-01 1.03587326846547641e-02 2.83331845911425186e-03
1.22499999999999998e-01 -3.28125000000000000e-01 9.89725730842315465e-03 2.58384762854939158e-03
1.22499999999999998e-01 -2.81250000000000000e-01 9.50326744232262918e-03 2.38654502796799978e-03
1.22499999999999998e-01 -2.34375000000000000e-01 9.17446796949049868e-03 2.23239516201426602e-03
1.22499999999999998e-01 -1.87500000000000000e-01 8.90870903339399146e-03 2.11440360215719167e-03
1.22499999999999998e-01 -1.40625000000000000e-01 8.70410150838193085e-03 2.02739597060528406e-03
1.22499999999999998e-01 -9.37500000000000000e-02 8.55910110805181180e-03 1.96768012612284250e-03
1.22499999999999998e-01 -4.68750000000000000e-02 8.47256714928614277e-03 1.93278803104127931e-03
1.22499999999999998e-01 0.00000000000000000e+00 8.44380090388137904e-03 1.92131044423016640e-03
1.22499999999999998e-01 4.68750000000000000e-02 8.47256714928618267e-03 1.93278803104130403e-03
1.22499999999999998e-01 9.37500000000000000e-02 8.55910110805181180e-03 1.96768012612284250e-03
1.22499999999999998e-01 1.40625000000000000e-01 8.70410150838196901e-03 2.02739597060529490e-03
1.22499999999999998e-01 1.87500000000000000e-01 8.90870903339394983e-03 2.11440360215715785e-03
1.22499999999999998e-01 2.34375000000000000e-01 9.17446796949043970e-03 2.23239516201423436e-03
1.22499999999999998e-01 2.81250000000000000e-01 9.50326744232258235e-03 2.38654502796799414e-03
1.22499999999999998e-01 3.28125000000000000e-01 9.89725730842318761e-03 2.58384762854940112e-03
1.22499999999999998e-01 3.75000000000000000e-01 1.03587326846547659e-02 2.83331845911424362e-03
1.22499999999999998e-01 4.21875000000000000e-01 1.08899804750429464e-02 3.14686469163298881e-03
1.22499999999999998e-01 4.68750000000000000e-01 1.14930814449342236e-02 3.53970739612366816e-03
1.22499999999999998e-01 5.15625000000000000e-01 1.21696628731864862e-02 4.03030761422511728e-03
1.22499999999999998e-01 5.62500000000000000e-01 1.29206001573340026e-02 4.64163286232838462e-03
1.22499999999999998e-01 6.09375000000000000e-01 1.37456715183985560e-02 5.39983514440077125e-03
1.22499999999999998e-01 6.56250000000000000e-01 1.46431784967585125e-02 6.33342430641015315e-03
1.22499999999999998e-01 7.03125000000000000e-01 1.56095560448148811e-02 7.46953878619908800e-03
1.22499999999999998e-01 7.50000000000000000e-01 1.66390085464208151e-02 8.82799781002582655e-03
1.22499999999999998e-01 7.96875000000000000e-01 1.77232195724001673e-02 1.04124730067074543e-02
1.22499999999999998e-01 8.43750000000000000e-01 1.88511898689397613e-02 1.22004911759290274e-02
1.22499999999999998e-01 8.90625000000000000e-01 2.00092556054861162e-02 1.41308712271371421e-02
1.22499999999999998e-01 9.37500000000000000e-01 2.11813238182389230e-02 1.61033373127530167e-02
1.22499999999999998e-01 9.84375000000000000e-01 2.23493337930232329e-02 1.79804031893145734e-02
1.22499999999999998e-01 1.03125000000000000e+00 2.34939160228921952e-02 1.96094475504984718e-02
1.22499999999999998e-01 1.07812500000000000e+00 2.45951831835978692e-02 2.08543377948458772e-02
1.22499999999999998e-01 1.12500000000000000e+00 2.56335612463786007e-02 2.16225048281428120e-02
1.22499999999999998e-01 1.17187500000000000e+00 2.65905621137995964e-02 2.18953298123636328e-02
1.22499999999999998e-01 1.21875000000000000e+00 2.74494145342456287e-02 2.17248849093136347e-02
1.22499999999999998e-01 1.26562500000000000e+00 2.81955026110782998e-02 2.12260184501848713e-02
1.22499999999999998e-01 1.31250000000000000e+00 2.88166009421509280e-02 2.05486884547127040e-02
1.22499999999999998e-01 1.35937500000000000e+00 2.93029315239679670e-02 1.98474604256424700e-02
1.22499999999999998e-01 1.40625000000000000e+00 2.96470924014570723e-02 1.92597852531335607e-02
1.22499999999999998e-01 1.45312500000000000e+00 2.98439188097754417e-02 1.88897302010754171e-02
1.22499999999999998e-01 1.50000000000000000e+00 2.98903355111356447e-02 1.87989092384866358e-02
1.31562499999999999e-01 -1.50000000000000000e+00 3.44993167460550809e-02 4.66472336518045094e-03
1.31562499999999999e-01 -1.45312500000000000e+00 3.44456119605870137e-02 4.91857226460553493e-03
1.31562499999999999e-01 -1.40625000000000000e+00 3.42181191718262528e-02 5.98627174509870370e-03
1.31562499999999999e-01 -1.35937500000000000e+00 3.38203696466796919e-02 7.81929621438136845e-03
1.31562499999999999e-01 -1.31250000000000000e+00 3.32582993416091974e-02 1.03182882456872554e-02
1.31562499999999999e-01 -1.26562500000000000e+00 3.25404262245790818e-02 1.33144126969571928e-02
1.31562499999999999e-01 -1.21875000000000000e+00 3.16780190896979452e-02 1.65564516442244201e-02
1.31562499999999999e-01 -1.17187500000000000e+00 3.06851887515539393e-02 1.97173556507594869e-02
1.31562499999999999e-01 -1.12500000000000000e+00 2.95788296677770082e-02 2.24336945488319145e-02
1.31562499999999999e-01 -1.07812500000000000e+00 2.83783522974383716e-02 2.43671109900338648e-02
1.31562499999999999e-01 -1.03125000000000000e+00 2.71051755964001884e-02 2.52861747551607445e-02
1.31562499999999999e-01 -9.84375000000000000e-01 2.57819918038221310e-02 2.51170283067486677e-02
1.31562499999999999e-01 -9.37500000000000000e-01 2.44318630408368910e-02 2.39647445141321150e-02
1.31562499999999999e-01 -8.90625000000000000e-01 2.30772482333314252e-02 2.20648927780428203e-02
1.31562499999999999e-01 -8.43750000000000000e-01 2.17390772993093055e-02 1.97176813214400906e-02
1.31562499999999999e-01 -7.96875000000000000e-01 2.04359814168039271e-02 1.72142991675873699e-02
1.31562499999999999e-01 -7.50000000000000000e-01 1.91837565811585654e-02 1.47808700058561070e-02
1.31562499999999999e-01 -7.03125000000000000e-01 1.79950931900257557e-02 1.25642320823284928e-02
1.31562499999999999e-01 -6.56250000000000000e-01 1.68795603107520717e-02 1.06370317232649999e-02
1.31562499999999999e-01 -6.09375000000000000e-01 1.58438001412946339e-02 9.01460728638558625e-03
1.31562499999999999e-01 -5.62500000000000000e-01 1.48918708145423431e-02 7.67969321902949205e-03
1.31562499999999999e-01 -5.15625000000000000e-01 1.40256733299455993e-02 6.59741594952315165e-03
1.31562499999999999e-01 -4.68750000000000000e-01 1.32454067368682205e-02 5.72849319995964203e-03
1.31562499999999999e-01 -4.21875000000000000e-01 1.25500094837767123e-02 5.03497558349507400e-03
1.31562499999999999e-01 -3.75000000000000000e-01 1.19375596610408162e-02 4.48402568148894513e-03
1.31562499999999999e-01 -3.28125000000000000e-01 1.14056198652715580e-02 4.04830096154590053e-03
1.31562499999999999e-01 -2.81250000000000000e-01 1.09515223076488595e-02 3.70586105419934376e-03
1.31562499999999999e-01 -2.34375000000000000e-01 1.05725964010729111e-02 3.43998200579317482e-03
1.31562499999999999e-01 -1.87500000000000000e-01 1.02663448380808618e-02 3.23764377733416070e-03
1.31562499999999999e-01 -1.40625000000000000e-01 1.00305757956859094e-02 3.08916352963068417e-03
1.31562499999999999e-01 -9.37500000000000000e-02 9.86349905180228942e-03 2.98763251724517079e-03
1.31562499999999999e-01 -4.68750000000000000e-02 9.76379302709395880e-03 2.92846342322984491e-03
1.31562499999999999e-01 0.00000000000000000e+00 9.73064847851439624e-03 2.90902626130119238e-03
1.31562499999999999e-01 4.68750000000000000e-02 9.76379302709399696e-03 2.92846342322988047e-03
1.31562499999999999e-01 9.37500000000000000e-02 9.86349905180228942e-03 2.98763251724517079e-03
1.31562499999999999e-01 1.40625000000000000e-01 1.00305757956859094e-02 3.08916352963068417e-03
1.31562499999999999e-01 1.87500000000000000e-01 1.02663448380808184e-02 3.23764377733412167e-03
1.31562499999999999e-01 2.34375000000000000e-01 1.05725964010728764e-02 3.43998200579316224e-03
1.31562499999999999e-01 2.81250000000000000e-01 1.09515223076488630e-02 3.70586105419935894e-03
1.31562499999999999e-01 3.28125000000000000e-01 1.14056198652715580e-02 4.04830096154590053e-03
1.31562499999999999e-01 3.75000000000000000e-01 1.19375596610407711e-02 4.48402568148890783e-03
1.31562499999999999e-01 4.21875000000000000e-01 1.25500094837767608e-02 5.03497558349511563e-03
1.31562499999999999e-01 4.68750000000000000e-01 1.32454067368682187e-02 5.72849319995960213e-03
1.31562499999999999e-01 5.15625000000000000e-01 1.40256733299457346e-02 6.59741594952332339e-03
1.31562499999999999e-01 5.62500000000000000e-01 1.48918708145423188e-02 7.67969321902950159e-03
1.31562499999999999e-01 6.09375000000000000e-01 1.58438001412945645e-02 9.01460728638544574e-03
1.31562499999999999e-01 6.56250000000000000e-01 1.68795603107520752e-02 1.06370317232650381e-02
1.31562499999999999e-01 7.03125000000000000e-01 1.79950931900256586e-02 1.25642320823283419e-02
1.31562499999999999e-01 7.50000000000000000e-01 1.91837565811584371e-02 1.47808700058559752e-02
1.31562499999999999e-01 7.96875000000000000e-01 2.04359814168038785e-02 1.72142991675872277e-02
1.31562499999999999e-01 8.43750000000000000e-01 2.17390772993092778e-02 1.97176813214400767e-02
1.31562499999999999e-01 8.90625000000000000e-01 2.30772482333313350e-02 2.20648927780428272e-02
1.31562499999999999e-01 9.37500000000000000e-01 2.44318630408368945e-02 2.39647445141323752e-02
1.31562499999999999e-01 9.84375000000000000e-01 2.57819918038221310e-02 2.51170283067486677e-02
1.31562499999999999e-01 1.03125000000000000e+00 2.71051755964001363e-02 2.52861747551608382e-02
1.31562499999999999e-01 1.07812500000000000e+00 2.83783522974383681e-02 2.43671109900338682e-02
1.31562499999999999e-01 1.12500000000000000e+00 2.95788296677769492e-02 2.24336945488320776e-02
1.31562499999999999e-01 1.17187500000000000e+00 3.06851887515539393e-02 1.97173556507594869e-02
1.31562499999999999e-01 1.21875000000000000e+00 3.16780190896979105e-02 1.65564516442244306e-02
1.31562499999999999e-01 1.26562500000000000e+00 3.25404262245790610e-02 1.33144126969573263e-02
1.31562499999999999e-01 1.31250000000000000e+00 3.32582993416093431e-02 1.03182882456866309e-02
1.31562499999999999e-01 1.35937500000000000e+00 3.38203696466796919e-02 7.81929621438136845e-03
1.31562499999999999e-01 1.40625000000000000e+00 3.42181191718262320e-02 5.98627174509881125e-03
1.31562499999999999e-01 1.45312500000000000e+00 3.44456119605870345e-02 4.91857226460545600e-03
1.31562499999999999e-01 1.50000000000000000e+00 3.44993167460550809e-02 4.66472336518045094e-03
1.40625000000000000e-01 -1.50000000000000000e+00 3.94438815255892458e-02 -2.02267289379673768e-02
1.40625000000000000e-01 -1.45312500000000000e+00 3.93823202835581199e-02 -1.99717013470898617e-02
1.40625000000000000e-01 -1.40625000000000000e+00 3.91218372679938212e-02 -1.88635550982933706e-02
1.40625000000000000e-01 -1.35937500000000000e+00 3.86664471463496057e-02 -1.68196796804093197e-02
1.40625000000000000e-01 -1.31250000000000000e+00 3.80229050398914886e-02 -1.37250773693075815e-02
1.40625000000000000e-01 -1.26562500000000000e+00 3.72009177834899465e-02 -9.48864187141800798e-03
1.40625000000000000e-01 -1.21875000000000000e+00 3.62133475424254378e-02 -4.11959210450918781e-03
1.40625000000000000e-01 -1.17187500000000000e+00 3.50763271000918211e-02 2.19513928513650992e-03
1.40625000000000000e-01 -1.12500000000000000e+00 3.38092022687915203e-02 9.03184586344104971e-03
1.40625000000000000e-01 -1.07812500000000000e+00 3.24342306589487581e-02 1.57547789937147638e-02
1.40625000000000000e-01 -1.03125000000000000e+00 3.09759998042793520e-02 2.16275904004142698e-02
1.40625000000000000e-01 -9.84375000000000000e-01 2.94605778788446272e-02 2.59984908031330071e-02
1.40625000000000000e-01 -9.37500000000000000e-01 2.79144663206447839e-02 2.84796221457583286e-02
1.40625000000000000e-01 -8.90625000000000000e-01 2.63634700474111340e-02 2.90447340963264980e-02
1.40625000000000000e-01 -8.43750000000000000e-01 2.48316228978745779e-02 2.79885989079575459e-02
1.40625000000000000e-01 -7.96875000000000000e-01 2.33402961929681449e-02 2.57972476291602297e-02
1.40625000000000000e-01 -7.50000000000000000e-01 2.19075806153123907e-02 2.29947374510043046e-02
1.40625000000000000e-01 -7.03125000000000000e-01 2.05479788058686476e-02 2.00204840316259638e-02
1.40625000000000000e-01 -6.56250000000000000e-01 1.92723941016603624e-02 1.71768879288744271e-02
1.40625000000000000e-01 -6.09375000000000000e-01 1.80883622041097814e-02 1.46346991426114827e-02
1.40625000000000000e-01 -5.62500000000000000e-01 1.70004528119412322e-02 1.24613890729829493e-02
1.40625000000000000e-01 -5.15625000000000000e-01 1.60107661730355746e-02 1.06570499732816047e-02
1.40625000000000000e-01 -4.68750000000000000e-01 1.51194598305423953e-02 9.18902287124608030e-03
1.40625000000000000e-01 -4.21875000000000000e-01 1.43252572769012373e-02 8.00958412259677316e-03
1.40625000000000000e-01 -3.75000000000000000e-01 1.36259076052031719e-02 7.07075906259859322e-03
1.40625000000000000e-01 -3.28125000000000000e-01 1.30185803162100357e-02 6.32894475033273386e-03
1.40625000000000000e-01 -2.81250000000000000e-01 1.25001907850892241e-02 5.74757330559743165e-03
1.40625000000000000e-01 -2.34375000000000000e-01 1.20676593862901142e-02 5.29756777174556718e-03
1.40625000000000000e-01 -1.87500000000000000e-01 1.17181114887267897e-02 4.95625943993281345e-03
1.40625000000000000e-01 -1.40625000000000000e-01 1.14490272847443553e-02 4.70659139064577136e-03
1.40625000000000000e-01 -9.37500000000000000e-02 1.12583504984121851e-02 4.53632079004163014e-03
1.40625000000000000e-01 -4.68750000000000000e-02 1.11445640735170579e-02 4.43727968618138138e-03
1.40625000000000000e-01 0.00000000000000000e+00 1.11067394280642637e-02 4.40477572446524353e-03
1.40625000000000000e-01 4.68750000000000000e-02 1.11445640735170041e-02 4.43727968618132414e-03
1.40625000000000000e-01 9.37500000000000000e-02 1.12583504984122233e-02 4.53632079004166744e-03
1.40625000000000000e-01 1.40625000000000000e-01 1.14490272847443918e-02 4.70659139064580692e-03
1.40625000000000000e-01 1.87500000000000000e-01 1.17181114887267880e-02 4.95625943993284728e-03
1.40625000000000000e-01 2.34375000000000000e-01 1.20676593862901159e-02 5.29756777174556805e-03
1.40625000000000000e-01 2.81250000000000000e-01 1.25001907850892120e-02 5.74757330559740390e-03
1.40625000000000000e-01 3.28125000000000000e-01 1.30185803162101155e-02 6.32894475033282753e-03
1.40625000000000000e-01 3.75000000000000000e-01 1.36259076052030904e-02 7.07075906259854291e-03
1.40625000000000000e-01 4.21875000000000000e-01 1.43252572769012355e-02 8.00958412259676969e-03
1.40625000000000000e-01 4.68750000000000000e-01 1.51194598305423172e-02 9.18902287124595714e-03
1.40625000000000000e-01 5.15625000000000000e-01 1.60107661730355746e-02 1.06570499732816047e-02
1.40625000000000000e-01 5.62500000000000000e-01 1.70004528119412010e-02 1.24613890729827967e-02
1.40625000000000000e-01 6.09375000000000000e-01 1.80883622041096807e-02 1.46346991426113578e-02
1.40625000000000000e-01 6.56250000000000000e-01 1.92723941016604040e-02 1.71768879288745138e-02
1.40625000000000000e-01 7.03125000000000000e-01 2.05479788058686164e-02 2.00204840316259465e-02
1.40625000000000000e-01 7.50000000000000000e-01 2.19075806153123352e-02 2.29947374510040409e-02
1.40625000000000000e-01 7.96875000000000000e-01 2.33402961929681414e-02 2.57972476291602297e-02
1.40625000000000000e-01 8.43750000000000000e-01 2.48316228978745085e-02 2.79885989079574800e-02
1.40625000000000000e-01 8.90625000000000000e-01 2.63634700474112589e-02 2.90447340963266229e-02
1.40625000000000000e-01 9.37500000000000000e-01 2.79144663206447874e-02 2.84796221457583182e-02
1.40625000000000000e-01 9.84375000000000000e-01 2.94605778788445960e-02 2.59984908031331043e-02
1.40625000000000000e-01 1.03125000000000000e+00 3.09759998042793902e-02 2.16275904004141310e-02
1.40625000000000000e-01 1.07812500000000000e+00 3.24342306589487581e-02 1.57547789937147638e-02
1.40625000000000000e-01 1.12500000000000000e+00 3.38092022687916105e-02 9.03184586344059522e-03
1.40625000000000000e-01 1.17187500000000000e+00 3.50763271000916962e-02 2.19513928513722116e-03
1.40625000000000000e-01 1.21875000000000000e+00 3.62133475424254725e-02 -4.11959210450936995e-03
1.40625000000000000e-01 1.26562500000000000e+00 3.72009177834899327e-02 -9.48864187141785879e-03
1.40625000000000000e-01 1.31250000000000000e+00 3.80229050398913984e-02 -1.37250773693072137e-02
1.40625000000000000e-01 1.35937500000000000e+00 3.86664471463497444e-02 -1.68196796804100310e-02
1.40625000000000000e-01 1.40625000000000000e+00 3.91218372679938767e-02 -1.88635550982936967e-02
1.40625000000000000e-01 1.45312500000000000e+00 3.93823202835581199e-02 -1.99717013470898617e-02
1.40625000000000000e-01 1.50000000000000000e+00 3.94438815255892458e-02 -2.02267289379673768e-02
1.49687500000000001e-01 -1.50000000000000000e+00 4.47254438399718804e-02 -3.47681109978773342e-02
1.49687500000000001e-01 -1.45312500000000000e+00 4.46554480506319504e-02 -3.47845127140417876e-02
1.49687500000000001e-01 -1.40625000000000000e+00 4.43596236243206030e-02 -3.48071189526113420e-02
1.49687500000000001e-01 -1.35937500000000000e+00 4.38424947183345542e-02 -3.46591191246165276e-02
1.49687500000000001e-01 -1.31250000000000000e+00 4.31116817984181638e-02 -3.40238388661218694e-02
1.49687500000000001e-01 -1.26562500000000000e+00 4.21781516024620079e-02 -3.24552450904152176e-02
1.49687500000000001e-01 -1.21875000000000000e+00 4.10564610315376707e-02 -2.94265781487528660e-02
1.49687500000000001e-01 -1.17187500000000000e+00 3.97649014574851870e-02 -2.44492433395813308e-02
1.49687500000000001e-01 -1.12500000000000000e+00 3.83254447740529608e-02 -1.72762099503004606e-02
1.49687500000000001e-01 -1.07812500000000000e+00 3.67634078262982569e-02 -8.09950308990459861e-03
1.49687500000000001e-01 -1.03125000000000000e+00 3.51067907245638730e-02 2.31900650723574795e-03
1.49687500000000001e-01 -9.84375000000000000e-01 3.33853031892022908e-02 1.27500446972577085e-02
1.49687500000000001e-01 -9.37500000000000000e-01 3.16291590633085706e-02 2.18225372226367210e-02
1.49687500000000001e-01 -8.90625000000000000e-01 2.98677739651351144e-02 2.84493497719667428e-02
1.49687500000000001e-01 -8.43750000000000000e-01 2.81285270461063622e-02 3.21426505103579521e-02
1.49687500000000001e-01 -7.96875000000000000e-01 2.64357362090295346e-02 3.30623044213080863e-02
1.49687500000000001e-01 -7.50000000000000000e-01 2.48099514324389772e-02 3.18257595405225108e-02
1.49687500000000001e-01 -7.03125000000000000e-01 2.32676085261696100e-02 2.92224377092195134e-02
1.49687500000000001e-01 -6.56250000000000000e-01 2.18210247562403703e-02 2.59791400032274196e-02
1.49687500000000001e-01 -6.09375000000000000e-01 2.04786730742466533e-02 2.26330795425779413e-02
1.49687500000000001e-01 -5.62500000000000000e-01 1.92456494334066718e-02 1.95109556576817805e-02
1.49687500000000001e-01 -5.15625000000000000e-01 1.81242461136794063e-02 1.67726770233772131e-02
1.49687500000000001e-01 -4.68750000000000000e-01 1.71145566611946402e-02 1.44652547943961672e-02
1.49687500000000001e-01 -4.21875000000000000e-01 1.62150575129943741e-02 1.25701018908325433e-02
1.49687500000000001e-01 -3.75000000000000000e-01 1.54231316111888561e-02 1.10419091929683296e-02
1.49687500000000001e-01 -3.28125000000000000e-01 1.47355166386644604e-02 9.82543453366461171e-03
1.49687500000000001e-01 -2.81250000000000000e-01 1.41486734049706651e-02 8.86895305743929004e-03
1.49687500000000001e-01 -2.34375000000000000e-01 1.36590783225658957e-02 8.12782081267307728e-03
1.49687500000000001e-01 -1.87500000000000000e-01 1.32634485606046709e-02 7.56584412807252173e-03
1.49687500000000001e-01 -1.40625000000000000e-01 1.29589103192823268e-02 7.15516516639429136e-03
1.49687500000000001e-01 -9.37500000000000000e-02 1.27431206541401189e-02 6.87544213911830179e-03
1.49687500000000001e-01 -4.68750000000000000e-02 1.26143521309586143e-02 6.71289050975056381e-03
1.49687500000000001e-01 0.00000000000000000e+00 1.25715478260734169e-02 6.65957373777817906e-03
1.49687500000000001e-01 4.68750000000000000e-02 1.26143521309585206e-02 6.71289050975045366e-03
1.49687500000000001e-01 9.37500000000000000e-02 1.27431206541400912e-02 6.87544213911828357e-03
1.49687500000000001e-01 1.40625000000000000e-01 1.29589103192823268e-02 7.15516516639429136e-03
1.49687500000000001e-01 1.87500000000000000e-01 1.32634485606046224e-02 7.56584412807248790e-03
1.49687500000000001e-01 2.34375000000000000e-01 1.36590783225658628e-02 8.12782081267302697e-03
1.49687500000000001e-01 2.81250000000000000e-01 1.41486734049707276e-02 8.86895305743933340e-03
1.49687500000000001e-01 3.28125000000000000e-01 1.47355166386644119e-02 9.82543453366450069e-03
1.49687500000000001e-01 3.75000000000000000e-01 1.54231316111889047e-02 1.10419091929684840e-02
1.49687500000000001e-01 4.21875000000000000e-01 1.62150575129944192e-02 1.25701018908326197e-02
1.49687500000000001e-01 4.68750000000000000e-01 1.71145566611945951e-02 1.44652547943960302e-02
1.49687500000000001e-01 5.15625000000000000e-01 1.81242461136794791e-02 1.67726770233772166e-02
1.49687500000000001e-01 5.62500000000000000e-01 1.92456494334066926e-02 1.95109556576818638e-02
1.49687500000000001e-01 6.09375000000000000e-01 2.04786730742465492e-02 2.26330795425776325e-02
1.49687500000000001e-01 6.56250000000000000e-01 2.18210247562403703e-02 2.59791400032274196e-02
1.49687500000000001e-01 7.03125000000000000e-01 2.32676085261696516e-02 2.92224377092194093e-02
1.49687500000000001e-01 7.50000000000000000e-01 2.48099514324389044e-02 3.18257595405225732e-02
1.49687500000000001e-01 7.96875000000000000e-01 2.64357362090295346e-02 3.30623044213080863e-02
1.49687500000000001e-01 8.43750000000000000e-01 2.81285270461063587e-02 3.21426505103579729e-02
1.49687500000000001e-01 8.90625000000000000e-01 2.98677739651351214e-02 2.84493497719668191e-02
1.49687500000000001e-01 9.37500000000000000e-01 3.16291590633085706e-02 2.18225372226367210e-02
1.49687500000000001e-01 9.84375000000000000e-01 3.33853031892023186e-02 1.27500446972575524e-02
1.49687500000000001e-01 1.03125000000000000e+00 3.51067907245638522e-02 2.31900650723587372e-03
1.49687500000000001e-01 1.07812500000000000e+00 3.67634078262982916e-02 -8.09950308990488310e-03
1.49687500000000001e-01 1.12500000000000000e+00 3.83254447740528845e-02 -1.72762099503001622e-02
1.49687500000000001e-01 1.17187500000000000e+00 3.97649014574852216e-02 -2.44492433395814245e-02
1.49687500000000001e-01 1.21875000000000000e+00 4.10564610315376777e-02 -2.94265781487528660e-02
1.49687500000000001e-01 1.26562500000000000e+00 4.21781516024621814e-02 -3.24552450904156617e-02
1.49687500000000001e-01 1.31250000000000000e+00 4.31116817984182055e-02 -3.40238388661215224e-02
1.49687500000000001e-01 1.35937500000000000e+00 4.38424947183345681e-02 -3.46591191246169369e-02
1.49687500000000001e-01 1.40625000000000000e+00 4.43596236243206377e-02 -3.48071189526111616e-02
1.49687500000000001e-01 1.45312500000000000e+00 4.46554480506319920e-02 -3.47845127140415100e-02
1.49687500000000001e-01 1.50000000000000000e+00 4.47254438399718804e-02 -3.47681109978773342e-02
1.58750000000000002e-01 -1.50000000000000000e+00 5.03455163734745359e-02 -2.71578158614294470e-02
1.58750000000000002e-01 -1.45312500000000000e+00 5.02664976860466642e-02 -2.74073500804698916e-02
1.58750000000000002e-01 -1.40625000000000000e+00 4.99329517932080233e-02 -2.84551324669823393e-02
1.58750000000000002e-01 -1.35937500000000000e+00 4.93499369898965784e-02 -3.02519304266893330e-02
1.58750000000000002e-01 -1.31250000000000000e+00 4.85259832358960128e-02 -3.26635168070406670e-02
1.58750000000000002e-01 -1.26562500000000000e+00 4.74733861216106029e-02 -3.53901431897298349e-02
1.58750000000000002e-01 -1.21875000000000000e+00 4.62084971958138316e-02 -3.78795376065347716e-02
1.58750000000000002e-01 -1.17187500000000000e+00 4.47519029742687938e-02 -3.92705936182227919e-02
1.58750000000000002e-01 -1.12500000000000000e+00 4.31283781504988167e-02 -3.84442652689458847e-02
1.58750000000000002e-01 -1.07812500000000000e+00 4.13665153248739190e-02 -3.43017191526425180e-02
1.58750000000000002e-01 -1.03125000000000000e+00 3.94979780073739448e-02 -2.62190731957123724e-02
1.58750000000000002e-01 -9.84375000000000000e-01 3.75563917016575460e-02 -1.45368044518378332e-02
1.58750000000000002e-01 -9.37500000000000000e-01 3.55759651376827621e-02 -7.07296966219065964e-04
1.58750000000000002e-01 -8.90625000000000000e-01 3.35899982567728350e-02 1.30760063907098649e-02
1.58750000000000002e-01 -8.43750000000000000e-01 3.16294642001366810e-02 2.46483042707095791e-02
1.58750000000000002e-01 -7.96875000000000000e-01 2.97218387690290006e-02 3.26085699688502817e-02
1.58750000000000002e-01 -7.50000000000000000e-01 2.78902980423308966e-02 3.66275411717186805e-02
1.58750000000000002e-01 -7.03125000000000000e-01 2.61533316389439829e-02 3.72642345769521044e-02
1.58750000000000002e-01 -6.56250000000000000e-01 2.45247481746418659e-02 3.55242439497123266e-02
1.58750000000000002e-01 -6.09375000000000000e-01 2.30139980739647657e-02 3.24437721546609117e-02
1.58750000000000002e-01 -5.62500000000000000e-01 2.16267140712236988e-02 2.88475070725266250e-02
1.58750000000000002e-01 -5.15625000000000000e-01 2.03653689887532650e-02 2.52812307641366897e-02
1.58750000000000002e-01 -4.68750000000000000e-01 1.92299658681766884e-02 2.20394670127276732e-02
1.58750000000000002e-01 -4.21875000000000000e-01 1.82186984470804336e-02 1.92462756858532494e-02
1.58750000000000002e-01 -3.75000000000000000e-01 1.73285433827426102e-02 1.69226592890696498e-02
1.58750000000000002e-01 -3.28125000000000000e-01 1.65557654091628044e-02 1.50355788240629489e-02
1.58750000000000002e-01 -2.81250000000000000e-01 1.58963311572896081e-02 1.35329268352357181e-02
1.58750000000000002e-01 -2.34375000000000000e-01 1.53462367249205724e-02 1.23597031553002445e-02
1.58750000000000002e-01 -1.87500000000000000e-01 1.49017591515203697e-02 1.14658272988020869e-02
1.58750000000000002e-01 -1.40625000000000000e-01 1.45596438842342940e-02 1.08109798455539637e-02
1.58750000000000002e-01 -9.37500000000000000e-02 1.43172401777191538e-02 1.03644274902917888e-02
1.58750000000000002e-01 -4.68750000000000000e-02 1.41725949854703982e-02 1.01048109236968782e-02
1.58750000000000002e-01 0.00000000000000000e+00 1.41245138541440975e-02 1.00196374340463003e-02
1.58750000000000002e-01 4.68750000000000000e-02 1.41725949854703027e-02 1.01048109236967273e-02
1.58750000000000002e-01 9.37500000000000000e-02 1.43172401777191122e-02 1.03644274902916066e-02
1.58750000000000002e-01 1.40625000000000000e-01 1.45596438842342420e-02 1.08109798455538787e-02
1.58750000000000002e-01 1.87500000000000000e-01 1.49017591515203662e-02 1.14658272988021216e-02
1.58750000000000002e-01 2.34375000000000000e-01 1.53462367249205776e-02 1.23597031553002983e-02
1.58750000000000002e-01 2.81250000000000000e-01 1.58963311572896428e-02 1.35329268352357996e-02
1.58750000000000002e-01 3.28125000000000000e-01 1.65557654091628079e-02 1.50355788240630565e-02
1.58750000000000002e-01 3.75000000000000000e-01 1.73285433827425651e-02 1.69226592890694902e-02
1.58750000000000002e-01 4.21875000000000000e-01 1.82186984470805342e-02 1.92462756858536831e-02
1.58750000000000002e-01 4.68750000000000000e-01 1.92299658681766884e-02 2.20394670127276732e-02
1.58750000000000002e-01 5.15625000000000000e-01 2.03653689887532546e-02 2.52812307641365024e-02
1.58750000000000002e-01 5.62500000000000000e-01 2.16267140712236988e-02 2.88475070725266250e-02
1.58750000000000002e-01 6.09375000000000000e-01 2.30139980739648004e-02 3.24437721546611615e-02
1.58750000000000002e-01 6.56250000000000000e-01 2.45247481746419076e-02 3.55242439497121601e-02
1.58750000000000002e-01 7.03125000000000000e-01 2.61533316389439829e-02 3.72642345769521044e-02
1.58750000000000002e-01 7.50000000000000000e-01 2.78902980423308966e-02 3.66275411717186805e-02
1.58750000000000002e-01 7.96875000000000000e-01 2.97218387690289694e-02 3.26085699688502886e-02
1.58750000000000002e-01 8.43750000000000000e-01 3.16294642001365839e-02 2.46483042707102140e-02
1.58750000000000002e-01 8.90625000000000000e-01 3.35899982567728905e-02 1.30760063907094937e-02
1.58750000000000002e-01 9.37500000000000000e-01 3.55759651376827898e-02 -7.07296966219257760e-04
1.58750000000000002e-01 9.84375000000000000e-01 3.75563917016575460e-02 -1.45368044518378332e-02
1.58750000000000002e-01 1.03125000000000000e+00 3.94979780073739517e-02 -2.62190731957123724e-02
1.58750000000000002e-01 1.07812500000000000e+00 4.13665153248739537e-02 -3.43017191526426568e-02
1.58750000000000002e-01 1.12500000000000000e+00 4.31283781504987820e-02 -3.84442652689452255e-02
1.58750000000000002e-01 1.17187500000000000e+00 4.47519029742689534e-02 -3.92705936182230070e-02
1.58750000000000002e-01 1.21875000000000000e+00 4.62084971958139565e-02 -3.78795376065346814e-02
1.58750000000000002e-01 1.26562500000000000e+00 4.74733861216108180e-02 -3.53901431897292382e-02
1.58750000000000002e-01 1.31250000000000000e+00 4.85259832358962209e-02 -3.26635168070400425e-02
1.58750000000000002e-01 1.35937500000000000e+00 4.93499369898965784e-02 -3.02519304266893330e-02
1.58750000000000002e-01 1.40625000000000000e+00 4.99329517932080302e-02 -2.84551324669823393e-02
1.58750000000000002e-01 1.45312500000000000e+00 5.02664976860466364e-02 -2.74073500804699957e-02
1.58750000000000002e-01 1.50000000000000000e+00 5.03455163734745359e-02 -2.71578158614294470e-02
1.67812499999999976e-01 -1.50000000000000000e+00 5.63057113503809964e-02 -1.19176074276425084e-02
1.67812499999999976e-01 -1.45312500000000000e+00 5.62170706365902537e-02 -1.21232275988723374e-02
1.67812499999999976e-01 -1.40625000000000000e+00 5.58433928821586503e-02 -1.30195369537020773e-02
1.67812499999999976e-01 -1.35937500000000000e+00 5.51902935513128995e-02 -1.46998543833513177e-02
1.67812499999999976e-01 -1.31250000000000000e+00 5.42672539560418790e-02 -1.73120536531583338e-02
1.67812499999999976e-01 -1.26562500000000000e+00 5.30879651013340045e-02 -2.10021686422025913e-02
1.67812499999999976e-01 -1.21875000000000000e+00 5.16706713710323451e-02 -2.58480982342055715e-02
1.67812499999999976e-01 -1.17187500000000000e+00 5.00383907576741199e-02 -3.16436860694192315e-02
1.67812499999999976e-01 -1.12500000000000000e+00 4.82188795046908855e-02 -3.76660878905861266e-02
1.67812499999999976e-01 -1.07812500000000000e+00 4.62442272265500415e-02 -4.24845321578918023e-02
1.67812499999999976e-01 -1.03125000000000000e+00 4.41500190522330707e-02 -4.40923975862923950e-02
1.67812499999999976e-01 -9.84375000000000000e-01 4.19740799182314883e-02 -4.05239596427560619e-02
1.67812499999999976e-01 -9.37500000000000000e-01 3.97549062001038567e-02 -3.08757441967447560e-02
1.67812499999999976e-01 -8.90625000000000000e-01 3.75299655303092256e-02 -1.60873313093229907e-02
1.67812499999999976e-01 -8.43750000000000000e-01 3.53340816483445480e-02 1.16436210133825588e-03
1.67812499999999976e-01 -7.96875000000000000e-01 3.31981048281141458e-02 1.75254311823952943e-02
1.67812499999999976e-01 -7.50000000000000000e-01 3.11480063493183995e-02 3.03075886745046916e-02
1.67812499999999976e-01 -7.03125000000000000e-01 2.92044498586944076e-02 3.82859834030327278e-02
1.67812499999999976e-01 -6.56250000000000000e-01 2.73828102065591938e-02 4.16658642668455911e-02
1.67812499999999976e-01 -6.09375000000000000e-01 2.56935516101483331e-02 4.15180196709604224e-02
1.67812499999999976e-01 -5.62500000000000000e-01 2.41428495547660049e-02 3.91494249012267412e-02
1.67812499999999976e-01 -5.15625000000000000e-01 2.27333412765566498e-02 3.56867344161259231e-02
1.67812499999999976e-01 -4.68750000000000000e-01 2.14649084759609421e-02 3.19214875080515298e-02
1.67812499999999976e-01 -4.21875000000000000e-01 2.03354227506721066e-02 2.83305480070367571e-02
1.67812499999999976e-01 -3.75000000000000000e-01 1.93414111658378740e-02 2.51454854283822138e-02
1.67812499999999976e-01 -3.28125000000000000e-01 1.84786218238923647e-02 2.24502467869299067e-02
1.67812499999999976e-01 -2.81250000000000000e-01 1.77424855791372058e-02 2.02439954396794672e-02
1.67812499999999976e-01 -2.34375000000000000e-01 1.71284803627447316e-02 1.84902475626896670e-02
1.67812499999999976e-01 -1.87500000000000000e-01 1.66324100538976054e-02 1.71376934321360620e-02
1.67812499999999976e-01 -1.40625000000000000e-01 1.62506118021136653e-02 1.61390822135651403e-02
1.67812499999999976e-01 -9.37500000000000000e-02 1.59801053923642258e-02 1.54548590534766273e-02
1.67812499999999976e-01 -4.68750000000000000e-02 1.58186965874598240e-02 1.50560068676479867e-02
1.67812499999999976e-01 0.00000000000000000e+00 1.57650440254365060e-02 1.49250039113651579e-02
1.67812499999999976e-01 4.68750000000000000e-02 1.58186965874598240e-02 1.50560068676479867e-02
1.67812499999999976e-01 9.37500000000000000e-02 1.59801053923642640e-02 1.54548590534766706e-02
1.67812499999999976e-01 1.40625000000000000e-01 1.62506118021136479e-02 1.61390822135651230e-02
1.67812499999999976e-01 1.87500000000000000e-01 1.66324100538976644e-02 1.71376934321363639e-02
1.67812499999999976e-01 2.34375000000000000e-01 1.71284803627448148e-02 1.84902475626898960e-02
1.67812499999999976e-01 2.81250000000000000e-01 1.77424855791371919e-02 2.02439954396792278e-02
1.67812499999999976e-01 3.28125000000000000e-01 1.84786218238923647e-02 2.24502467869299067e-02
1.67812499999999976e-01 3.75000000000000000e-01 1.93414111658379087e-02 2.51454854283824289e-02
1.67812499999999976e-01 4.21875000000000000e-01 2.03354227506720581e-02 2.83305480070364241e-02
1.67812499999999976e-01 4.68750000000000000e-01 2.14649084759608623e-02 3.19214875080511343e-02
1.67812499999999976e-01 5.15625000000000000e-01 2.27333412765567157e-02 3.56867344161260480e-02
1.67812499999999976e-01 5.62500000000000000e-01 2.41428495547659876e-02 3.91494249012266232e-02
1.67812499999999976e-01 6.09375000000000000e-01 2.56935516101483227e-02 4.15180196709602767e-02
1.67812499999999976e-01 6.56250000000000000e-01 2.73828102065592112e-02 4.16658642668453899e-02
1.67812499999999976e-01 7.03125000000000000e-01 2.92044498586944076e-02 3.82859834030327278e-02
1.67812499999999976e-01 7.50000000000000000e-01 3.11480063493183683e-02 3.03075886745049899e-02
1.67812499999999976e-01 7.96875000000000000e-01 3.31981048281141111e-02 1.75254311823954088e-02
1.67812499999999976e-01 8.43750000000000000e-01 3.53340816483445203e-02 1.16436210133846079e-03
1.67812499999999976e-01 8.90625000000000000e-01 3.75299655303091700e-02 -1.60873313093224009e-02
1.67812499999999976e-01 9.37500000000000000e-01 3.97549062001039191e-02 -3.08757441967450856e-02
1.67812499999999976e-01 9.84375000000000000e-01 4.19740799182314397e-02 -4.05239596427558538e-02
1.67812499999999976e-01 1.03125000000000000e+00 4.41500190522331332e-02 -4.40923975862921036e-02
1.67812499999999976e-01 1.07812500000000000e+00 4.62442272265500415e-02 -4.24845321578918023e-02
1.67812499999999976e-01 1.12500000000000000e+00 4.82188795046908300e-02 -3.76660878905862306e-02
1.67812499999999976e-01 1.17187500000000000e+00 5.00383907576741130e-02 -3.16436860694192315e-02
1.67812499999999976e-01 1.21875000000000000e+00 5.16706713710323798e-02 -2.58480982342054640e-02
1.67812499999999976e-01 1.26562500000000000e+00 5.30879651013338658e-02 -2.10021686422030424e-02
1.67812499999999976e-01 1.31250000000000000e+00 5.42672539560418721e-02 -1.73120536531584032e-02
1.67812499999999976e-01 1.35937500000000000e+00 5.51902935513129203e-02 -1.46998543833513490e-02
1.67812499999999976e-01 1.40625000000000000e+00 5.58433928821586642e-02 -1.30195369537020687e-02
1.67812499999999976e-01 1.45312500000000000e+00 5.62170706365904202e-02 -1.21232275988720304e-02
1.67812499999999976e-01 1.50000000000000000e+00 5.63057113503811768e-02 -1.19176074276420262e-02
1.76875000000000004e-01 -1.50000000000000000e+00 6.26077414231562268e-02 -3.43437184140945543e-03
1.76875000000000004e-01 -1.45312500000000000e+00 6.25088682868351481e-02 -3.51345587761428936e-03
1.76875000000000004e-01 -1.40625000000000000e+00 6.20926165436866684e-02 -3.86593582895532325e-03
1.76875000000000004e-01 -1.35937500000000000e+00 6.13651800516069115e-02 -4.56372856312505914e-03
1.76875000000000004e-01 -1.31250000000000000e+00 6.03370307534233721e-02 -5.75162247268792750e-03
1.76875000000000004e-01 -1.26562500000000000e+00 5.90233189074167025e-02 -7.67052750618327402e-03
1.76875000000000004e-01 -1.21875000000000000e+00 5.74442778845872457e-02 -1.06892496077198966e-02
1.76875000000000004e-01 -1.17187500000000000e+00 5.56254930710863502e-02 -1.52408033919056562e-02
1.76875000000000004e-01 -1.12500000000000000e+00 5.35978830614427804e-02 -2.17196681344084923e-02
1.76875000000000004e-01 -1.07812500000000000e+00 5.13972607840075119e-02 -3.00316190891313020e-02
1.76875000000000004e-01 -1.03125000000000000e+00 4.90633992043945089e-02 -3.91276963601452990e-02
1.76875000000000004e-01 -9.84375000000000000e-01 4.66386165943702274e-02 -4.66212119835989550e-02
1.76875000000000004e-01 -9.37500000000000000e-01 4.41660009591447120e-02 -4.92219544951197768e-02
1.76875000000000004e-01 -8.90625000000000000e-01 4.16874816271700296e-02 -4.41888436252720757e-02
1.76875000000000004e-01 -8.43750000000000000e-01 3.92419981623658917e-02 -3.10494802792967914e-02
1.76875000000000004e-01 -7.96875000000000000e-01 3.68639975364538422e-02 -1.22408828361084791e-02
1.76875000000000004e-01 -7.50000000000000000e-01 3.45824177153510465e-02 7.96968746981012270e-03
1.76875000000000004e-01 -7.03125000000000000e-01 3.24202160069450018e-02 2.54817964961114550e-02
1.76875000000000004e-01 -6.56250000000000000e-01 3.03944055128206742e-02 3.78670855157241942e-02
1.76875000000000004e-01 -6.09375000000000000e-01 2.85164962475031175e-02 4.46752613360475656e-02
1.76875000000000004e-01 -5.62500000000000000e-01 2.67932074393249960e-02 4.68289528354271789e-02
1.76875000000000004e-01 -5.15625000000000000e-01 2.52273195870931430e-02 4.57874284233120293e-02
1.76875000000000004e-01 -4.68750000000000000e-01 2.38185575612772232e-02 4.29429219261543843e-02
1.76875000000000004e-01 -4.21875000000000000e-01 2.25644273269270425e-02 3.93473806969015863e-02
1.76875000000000004e-01 -3.75000000000000000e-01 2.14609596829971640e-02 3.56686648184051797e-02
1.76875000000000004e-01 -3.28125000000000000e-01 2.05033397258438180e-02 3.22828007409348972e-02
1.76875000000000004e-01 -2.81250000000000000e-01 1.96864188520354394e-02 2.93567596220890813e-02
1.76875000000000004e-01 -2.34375000000000000e-01 1.90051174087318107e-02 2.69470005239044290e-02
1.76875000000000004e-01 -1.87500000000000000e-01 1.84547319404982195e-02 2.50432659903760436e-02
1.76875000000000004e-01 -1.40625000000000000e-01 1.80311629439403875e-02 2.36150513142845686e-02
1.76875000000000004e-01 -9.37500000000000000e-02 1.77310785128861476e-02 2.26263918496650840e-02
1.76875000000000004e-01 -4.68750000000000000e-02 1.75520272877943279e-02 2.20465796663876709e-02
1.76875000000000004e-01 0.00000000000000000e+00 1.74925114236474354e-02 2.18555902836148688e-02
1.76875000000000004e-01 4.68750000000000000e-02 1.75520272877943279e-02 2.20465796663876709e-02
1.76875000000000004e-01 9.37500000000000000e-02 1.77310785128862308e-02 2.26263918496653442e-02
1.76875000000000004e-01 1.40625000000000000e-01 1.80311629439403841e-02 2.36150513142845721e-02
1.76875000000000004e-01 1.87500000000000000e-01 1.84547319404981605e-02 2.50432659903757175e-02
1.76875000000000004e-01 2.34375000000000000e-01 1.90051174087319044e-02 2.69470005239045365e-02
1.76875000000000004e-01 2.81250000000000000e-01 1.96864188520354394e-02 2.93567596220890813e-02
1.76875000000000004e-01 3.28125000000000000e-01 2.05033397258438665e-02 3.22828007409349527e-02
1.76875000000000004e-01 3.75000000000000000e-01 2.14609596829971501e-02 3.56686648184048119e-02
1.76875000000000004e-01 4.21875000000000000e-01 2.25644273269269696e-02 3.93473806969011630e-02
1.76875000000000004e-01 4.68750000000000000e-01 2.38185575612771677e-02 4.29429219261542525e-02
1.76875000000000004e-01 5.15625000000000000e-01 2.52273195870932054e-02 4.57874284233121057e-02
1.76875000000000004e-01 5.62500000000000000e-01 2.67932074393250758e-02 4.68289528354274634e-02
1.76875000000000004e-01 6.09375000000000000e-01 2.85164962475031869e-02 4.46752613360475656e-02
1.76875000000000004e-01 6.56250000000000000e-01 3.03944055128207470e-02 3.78670855157239999e-02
1.76875000000000004e-01 7.03125000000000000e-01 3.24202160069448908e-02 2.54817964961121385e-02
1.76875000000000004e-01 7.50000000000000000e-01 3.45824177153510048e-02 7.96968746981047485e-03
1.76875000000000004e-01 7.96875000000000000e-01 3.68639975364538422e-02 -1.22408828361084791e-02
1.76875000000000004e-01 8.43750000000000000e-01 3.92419981623659681e-02 -3.10494802792971869e-02
1.76875000000000004e-01 8.90625000000000000e-01 4.16874816271700990e-02 -4.41888436252723463e-02
1.76875000000000004e-01 9.37500000000000000e-01 4.41660009591448438e-02 -4.92219544951198532e-02
1.76875000000000004e-01 9.84375000000000000e-01 4.66386165943702066e-02 -4.66212119835989480e-02
1.76875000000000004e-01 1.03125000000000000e+00 4.90633992043944672e-02 -3.91276963601455557e-02
1.76875000000000004e-01 1.07812500000000000e+00 5.13972607840074772e-02 -3.00316190891314234e-02
1.76875000000000004e-01 1.12500000000000000e+00 5.35978830614427595e-02 -2.17196681344085721e-02
1.76875000000000004e-01 1.17187500000000000e+00 5.56254930710863779e-02 -1.52408033919056995e-02
1.76875000000000004e-01 1.21875000000000000e+00 5.74442778845872526e-02 -1.06892496077198966e-02
1.76875000000000004e-01 1.26562500000000000e+00 5.90233189074167025e-02 -7.67052750618327402e-03
1.76875000000000004e-01 1.31250000000000000e+00 6.03370307534233652e-02 -5.75162247268793097e-03
1.76875000000000004e-01 1.35937500000000000e+00 6.13651800516069254e-02 -4.56372856312505220e-03
1.76875000000000004e-01 1.40625000000000000e+00 6.20926165436867100e-02 -3.86593582895528119e-03
1.76875000000000004e-01 1.45312500000000000e+00 6.25088682868351203e-02 -3.51345587761432493e-03
1.76875000000000004e-01 1.50000000000000000e+00 6.26077414231562268e-02 -3.43437184140945543e-03
1.85937499999999978e-01 -1.26562500000000000e+00 6.52809658894616951e-02 -2.09612745982945374e-03
1.85937499999999978e-01 -1.21875000000000000e+00 6.35306914519517957e-02 -3.13253544895818192e-03
1.85937499999999978e-01 -1.17187500000000000e+00 6.15144086342269136e-02 -4.96577631381126851e-03
1.85937499999999978e-01 -1.12500000000000000e+00 5.92663812291863851e-02 -8.17108115344358441e-03
1.85937499999999978e-01 -1.07812500000000000e+00 5.68263771242212001e-02 -1.35529372326423560e-02
1.85937499999999978e-01 -1.03125000000000000e+00 5.42386319719318361e-02 -2.18075276298217505e-02
1.85937499999999978e-01 -9.84375000000000000e-01 5.15502624345872684e-02 -3.27992312492163055e-02
1.85937499999999978e-01 -9.37500000000000000e-01 4.88092643771632084e-02 -4.45704853074766622e-02
1.85937499999999978e-01 -8.90625000000000000e-01 4.60623344233801538e-02 -5.31142941357830786e-02
1.85937499999999978e-01 -8.43750000000000000e-01 4.33528025354826332e-02 -5.38466403049441336e-02
1.85937499999999978e-01 -7.96875000000000000e-01 4.07189406663362938e-02 -4.42813127131652107e-02
1.85937499999999978e-01 -7.50000000000000000e-01 3.81928274135740140e-02 -2.58281607234810556e-02
1.85937499999999978e-01 -7.03125000000000000e-01 3.57998325982318427e-02 -3.11481878975749778e-03
1.85937499999999978e-01 -6.56250000000000000e-01 3.35586763511092276e-02 1.85200324128019476e-02
1.85937499999999978e-01 -6.09375000000000000e-01 3.14819417250216185e-02 3.53345787655323929e-02
1.85937499999999978e-01 -5.62500000000000000e-01 2.95768872557221375e-02 4.59925669657967606e-02
1.85937499999999978e-01 -5.15625000000000000e-01 2.78464101279409584e-02 5.10484351453714055e-02
1.85937499999999978e-01 -4.68750000000000000e-01 2.62900379076482990e-02 5.19650300132186715e-02
1.85937499999999978e-01 -4.21875000000000000e-01 2.49048631221760741e-02 5.03113439761799369e-02
1.85937499999999978e-01 -3.75000000000000000e-01 2.36863700705463656e-02 4.73557859949585921e-02
1.85937499999999978e-01 -3.28125000000000000e-01 2.26291316395183587e-02 4.39760508497854322e-02
1.85937499999999978e-01 -2.81250000000000000e-01 2.17273739100015406e-02 4.06913170469999363e-02
1.85937499999999978e-01 -2.34375000000000000e-01 2.09754186006323382e-02 3.77866296553197381e-02
1.85937499999999978e-01 -1.87500000000000000e-01 2.03680195642857234e-02 3.53837488562302252e-02
1.85937499999999978e-01 -1.40625000000000000e-01 1.99006114551277674e-02 3.35256161331687202e-02
1.85937499999999978e-01 -9.37500000000000000e-02 1.95694878882374385e-02 3.22141528171896729e-02
1.85937499999999978e-01 -4.68750000000000000e-02 1.93719240895688857e-02 3.14360517316619528e-02
1.85937499999999978e-01 0.00000000000000000e+00 1.93062559577268436e-02 3.11783448286416451e-02
1.85937499999999978e-01 4.68750000000000000e-02 1.93719240895688059e-02 3.14360517316614185e-02
1.85937499999999978e-01 9.37500000000000000e-02 1.95694878882373968e-02 3.22141528171892844e-02
1.85937499999999978e-01 1.40625000000000000e-01 1.99006114551277327e-02 3.35256161331685537e-02
1.85937499999999978e-01 1.87500000000000000e-01 2.03680195642856748e-02 3.53837488562301766e-02
1.85937499999999978e-01 2.34375000000000000e-01 2.09754186006323000e-02 3.77866296553193218e-02
1.85937499999999978e-01 2.81250000000000000e-01 2.17273739100015857e-02 4.06913170469998253e-02
1.85937499999999978e-01 3.28125000000000000e-01 2.26291316395182962e-02 4.39760508497854044e-02
1.85937499999999978e-01 3.75000000000000000e-01 2.36863700705463726e-02 4.73557859949587587e-02
1.85937499999999978e-01 4.21875000000000000e-01 2.49048631221760880e-02 5.03113439761802769e-02
1.85937499999999978e-01 4.68750000000000000e-01 2.62900379076482713e-02 5.19650300132185675e-02
1.85937499999999978e-01 5.15625000000000000e-01 2.78464101279409584e-02 5.10484351453714055e-02
1.85937499999999978e-01 5.62500000000000000e-01 2.95768872557222694e-02 4.59925669657961569e-02
1.85937499999999978e-01 6.09375000000000000e-01 3.14819417250216046e-02 3.53345787655321153e-02
1.85937499999999978e-01 6.56250000000000000e-01 3.35586763511092831e-02 1.85200324128014480e-02
1.85937499999999978e-01 7.03125000000000000e-01 3.57998325982318497e-02 -3.11481878975755980e-03
1.85937499999999978e-01 7.50000000000000000e-01 3.81928274135740348e-02 -2.58281607234810938e-02
1.85937499999999978e-01 7.96875000000000000e-01 4.07189406663362868e-02 -4.42813127131649539e-02
1.85937499999999978e-01 8.43750000000000000e-01 4.33528025354826402e-02 -5.38466403049441336e-02
1.85937499999999978e-01 8.90625000000000000e-01 4.60623344233801191e-02 -5.31142941357835574e-02
1.85937499999999978e-01 9.37500000000000000e-01 4.88092643771632431e-02 -4.45704853074765234e-02
1.85937499999999978e-01 9.84375000000000000e-01 5.15502624345872545e-02 -3.27992312492165483e-02
1.85937499999999978e-01 1.03125000000000000e+00 5.42386319719318291e-02 -2.18075276298217505e-02
1.85937499999999978e-01 1.07812500000000000e+00 5.68263771242212001e-02 -1.35529372326423560e-02
1.85937499999999978e-01 1.12500000000000000e+00 5.92663812291863851e-02 -8.17108115344358441e-03
1.85937499999999978e-01 1.17187500000000000e+00 6.15144086342270663e-02 -4.96577631381108463e-03
1.85937499999999978e-01 1.21875000000000000e+00 6.35306914519518234e-02 -3.13253544895813682e-03
1.85937499999999978e-01 1.26562500000000000e+00 6.52809658894615980e-02 -2.09612745982951532e-03
1.95000000000000007e-01 -1.12500000000000000e+00 6.52254257580819202e-02 -2.39099101186488134e-03
1.95000000000000007e-01 -1.07812500000000000e+00 6.25323820057043789e-02 -4.42126685470087093e-03
1.95000000000000007e-01 -1.03125000000000000e+00 5.96762592655843416e-02 -8.36464777001916758e-03
1.95000000000000007e-01 -9.84375000000000000e-01 5.67092897643742544e-02 -1.54631577536158624e-02
1.95000000000000007e-01 -9.37500000000000000e-01 5.36847068045094786e-02 -2.65787936690226149e-02
1.95000000000000007e-01 -8.90625000000000000e-01 5.06542925301055463e-02 -4.07469867602958391e-02
1.95000000000000007e-01 -8.43750000000000000e-01 4.76660520017701539e-02 -5.40209809583039602e-02
1.95000000000000007e-01 -7.96875000000000000e-01 4.47623169164371032e-02 -6.04578571549491545e-02
1.95000000000000007e-01 -7.50000000000000000e-01 4.19784829677783619e-02 -5.54542877378937163e-02
1.95000000000000007e-01 -7.03125000000000000e-01 3.93424503286419133e-02 -3.88561318337212330e-02
1.95000000000000007e-01 -6.56250000000000000e-01 3.68747112844707153e-02 -1.50519416555881750e-02
1.95000000000000007e-01 -6.09375000000000000e-01 3.45889439156263287e-02 9.76758506983805945e-03
1.95000000000000007e-01 -5.62500000000000000e-01 3.24929357214405676e-02 3.06534927093580351e-02
1.95000000000000007e-01 -5.15625000000000000e-01 3.05896681469168194e-02 4.52928415293059813e-02
1.95000000000000007e-01 -4.68750000000000000e-01 2.88784256486948471e-02 5.36973544104145661e-02
1.95000000000000007e-01 -4.21875000000000000e-01 2.73558349351805674e-02 5.71562478299665125e-02
1.95000000000000007e-01 -3.75000000000000000e-01 2.60167798200316158e-02 5.72967967853596702e-02
1.95000000000000007e-01 -3.28125000000000000e-01 2.48551688142433433e-02 5.55510122022798009e-02
1.95000000000000007e-01 -2.81250000000000000e-01 2.38645545591961022e-02 5.29576981282963502e-02
1.95000000000000007e-01 -2.34375000000000000e-01 2.30386174164910820e-02 5.02015788330424581e-02
1.95000000000000007e-01 -1.87500000000000000e-01 2.23715319729623739e-02 4.76770463217654344e-02
1.95000000000000007e-01 -1.40625000000000000e-01 2.18582369967342746e-02 4.56002089675382333e-02
1.95000000000000007e-01 -9.37500000000000000e-02 2.14946282597987398e-02 4.40775428806712069e-02
1.95000000000000007e-01 -4.68750000000000000e-02 2.12776909158096626e-02 4.31538465716918979e-02
1.95000000000000007e-01 0.00000000000000000e+00 2.12055846325835823e-02 4.28447492073298353e-02
1.95000000000000007e-01 4.68750000000000000e-02 2.12776909158096661e-02 4.31538465716918909e-02
1.95000000000000007e-01 9.37500000000000000e-02 2.14946282597987155e-02 4.40775428806710473e-02
1.95000000000000007e-01 1.40625000000000000e-01 2.18582369967342330e-02 4.56002089675378794e-02
1.95000000000000007e-01 1.87500000000000000e-01 2.23715319729623739e-02 4.76770463217654344e-02
1.95000000000000007e-01 2.34375000000000000e-01 2.30386174164911237e-02 5.02015788330424512e-02
1.95000000000000007e-01 2.81250000000000000e-01 2.38645545591960606e-02 5.29576981282967596e-02
1.95000000000000007e-01 3.28125000000000000e-01 2.48551688142433433e-02 5.55510122022798009e-02
1.95000000000000007e-01 3.75000000000000000e-01 2.60167798200316193e-02 5.72967967853598714e-02
1.95000000000000007e-01 4.21875000000000000e-01 2.73558349351805327e-02 5.71562478299664778e-02
1.95000000000000007e-01 4.68750000000000000e-01 2.88784256486948505e-02 5.36973544104143510e-02
1.95000000000000007e-01 5.15625000000000000e-01 3.05896681469167812e-02 4.52928415293064393e-02
1.95000000000000007e-01 5.62500000000000000e-01 3.24929357214405329e-02 3.06534927093582536e-02
1.95000000000000007e-01 6.09375000000000000e-01 3.45889439156263009e-02 9.76758506983841680e-03
1.95000000000000007e-01 6.56250000000000000e-01 3.68747112844706806e-02 -1.50519416555878055e-02
1.95000000000000007e-01 7.03125000000000000e-01 3.93424503286420035e-02 -3.88561318337220588e-02
1.95000000000000007e-01 7.50000000000000000e-01 4.19784829677785076e-02 -5.54542877378936885e-02
1.95000000000000007e-01 7.96875000000000000e-01 4.47623169164370893e-02 -6.04578571549493488e-02
1.95000000000000007e-01 8.43750000000000000e-01 4.76660520017703065e-02 -5.40209809583035716e-02
1.95000000000000007e-01 8.90625000000000000e-01 5.06542925301055741e-02 -4.07469867602959432e-02
1.95000000000000007e-01 9.37500000000000000e-01 5.36847068045094647e-02 -2.65787936690225213e-02
1.95000000000000007e-01 9.84375000000000000e-01 5.67092897643741364e-02 -1.54631577536162301e-02
1.95000000000000007e-01 1.03125000000000000e+00 5.96762592655845012e-02 -8.36464777001880849e-03
1.95000000000000007e-01 1.07812500000000000e+00 6.25323820057043928e-02 -4.42126685470084924e-03
1.95000000000000007e-01 1.12500000000000000e+00 6.52254257580819341e-02 -2.39099101186487743e-03
2.04062499999999980e-01 -1.03125000000000000e+00 6.53768516635663266e-02 -2.59306833231425556e-03
2.04062499999999980e-01 -9.84375000000000000e-01 6.21159821770611645e-02 -5.43552877747167928e-03
2.04062499999999980e-01 -9.37500000000000000e-01 5.87923330418411300e-02 -1.12577207387321715e-02
2.04062499999999980e-01 -8.90625000000000000e-01 5.54631038869173587e-02 -2.16965811391801912e-02
2.04062499999999980e-01 -8.43750000000000000e-01 5.21812705287104037e-02 -3.69192874735815649e-02
2.04062499999999980e-01 -7.96875000000000000e-01 4.89934660867060931e-02 -5.35897154722887320e-02
2.04062499999999980e-01 -7.50000000000000000e-01 4.59385823727678222e-02 -6.50306241549525599e-02
2.04062499999999980e-01 -7.03125000000000000e-01 4.30471664638082951e-02 -6.48203959243485034e-02
2.04062499999999980e-01 -6.56250000000000000e-01 4.03415438112620650e-02 -5.10709476875946256e-02
2.04062499999999980e-01 -6.09375000000000000e-01 3.78365037289771153e-02 -2.74667438946476009e-02
2.04062499999999980e-01 -5.62500000000000000e-01 3.55403459141586872e-02 -5.79279335522607346e-04
2.04062499999999980e-01 -5.15625000000000000e-01 3.34560973528831851e-02 2.37118943610792852e-02
2.04062499999999980e-01 -4.68750000000000000e-01 3.15827479017313367e-02 4.21631913048470183e-02
2.04062499999999980e-01 -4.21875000000000000e-01 2.99164012256004780e-02 5.41382840397782242e-02
2.04062499999999980e-01 -3.75000000000000000e-01 2.84512827251187789e-02 6.06093111431539808e-02
2.04062499999999980e-01 -3.28125000000000000e-01 2.71805812772220531e-02 6.31272247212382176e-02
2.04062499999999980e-01 -2.81250000000000000e-01 2.60971256100501273e-02 6.31785356844749152e-02
2.04062499999999980e-01 -2.34375000000000000e-01 2.51939102640926782e-02 6.19353160722742810e-02
2.04062499999999980e-01 -1.87500000000000000e-01 2.44644927387194962e-02 6.02016441583548487e-02
2.04062499999999980e-01 -1.40625000000000000e-01 2.39032850024997294e-02 5.84913687428412904e-02
2.04062499999999980e-01 -9.37500000000000000e-02 2.35057610357514990e-02 5.71118795951309557e-02
2.04062499999999980e-01 -4.68750000000000000e-02 2.32685988933925628e-02 5.62308855648985459e-02
2.04062499999999980e-01 0.00000000000000000e+00 2.31897718360462510e-02 5.59292679485003039e-02
2.04062499999999980e-01 4.68750000000000000e-02 2.32685988933925628e-02 5.62308855648985459e-02
2.04062499999999980e-01 9.37500000000000000e-02 2.35057610357515892e-02 5.71118795951311292e-02
2.04062499999999980e-01 1.40625000000000000e-01 2.39032850024997294e-02 5.84913687428412904e-02
2.04062499999999980e-01 1.87500000000000000e-01 2.44644927387194511e-02 6.02016441583549181e-02
2.04062499999999980e-01 2.34375000000000000e-01 2.51939102640927441e-02 6.19353160722743920e-02
2.04062499999999980e-01 2.81250000000000000e-01 2.60971256100501932e-02 6.31785356844751927e-02
2.04062499999999980e-01 3.28125000000000000e-01 2.71805812772220878e-02 6.31272247212381066e-02
2.04062499999999980e-01 3.75000000000000000e-01 2.84512827251187234e-02 6.06093111431543347e-02
2.04062499999999980e-01 4.21875000000000000e-01 2.99164012256005162e-02 5.41382840397783144e-02
2.04062499999999980e-01 4.68750000000000000e-01 3.15827479017314061e-02 4.21631913048466297e-02
2.04062499999999980e-01 5.15625000000000000e-01 3.34560973528831088e-02 2.37118943610802428e-02
2.04062499999999980e-01 5.62500000000000000e-01 3.55403459141587635e-02 -5.79279335523543012e-04
2.04062499999999980e-01 6.09375000000000000e-01 3.78365037289770043e-02 -2.74667438946464698e-02
2.04062499999999980e-01 6.56250000000000000e-01 4.03415438112621622e-02 -5.10709476875954027e-02
2.04062499999999980e-01 7.03125000000000000e-01 4.30471664638082951e-02 -6.48203959243485034e-02
2.04062499999999980e-01 7.50000000000000000e-01 4.59385823727677944e-02 -6.50306241549525044e-02
2.04062499999999980e-01 7.96875000000000000e-01 4.89934660867059890e-02 -5.35897154722894536e-02
2.04062499999999980e-01 8.43750000000000000e-01 5.21812705287103967e-02 -3.69192874735818355e-02
2.04062499999999980e-01 8.90625000000000000e-01 5.54631038869173934e-02 -2.16965811391801496e-02
2.04062499999999980e-01 9.37500000000000000e-01 5.87923330418410883e-02 -1.12577207387322426e-02
2.04062499999999980e-01 9.84375000000000000e-01 6.21159821770611784e-02 -5.43552877747163331e-03
2.04062499999999980e-01 1.03125000000000000e+00 6.53768516635663266e-02 -2.59306833231425556e-03
2.13125000000000009e-01 -9.37500000000000000e-01 6.41321413254838379e-02 -3.84709020692401617e-03
2.13125000000000009e-01 -8.90625000000000000e-01 6.04884942403974696e-02 -8.69325759376182207e-03
2.13125000000000009e-01 -8.43750000000000000e-01 5.68979469752895345e-02 -1.83391068685612134e-02
2.13125000000000009e-01 -7.96875000000000000e-01 5.34116831167534417e-02 -3.39149217641218290e-02
2.13125000000000009e-01 -7.50000000000000000e-01 5.00722721903274701e-02 -5.29169076499928712e-02
2.13125000000000009e-01 -7.03125000000000000e-01 4.69130231231489336e-02 -6.84735586337381352e-02
2.13125000000000009e-01 -6.56250000000000000e-01 4.39581509152069810e-02 -7.28342256545685268e-02
2.13125000000000009e-01 -6.09375000000000000e-01 4.12235659575494393e-02 -6.25136540923391659e-02
2.13125000000000009e-01 -5.62500000000000000e-01 3.87180564087031068e-02 -4.02295551271851445e-02
2.13125000000000009e-01 -5.15625000000000000e-01 3.64446493162000271e-02 -1.24876671568654868e-02
2.13125000000000009e-01 -4.68750000000000000e-01 3.44019823932928404e-02 1.42718545396182273e-02
2.13125000000000009e-01 -4.21875000000000000e-01 3.25855739232495736e-02 3.60399966177604517e-02
2.13125000000000009e-01 -3.75000000000000000e-01 3.09889288353808190e-02 5.15234686528154850e-02
2.13125000000000009e-01 -3.28125000000000000e-01 2.96044578974821032e-02 6.12577948720382653e-02
2.13125000000000009e-01 -2.81250000000000000e-01 2.84242130228314106e-02 6.65823653372089735e-02
2.13125000000000009e-01 -2.34375000000000000e-01 2.74404566853436310e-02 6.89424767729221594e-02
2.13125000000000009e-01 -1.87500000000000000e-01 2.66460902037774991e-02 6.95462002019696796e-02
2.13125000000000009e-01 -1.40625000000000000e-01 2.60349669521045685e-02 6.92790469018655375e-02
2.13125000000000009e-01 -9.37500000000000000e-02 2.56021145818712478e-02 6.87380689507248455e-02
2.13125000000000009e-01 -4.68750000000000000e-02 2.53438866534635224e-02 6.82865888022996248e-02
2.13125000000000009e-01 0.00000000000000000e+00 2.52580596423454783e-02 6.81162869154294665e-02
2.13125000000000009e-01 4.68750000000000000e-02 2.53438866534634669e-02 6.82865888022990281e-02
2.13125000000000009e-01 9.37500000000000000e-02 2.56021145818712478e-02 6.87380689507248455e-02
2.13125000000000009e-01 1.40625000000000000e-01 2.60349669521045685e-02 6.92790469018655375e-02
2.13125000000000009e-01 1.87500000000000000e-01 2.66460902037773395e-02 6.95462002019698045e-02
2.13125000000000009e-01 2.34375000000000000e-01 2.74404566853435339e-02 6.89424767729228671e-02
2.13125000000000009e-01 2.81250000000000000e-01 2.84242130228313655e-02 6.65823653372092650e-02
2.13125000000000009e-01 3.28125000000000000e-01 2.96044578974822038e-02 6.12577948720379045e-02
2.13125000000000009e-01 3.75000000000000000e-01 3.09889288353808259e-02 5.15234686528152214e-02
2.13125000000000009e-01 4.21875000000000000e-01 3.25855739232496985e-02 3.60399966177588488e-02
2.13125000000000009e-01 4.68750000000000000e-01 3.44019823932929097e-02 1.42718545396172732e-02
2.13125000000000009e-01 5.15625000000000000e-01 3.64446493162000687e-02 -1.24876671568660245e-02
2.13125000000000009e-01 5.62500000000000000e-01 3.87180564087031276e-02 -4.02295551271851723e-02
2.13125000000000009e-01 6.09375000000000000e-01 4.12235659575494809e-02 -6.25136540923394990e-02
2.13125000000000009e-01 6.56250000000000000e-01 4.39581509152069325e-02 -7.28342256545687905e-02
2.13125000000000009e-01 7.03125000000000000e-01 4.69130231231488781e-02 -6.84735586337380103e-02
2.13125000000000009e-01 7.50000000000000000e-01 5.00722721903273660e-02 -5.29169076499935997e-02
2.13125000000000009e-01 7.96875000000000000e-01 5.34116831167534625e-02 -3.39149217641216694e-02
2.13125000000000009e-01 8.43750000000000000e-01 5.68979469752895345e-02 -1.83391068685612134e-02
2.13125000000000009e-01 8.90625000000000000e-01 6.04884942403974904e-02 -8.69325759376177176e-03
2.13125000000000009e-01 9.37500000000000000e-01 6.41321413254839073e-02 -3.84709020692394939e-03
2.22187499999999982e-01 -8.90625000000000000e-01 6.57301654999465079e-02 -2.99379897082396960e-03
2.22187499999999982e-01 -8.43750000000000000e-01 6.18155331068020245e-02 -7.20548705618502018e-03
2.22187499999999982e-01 -7.96875000000000000e-01 5.80162159800222121e-02 -1.62253674218199619e-02
2.22187499999999982e-01 -7.50000000000000000e-01 5.43786455151167442e-02 -3.19166497842858915e-02
2.22187499999999982e-01 -7.03125000000000000e-01 5.09390054569755640e-02 -5.25594331450862443e-02
2.22187499999999982e-01 -6.56250000000000000e-01 4.77234515342563753e-02 -7.14003223417424698e-02
2.22187499999999982e-01 -6.09375000000000000e-01 4.47490180662088594e-02 -7.99028569393222393e-02
2.22187499999999982e-01 -5.62500000000000000e-01 4.20249503786140760e-02 -7.33271220916324462e-02
2.22187499999999982e-01 -5.15625000000000000e-01 3.95542228504879578e-02 -5.33515656728141205e-02
2.22187499999999982e-01 -4.68750000000000000e-01 3.73350570783957184e-02 -2.60491365123803609e-02
2.22187499999999982e-01 -4.21875000000000000e-01 3.53623182398406233e-02 1.97839940599083865e-03
2.22187499999999982e-01 -3.75000000000000000e-01 3.36287244184670722e-02 2.62076949833092189e-02
2.22187499999999982e-01 -3.28125000000000000e-01 3.21258464619728762e-02 4.47431178248142575e-02
2.22187499999999982e-01 -2.81250000000000000e-01 3.08449040676319203e-02 5.76228695724585877e-02
2.22187499999999982e-01 -2.34375000000000000e-01 2.97773795763664854e-02 6.58635294139386374e-02
2.22187499999999982e-01 -1.87500000000000000e-01 2.89154777422948595e-02 7.07393666459461695e-02
2.22187499999999982e-01 -1.40625000000000000e-01 2.82524606610921811e-02 7.33954389648887456e-02
2.22187499999999982e-01 -9.37500000000000000e-02 2.77828845290872470e-02 7.47126820921039242e-02
2.22187499999999982e-01 -4.68750000000000000e-02 2.75027606486455238e-02 7.52819726652159404e-02
2.22187499999999982e-01 0.00000000000000000e+00 2.74096581323805752e-02 7.54361515682196310e-02
2.22187499999999982e-01 4.68750000000000000e-02 2.75027606486456175e-02 7.52819726652159543e-02
2.22187499999999982e-01 9.37500000000000000e-02 2.77828845290872470e-02 7.47126820921039242e-02
2.22187499999999982e-01 1.40625000000000000e-01 2.82524606610921013e-02 7.33954389648892730e-02
2.22187499999999982e-01 1.87500000000000000e-01 2.89154777422948629e-02 7.07393666459461695e-02
2.22187499999999982e-01 2.34375000000000000e-01 2.97773795763664403e-02 6.58635294139392480e-02
2.22187499999999982e-01 2.81250000000000000e-01 3.08449040676320452e-02 5.76228695724572901e-02
2.22187499999999982e-01 3.28125000000000000e-01 3.21258464619728762e-02 4.47431178248142575e-02
2.22187499999999982e-01 3.75000000000000000e-01 3.36287244184670375e-02 2.62076949833095763e-02
2.22187499999999982e-01 4.21875000000000000e-01 3.53623182398406719e-02 1.97839940599018639e-03
2.22187499999999982e-01 4.68750000000000000e-01 3.73350570783956837e-02 -2.60491365123798717e-02
2.22187499999999982e-01 5.15625000000000000e-01 3.95542228504879717e-02 -5.33515656728142940e-02
2.22187499999999982e-01 5.62500000000000000e-01 4.20249503786141662e-02 -7.33271220916330985e-02
2.22187499999999982e-01 6.09375000000000000e-01 4.47490180662088177e-02 -7.99028569393222809e-02
2.22187499999999982e-01 6.56250000000000000e-01 4.77234515342564516e-02 -7.14003223417421229e-02
2.22187499999999982e-01 7.03125000000000000e-01 5.09390054569756057e-02 -5.25594331450858626e-02
2.22187499999999982e-01 7.50000000000000000e-01 5.43786455151167789e-02 -3.19166497842858360e-02
2.22187499999999982e-01 7.96875000000000000e-01 5.80162159800222260e-02 -1.62253674218199515e-02
2.22187499999999982e-01 8.43750000000000000e-01 6.18155331068020453e-02 -7.20548705618501498e-03
2.22187499999999982e-01 8.90625000000000000e-01 6.57301654999464940e-02 -2.99379897082396353e-03
2.31250000000000011e-01 -7.96875000000000000e-01 6.28062634253644947e-02 -6.41351264618084810e-03
2.31250000000000011e-01 -7.50000000000000000e-01 5.88567398044273077e-02 -1.50723908291818566e-02
2.31250000000000011e-01 -7.03125000000000000e-01 5.51240397129974871e-02 -3.08600898913271200e-02
2.31250000000000011e-01 -6.56250000000000000e-01 5.16363049469981267e-02 -5.26925104624943463e-02
2.31250000000000011e-01 -6.09375000000000000e-01 4.84116889256648100e-02 -7.41202241959371261e-02
2.31250000000000011e-01 -5.62500000000000000e-01 4.54598546637052653e-02 -8.62915228783717042e-02
2.31250000000000011e-01 -5.15625000000000000e-01 4.27836633775594763e-02 -8.36430643971908389e-02
2.31250000000000011e-01 -4.68750000000000000e-01 4.03808497554803553e-02 -6.68880583267259382e-02
2.31250000000000011e-01 -4.21875000000000000e-01 3.82455524850542211e-02 -4.13979566483233183e-02
2.31250000000000011e-01 -3.75000000000000000e-01 3.63696319322306047e-02 -1.35636849833425093e-02
2.31250000000000011e-01 -3.28125000000000000e-01 3.47437537651164308e-02 1.18514943010026939e-02
2.31250000000000011e-01 -2.81250000000000000e-01 3.33582474998162237e-02 3.24685766049158733e-02
2.31250000000000011e-01 -2.34375000000000000e-01 3.22037654241051838e-02 4.78204046691657406e-02
2.31250000000000011e-01 -1.87500000000000000e-01 3.12717740392540328e-02 5.85042652542117764e-02
2.31250000000000011e-01 -1.40625000000000000e-01 3.05549105879129833e-02 6.54996295033650894e-02
2.31250000000000011e-01 -9.37500000000000000e-02 3.00472340981589002e-02 6.97606727202062377e-02
2.31250000000000011e-01 -4.68750000000000000e-02 2.97443954873217314e-02 7.20198429646307092e-02
2.31250000000000011e-01 0.00000000000000000e+00 2.96437457310477770e-02 7.27234665762367671e-02
2.31250000000000011e-01 4.68750000000000000e-02 2.97443954873216378e-02 7.20198429646316113e-02
2.31250000000000011e-01 9.37500000000000000e-02 3.00472340981588967e-02 6.97606727202062793e-02
2.31250000000000011e-01 1.40625000000000000e-01 3.05549105879129833e-02 6.54996295033650894e-02
2.31250000000000011e-01 1.87500000000000000e-01 3.12717740392538940e-02 5.85042652542130392e-02
2.31250000000000011e-01 2.34375000000000000e-01 3.22037654241052046e-02 4.78204046691656087e-02
2.31250000000000011e-01 2.81250000000000000e-01 3.33582474998161821e-02 3.24685766049163452e-02
2.31250000000000011e-01 3.28125000000000000e-01 3.47437537651164308e-02 1.18514943010026939e-02
2.31250000000000011e-01 3.75000000000000000e-01 3.63696319322306255e-02 -1.35636849833429256e-02
2.31250000000000011e-01 4.21875000000000000e-01 3.82455524850541517e-02 -4.13979566483222428e-02
2.31250000000000011e-01 4.68750000000000000e-01 4.03808497554802998e-02 -6.68880583267248280e-02
2.31250000000000011e-01 5.15625000000000000e-01 4.27836633775595179e-02 -8.36430643971906307e-02
2.31250000000000011e-01 5.62500000000000000e-01 4.54598546637051820e-02 -8.62915228783713573e-02
2.31250000000000011e-01 6.09375000000000000e-01 4.84116889256646782e-02 -7.41202241959377645e-02
2.31250000000000011e-01 6.56250000000000000e-01 5.16363049469981267e-02 -5.26925104624943463e-02
2.31250000000000011e-01 7.03125000000000000e-01 5.51240397129974802e-02 -3.08600898913270263e-02
2.31250000000000011e-01 7.50000000000000000e-01 5.88567398044272522e-02 -1.50723908291820110e-02
2.31250000000000011e-01 7.96875000000000000e-01 6.28062634253644947e-02 -6.41351264618084810e-03
2.40312499999999984e-01 -7.50000000000000000e-01 6.35055345653653264e-02 -6.08840013085387103e-03
2.40312499999999984e-01 -7.03125000000000000e-01 5.94669911886088615e-02 -1.46342749228476048e-02
2.40312499999999984e-01 -6.56250000000000000e-01 5.56955090754500462e-02 -3.05860320234430209e-02
2.40312499999999984e-01 -6.09375000000000000e-01 5.22103474903665432e-02 -5.32891183374067101e-02
2.40312499999999984e-01 -5.62500000000000000e-01 4.90215388052087295e-02 -7.67002649565376449e-02
2.40312499999999984e-01 -5.15625000000000000e-01 4.61317622775639091e-02 -9.20778672819006633e-02
2.40312499999999984e-01 -4.68750000000000000e-01 4.35381876791599426e-02 -9.34746866480016675e-02
2.40312499999999984e-01 -4.21875000000000000e-01 4.12341478888748336e-02 -8.07942739074729577e-02
2.40312499999999984e-01 -3.75000000000000000e-01 3.92105700085084996e-02 -5.85505574097879913e-02
2.40312499999999984e-01 -3.28125000000000000e-01 3.74571457131780000e-02 -3.26276923236728036e-02
2.40312499999999984e-01 -2.81250000000000000e-01 3.59632537520083659e-02 -7.76038862620890505e-03
2.40312499999999984e-01 -2.34375000000000000e-01 3.47186645602611879e-02 1.33581437173028606e-02
2.40312499999999984e-01 -1.87500000000000000e-01 3.37140633869369780e-02 2.97692509623775289e-02
2.40312499999999984e-01 -1.40625000000000000e-01 3.29414281585440338e-02 4.15930831488472985e-02
2.40312499999999984e-01 -9.37500000000000000e-02 3.23942944418210699e-02 4.93967106391572860e-02
2.40312499999999984e-01 -4.68750000000000000e-02 3.20679342852838445e-02 5.37901402020700553e-02
2.40312499999999984e-01 0.00000000000000000e+00 3.19594695618879293e-02 5.52038770473785995e-02
2.40312499999999984e-01 4.68750000000000000e-02 3.20679342852837959e-02 5.37901402020707214e-02
2.40312499999999984e-01 9.37500000000000000e-02 3.23942944418211115e-02 4.93967106391570501e-02
2.40312499999999984e-01 1.40625000000000000e-01 3.29414281585440893e-02 4.15930831488468752e-02
2.40312499999999984e-01 1.87500000000000000e-01 3.37140633869369849e-02 2.97692509623774595e-02
2.40312499999999984e-01 2.34375000000000000e-01 3.47186645602612365e-02 1.33581437173020696e-02
2.40312499999999984e-01 2.81250000000000000e-01 3.59632537520084422e-02 -7.76038862621014972e-03
2.40312499999999984e-01 3.28125000000000000e-01 3.74571457131778890e-02 -3.26276923236711383e-02
2.40312499999999984e-01 3.75000000000000000e-01 3.92105700085084996e-02 -5.85505574097879913e-02
2.40312499999999984e-01 4.21875000000000000e-01 4.12341478888749169e-02 -8.07942739074742344e-02
2.40312499999999984e-01 4.68750000000000000e-01 4.35381876791599426e-02 -9.34746866480016675e-02
2.40312499999999984e-01 5.15625000000000000e-01 4.61317622775639646e-02 -9.20778672819005800e-02
2.40312499999999984e-01 5.62500000000000000e-01 4.90215388052088405e-02 -7.67002649565369093e-02
2.40312499999999984e-01 6.09375000000000000e-01 5.22103474903666542e-02 -5.32891183374058428e-02
2.40312499999999984e-01 6.56250000000000000e-01 5.56955090754501086e-02 -3.05860320234425144e-02
2.40312499999999984e-01 7.03125000000000000e-01 5.94669911886089170e-02 -1.46342749228474504e-02
2.40312499999999984e-01 7.50000000000000000e-01 6.35055345653653125e-02 -6.08840013085392220e-03
2.49375000000000013e-01 -7.03125000000000000e-01 6.39666620652642876e-02 -6.09167096818722699e-03
2.49375000000000013e-01 -6.56250000000000000e-01 5.98997987031691659e-02 -1.47153536836546663e-02
2.49375000000000013e-01 -6.09375000000000000e-01 5.61437014216085786e-02 -3.08851032537043220e-02
2.49375000000000013e-01 -5.62500000000000000e-01 5.27087140503287588e-02 -5.41729416460051752e-02
2.49375000000000013e-01 -5.15625000000000000e-01 4.95972562266145528e-02 -7.90125410063937245e-02
2.49375000000000013e-01 -4.68750000000000000e-01 4.68058471730559283e-02 -9.71376017070382791e-02
2.49375000000000013e-01 -4.21875000000000000e-01 4.43269284322894697e-02 -1.02627270974632978e-01
2.49375000000000013e-01 -3.75000000000000000e-01 4.21504134503093569e-02 -9.47811282959983986e-02
2.49375000000000013e-01 -3.28125000000000000e-01 4.02649474448937283e-02 -7.72159602382844895e-02
2.49375000000000013e-01 -2.81250000000000000e-01 3.86588951437321568e-02 -5.50960075076492445e-02
2.49375000000000013e-01 -2.34375000000000000e-01 3.73210914334049515e-02 -3.28780313252297895e-02
2.49375000000000013e-01 -1.87500000000000000e-01 3.62413959996211663e-02 -1.34377650689775866e-02
2.49375000000000013e-01 -1.40625000000000000e-01 3.54110921091595268e-02 1.86577736871838926e-03
2.49375000000000013e-01 -9.37500000000000000e-02 3.48231650047507446e-02 1.26463165146442017e-02
2.49375000000000013e-01 -4.68750000000000000e-02 3.44724890350329854e-02 1.89866172772610829e-02
2.49375000000000013e-01 0.00000000000000000e+00 3.43559458193259254e-02 2.10726671262301754e-02
2.49375000000000013e-01 4.68750000000000000e-02 3.44724890350329022e-02 1.89866172772625262e-02
2.49375000000000013e-01 9.37500000000000000e-02 3.48231650047507099e-02 1.26463165146447898e-02
2.49375000000000013e-01 1.40625000000000000e-01 3.54110921091595060e-02 1.86577736871874488e-03
2.49375000000000013e-01 1.87500000000000000e-01 3.62413959996212148e-02 -1.34377650689784470e-02
2.49375000000000013e-01 2.34375000000000000e-01 3.73210914334048960e-02 -3.28780313252289291e-02
2.49375000000000013e-01 2.81250000000000000e-01 3.86588951437322123e-02 -5.50960075076499384e-02
2.49375000000000013e-01 3.28125000000000000e-01 4.02649474448937283e-02 -7.72159602382844895e-02
2.49375000000000013e-01 3.75000000000000000e-01 4.21504134503095512e-02 -9.47811282959985651e-02
2.49375000000000013e-01 4.21875000000000000e-01 4.43269284322894974e-02 -1.02627270974632812e-01
2.49375000000000013e-01 4.68750000000000000e-01 4.68058471730558867e-02 -9.71376017070394726e-02
2.49375000000000013e-01 5.15625000000000000e-01 4.95972562266144834e-02 -7.90125410063939743e-02
2.49375000000000013e-01 5.62500000000000000e-01 5.27087140503287171e-02 -5.41729416460056123e-02
2.49375000000000013e-01 6.09375000000000000e-01 5.61437014216086203e-02 -3.08851032537042769e-02
2.49375000000000013e-01 6.56250000000000000e-01 5.98997987031692283e-02 -1.47153536836543402e-02
2.49375000000000013e-01 7.03125000000000000e-01 6.39666620652642876e-02 -6.09167096818722699e-03
2.58437499999999987e-01 -6.56250000000000000e-01 6.42478436077552478e-02 -6.33822629982282604e-03
2.58437499999999987e-01 -6.09375000000000000e-01 6.02103956568630153e-02 -1.51595996786652084e-02
2.58437499999999987e-01 -5.62500000000000000e-01 5.65200323282832873e-02 -3.15214836162850051e-02
2.58437499999999987e-01 -5.15625000000000000e-01 5.31788265243909042e-02 -5.50687260601915238e-02
2.58437499999999987e-01 -4.68750000000000000e-01 5.01825532452167128e-02 -8.07720808035870125e-02
2.58437499999999987e-01 -4.21875000000000000e-01 4.75226706885642641e-02 -1.01140406507257419e-01
2.58437499999999987e-01 -3.75000000000000000e-01 4.51879932442885365e-02 -1.10629818486079792e-01
2.58437499999999987e-01 -3.28125000000000000e-01 4.31660434698522139e-02 -1.08176704842126881e-01
2.58437499999999987e-01 -2.81250000000000000e-01 4.14441061098634322e-02 -9.65255089390920917e-02
2.58437499999999987e-01 -2.34375000000000000e-01 4.00100249001368383e-02 -8.00016942425613442e-02
2.58437499999999987e-01 -1.87500000000000000e-01 3.88527883471362911e-02 -6.26499317359100333e-02
2.58437499999999987e-01 -1.40625000000000000e-01 3.79629488473080187e-02 -4.73119155823911383e-02
2.58437499999999987e-01 -9.37500000000000000e-02 3.73329139017075859e-02 -3.56497767364931106e-02
2.58437499999999987e-01 -4.68750000000000000e-02 3.69571409930112976e-02 -2.84570892867743348e-02
2.58437499999999987e-01 0.00000000000000000e+00 3.68322601587556114e-02 -2.60358127407876172e-02
2.58437499999999987e-01 4.68750000000000000e-02 3.69571409930112976e-02 -2.84570892867743348e-02
2.58437499999999987e-01 9.37500000000000000e-02 3.73329139017075443e-02 -3.56497767364923265e-02
2.58437499999999987e-01 1.40625000000000000e-01 3.79629488473080257e-02 -4.73119155823911383e-02
2.58437499999999987e-01 1.87500000000000000e-01 3.88527883471362911e-02 -6.26499317359100333e-02
2.58437499999999987e-01 2.34375000000000000e-01 4.00100249001368383e-02 -8.00016942425613442e-02
2.58437499999999987e-01 2.81250000000000000e-01 4.14441061098633420e-02 -9.65255089390906901e-02
2.58437499999999987e-01 3.28125000000000000e-01 4.31660434698522902e-02 -1.08176704842126922e-01
2.58437499999999987e-01 3.75000000000000000e-01 4.51879932442884949e-02 -1.10629818486079917e-01
2.58437499999999987e-01 4.21875000000000000e-01 4.75226706885643752e-02 -1.01140406507257016e-01
2.58437499999999987e-01 4.68750000000000000e-01 5.01825532452166226e-02 -8.07720808035872900e-02
2.58437499999999987e-01 5.15625000000000000e-01 5.31788265243908972e-02 -5.50687260601915238e-02
2.58437499999999987e-01 5.62500000000000000e-01 5.65200323282832873e-02 -3.15214836162850051e-02
2.58437499999999987e-01 6.09375000000000000e-01 6.02103956568630846e-02 -1.51595996786649846e-02
2.58437499999999987e-01 6.56250000000000000e-01 6.42478436077552201e-02 -6.33822629982284339e-03
2.67499999999999960e-01 -6.09375000000000000e-01 6.44090109266261257e-02 -6.76577580104914273e-03
2.67499999999999960e-01 -5.62500000000000000e-01 6.04540852002215662e-02 -1.58212892066611072e-02
2.67499999999999960e-01 -5.15625000000000000e-01 5.68750984144698463e-02 -3.22288891563195443e-02
2.67499999999999960e-01 -4.68750000000000000e-01 5.36669792087755074e-02 -5.56244992697085203e-02
2.67499999999999960e-01 -4.21875000000000000e-01 5.08201036774656376e-02 -8.15604875268383933e-02
2.67499999999999960e-01 -3.75000000000000000e-01 4.83220965904625419e-02 -1.03540162614587136e-01
2.67499999999999960e-01 -3.28125000000000000e-01 4.61592778261795678e-02 -1.16677472032717014e-01
2.67499999999999960e-01 -2.81250000000000000e-01 4.43177834490823541e-02 -1.19742816204082420e-01
2.67499999999999960e-01 -2.34375000000000000e-01 4.27844085361795551e-02 -1.14703740642780397e-01
2.67499999999999960e-01 -1.87500000000000000e-01 4.15472235079263549e-02 -1.05056644543136846e-01
2.67499999999999960e-01 -1.40625000000000000e-01 4.05960128320789551e-02 -9.42319926582307343e-02
2.67499999999999960e-01 -9.37500000000000000e-02 3.99225783141894386e-02 -8.48764665079340536e-02
2.67499999999999960e-01 -4.68750000000000000e-02 3.95209410850437537e-02 -7.86795752844699908e-02
2.67499999999999960e-01 0.00000000000000000e+00 3.93874681047345215e-02 -7.65246186114160037e-02
2.67499999999999960e-01 4.68750000000000000e-02 3.95209410850437606e-02 -7.86795752844705182e-02
2.67499999999999960e-01 9.37500000000000000e-02 3.99225783141894386e-02 -8.48764665079340536e-02
2.67499999999999960e-01 1.40625000000000000e-01 4.05960128320789065e-02 -9.42319926582307343e-02
2.67499999999999960e-01 1.87500000000000000e-01 4.15472235079263619e-02 -1.05056644543136846e-01
2.67499999999999960e-01 2.34375000000000000e-01 4.27844085361796106e-02 -1.14703740642780716e-01
2.67499999999999960e-01 2.81250000000000000e-01 4.43177834490824513e-02 -1.19742816204082017e-01
2.67499999999999960e-01 3.28125000000000000e-01 4.61592778261796788e-02 -1.16677472032716750e-01
2.67499999999999960e-01 3.75000000000000000e-01 4.83220965904623476e-02 -1.03540162614588913e-01
2.67499999999999960e-01 4.21875000000000000e-01 5.08201036774656376e-02 -8.15604875268383933e-02
2.67499999999999960e-01 4.68750000000000000e-01 5.36669792087755004e-02 -5.56244992697085203e-02
2.67499999999999960e-01 5.15625000000000000e-01 5.68750984144698532e-02 -3.22288891563193014e-02
2.67499999999999960e-01 5.62500000000000000e-01 6.04540852002216356e-02 -1.58212892066608157e-02
2.67499999999999960e-01 6.09375000000000000e-01 6.44090109266262784e-02 -6.76577580104887732e-03
2.76562499999999989e-01 -5.62500000000000000e-01 6.45094027856857460e-02 -7.31306938390189828e-03
2.76562499999999989e-01 -5.15625000000000000e-01 6.06846404003867565e-02 -1.65436954901362412e-02
2.76562499999999989e-01 -4.68750000000000000e-01 5.72577463107391341e-02 -3.27251900887087846e-02
2.76562499999999989e-01 -4.21875000000000000e-01 5.42179087349390076e-02 -5.54299274796639305e-02
2.76562499999999989e-01 -3.75000000000000000e-01 5.15514669512313478e-02 -8.08516611468223512e-02
2.76562499999999989e-01 -3.28125000000000000e-01 4.92434542591525387e-02 -1.03608405495696984e-01
2.76562499999999989e-01 -2.81250000000000000e-01 4.72787865935534943e-02 -1.19607809141938970e-01
2.76562499999999989e-01 -2.34375000000000000e-01 4.56431509683086073e-02 -1.27602919685177174e-01
2.76562499999999989e-01 -1.87500000000000000e-01 4.43236515422731209e-02 -1.28938239500443641e-01
2.76562499999999989e-01 -1.40625000000000000e-01 4.33092669737129496e-02 -1.26214993024154981e-01
2.76562499999999989e-01 -9.37500000000000000e-02 4.25911649059537573e-02 -1.22147429024502915e-01
2.76562499999999989e-01 -4.68750000000000000e-02 4.21629103302636060e-02 -1.18855167631896269e-01
2.76562499999999989e-01 0.00000000000000000e+00 4.20205954775132937e-02 -1.17617359022771276e-01
2.76562499999999989e-01 4.68750000000000000e-02 4.21629103302636199e-02 -1.18855167631896075e-01
2.76562499999999989e-01 9.37500000000000000e-02 4.25911649059538128e-02 -1.22147429024503318e-01
2.76562499999999989e-01 1.40625000000000000e-01 4.33092669737129010e-02 -1.26214993024155259e-01
2.76562499999999989e-01 1.87500000000000000e-01 4.43236515422731070e-02 -1.28938239500442586e-01
2.76562499999999989e-01 2.34375000000000000e-01 4.56431509683086142e-02 -1.27602919685177257e-01
2.76562499999999989e-01 2.81250000000000000e-01 4.72787865935535637e-02 -1.19607809141937985e-01
2.76562499999999989e-01 3.28125000000000000e-01 4.92434542591526012e-02 -1.03608405495695971e-01
2.76562499999999989e-01 3.75000000000000000e-01 5.15514669512313478e-02 -8.08516611468223512e-02
2.76562499999999989e-01 4.21875000000000000e-01 5.42179087349390007e-02 -5.54299274796639305e-02
2.76562499999999989e-01 4.68750000000000000e-01 5.72577463107391063e-02 -3.27251900887090552e-02
2.76562499999999989e-01 5.15625000000000000e-01 6.06846404003867634e-02 -1.65436954901362412e-02
2.76562499999999989e-01 5.62500000000000000e-01 6.45094027856856905e-02 -7.31306938390204487e-03
2.85624999999999962e-01 -5.15625000000000000e-01 6.46059635607438981e-02 -7.90645871452120598e-03
2.85624999999999962e-01 -4.68750000000000000e-01 6.09534233719876903e-02 -1.71520803456755577e-02
2.85624999999999962e-01 -4.21875000000000000e-01 5.77147194008947734e-02 -3.27165835315449890e-02
2.85624999999999962e-01 -3.75000000000000000e-01 5.48748041218539845e-02 -5.40879134422892899e-02
2.85624999999999962e-01 -3.28125000000000000e-01 5.24173364224031629e-02 -7.81205958760751579e-02
2.85624999999999962e-01 -2.81250000000000000e-01 5.03259379010897873e-02 -1.00539313983352682e-01
2.85624999999999962e-01 -2.34375000000000000e-01 4.85851262280330848e-02 -1.18022025858864427e-01
2.85624999999999962e-01 -1.87500000000000000e-01 4.71809898863293706e-02 -1.29441771325222721e-01
2.85624999999999962e-01 -1.40625000000000000e-01 4.61016630531271288e-02 -1.35533762913570527e-01
2.85624999999999962e-01 -9.37500000000000000e-02 4.53376502577283180e-02 -1.38020547711548452e-01
2.85624999999999962e-01 -4.68750000000000000e-02 4.48820402837670357e-02 -1.38676898555230826e-01
2.85624999999999962e-01 0.00000000000000000e+00 4.47306388381587747e-02 -1.38748938442564834e-01
2.85624999999999962e-01 4.68750000000000000e-02 4.48820402837670912e-02 -1.38676898555229855e-01
2.85624999999999962e-01 9.37500000000000000e-02 4.53376502577283597e-02 -1.38020547711548869e-01
2.85624999999999962e-01 1.40625000000000000e-01 4.61016630531270455e-02 -1.35533762913569583e-01
2.85624999999999962e-01 1.87500000000000000e-01 4.71809898863293706e-02 -1.29441771325222721e-01
2.85624999999999962e-01 2.34375000000000000e-01 4.85851262280330431e-02 -1.18022025858865925e-01
2.85624999999999962e-01 2.81250000000000000e-01 5.03259379010897873e-02 -1.00539313983352682e-01
2.85624999999999962e-01 3.28125000000000000e-01 5.24173364224032046e-02 -7.81205958760748109e-02
2.85624999999999962e-01 3.75000000000000000e-01 5.48748041218540261e-02 -5.40879134422886931e-02
2.85624999999999962e-01 4.21875000000000000e-01 5.77147194008948011e-02 -3.27165835315448295e-02
2.85624999999999962e-01 4.68750000000000000e-01 6.09534233719875862e-02 -1.71520803456759116e-02
2.85624999999999962e-01 5.15625000000000000e-01 6.46059635607439120e-02 -7.90645871452119384e-03
2.94687499999999991e-01 -4.68750000000000000e-01 6.47525264418129243e-02 -8.45415685701510038e-03
2.94687499999999991e-01 -4.21875000000000000e-01 6.13091213279118030e-02 -1.74606195788781365e-02
2.94687499999999991e-01 -3.75000000000000000e-01 5.82907643246322466e-02 -3.19296153305436425e-02
2.94687499999999991e-01 -3.28125000000000000e-01 5.56796481034544377e-02 -5.12688066475421936e-02
2.94687499999999991e-01 -2.81250000000000000e-01 5.34580229710805849e-02 -7.29470000426989534e-02
2.94687499999999991e-01 -2.34375000000000000e-01 5.16091741279586097e-02 -9.35865778797687758e-02
2.94687499999999991e-01 -1.87500000000000000e-01 5.01181237676235902e-02 -1.10662758652691651e-01
2.94687499999999991e-01 -1.40625000000000000e-01 4.89721221618090105e-02 -1.23062895911010162e-01
2.94687499999999991e-01 -9.37500000000000000e-02 4.81609813214407892e-02 -1.30985937695307253e-01
2.94687499999999991e-01 -4.68750000000000000e-02 4.76772934982579583e-02 -1.35219147496129594e-01
2.94687499999999991e-01 0.00000000000000000e+00 4.75165659524690309e-02 -1.36528812429852875e-01
2.94687499999999991e-01 4.68750000000000000e-02 4.76772934982579166e-02 -1.35219147496129899e-01
2.94687499999999991e-01 9.37500000000000000e-02 4.81609813214407892e-02 -1.30985937695307253e-01
2.94687499999999991e-01 1.40625000000000000e-01 4.89721221618090036e-02 -1.23062895911010980e-01
2.94687499999999991e-01 1.87500000000000000e-01 5.01181237676234931e-02 -1.10662758652692775e-01
2.94687499999999991e-01 2.34375000000000000e-01 5.16091741279585403e-02 -9.35865778797698583e-02
2.94687499999999991e-01 2.81250000000000000e-01 5.34580229710805224e-02 -7.29470000426998139e-02
2.94687499999999991e-01 3.28125000000000000e-01 5.56796481034544447e-02 -5.12688066475423462e-02
2.94687499999999991e-01 3.75000000000000000e-01 5.82907643246322951e-02 -3.19296153305431221e-02
2.94687499999999991e-01 4.21875000000000000e-01 6.13091213279118030e-02 -1.74606195788781365e-02
2.94687499999999991e-01 4.68750000000000000e-01 6.47525264418128965e-02 -8.45415685701515242e-03
3.03749999999999964e-01 -4.21875000000000000e-01 6.49996522138230892e-02 -8.84946341022977909e-03
3.03749999999999964e-01 -3.75000000000000000e-01 6.17979603291371263e-02 -1.72942761903041343e-02
3.03749999999999964e-01 -3.28125000000000000e-01 5.90290734753512458e-02 -3.01646442969722393e-02
3.03749999999999964e-01 -2.81250000000000000e-01 5.66737909854914818e-02 -4.68011918678418459e-02
3.03749999999999964e-01 -2.34375000000000000e-01 5.47141006617594058e-02 -6.50711120927804365e-02
3.03749999999999964e-01 -1.87500000000000000e-01 5.31339066426807644e-02 -8.24908520886541569e-02
3.03749999999999964e-01 -1.40625000000000000e-01 5.19195351625253709e-02 -9.70088681133695757e-02
3.03749999999999964e-01 -9.37500000000000000e-02 5.10600758942760108e-02 -1.07569634176639700e-01
3.03749999999999964e-01 -4.68750000000000000e-02 5.05476040049050931e-02 -1.13839447356935172e-01
3.03749999999999964e-01 0.00000000000000000e+00 5.03773162739070482e-02 -1.15902000481740569e-01
3.03749999999999964e-01 4.68750000000000000e-02 5.05476040049051972e-02 -1.13839447356933951e-01
3.03749999999999964e-01 9.37500000000000000e-02 5.10600758942759553e-02 -1.07569634176640810e-01
3.03749999999999964e-01 1.40625000000000000e-01 5.19195351625254126e-02 -9.70088681133692149e-02
3.03749999999999964e-01 1.87500000000000000e-01 5.31339066426807644e-02 -8.24908520886541569e-02
3.03749999999999964e-01 2.34375000000000000e-01 5.47141006617593573e-02 -6.50711120927812553e-02
3.03749999999999964e-01 2.81250000000000000e-01 5.66737909854914262e-02 -4.68011918678420888e-02
3.03749999999999964e-01 3.28125000000000000e-01 5.90290734753513846e-02 -3.01646442969717293e-02
3.03749999999999964e-01 3.75000000000000000e-01 6.17979603291370916e-02 -1.72942761903042974e-02
3.03749999999999964e-01 4.21875000000000000e-01 6.49996522138231447e-02 -8.84946341022967153e-03
3.12812499999999993e-01 -3.75000000000000000e-01 6.53949616009186774e-02 -8.98347670572053648e-03
3.12812499999999993e-01 -3.28125000000000000e-01 6.24642573762231035e-02 -1.65230400360722209e-02
3.12812499999999993e-01 -2.81250000000000000e-01 5.99719550762695813e-02 -2.73523791961706036e-02
3.12812499999999993e-01 -2.34375000000000000e-01 5.78986784287049416e-02 -4.06741122872297176e-02
3.12812499999999993e-01 -1.87500000000000000e-01 5.62271606574024502e-02 -5.48108806063088427e-02
3.12812499999999993e-01 -1.40625000000000000e-01 5.49427631712771647e-02 -6.77987868098391538e-02
3.12812499999999993e-01 -9.37500000000000000e-02 5.40338231128518476e-02 -7.80620352478252066e-02
3.12812499999999993e-01 -4.68750000000000000e-02 5.34918778136334594e-02 -8.45273742860581934e-02
3.12812499999999993e-01 0.00000000000000000e+00 5.33118014457274747e-02 -8.67215504688742533e-02
3.12812499999999993e-01 4.68750000000000000e-02 5.34918778136334594e-02 -8.45273742860581934e-02
3.12812499999999993e-01 9.37500000000000000e-02 5.40338231128518059e-02 -7.80620352478263446e-02
3.12812499999999993e-01 1.40625000000000000e-01 5.49427631712771716e-02 -6.77987868098389040e-02
3.12812499999999993e-01 1.87500000000000000e-01 5.62271606574024918e-02 -5.48108806063082044e-02
3.12812499999999993e-01 2.34375000000000000e-01 5.78986784287050110e-02 -4.06741122872295996e-02
3.12812499999999993e-01 2.81250000000000000e-01 5.99719550762695675e-02 -2.73523791961708153e-02
3.12812499999999993e-01 3.28125000000000000e-01 6.24642573762231312e-02 -1.65230400360720682e-02
3.12812499999999993e-01 3.75000000000000000e-01 6.53949616009186357e-02 -8.98347670572060761e-03
3.21874999999999967e-01 -3.28125000000000000e-01 6.59838056186460298e-02 -8.76508401691976705e-03
3.21874999999999967e-01 -2.81250000000000000e-01 6.33511927204825076e-02 -1.51096459522566430e-02
3.21874999999999967e-01 -2.34375000000000000e-01 6.11616470836633258e-02 -2.35796139291173899e-02
3.21874999999999967e-01 -1.87500000000000000e-01 5.93966771308440319e-02 -3.33326280395082122e-02
3.21874999999999967e-01 -1.40625000000000000e-01 5.80406380609281500e-02 -4.30191584913003494e-02
3.21874999999999967e-01 -9.37500000000000000e-02 5.70810839678023915e-02 -5.11655733763246648e-02
3.21874999999999967e-01 -4.68750000000000000e-02 5.65089934330427687e-02 -5.65299537004510175e-02
3.21874999999999967e-01 0.00000000000000000e+00 5.63189058224807110e-02 -5.83927235457743707e-02
3.21874999999999967e-01 4.68750000000000000e-02 5.65089934330428242e-02 -5.65299537004502750e-02
3.21874999999999967e-01 9.37500000000000000e-02 5.70810839678024817e-02 -5.11655733763241791e-02
3.21874999999999967e-01 1.40625000000000000e-01 5.80406380609280598e-02 -4.30191584913011474e-02
3.21874999999999967e-01 1.87500000000000000e-01 5.93966771308441013e-02 -3.33326280395078584e-02
3.21874999999999967e-01 2.34375000000000000e-01 6.11616470836633258e-02 -2.35796139291173899e-02
3.21874999999999967e-01 2.81250000000000000e-01 6.33511927204826603e-02 -1.51096459522562163e-02
3.21874999999999967e-01 3.28125000000000000e-01 6.59838056186460298e-02 -8.76508401691976705e-03
3.30937499999999996e-01 -2.34375000000000000e-01 6.45017138135222101e-02 -1.31343803009973201e-02
3.30937499999999996e-01 -1.87500000000000000e-01 6.26412170630019360e-02 -1.91618528812109931e-02
3.30937499999999996e-01 -1.40625000000000000e-01 6.12119629868949564e-02 -2.55110911150862874e-02
3.30937499999999996e-01 -9.37500000000000000e-02 6.02006918390052895e-02 -3.10982464987713883e-02
3.30937499999999996e-01 -4.68750000000000000e-02 5.95978024101346815e-02 -3.49153037464260199e-02
3.30937499999999996e-01 0.00000000000000000e+00 5.93974870110331316e-02 -3.62681716960991593e-02
3.30937499999999996e-01 4.68750000000000000e-02 5.95978024101347786e-02 -3.49153037464253677e-02
3.30937499999999996e-01 9.37500000000000000e-02 6.02006918390052756e-02 -3.10982464987714126e-02
3.30937499999999996e-01 1.40625000000000000e-01 6.12119629868950257e-02 -2.55110911150859404e-02
3.30937499999999996e-01 1.87500000000000000e-01 6.26412170630018805e-02 -1.91618528812110625e-02
3.30937499999999996e-01 2.34375000000000000e-01 6.45017138135222101e-02 -1.31343803009973201e-02
3.39999999999999969e-01 -1.87500000000000000e-01 6.59595116672163362e-02 -1.07527713680452396e-02
3.39999999999999969e-01 -1.40625000000000000e-01 6.44555129352911843e-02 -1.45986021652634353e-02
3.39999999999999969e-01 -9.37500000000000000e-02 6.33914530517146746e-02 -1.80777118460893303e-02
3.39999999999999969e-01 -4.68750000000000000e-02 6.27571298899936292e-02 -2.05241470347314568e-02
3.39999999999999969e-01 0.00000000000000000e+00 6.25463764312406412e-02 -2.14067405763405764e-02
3.39999999999999969e-01 4.68750000000000000e-02 6.27571298899936569e-02 -2.05241470347312729e-02
3.39999999999999969e-01 9.37500000000000000e-02 6.33914530517147856e-02 -1.80777118460890181e-02
3.39999999999999969e-01 1.40625000000000000e-01 6.44555129352912537e-02 -1.45986021652632029e-02
3.39999999999999969e-01 1.87500000000000000e-01 6.59595116672163917e-02 -1.07527713680451078e-02
3.49062499999999942e-01 -4.68750000000000000e-02 6.59857751955601202e-02 -1.18201338274967326e-02
3.49062499999999942e-01 0.00000000000000000e+00 6.57643798963681303e-02 -1.23635806712264727e-02
3.49062499999999942e-01 4.68750000000000000e-02 6.59857751955600369e-02 -1.18201338274969425e-02
