# geq's own mu0 R Jtor at its own state -- the reference MEQ's
# F is compared against. Only 0 <= psi_n <= 1 nodes appear:
# geq masks Jtor to zero outside and an unconfined
# meq::RotatingSource does not, so the vacuum region is a
# difference of conventions rather than of physics.
#
#    R              z               psi             F_ref
5.90625000000000039e-02 -1.50000000000000000e+00 6.92540815974577919e-03 3.07810649255003325e-04
5.90625000000000039e-02 -1.45312500000000000e+00 6.91478716370253106e-03 3.07103551159048824e-04
5.90625000000000039e-02 -1.40625000000000000e+00 6.86950721597478012e-03 3.04103593595824741e-04
5.90625000000000039e-02 -1.35937500000000000e+00 6.79029796997212675e-03 2.98911913063949221e-04
5.90625000000000039e-02 -1.31250000000000000e+00 6.67837965355838441e-03 2.91696135898180764e-04
5.90625000000000039e-02 -1.26562500000000000e+00 6.53549056821785528e-03 2.82682527667596603e-04
5.90625000000000039e-02 -1.21875000000000000e+00 6.36391101322555507e-03 2.72147936066799304e-04
5.90625000000000039e-02 -1.17187500000000000e+00 6.16647138411678154e-03 2.60401647324100954e-04
5.90625000000000039e-02 -1.12500000000000000e+00 5.94653213940464324e-03 2.47783235015838668e-04
5.90625000000000039e-02 -1.07812500000000000e+00 5.70792592846313188e-03 2.34606658337871031e-04
5.90625000000000039e-02 1.07812500000000000e+00 5.70792592846316310e-03 2.34606658337872928e-04
5.90625000000000039e-02 1.12500000000000000e+00 5.94653213940464498e-03 2.47783235015836987e-04
5.90625000000000039e-02 1.17187500000000000e+00 6.16647138411678328e-03 2.60401647324101768e-04
5.90625000000000039e-02 1.21875000000000000e+00 6.36391101322549869e-03 2.72147936066795672e-04
5.90625000000000039e-02 1.26562500000000000e+00 6.53549056821785615e-03 2.82682527667596712e-04
5.90625000000000039e-02 1.31250000000000000e+00 6.67837965355840696e-03 2.91696135898181143e-04
5.90625000000000039e-02 1.35937500000000000e+00 6.79029796997212588e-03 2.98911913063948246e-04
5.90625000000000039e-02 1.40625000000000000e+00 6.86950721597486772e-03 3.04103593595830054e-04
5.90625000000000039e-02 1.45312500000000000e+00 6.91478716370250764e-03 3.07103551159046276e-04
5.90625000000000039e-02 1.50000000000000000e+00 6.92540815974577919e-03 3.07810649255003271e-04
6.81250000000000050e-02 -1.50000000000000000e+00 9.21676239882138031e-03 6.67076828151274399e-04
6.81250000000000050e-02 -1.45312500000000000e+00 9.20260933483393363e-03 6.65135595136050217e-04
6.81250000000000050e-02 -1.40625000000000000e+00 9.14230432389314708e-03 6.56920810637719459e-04
6.81250000000000050e-02 -1.35937500000000000e+00 9.03681625990466857e-03 6.42769108072910062e-04
6.81250000000000050e-02 -1.31250000000000000e+00 8.88776612633825416e-03 6.23236482924904378e-04
6.81250000000000050e-02 -1.26562500000000000e+00 8.69746446713992073e-03 5.99068577462000219e-04
6.81250000000000050e-02 -1.21875000000000000e+00 8.46894429196134828e-03 5.71146667662480664e-04
6.81250000000000050e-02 -1.17187500000000000e+00 8.20597293349973472e-03 5.40499545243592196e-04
6.81250000000000050e-02 -1.12500000000000000e+00 7.91302625148325445e-03 5.08166295442124107e-04
6.81250000000000050e-02 -1.07812500000000000e+00 7.59521202849096095e-03 4.75116974877581313e-04
6.81250000000000050e-02 -1.03125000000000000e+00 7.25813654345027360e-03 4.42223601306505887e-04
6.81250000000000050e-02 -9.84375000000000000e-01 6.90771819533447188e-03 4.10159193639401986e-04
6.81250000000000050e-02 -9.37500000000000000e-01 6.54996260859663261e-03 3.79368177068645761e-04
6.81250000000000050e-02 -8.90625000000000000e-01 6.19072215287282818e-03 3.50292482028634225e-04
6.81250000000000050e-02 -8.43750000000000000e-01 5.83546680232999854e-03 3.23250476214241025e-04
6.81250000000000050e-02 8.43750000000000000e-01 5.83546680232999680e-03 3.23250476214240862e-04
6.81250000000000050e-02 8.90625000000000000e-01 6.19072215287273537e-03 3.50292482028624955e-04
6.81250000000000050e-02 9.37500000000000000e-01 6.54996260859663261e-03 3.79368177068645761e-04
6.81250000000000050e-02 9.84375000000000000e-01 6.90771819533448229e-03 4.10159193639401173e-04
6.81250000000000050e-02 1.03125000000000000e+00 7.25813654345021288e-03 4.42223601306504857e-04
6.81250000000000050e-02 1.07812500000000000e+00 7.59521202849096008e-03 4.75116974877584891e-04
6.81250000000000050e-02 1.12500000000000000e+00 7.91302625148325445e-03 5.08166295442124107e-04
6.81250000000000050e-02 1.17187500000000000e+00 8.20597293349976421e-03 5.40499545243600761e-04
6.81250000000000050e-02 1.21875000000000000e+00 8.46894429196131705e-03 5.71146667662471665e-04
6.81250000000000050e-02 1.26562500000000000e+00 8.69746446713992073e-03 5.99068577462000219e-04
6.81250000000000050e-02 1.31250000000000000e+00 8.88776612633822641e-03 6.23236482924905137e-04
6.81250000000000050e-02 1.35937500000000000e+00 9.03681625990466857e-03 6.42769108072910062e-04
6.81250000000000050e-02 1.40625000000000000e+00 9.14230432389314708e-03 6.56920810637719567e-04
6.81250000000000050e-02 1.45312500000000000e+00 9.20260933483393537e-03 6.65135595136048157e-04
6.81250000000000050e-02 1.50000000000000000e+00 9.21676239882138031e-03 6.67076828151274399e-04
7.71874999999999922e-02 -1.50000000000000000e+00 1.18365043554329794e-02 1.45365763587355988e-03
7.71874999999999922e-02 -1.45312500000000000e+00 1.18183021559414535e-02 1.44853927230724814e-03
7.71874999999999922e-02 -1.40625000000000000e+00 1.17407923963867445e-02 1.42691683928968167e-03
7.71874999999999922e-02 -1.35937500000000000e+00 1.16052161382379504e-02 1.38976623372541659e-03
7.71874999999999922e-02 -1.31250000000000000e+00 1.14136506894196906e-02 1.33870037271823471e-03
7.71874999999999922e-02 -1.26562500000000000e+00 1.11690590145591493e-02 1.27586387172346979e-03
7.71874999999999922e-02 -1.21875000000000000e+00 1.08753335679257993e-02 1.20385702037544549e-03
7.71874999999999922e-02 -1.17187500000000000e+00 1.05373131198823761e-02 1.12548422295751221e-03
7.71874999999999922e-02 -1.12500000000000000e+00 1.01607509145447070e-02 1.04354374633339425e-03
7.71874999999999922e-02 -1.07812500000000000e+00 9.75221691389171336e-03 9.60675371005313195e-04
7.71874999999999922e-02 -1.03125000000000000e+00 9.31892614081161579e-03 8.79305379901832904e-04
7.71874999999999922e-02 -9.84375000000000000e-01 8.86849802606877111e-03 8.01333518736580919e-04
7.71874999999999922e-02 -9.37500000000000000e-01 8.40866548409634033e-03 7.28147102874570251e-04
7.71874999999999922e-02 -8.90625000000000000e-01 7.94696359379400141e-03 6.60894530116642944e-04
7.71874999999999922e-02 -8.43750000000000000e-01 7.49043300112626955e-03 6.00086878530396435e-04
7.71874999999999922e-02 -7.96875000000000000e-01 7.04537092517381908e-03 5.45745811463029841e-04
7.71874999999999922e-02 -7.50000000000000000e-01 6.61715373248437672e-03 4.97360407847337251e-04
7.71874999999999922e-02 -7.03125000000000000e-01 6.21014223781871794e-03 4.54548141970373485e-04
7.71874999999999922e-02 -6.56250000000000000e-01 5.82766778828789408e-03 4.16947717107375520e-04
7.71874999999999922e-02 6.56250000000000000e-01 5.82766778828789408e-03 4.16947717107375520e-04
7.71874999999999922e-02 7.03125000000000000e-01 6.21014223781872834e-03 4.54548141970372672e-04
7.71874999999999922e-02 7.50000000000000000e-01 6.61715373248435070e-03 4.97360407847337251e-04
7.71874999999999922e-02 7.96875000000000000e-01 7.04537092517381908e-03 5.45745811463029841e-04
7.71874999999999922e-02 8.43750000000000000e-01 7.49043300112631986e-03 6.00086878530399037e-04
7.71874999999999922e-02 8.90625000000000000e-01 7.94696359379403611e-03 6.60894530116648256e-04
7.71874999999999922e-02 9.37500000000000000e-01 8.40866548409633860e-03 7.28147102874565047e-04
7.71874999999999922e-02 9.84375000000000000e-01 8.86849802606877111e-03 8.01333518736580919e-04
7.71874999999999922e-02 1.03125000000000000e+00 9.31892614081164701e-03 8.79305379901840060e-04
7.71874999999999922e-02 1.07812500000000000e+00 9.75221691389171336e-03 9.60675371005313195e-04
7.71874999999999922e-02 1.12500000000000000e+00 1.01607509145447087e-02 1.04354374633339360e-03
7.71874999999999922e-02 1.17187500000000000e+00 1.05373131198823466e-02 1.12548422295750809e-03
7.71874999999999922e-02 1.21875000000000000e+00 1.08753335679258305e-02 1.20385702037544462e-03
7.71874999999999922e-02 1.26562500000000000e+00 1.11690590145591510e-02 1.27586387172348346e-03
7.71874999999999922e-02 1.31250000000000000e+00 1.14136506894196889e-02 1.33870037271823991e-03
7.71874999999999922e-02 1.35937500000000000e+00 1.16052161382378619e-02 1.38976623372539338e-03
7.71874999999999922e-02 1.40625000000000000e+00 1.17407923963866474e-02 1.42691683928964762e-03
7.71874999999999922e-02 1.45312500000000000e+00 1.18183021559413633e-02 1.44853927230722385e-03
7.71874999999999922e-02 1.50000000000000000e+00 1.18365043554329794e-02 1.45365763587356031e-03
8.62499999999999933e-02 -1.50000000000000000e+00 1.47853769162274249e-02 3.14631104199101889e-03
8.62499999999999933e-02 -1.45312500000000000e+00 1.47626030778298771e-02 3.13380145875152361e-03
8.62499999999999933e-02 -1.40625000000000000e+00 1.46656936230133549e-02 3.08098578994169805e-03
8.62499999999999933e-02 -1.35937500000000000e+00 1.44961942086811162e-02 2.99022883062130540e-03
8.62499999999999933e-02 -1.31250000000000000e+00 1.42566933686430961e-02 2.86550348965253004e-03
8.62499999999999933e-02 -1.26562500000000000e+00 1.39508860558677471e-02 2.71219438460857483e-03
8.62499999999999933e-02 -1.21875000000000000e+00 1.35836306266179808e-02 2.53675844402050099e-03
8.62499999999999933e-02 -1.17187500000000000e+00 1.31609721293438862e-02 2.34629473754709118e-03
8.62499999999999933e-02 -1.12500000000000000e+00 1.26901043614948209e-02 2.14808695525201855e-03
8.62499999999999933e-02 -1.07812500000000000e+00 1.21792486529017571e-02 1.94915284469235122e-03
8.62499999999999933e-02 -1.03125000000000000e+00 1.16374390193899595e-02 1.75559022896155307e-03
8.62499999999999933e-02 -9.84375000000000000e-01 1.10742197127372335e-02 1.57219409767125006e-03
8.62499999999999933e-02 -9.37500000000000000e-01 1.04992788275740153e-02 1.40264243177338067e-03
8.62499999999999933e-02 -8.90625000000000000e-01 9.92205589106362994e-03 1.24895983995681830e-03
8.62499999999999933e-02 -8.43750000000000000e-01 9.35136806974350143e-03 1.11199266906033406e-03
8.62499999999999933e-02 -7.96875000000000000e-01 8.79509675335443143e-03 9.91645319511437907e-04
8.62499999999999933e-02 -7.50000000000000000e-01 8.25996484753204960e-03 8.87005211654641468e-04
8.62499999999999933e-02 -7.03125000000000000e-01 7.75141873783691780e-03 7.97122959586604664e-04
8.62499999999999933e-02 -6.56250000000000000e-01 7.27361220944444751e-03 7.20389810029869126e-04
8.62499999999999933e-02 -6.09375000000000000e-01 6.82947650763076394e-03 6.54954997937060913e-04
8.62499999999999933e-02 -5.62500000000000000e-01 6.42085323513246278e-03 5.99012626005168713e-04
8.62499999999999933e-02 -5.15625000000000000e-01 6.04866494827364584e-03 5.51349547727546067e-04
8.62499999999999933e-02 -4.68750000000000000e-01 5.71310079991163913e-03 5.10874325837170316e-04
8.62499999999999933e-02 4.68750000000000000e-01 5.71310079991168250e-03 5.10874325837177472e-04
8.62499999999999933e-02 5.15625000000000000e-01 6.04866494827364584e-03 5.51349547727546067e-04
8.62499999999999933e-02 5.62500000000000000e-01 6.42085323513239513e-03 5.99012626005157979e-04
8.62499999999999933e-02 6.09375000000000000e-01 6.82947650763071016e-03 6.54954997937055492e-04
8.62499999999999933e-02 6.56250000000000000e-01 7.27361220944448654e-03 7.20389810029875414e-04
8.62499999999999933e-02 7.03125000000000000e-01 7.75141873783694469e-03 7.97122959586613229e-04
8.62499999999999933e-02 7.50000000000000000e-01 8.25996484753204960e-03 8.87005211654641251e-04
8.62499999999999933e-02 7.96875000000000000e-01 8.79509675335437592e-03 9.91645319511426414e-04
8.62499999999999933e-02 8.43750000000000000e-01 9.35136806974339561e-03 1.11199266906031454e-03
8.62499999999999933e-02 8.90625000000000000e-01 9.92205589106357616e-03 1.24895983995680030e-03
8.62499999999999933e-02 9.37500000000000000e-01 1.04992788275739806e-02 1.40264243177336528e-03
8.62499999999999933e-02 9.84375000000000000e-01 1.10742197127372665e-02 1.57219409767125678e-03
8.62499999999999933e-02 1.03125000000000000e+00 1.16374390193899595e-02 1.75559022896155307e-03
8.62499999999999933e-02 1.07812500000000000e+00 1.21792486529017554e-02 1.94915284469235664e-03
8.62499999999999933e-02 1.12500000000000000e+00 1.26901043614948243e-02 2.14808695525201205e-03
8.62499999999999933e-02 1.17187500000000000e+00 1.31609721293438862e-02 2.34629473754709118e-03
8.62499999999999933e-02 1.21875000000000000e+00 1.35836306266179808e-02 2.53675844402050099e-03
8.62499999999999933e-02 1.26562500000000000e+00 1.39508860558677505e-02 2.71219438460857786e-03
8.62499999999999933e-02 1.31250000000000000e+00 1.42566933686430700e-02 2.86550348965252354e-03
8.62499999999999933e-02 1.35937500000000000e+00 1.44961942086811145e-02 2.99022883062132622e-03
8.62499999999999933e-02 1.40625000000000000e+00 1.46656936230133532e-02 3.08098578994167724e-03
8.62499999999999933e-02 1.45312500000000000e+00 1.47626030778298528e-02 3.13380145875152708e-03
8.62499999999999933e-02 1.50000000000000000e+00 1.47853769162274249e-02 3.14631104199101889e-03
9.53124999999999944e-02 -1.50000000000000000e+00 1.80642170719449782e-02 6.52803668050071749e-03
9.53124999999999944e-02 -1.45312500000000000e+00 1.80363430044619896e-02 6.50187064773825960e-03
9.53124999999999944e-02 -1.40625000000000000e+00 1.79178218153359312e-02 6.39116663230981062e-03
9.53124999999999944e-02 -1.35937500000000000e+00 1.77105356019662714e-02 6.19981136654533527e-03
9.53124999999999944e-02 -1.31250000000000000e+00 1.74176382416780413e-02 5.93459373583873386e-03
9.53124999999999944e-02 -1.26562500000000000e+00 1.70436355160791739e-02 5.60509735023661127e-03
9.53124999999999944e-02 -1.21875000000000000e+00 1.65944577880173041e-02 5.22370134791598582e-03
9.53124999999999944e-02 -1.17187500000000000e+00 1.60774915734603688e-02 4.80534269195933943e-03
9.53124999999999944e-02 -1.12500000000000000e+00 1.55015357099359142e-02 4.36641086052486343e-03
9.53124999999999944e-02 -1.07812500000000000e+00 1.48766545018074407e-02 3.92307524428376925e-03
9.53124999999999944e-02 -1.03125000000000000e+00 1.42139146625860236e-02 3.49039646756823000e-03
9.53124999999999944e-02 -9.84375000000000000e-01 1.35250132721981553e-02 3.08107266222200230e-03
9.53124999999999944e-02 -9.37500000000000000e-01 1.28218260267664412e-02 2.70413690290496368e-03
9.53124999999999944e-02 -8.90625000000000000e-01 1.21159229541993093e-02 2.36521529845878367e-03
9.53124999999999944e-02 -8.43750000000000000e-01 1.14181071911110561e-02 2.06657328515714002e-03
9.53124999999999944e-02 -7.96875000000000000e-01 1.07380287895022294e-02 1.80763456029247303e-03
9.53124999999999944e-02 -7.50000000000000000e-01 1.00839111561624312e-02 1.58619271165813102e-03
9.53124999999999944e-02 -7.03125000000000000e-01 9.46240721190901891e-03 1.39852189247919104e-03
9.53124999999999944e-02 -6.56250000000000000e-01 8.87858154903468748e-03 1.24068601977584824e-03
9.53124999999999944e-02 -6.09375000000000000e-01 8.33599863741474670e-03 1.10846708596187447e-03
9.53124999999999944e-02 -5.62500000000000000e-01 7.83688797822535040e-03 9.98439934411516315e-04
9.53124999999999944e-02 -5.15625000000000000e-01 7.38235501501561912e-03 9.07102993519894952e-04
9.53124999999999944e-02 -4.68750000000000000e-01 6.97260985920667570e-03 8.31277054558952791e-04
9.53124999999999944e-02 -4.21875000000000000e-01 6.60719211746462441e-03 7.68070384492743671e-04
9.53124999999999944e-02 -3.75000000000000000e-01 6.28517719616700395e-03 7.15544277679180246e-04
9.53124999999999944e-02 -3.28125000000000000e-01 6.00535593436299451e-03 6.72188894783715758e-04
9.53124999999999944e-02 -2.81250000000000000e-01 5.76638452551500591e-03 6.36742800841796452e-04
9.53124999999999944e-02 2.81250000000000000e-01 5.76638452551494086e-03 6.36742800841788646e-04
9.53124999999999944e-02 3.28125000000000000e-01 6.00535593436294854e-03 6.72188894783705784e-04
9.53124999999999944e-02 3.75000000000000000e-01 6.28517719616693889e-03 7.15544277679167886e-04
9.53124999999999944e-02 4.21875000000000000e-01 6.60719211746464263e-03 7.68070384492748875e-04
9.53124999999999944e-02 4.68750000000000000e-01 6.97260985920668958e-03 8.31277054558950948e-04
9.53124999999999944e-02 5.15625000000000000e-01 7.38235501501562173e-03 9.07102993519898096e-04
9.53124999999999944e-02 5.62500000000000000e-01 7.83688797822535040e-03 9.98439934411516315e-04
9.53124999999999944e-02 6.09375000000000000e-01 8.33599863741480394e-03 1.10846708596188401e-03
9.53124999999999944e-02 6.56250000000000000e-01 8.87858154903468748e-03 1.24068601977584824e-03
9.53124999999999944e-02 7.03125000000000000e-01 9.46240721190901891e-03 1.39852189247919104e-03
9.53124999999999944e-02 7.50000000000000000e-01 1.00839111561623548e-02 1.58619271165809980e-03
9.53124999999999944e-02 7.96875000000000000e-01 1.07380287895022294e-02 1.80763456029247303e-03
9.53124999999999944e-02 8.43750000000000000e-01 1.14181071911110561e-02 2.06657328515714002e-03
9.53124999999999944e-02 8.90625000000000000e-01 1.21159229541993093e-02 2.36521529845878367e-03
9.53124999999999944e-02 9.37500000000000000e-01 1.28218260267664846e-02 2.70413690290498407e-03
9.53124999999999944e-02 9.84375000000000000e-01 1.35250132721980530e-02 3.08107266222195243e-03
9.53124999999999944e-02 1.03125000000000000e+00 1.42139146625860253e-02 3.49039646756824562e-03
9.53124999999999944e-02 1.07812500000000000e+00 1.48766545018073747e-02 3.92307524428373456e-03
9.53124999999999944e-02 1.12500000000000000e+00 1.55015357099358639e-02 4.36641086052483134e-03
9.53124999999999944e-02 1.17187500000000000e+00 1.60774915734603688e-02 4.80534269195933943e-03
9.53124999999999944e-02 1.21875000000000000e+00 1.65944577880172625e-02 5.22370134791598929e-03
9.53124999999999944e-02 1.26562500000000000e+00 1.70436355160791947e-02 5.60509735023663729e-03
9.53124999999999944e-02 1.31250000000000000e+00 1.74176382416780413e-02 5.93459373583873386e-03
9.53124999999999944e-02 1.35937500000000000e+00 1.77105356019661847e-02 6.19981136654526067e-03
9.53124999999999944e-02 1.40625000000000000e+00 1.79178218153359346e-02 6.39116663230981149e-03
9.53124999999999944e-02 1.45312500000000000e+00 1.80363430044619896e-02 6.50187064773825960e-03
9.53124999999999944e-02 1.50000000000000000e+00 1.80642170719449782e-02 6.52803668050071749e-03
1.04374999999999996e-01 -1.50000000000000000e+00 2.16739564205134239e-02 1.21790052330429180e-02
1.04374999999999996e-01 -1.45312500000000000e+00 2.16404468063079308e-02 1.21396602215434520e-02
1.04374999999999996e-01 -1.40625000000000000e+00 2.14980829478568884e-02 1.19716783331464700e-02
1.04374999999999996e-01 -1.35937500000000000e+00 2.12491145539685025e-02 1.16750585995089948e-02
1.04374999999999996e-01 -1.31250000000000000e+00 2.08973140508315891e-02 1.12510248507082036e-02
1.04374999999999996e-01 -1.26562500000000000e+00 2.04480760298653974e-02 1.07039915803669484e-02
1.04374999999999996e-01 -1.21875000000000000e+00 1.99085085209378017e-02 1.00450027144045172e-02
1.04374999999999996e-01 -1.17187500000000000e+00 1.92874750424099385e-02 9.29292238224575969e-03
1.04374999999999996e-01 -1.12500000000000000e+00 1.85955454021767587e-02 8.47326100391302371e-03
1.04374999999999996e-01 -1.07812500000000000e+00 1.78448211828845515e-02 7.61703800496931448e-03
1.04374999999999996e-01 -1.03125000000000000e+00 1.70486193839120385e-02 6.75849012326549831e-03
1.04374999999999996e-01 -9.84375000000000000e-01 1.62210226779807357e-02 5.92839923715322761e-03
1.04374999999999996e-01 -9.37500000000000000e-01 1.53763319023572445e-02 5.15321385176293473e-03
1.04374999999999996e-01 -8.90625000000000000e-01 1.45284785092072623e-02 4.45063952966243993e-03
1.04374999999999996e-01 -8.43750000000000000e-01 1.36904651118931638e-02 3.83044491146220705e-03
1.04374999999999996e-01 -7.96875000000000000e-01 1.28738977555674181e-02 3.29465537576859122e-03
1.04374999999999996e-01 -7.50000000000000000e-01 1.20886557571993486e-02 2.83966757926852609e-03
1.04374999999999996e-01 -7.03125000000000000e-01 1.13427196463980265e-02 2.45834356245625690e-03
1.04374999999999996e-01 -6.56250000000000000e-01 1.06421521909809379e-02 2.14166746617678932e-03
1.04374999999999996e-01 -6.09375000000000000e-01 9.99120772429295395e-03 1.88046550820733949e-03
1.04374999999999996e-01 -5.62500000000000000e-01 9.39253401494125582e-03 1.66572457821525773e-03
1.04374999999999996e-01 -5.15625000000000000e-01 8.84742862142163904e-03 1.48966838700763404e-03
1.04374999999999996e-01 -4.68750000000000000e-01 8.35611585373860488e-03 1.34541411566813660e-03
1.04374999999999996e-01 -4.21875000000000000e-01 7.91801819501690429e-03 1.22776672548408246e-03
1.04374999999999996e-01 -3.75000000000000000e-01 7.53200471632800485e-03 1.13207568596370442e-03
1.04374999999999996e-01 -3.28125000000000000e-01 7.19660687813772869e-03 1.05453562131871924e-03
1.04374999999999996e-01 -2.81250000000000000e-01 6.91019826386606723e-03 9.91983403090269163e-04
1.04374999999999996e-01 -2.34375000000000000e-01 6.67113902522642292e-03 9.42074926150193964e-04
1.04374999999999996e-01 -1.87500000000000000e-01 6.47788833264226378e-03 9.03186188932100591e-04
1.04374999999999996e-01 -1.40625000000000000e-01 6.32908929095330614e-03 8.74102318126578764e-04
1.04374999999999996e-01 -9.37500000000000000e-02 6.22363099781934014e-03 8.53927991724643363e-04
1.04374999999999996e-01 -4.68750000000000000e-02 6.16069202961248841e-03 8.42056647138222881e-04
1.04374999999999996e-01 0.00000000000000000e+00 6.13976889098652792e-03 8.38137750847066897e-04
1.04374999999999996e-01 4.68750000000000000e-02 6.16069202961238085e-03 8.42056647138204016e-04
1.04374999999999996e-01 9.37500000000000000e-02 6.22363099781934014e-03 8.53927991724643363e-04
1.04374999999999996e-01 1.40625000000000000e-01 6.32908929095330614e-03 8.74102318126578764e-04
1.04374999999999996e-01 1.87500000000000000e-01 6.47788833264235572e-03 9.03186188932116637e-04
1.04374999999999996e-01 2.34375000000000000e-01 6.67113902522636394e-03 9.42074926150189302e-04
1.04374999999999996e-01 2.81250000000000000e-01 6.91019826386611493e-03 9.91983403090273500e-04
1.04374999999999996e-01 3.28125000000000000e-01 7.19660687813774170e-03 1.05453562131872141e-03
1.04374999999999996e-01 3.75000000000000000e-01 7.53200471632797450e-03 1.13207568596369163e-03
1.04374999999999996e-01 4.21875000000000000e-01 7.91801819501679154e-03 1.22776672548404971e-03
1.04374999999999996e-01 4.68750000000000000e-01 8.35611585373863611e-03 1.34541411566814809e-03
1.04374999999999996e-01 5.15625000000000000e-01 8.84742862142148638e-03 1.48966838700759522e-03
1.04374999999999996e-01 5.62500000000000000e-01 9.39253401494125582e-03 1.66572457821525773e-03
1.04374999999999996e-01 6.09375000000000000e-01 9.99120772429302161e-03 1.88046550820736942e-03
1.04374999999999996e-01 6.56250000000000000e-01 1.06421521909809379e-02 2.14166746617678932e-03
1.04374999999999996e-01 7.03125000000000000e-01 1.13427196463980300e-02 2.45834356245625994e-03
1.04374999999999996e-01 7.50000000000000000e-01 1.20886557571993469e-02 2.83966757926849746e-03
1.04374999999999996e-01 7.96875000000000000e-01 1.28738977555674563e-02 3.29465537576862852e-03
1.04374999999999996e-01 8.43750000000000000e-01 1.36904651118931308e-02 3.83044491146219664e-03
1.04374999999999996e-01 8.90625000000000000e-01 1.45284785092072277e-02 4.45063952966239917e-03
1.04374999999999996e-01 9.37500000000000000e-01 1.53763319023571925e-02 5.15321385176291565e-03
1.04374999999999996e-01 9.84375000000000000e-01 1.62210226779807669e-02 5.92839923715324235e-03
1.04374999999999996e-01 1.03125000000000000e+00 1.70486193839120108e-02 6.75849012326546015e-03
1.04374999999999996e-01 1.07812500000000000e+00 1.78448211828846105e-02 7.61703800496938994e-03
1.04374999999999996e-01 1.12500000000000000e+00 1.85955454021767587e-02 8.47326100391302371e-03
1.04374999999999996e-01 1.17187500000000000e+00 1.92874750424098761e-02 9.29292238224563479e-03
1.04374999999999996e-01 1.21875000000000000e+00 1.99085085209378641e-02 1.00450027144046786e-02
1.04374999999999996e-01 1.26562500000000000e+00 2.04480760298654217e-02 1.07039915803669537e-02
1.04374999999999996e-01 1.31250000000000000e+00 2.08973140508316689e-02 1.12510248507083129e-02
1.04374999999999996e-01 1.35937500000000000e+00 2.12491145539684193e-02 1.16750585995088925e-02
1.04374999999999996e-01 1.40625000000000000e+00 2.14980829478568641e-02 1.19716783331464613e-02
1.04374999999999996e-01 1.45312500000000000e+00 2.16404468063079308e-02 1.21396602215434520e-02
1.04374999999999996e-01 1.50000000000000000e+00 2.16739564205134239e-02 1.21790052330429180e-02
1.13437499999999997e-01 -1.50000000000000000e+00 2.56156217229614735e-02 1.84685844925979795e-02
1.13437499999999997e-01 -1.45312500000000000e+00 2.55759338880522727e-02 1.84503720965227686e-02
1.13437499999999997e-01 -1.40625000000000000e+00 2.54074757575467082e-02 1.83663435576259630e-02
1.13437499999999997e-01 -1.35937500000000000e+00 2.51128950483711019e-02 1.81941199644763685e-02
1.13437499999999997e-01 -1.31250000000000000e+00 2.46966348865068214e-02 1.78984484636158028e-02
1.13437499999999997e-01 -1.26562500000000000e+00 2.41650556464641127e-02 1.74402165385082498e-02
1.13437499999999997e-01 -1.21875000000000000e+00 2.35265481323914498e-02 1.67869821956949314e-02
1.13437499999999997e-01 -1.17187500000000000e+00 2.27915887272260136e-02 1.59226098207622228e-02
1.13437499999999997e-01 -1.12500000000000000e+00 2.19726857013884634e-02 1.48522697599531364e-02
1.13437499999999997e-01 -1.07812500000000000e+00 2.10841751985579064e-02 1.36109640408301046e-02
1.13437499999999997e-01 -1.03125000000000000e+00 2.01418464179070680e-02 1.22532721854995991e-02
1.13437499999999997e-01 -9.84375000000000000e-01 1.91624057109278031e-02 1.08483625772307826e-02
1.13437499999999997e-01 -9.37500000000000000e-01 1.81628223299799343e-02 9.46479044054122400e-03
1.13437499999999997e-01 -8.90625000000000000e-01 1.71596255302924709e-02 8.16185965468433500e-03
1.13437499999999997e-01 -8.43750000000000000e-01 1.61682354412595944e-02 6.98044261593381773e-03
1.13437499999999997e-01 -7.96875000000000000e-01 1.52024045860798037e-02 5.94346685185151956e-03
1.13437499999999997e-01 -7.50000000000000000e-01 1.42738251842182834e-02 5.05602394042929410e-03
1.13437499999999997e-01 -7.03125000000000000e-01 1.33919265291320942e-02 4.31174459830175553e-03
1.13437499999999997e-01 -6.56250000000000000e-01 1.25638557769088034e-02 3.69623763817261176e-03
1.13437499999999997e-01 -6.09375000000000000e-01 1.17946117367679452e-02 3.19248847943648818e-03
1.13437499999999997e-01 -5.62500000000000000e-01 1.10872882958028655e-02 2.78253396537704719e-03
1.13437499999999997e-01 -5.15625000000000000e-01 1.04433816749690180e-02 2.45040640229255953e-03
1.13437499999999997e-01 -4.68750000000000000e-01 9.86312102759693415e-03 2.18176955286900325e-03
1.13437499999999997e-01 -4.21875000000000000e-01 9.34579136247845263e-03 1.96481306522954067e-03
1.13437499999999997e-01 -3.75000000000000000e-01 8.89002825987491620e-03 1.78997342900093356e-03
1.13437499999999997e-01 -3.28125000000000000e-01 8.49407325242933740e-03 1.64947458497940059e-03
1.13437499999999997e-01 -2.81250000000000000e-01 8.15598604018208384e-03 1.53753265103402713e-03
1.13437499999999997e-01 -2.34375000000000000e-01 7.87381468650365582e-03 1.44957091074692629e-03
1.13437499999999997e-01 -1.87500000000000000e-01 7.64572786300490512e-03 1.38190096786857904e-03
1.13437499999999997e-01 -1.40625000000000000e-01 7.47011453814112360e-03 1.33178762112891769e-03
1.13437499999999997e-01 -9.37500000000000000e-02 7.34565671618234682e-03 1.29728633114676120e-03
1.13437499999999997e-01 -4.68750000000000000e-02 7.27138033576726385e-03 1.27708668403094840e-03
1.13437499999999997e-01 0.00000000000000000e+00 7.24668853043007252e-03 1.27043525631935776e-03
1.13437499999999997e-01 4.68750000000000000e-02 7.27138033576726732e-03 1.27708668403094493e-03
1.13437499999999997e-01 9.37500000000000000e-02 7.34565671618251856e-03 1.29728633114681129e-03
1.13437499999999997e-01 1.40625000000000000e-01 7.47011453814103599e-03 1.33178762112890338e-03
1.13437499999999997e-01 1.87500000000000000e-01 7.64572786300490338e-03 1.38190096786857492e-03
1.13437499999999997e-01 2.34375000000000000e-01 7.87381468650361939e-03 1.44957091074690981e-03
1.13437499999999997e-01 2.81250000000000000e-01 8.15598604018208384e-03 1.53753265103402713e-03
1.13437499999999997e-01 3.28125000000000000e-01 8.49407325242933914e-03 1.64947458497940232e-03
1.13437499999999997e-01 3.75000000000000000e-01 8.89002825987480517e-03 1.78997342900089475e-03
1.13437499999999997e-01 4.21875000000000000e-01 9.34579136247848385e-03 1.96481306522955628e-03
1.13437499999999997e-01 4.68750000000000000e-01 9.86312102759688905e-03 2.18176955286896812e-03
1.13437499999999997e-01 5.15625000000000000e-01 1.04433816749689521e-02 2.45040640229253091e-03
1.13437499999999997e-01 5.62500000000000000e-01 1.10872882958028152e-02 2.78253396537702074e-03
1.13437499999999997e-01 6.09375000000000000e-01 1.17946117367679487e-02 3.19248847943646779e-03
1.13437499999999997e-01 6.56250000000000000e-01 1.25638557769089127e-02 3.69623763817267812e-03
1.13437499999999997e-01 7.03125000000000000e-01 1.33919265291320387e-02 4.31174459830171563e-03
1.13437499999999997e-01 7.50000000000000000e-01 1.42738251842183198e-02 5.05602394042931145e-03
1.13437499999999997e-01 7.96875000000000000e-01 1.52024045860798037e-02 5.94346685185151956e-03
1.13437499999999997e-01 8.43750000000000000e-01 1.61682354412595944e-02 6.98044261593381773e-03
1.13437499999999997e-01 8.90625000000000000e-01 1.71596255302924328e-02 8.16185965468431592e-03
1.13437499999999997e-01 9.37500000000000000e-01 1.81628223299799309e-02 9.46479044054122400e-03
1.13437499999999997e-01 9.84375000000000000e-01 1.91624057109278691e-02 1.08483625772309231e-02
1.13437499999999997e-01 1.03125000000000000e+00 2.01418464179070611e-02 1.22532721854995523e-02
1.13437499999999997e-01 1.07812500000000000e+00 2.10841751985578300e-02 1.36109640408299849e-02
1.13437499999999997e-01 1.12500000000000000e+00 2.19726857013884634e-02 1.48522697599531382e-02
1.13437499999999997e-01 1.17187500000000000e+00 2.27915887272260170e-02 1.59226098207621708e-02
1.13437499999999997e-01 1.21875000000000000e+00 2.35265481323914186e-02 1.67869821956948724e-02
1.13437499999999997e-01 1.26562500000000000e+00 2.41650556464641092e-02 1.74402165385082464e-02
1.13437499999999997e-01 1.31250000000000000e+00 2.46966348865068179e-02 1.78984484636158028e-02
1.13437499999999997e-01 1.35937500000000000e+00 2.51128950483711054e-02 1.81941199644764968e-02
1.13437499999999997e-01 1.40625000000000000e+00 2.54074757575467117e-02 1.83663435576259630e-02
1.13437499999999997e-01 1.45312500000000000e+00 2.55759338880522692e-02 1.84503720965227026e-02
1.13437499999999997e-01 1.50000000000000000e+00 2.56156217229614735e-02 1.84685844925979795e-02
1.22499999999999998e-01 -1.50000000000000000e+00 2.98903355111356447e-02 1.87989593596779025e-02
1.22499999999999998e-01 -1.45312500000000000e+00 2.98439188097754417e-02 1.88897717359319608e-02
1.22499999999999998e-01 -1.40625000000000000e+00 2.96470924014570723e-02 1.92597860090977201e-02
1.22499999999999998e-01 -1.35937500000000000e+00 2.93029315239679393e-02 1.98475286396673604e-02
1.22499999999999998e-01 -1.31250000000000000e+00 2.88166009421510216e-02 2.05488101868888384e-02
1.22499999999999998e-01 -1.26562500000000000e+00 2.81955026110781923e-02 2.12261351933913656e-02
1.22499999999999998e-01 -1.21875000000000000e+00 2.74494145342455940e-02 2.17248935612193647e-02
1.22499999999999998e-01 -1.17187500000000000e+00 2.65905621137995964e-02 2.18954462422223176e-02
1.22499999999999998e-01 -1.12500000000000000e+00 2.56335612463785174e-02 2.16225731286531463e-02
1.22499999999999998e-01 -1.07812500000000000e+00 2.45951831835976784e-02 2.08544388733568134e-02
1.22499999999999998e-01 -1.03125000000000000e+00 2.34939160228921848e-02 1.96095028129817314e-02
1.22499999999999998e-01 -9.84375000000000000e-01 2.23493337930232606e-02 1.79805075363317288e-02
1.22499999999999998e-01 -9.37500000000000000e-01 2.11813238182389819e-02 1.61033423673283237e-02
1.22499999999999998e-01 -8.90625000000000000e-01 2.00092556054861162e-02 1.41309609392132936e-02
1.22499999999999998e-01 -8.43750000000000000e-01 1.88511898689397231e-02 1.22005592848492099e-02
1.22499999999999998e-01 -7.96875000000000000e-01 1.77232195724001951e-02 1.04125108191174317e-02
1.22499999999999998e-01 -7.50000000000000000e-01 1.66390085464208325e-02 8.82807831074671444e-03
1.22499999999999998e-01 -7.03125000000000000e-01 1.56095560448148429e-02 7.46956470682044044e-03
1.22499999999999998e-01 -6.56250000000000000e-01 1.46431784967585420e-02 6.33348614168541442e-03
1.22499999999999998e-01 -6.09375000000000000e-01 1.37456715183985525e-02 5.39988496002152991e-03
1.22499999999999998e-01 -5.62500000000000000e-01 1.29206001573339731e-02 4.64167755516051075e-03
1.22499999999999998e-01 -5.15625000000000000e-01 1.21696628731865555e-02 4.03035634545596474e-03
1.22499999999999998e-01 -4.68750000000000000e-01 1.14930814449341924e-02 3.53975288987213015e-03
1.22499999999999998e-01 -4.21875000000000000e-01 1.08899804750429464e-02 3.14689450298368629e-03
1.22499999999999998e-01 -3.75000000000000000e-01 1.03587326846547641e-02 2.83337190445828160e-03
1.22499999999999998e-01 -3.28125000000000000e-01 9.89725730842315465e-03 2.58386985105648389e-03
1.22499999999999998e-01 -2.81250000000000000e-01 9.50326744232262918e-03 2.38657523379570474e-03
1.22499999999999998e-01 -2.34375000000000000e-01 9.17446796949049868e-03 2.23244507188194571e-03
1.22499999999999998e-01 -1.87500000000000000e-01 8.90870903339399146e-03 2.11444983894098397e-03
1.22499999999999998e-01 -1.40625000000000000e-01 8.70410150838193085e-03 2.02742797756823127e-03
1.22499999999999998e-01 -9.37500000000000000e-02 8.55910110805181180e-03 1.96769620058021445e-03
1.22499999999999998e-01 -4.68750000000000000e-02 8.47256714928614277e-03 1.93279232197972111e-03
1.22499999999999998e-01 0.00000000000000000e+00 8.44380090388137904e-03 1.92131044452378678e-03
1.22499999999999998e-01 4.68750000000000000e-02 8.47256714928618267e-03 1.93279232197974670e-03
1.22499999999999998e-01 9.37500000000000000e-02 8.55910110805181180e-03 1.96769620058021445e-03
1.22499999999999998e-01 1.40625000000000000e-01 8.70410150838196901e-03 2.02742797756824168e-03
1.22499999999999998e-01 1.87500000000000000e-01 8.90870903339394983e-03 2.11444983894095058e-03
1.22499999999999998e-01 2.34375000000000000e-01 9.17446796949043970e-03 2.23244507188191318e-03
1.22499999999999998e-01 2.81250000000000000e-01 9.50326744232258235e-03 2.38657523379569650e-03
1.22499999999999998e-01 3.28125000000000000e-01 9.89725730842318761e-03 2.58386985105649170e-03
1.22499999999999998e-01 3.75000000000000000e-01 1.03587326846547659e-02 2.83337190445827379e-03
1.22499999999999998e-01 4.21875000000000000e-01 1.08899804750429464e-02 3.14689450298368629e-03
1.22499999999999998e-01 4.68750000000000000e-01 1.14930814449342236e-02 3.53975288987217092e-03
1.22499999999999998e-01 5.15625000000000000e-01 1.21696628731864862e-02 4.03035634545589622e-03
1.22499999999999998e-01 5.62500000000000000e-01 1.29206001573340026e-02 4.64167755516052376e-03
1.22499999999999998e-01 6.09375000000000000e-01 1.37456715183985560e-02 5.39988496002151430e-03
1.22499999999999998e-01 6.56250000000000000e-01 1.46431784967585125e-02 6.33348614168535197e-03
1.22499999999999998e-01 7.03125000000000000e-01 1.56095560448148811e-02 7.46956470682056794e-03
1.22499999999999998e-01 7.50000000000000000e-01 1.66390085464208151e-02 8.82807831074667627e-03
1.22499999999999998e-01 7.96875000000000000e-01 1.77232195724001673e-02 1.04125108191174525e-02
1.22499999999999998e-01 8.43750000000000000e-01 1.88511898689397613e-02 1.22005592848492325e-02
1.22499999999999998e-01 8.90625000000000000e-01 2.00092556054861162e-02 1.41309609392132936e-02
1.22499999999999998e-01 9.37500000000000000e-01 2.11813238182389230e-02 1.61033423673283098e-02
1.22499999999999998e-01 9.84375000000000000e-01 2.23493337930232329e-02 1.79805075363314616e-02
1.22499999999999998e-01 1.03125000000000000e+00 2.34939160228921952e-02 1.96095028129819292e-02
1.22499999999999998e-01 1.07812500000000000e+00 2.45951831835978692e-02 2.08544388733569522e-02
1.22499999999999998e-01 1.12500000000000000e+00 2.56335612463786007e-02 2.16225731286530699e-02
1.22499999999999998e-01 1.17187500000000000e+00 2.65905621137995964e-02 2.18954462422223176e-02
1.22499999999999998e-01 1.21875000000000000e+00 2.74494145342456287e-02 2.17248935612194723e-02
1.22499999999999998e-01 1.26562500000000000e+00 2.81955026110782998e-02 2.12261351933913170e-02
1.22499999999999998e-01 1.31250000000000000e+00 2.88166009421509280e-02 2.05488101868889356e-02
1.22499999999999998e-01 1.35937500000000000e+00 2.93029315239679670e-02 1.98475286396674264e-02
1.22499999999999998e-01 1.40625000000000000e+00 2.96470924014570723e-02 1.92597860090977201e-02
1.22499999999999998e-01 1.45312500000000000e+00 2.98439188097754417e-02 1.88897717359319608e-02
1.22499999999999998e-01 1.50000000000000000e+00 2.98903355111356447e-02 1.87989593596779025e-02
1.31562499999999999e-01 -1.50000000000000000e+00 3.44993167460550809e-02 4.66475877282798886e-03
1.31562499999999999e-01 -1.45312500000000000e+00 3.44456119605870137e-02 4.91859493054831991e-03
1.31562499999999999e-01 -1.40625000000000000e+00 3.42181191718262528e-02 5.98630746737994351e-03
1.31562499999999999e-01 -1.35937500000000000e+00 3.38203696466796919e-02 7.81940934431295427e-03
1.31562499999999999e-01 -1.31250000000000000e+00 3.32582993416091974e-02 1.03184479242419951e-02
1.31562499999999999e-01 -1.26562500000000000e+00 3.25404262245790818e-02 1.33145291572664519e-02
1.31562499999999999e-01 -1.21875000000000000e+00 3.16780190896979452e-02 1.65565193966535455e-02
1.31562499999999999e-01 -1.17187500000000000e+00 3.06851887515539393e-02 1.97175089615664739e-02
1.31562499999999999e-01 -1.12500000000000000e+00 2.95788296677770082e-02 2.24337117074669551e-02
1.31562499999999999e-01 -1.07812500000000000e+00 2.83783522974383716e-02 2.43672561945581789e-02
1.31562499999999999e-01 -1.03125000000000000e+00 2.71051755964001884e-02 2.52862443423376576e-02
1.31562499999999999e-01 -9.84375000000000000e-01 2.57819918038221310e-02 2.51171292740109790e-02
1.31562499999999999e-01 -9.37500000000000000e-01 2.44318630408368910e-02 2.39648715460601611e-02
1.31562499999999999e-01 -8.90625000000000000e-01 2.30772482333314252e-02 2.20649194468498927e-02
1.31562499999999999e-01 -8.43750000000000000e-01 2.17390772993093055e-02 1.97177746985374436e-02
1.31562499999999999e-01 -7.96875000000000000e-01 2.04359814168039271e-02 1.72144077759595442e-02
1.31562499999999999e-01 -7.50000000000000000e-01 1.91837565811585654e-02 1.47808964495905523e-02
1.31562499999999999e-01 -7.03125000000000000e-01 1.79950931900257557e-02 1.25643118066484025e-02
1.31562499999999999e-01 -6.56250000000000000e-01 1.68795603107520717e-02 1.06371173721548102e-02
1.31562499999999999e-01 -6.09375000000000000e-01 1.58438001412946339e-02 9.01462257492554805e-03
1.31562499999999999e-01 -5.62500000000000000e-01 1.48918708145423431e-02 7.67977613882441911e-03
1.31562499999999999e-01 -5.15625000000000000e-01 1.40256733299455993e-02 6.59743477005970014e-03
1.31562499999999999e-01 -4.68750000000000000e-01 1.32454067368682205e-02 5.72856693735023913e-03
1.31562499999999999e-01 -4.21875000000000000e-01 1.25500094837767123e-02 5.03497976434238038e-03
1.31562499999999999e-01 -3.75000000000000000e-01 1.19375596610408162e-02 4.48409353669746748e-03
1.31562499999999999e-01 -3.28125000000000000e-01 1.14056198652715580e-02 4.04834439398059701e-03
1.31562499999999999e-01 -2.81250000000000000e-01 1.09515223076488595e-02 3.70588697657507279e-03
1.31562499999999999e-01 -2.34375000000000000e-01 1.05725964010729111e-02 3.44004163742025462e-03
1.31562499999999999e-01 -1.87500000000000000e-01 1.02663448380808618e-02 3.23770211644813354e-03
1.31562499999999999e-01 -1.40625000000000000e-01 1.00305757956859094e-02 3.08920468777092432e-03
1.31562499999999999e-01 -9.37500000000000000e-02 9.86349905180228942e-03 2.98765335592950446e-03
1.31562499999999999e-01 -4.68750000000000000e-02 9.76379302709395880e-03 2.92846900702151657e-03
1.31562499999999999e-01 0.00000000000000000e+00 9.73064847851439624e-03 2.90902626278589970e-03
1.31562499999999999e-01 4.68750000000000000e-02 9.76379302709399696e-03 2.92846900702155083e-03
1.31562499999999999e-01 9.37500000000000000e-02 9.86349905180228942e-03 2.98765335592950446e-03
1.31562499999999999e-01 1.40625000000000000e-01 1.00305757956859094e-02 3.08920468777092432e-03
1.31562499999999999e-01 1.87500000000000000e-01 1.02663448380808184e-02 3.23770211644809364e-03
1.31562499999999999e-01 2.34375000000000000e-01 1.05725964010728764e-02 3.44004163742024248e-03
1.31562499999999999e-01 2.81250000000000000e-01 1.09515223076488630e-02 3.70588697657508580e-03
1.31562499999999999e-01 3.28125000000000000e-01 1.14056198652715580e-02 4.04834439398059701e-03
1.31562499999999999e-01 3.75000000000000000e-01 1.19375596610407711e-02 4.48409353669742931e-03
1.31562499999999999e-01 4.21875000000000000e-01 1.25500094837767608e-02 5.03497976434242028e-03
1.31562499999999999e-01 4.68750000000000000e-01 1.32454067368682187e-02 5.72856693735019924e-03
1.31562499999999999e-01 5.15625000000000000e-01 1.40256733299457346e-02 6.59743477005986841e-03
1.31562499999999999e-01 5.62500000000000000e-01 1.48918708145423188e-02 7.67977613882442778e-03
1.31562499999999999e-01 6.09375000000000000e-01 1.58438001412945645e-02 9.01462257492541101e-03
1.31562499999999999e-01 6.56250000000000000e-01 1.68795603107520752e-02 1.06371173721548449e-02
1.31562499999999999e-01 7.03125000000000000e-01 1.79950931900256586e-02 1.25643118066482498e-02
1.31562499999999999e-01 7.50000000000000000e-01 1.91837565811584371e-02 1.47808964495904117e-02
1.31562499999999999e-01 7.96875000000000000e-01 2.04359814168038785e-02 1.72144077759593984e-02
1.31562499999999999e-01 8.43750000000000000e-01 2.17390772993092778e-02 1.97177746985374401e-02
1.31562499999999999e-01 8.90625000000000000e-01 2.30772482333313350e-02 2.20649194468498962e-02
1.31562499999999999e-01 9.37500000000000000e-01 2.44318630408368945e-02 2.39648715460604109e-02
1.31562499999999999e-01 9.84375000000000000e-01 2.57819918038221310e-02 2.51171292740109790e-02
1.31562499999999999e-01 1.03125000000000000e+00 2.71051755964001363e-02 2.52862443423377478e-02
1.31562499999999999e-01 1.07812500000000000e+00 2.83783522974383681e-02 2.43672561945582032e-02
1.31562499999999999e-01 1.12500000000000000e+00 2.95788296677769492e-02 2.24337117074671320e-02
1.31562499999999999e-01 1.17187500000000000e+00 3.06851887515539393e-02 1.97175089615664739e-02
1.31562499999999999e-01 1.21875000000000000e+00 3.16780190896979105e-02 1.65565193966535733e-02
1.31562499999999999e-01 1.26562500000000000e+00 3.25404262245790610e-02 1.33145291572665820e-02
1.31562499999999999e-01 1.31250000000000000e+00 3.32582993416093431e-02 1.03184479242413776e-02
1.31562499999999999e-01 1.35937500000000000e+00 3.38203696466796919e-02 7.81940934431295601e-03
1.31562499999999999e-01 1.40625000000000000e+00 3.42181191718262320e-02 5.98630746738006408e-03
1.31562499999999999e-01 1.45312500000000000e+00 3.44456119605870345e-02 4.91859493054824532e-03
1.31562499999999999e-01 1.50000000000000000e+00 3.44993167460550809e-02 4.66475877282798886e-03
1.40625000000000000e-01 -1.50000000000000000e+00 3.94438815255892458e-02 -2.02267130514629523e-02
1.40625000000000000e-01 -1.45312500000000000e+00 3.93823202835581199e-02 -1.99716997623325225e-02
1.40625000000000000e-01 -1.40625000000000000e+00 3.91218372679938212e-02 -1.88634836741009108e-02
1.40625000000000000e-01 -1.35937500000000000e+00 3.86664471463496057e-02 -1.68195269563620950e-02
1.40625000000000000e-01 -1.31250000000000000e+00 3.80229050398914886e-02 -1.37248920329446928e-02
1.40625000000000000e-01 -1.26562500000000000e+00 3.72009177834899465e-02 -9.48854949093810678e-03
1.40625000000000000e-01 -1.21875000000000000e+00 3.62133475424254378e-02 -4.11945060479502675e-03
1.40625000000000000e-01 -1.17187500000000000e+00 3.50763271000918211e-02 2.19529186801825909e-03
1.40625000000000000e-01 -1.12500000000000000e+00 3.38092022687915203e-02 9.03197650194686487e-03
1.40625000000000000e-01 -1.07812500000000000e+00 3.24342306589487581e-02 1.57548933712006699e-02
1.40625000000000000e-01 -1.03125000000000000e+00 3.09759998042793520e-02 2.16277637985030011e-02
1.40625000000000000e-01 -9.84375000000000000e-01 2.94605778788446272e-02 2.59985427270131367e-02
1.40625000000000000e-01 -9.37500000000000000e-01 2.79144663206447839e-02 2.84797375159131783e-02
1.40625000000000000e-01 -8.90625000000000000e-01 2.63634700474111340e-02 2.90448935815879883e-02
1.40625000000000000e-01 -8.43750000000000000e-01 2.48316228978745779e-02 2.79886983194260232e-02
1.40625000000000000e-01 -7.96875000000000000e-01 2.33402961929681449e-02 2.57972858969457014e-02
1.40625000000000000e-01 -7.50000000000000000e-01 2.19075806153123907e-02 2.29948619678262758e-02
1.40625000000000000e-01 -7.03125000000000000e-01 2.05479788058686476e-02 2.00206003327539905e-02
1.40625000000000000e-01 -6.56250000000000000e-01 1.92723941016603624e-02 1.71768966810164972e-02
1.40625000000000000e-01 -6.09375000000000000e-01 1.80883622041097814e-02 1.46347994306112103e-02
1.40625000000000000e-01 -5.62500000000000000e-01 1.70004528119412322e-02 1.24614761511111557e-02
1.40625000000000000e-01 -5.15625000000000000e-01 1.60107661730355746e-02 1.06570992653346238e-02
1.40625000000000000e-01 -4.68750000000000000e-01 1.51194598305423953e-02 9.18911438347012194e-03
1.40625000000000000e-01 -4.21875000000000000e-01 1.43252572769012373e-02 8.00962341624783004e-03
1.40625000000000000e-01 -3.75000000000000000e-01 1.36259076052031719e-02 7.07083523933038638e-03
1.40625000000000000e-01 -3.28125000000000000e-01 1.30185803162100357e-02 6.32901371087095550e-03
1.40625000000000000e-01 -2.81250000000000000e-01 1.25001907850892241e-02 5.74758845370363508e-03
1.40625000000000000e-01 -2.34375000000000000e-01 1.20676593862901142e-02 5.29763926326054947e-03
1.40625000000000000e-01 -1.87500000000000000e-01 1.17181114887267897e-02 4.95633470605789418e-03
1.40625000000000000e-01 -1.40625000000000000e-01 1.14490272847443553e-02 4.70664591739806525e-03
1.40625000000000000e-01 -9.37500000000000000e-02 1.12583504984121851e-02 4.53634874193064620e-03
1.40625000000000000e-01 -4.68750000000000000e-02 1.11445640735170579e-02 4.43728721727951018e-03
1.40625000000000000e-01 0.00000000000000000e+00 1.11067394280642637e-02 4.40477572219547843e-03
1.40625000000000000e-01 4.68750000000000000e-02 1.11445640735170041e-02 4.43728721727945467e-03
1.40625000000000000e-01 9.37500000000000000e-02 1.12583504984122233e-02 4.53634874193068176e-03
1.40625000000000000e-01 1.40625000000000000e-01 1.14490272847443918e-02 4.70664591739809908e-03
1.40625000000000000e-01 1.87500000000000000e-01 1.17181114887267880e-02 4.95633470605793321e-03
1.40625000000000000e-01 2.34375000000000000e-01 1.20676593862901159e-02 5.29763926326055640e-03
1.40625000000000000e-01 2.81250000000000000e-01 1.25001907850892120e-02 5.74758845370360559e-03
1.40625000000000000e-01 3.28125000000000000e-01 1.30185803162101155e-02 6.32901371087104571e-03
1.40625000000000000e-01 3.75000000000000000e-01 1.36259076052030904e-02 7.07083523933034041e-03
1.40625000000000000e-01 4.21875000000000000e-01 1.43252572769012355e-02 8.00962341624782831e-03
1.40625000000000000e-01 4.68750000000000000e-01 1.51194598305423172e-02 9.18911438347000051e-03
1.40625000000000000e-01 5.15625000000000000e-01 1.60107661730355746e-02 1.06570992653346238e-02
1.40625000000000000e-01 5.62500000000000000e-01 1.70004528119412010e-02 1.24614761511110030e-02
1.40625000000000000e-01 6.09375000000000000e-01 1.80883622041096807e-02 1.46347994306110871e-02
1.40625000000000000e-01 6.56250000000000000e-01 1.92723941016604040e-02 1.71768966810165839e-02
1.40625000000000000e-01 7.03125000000000000e-01 2.05479788058686164e-02 2.00206003327539697e-02
1.40625000000000000e-01 7.50000000000000000e-01 2.19075806153123352e-02 2.29948619678260191e-02
1.40625000000000000e-01 7.96875000000000000e-01 2.33402961929681414e-02 2.57972858969457049e-02
1.40625000000000000e-01 8.43750000000000000e-01 2.48316228978745085e-02 2.79886983194259781e-02
1.40625000000000000e-01 8.90625000000000000e-01 2.63634700474112589e-02 2.90448935815881201e-02
1.40625000000000000e-01 9.37500000000000000e-01 2.79144663206447874e-02 2.84797375159131401e-02
1.40625000000000000e-01 9.84375000000000000e-01 2.94605778788445960e-02 2.59985427270132269e-02
1.40625000000000000e-01 1.03125000000000000e+00 3.09759998042793902e-02 2.16277637985028554e-02
1.40625000000000000e-01 1.07812500000000000e+00 3.24342306589487581e-02 1.57548933712006699e-02
1.40625000000000000e-01 1.12500000000000000e+00 3.38092022687916105e-02 9.03197650194644507e-03
1.40625000000000000e-01 1.17187500000000000e+00 3.50763271000916962e-02 2.19529186801897466e-03
1.40625000000000000e-01 1.21875000000000000e+00 3.62133475424254725e-02 -4.11945060479520109e-03
1.40625000000000000e-01 1.26562500000000000e+00 3.72009177834899327e-02 -9.48854949093797320e-03
1.40625000000000000e-01 1.31250000000000000e+00 3.80229050398913984e-02 -1.37248920329443146e-02
1.40625000000000000e-01 1.35937500000000000e+00 3.86664471463497444e-02 -1.68195269563628132e-02
1.40625000000000000e-01 1.40625000000000000e+00 3.91218372679938767e-02 -1.88634836741012404e-02
1.40625000000000000e-01 1.45312500000000000e+00 3.93823202835581199e-02 -1.99716997623325225e-02
1.40625000000000000e-01 1.50000000000000000e+00 3.94438815255892458e-02 -2.02267130514629523e-02
1.49687500000000001e-01 -1.50000000000000000e+00 4.47254438399718804e-02 -3.47681094339963234e-02
1.49687500000000001e-01 -1.45312500000000000e+00 4.46554480506319504e-02 -3.47844906890314789e-02
1.49687500000000001e-01 -1.40625000000000000e+00 4.43596236243206030e-02 -3.48070233531961454e-02
1.49687500000000001e-01 -1.35937500000000000e+00 4.38424947183345542e-02 -3.46589425740839105e-02
1.49687500000000001e-01 -1.31250000000000000e+00 4.31116817984181638e-02 -3.40236452613770293e-02
1.49687500000000001e-01 -1.26562500000000000e+00 4.21781516024620079e-02 -3.24551990946149796e-02
1.49687500000000001e-01 -1.21875000000000000e+00 4.10564610315376707e-02 -2.94263846649482248e-02
1.49687500000000001e-01 -1.17187500000000000e+00 3.97649014574851870e-02 -2.44491396502027197e-02
1.49687500000000001e-01 -1.12500000000000000e+00 3.83254447740529608e-02 -1.72760043725791006e-02
1.49687500000000001e-01 -1.07812500000000000e+00 3.67634078262982569e-02 -8.09947958557072703e-03
1.49687500000000001e-01 -1.03125000000000000e+00 3.51067907245638730e-02 2.31918303173749701e-03
1.49687500000000001e-01 -9.84375000000000000e-01 3.33853031892022908e-02 1.27502443146214443e-02
1.49687500000000001e-01 -9.37500000000000000e-01 3.16291590633085706e-02 2.18226366094074510e-02
1.49687500000000001e-01 -8.90625000000000000e-01 2.98677739651351144e-02 2.84494173695056182e-02
1.49687500000000001e-01 -8.43750000000000000e-01 2.81285270461063622e-02 3.21428140403315216e-02
1.49687500000000001e-01 -7.96875000000000000e-01 2.64357362090295346e-02 3.30624828982248944e-02
1.49687500000000001e-01 -7.50000000000000000e-01 2.48099514324389772e-02 3.18258754902847607e-02
1.49687500000000001e-01 -7.03125000000000000e-01 2.32676085261696100e-02 2.92224606887605612e-02
1.49687500000000001e-01 -6.56250000000000000e-01 2.18210247562403703e-02 2.59792704700013630e-02
1.49687500000000001e-01 -6.09375000000000000e-01 2.04786730742466533e-02 2.26332157800292720e-02
1.49687500000000001e-01 -5.62500000000000000e-01 1.92456494334066718e-02 1.95109730147762818e-02
1.49687500000000001e-01 -5.15625000000000000e-01 1.81242461136794063e-02 1.67727934493503705e-02
1.49687500000000001e-01 -4.68750000000000000e-01 1.71145566611946402e-02 1.44653374926534649e-02
1.49687500000000001e-01 -4.21875000000000000e-01 1.62150575129943741e-02 1.25701907072000088e-02
1.49687500000000001e-01 -3.75000000000000000e-01 1.54231316111888561e-02 1.10419816589207576e-02
1.49687500000000001e-01 -3.28125000000000000e-01 1.47355166386644604e-02 9.82553325170269602e-03
1.49687500000000001e-01 -2.81250000000000000e-01 1.41486734049706651e-02 8.86895897370694117e-03
1.49687500000000001e-01 -2.34375000000000000e-01 1.36590783225658957e-02 8.12790360514176712e-03
1.49687500000000001e-01 -1.87500000000000000e-01 1.32634485606046709e-02 7.56593913897846658e-03
1.49687500000000001e-01 -1.40625000000000000e-01 1.29589103192823268e-02 7.15523584497558280e-03
1.49687500000000001e-01 -9.37500000000000000e-02 1.27431206541401189e-02 6.87547877254005187e-03
1.49687500000000001e-01 -4.68750000000000000e-02 1.26143521309586143e-02 6.71290042435717868e-03
1.49687500000000001e-01 0.00000000000000000e+00 1.25715478260734169e-02 6.65957373147669628e-03
1.49687500000000001e-01 4.68750000000000000e-02 1.26143521309585206e-02 6.71290042435706853e-03
1.49687500000000001e-01 9.37500000000000000e-02 1.27431206541400912e-02 6.87547877254003712e-03
1.49687500000000001e-01 1.40625000000000000e-01 1.29589103192823268e-02 7.15523584497558280e-03
1.49687500000000001e-01 1.87500000000000000e-01 1.32634485606046224e-02 7.56593913897842755e-03
1.49687500000000001e-01 2.34375000000000000e-01 1.36590783225658628e-02 8.12790360514171681e-03
1.49687500000000001e-01 2.81250000000000000e-01 1.41486734049707276e-02 8.86895897370698627e-03
1.49687500000000001e-01 3.28125000000000000e-01 1.47355166386644119e-02 9.82553325170259194e-03
1.49687500000000001e-01 3.75000000000000000e-01 1.54231316111889047e-02 1.10419816589209085e-02
1.49687500000000001e-01 4.21875000000000000e-01 1.62150575129944192e-02 1.25701907072000851e-02
1.49687500000000001e-01 4.68750000000000000e-01 1.71145566611945951e-02 1.44653374926533244e-02
1.49687500000000001e-01 5.15625000000000000e-01 1.81242461136794791e-02 1.67727934493503740e-02
1.49687500000000001e-01 5.62500000000000000e-01 1.92456494334066926e-02 1.95109730147763651e-02
1.49687500000000001e-01 6.09375000000000000e-01 2.04786730742465492e-02 2.26332157800289702e-02
1.49687500000000001e-01 6.56250000000000000e-01 2.18210247562403703e-02 2.59792704700013630e-02
1.49687500000000001e-01 7.03125000000000000e-01 2.32676085261696516e-02 2.92224606887604571e-02
1.49687500000000001e-01 7.50000000000000000e-01 2.48099514324389044e-02 3.18258754902848162e-02
1.49687500000000001e-01 7.96875000000000000e-01 2.64357362090295346e-02 3.30624828982248944e-02
1.49687500000000001e-01 8.43750000000000000e-01 2.81285270461063587e-02 3.21428140403315424e-02
1.49687500000000001e-01 8.90625000000000000e-01 2.98677739651351214e-02 2.84494173695057084e-02
1.49687500000000001e-01 9.37500000000000000e-01 3.16291590633085706e-02 2.18226366094074441e-02
1.49687500000000001e-01 9.84375000000000000e-01 3.33853031892023186e-02 1.27502443146212778e-02
1.49687500000000001e-01 1.03125000000000000e+00 3.51067907245638522e-02 2.31918303173764056e-03
1.49687500000000001e-01 1.07812500000000000e+00 3.67634078262982916e-02 -8.09947958557100112e-03
1.49687500000000001e-01 1.12500000000000000e+00 3.83254447740528845e-02 -1.72760043725787883e-02
1.49687500000000001e-01 1.17187500000000000e+00 3.97649014574852216e-02 -2.44491396502028134e-02
1.49687500000000001e-01 1.21875000000000000e+00 4.10564610315376777e-02 -2.94263846649482248e-02
1.49687500000000001e-01 1.26562500000000000e+00 4.21781516024621814e-02 -3.24551990946154167e-02
1.49687500000000001e-01 1.31250000000000000e+00 4.31116817984182055e-02 -3.40236452613766893e-02
1.49687500000000001e-01 1.35937500000000000e+00 4.38424947183345681e-02 -3.46589425740843129e-02
1.49687500000000001e-01 1.40625000000000000e+00 4.43596236243206377e-02 -3.48070233531959858e-02
1.49687500000000001e-01 1.45312500000000000e+00 4.46554480506319920e-02 -3.47844906890312014e-02
1.49687500000000001e-01 1.50000000000000000e+00 4.47254438399718804e-02 -3.47681094339963234e-02
1.58750000000000002e-01 -1.50000000000000000e+00 5.03455163734745359e-02 -2.71578082178874913e-02
1.58750000000000002e-01 -1.45312500000000000e+00 5.02664976860466642e-02 -2.74073237715738230e-02
1.58750000000000002e-01 -1.40625000000000000e+00 4.99329517932080233e-02 -2.84550346506216197e-02
1.58750000000000002e-01 -1.35937500000000000e+00 4.93499369898965784e-02 -3.02517458455245428e-02
1.58750000000000002e-01 -1.31250000000000000e+00 4.85259832358960128e-02 -3.26633210815016062e-02
1.58750000000000002e-01 -1.26562500000000000e+00 4.74733861216106029e-02 -3.53901304843810480e-02
1.58750000000000002e-01 -1.21875000000000000e+00 4.62084971958138316e-02 -3.78793222655704753e-02
1.58750000000000002e-01 -1.17187500000000000e+00 4.47519029742687938e-02 -3.92705865705105309e-02
1.58750000000000002e-01 -1.12500000000000000e+00 4.31283781504988167e-02 -3.84440457351097678e-02
1.58750000000000002e-01 -1.07812500000000000e+00 4.13665153248739190e-02 -3.43015424234748567e-02
1.58750000000000002e-01 -1.03125000000000000e+00 3.94979780073739448e-02 -2.62190345242941832e-02
1.58750000000000002e-01 -9.84375000000000000e-01 3.75563917016575460e-02 -1.45366124216366362e-02
1.58750000000000002e-01 -9.37500000000000000e-01 3.55759651376827621e-02 -7.07061475554569504e-04
1.58750000000000002e-01 -8.90625000000000000e-01 3.35899982567728350e-02 1.30762091026978694e-02
1.58750000000000002e-01 -8.43750000000000000e-01 3.16294642001366810e-02 2.46484153645604477e-02
1.58750000000000002e-01 -7.96875000000000000e-01 2.97218387690290006e-02 3.26085980048120630e-02
1.58750000000000002e-01 -7.50000000000000000e-01 2.78902980423308966e-02 3.66276811227013582e-02
1.58750000000000002e-01 -7.03125000000000000e-01 2.61533316389439829e-02 3.72644279564499081e-02
1.58750000000000002e-01 -6.56250000000000000e-01 2.45247481746418659e-02 3.55244172778000217e-02
1.58750000000000002e-01 -6.09375000000000000e-01 2.30139980739647657e-02 3.24438295107474378e-02
1.58750000000000002e-01 -5.62500000000000000e-01 2.16267140712236988e-02 2.88476194970178554e-02
1.58750000000000002e-01 -5.15625000000000000e-01 2.03653689887532650e-02 2.52813888695779913e-02
1.58750000000000002e-01 -4.68750000000000000e-01 1.92299658681766884e-02 2.20394911878934036e-02
1.58750000000000002e-01 -4.21875000000000000e-01 1.82186984470804336e-02 1.92464139985802328e-02
1.58750000000000002e-01 -3.75000000000000000e-01 1.73285433827426102e-02 1.69227061473072975e-02
1.58750000000000002e-01 -3.28125000000000000e-01 1.65557654091628044e-02 1.50357093091896630e-02
1.58750000000000002e-01 -2.81250000000000000e-01 1.58963311572896081e-02 1.35329622589719940e-02
1.58750000000000002e-01 -2.34375000000000000e-01 1.53462367249205724e-02 1.23597960916861441e-02
1.58750000000000002e-01 -1.87500000000000000e-01 1.49017591515203697e-02 1.14659461383802529e-02
1.58750000000000002e-01 -1.40625000000000000e-01 1.45596438842342940e-02 1.08110708863936901e-02
1.58750000000000002e-01 -9.37500000000000000e-02 1.43172401777191538e-02 1.03644752225322424e-02
1.58750000000000002e-01 -4.68750000000000000e-02 1.41725949854703982e-02 1.01048239073186618e-02
1.58750000000000002e-01 0.00000000000000000e+00 1.41245138541440975e-02 1.00196374338839388e-02
1.58750000000000002e-01 4.68750000000000000e-02 1.41725949854703027e-02 1.01048239073185057e-02
1.58750000000000002e-01 9.37500000000000000e-02 1.43172401777191122e-02 1.03644752225320533e-02
1.58750000000000002e-01 1.40625000000000000e-01 1.45596438842342420e-02 1.08110708863936051e-02
1.58750000000000002e-01 1.87500000000000000e-01 1.49017591515203662e-02 1.14659461383802928e-02
1.58750000000000002e-01 2.34375000000000000e-01 1.53462367249205776e-02 1.23597960916861926e-02
1.58750000000000002e-01 2.81250000000000000e-01 1.58963311572896428e-02 1.35329622589720772e-02
1.58750000000000002e-01 3.28125000000000000e-01 1.65557654091628079e-02 1.50357093091897653e-02
1.58750000000000002e-01 3.75000000000000000e-01 1.73285433827425651e-02 1.69227061473071344e-02
1.58750000000000002e-01 4.21875000000000000e-01 1.82186984470805342e-02 1.92464139985806769e-02
1.58750000000000002e-01 4.68750000000000000e-01 1.92299658681766884e-02 2.20394911878934036e-02
1.58750000000000002e-01 5.15625000000000000e-01 2.03653689887532546e-02 2.52813888695778005e-02
1.58750000000000002e-01 5.62500000000000000e-01 2.16267140712236988e-02 2.88476194970178554e-02
1.58750000000000002e-01 6.09375000000000000e-01 2.30139980739648004e-02 3.24438295107476807e-02
1.58750000000000002e-01 6.56250000000000000e-01 2.45247481746419076e-02 3.55244172777998551e-02
1.58750000000000002e-01 7.03125000000000000e-01 2.61533316389439829e-02 3.72644279564499081e-02
1.58750000000000002e-01 7.50000000000000000e-01 2.78902980423308966e-02 3.66276811227013582e-02
1.58750000000000002e-01 7.96875000000000000e-01 2.97218387690289694e-02 3.26085980048120561e-02
1.58750000000000002e-01 8.43750000000000000e-01 3.16294642001365839e-02 2.46484153645611243e-02
1.58750000000000002e-01 8.90625000000000000e-01 3.35899982567728905e-02 1.30762091026975415e-02
1.58750000000000002e-01 9.37500000000000000e-01 3.55759651376827898e-02 -7.07061475554737664e-04
1.58750000000000002e-01 9.84375000000000000e-01 3.75563917016575460e-02 -1.45366124216366362e-02
1.58750000000000002e-01 1.03125000000000000e+00 3.94979780073739517e-02 -2.62190345242941832e-02
1.58750000000000002e-01 1.07812500000000000e+00 4.13665153248739537e-02 -3.43015424234749955e-02
1.58750000000000002e-01 1.12500000000000000e+00 4.31283781504987820e-02 -3.84440457351090947e-02
1.58750000000000002e-01 1.17187500000000000e+00 4.47519029742689534e-02 -3.92705865705107390e-02
1.58750000000000002e-01 1.21875000000000000e+00 4.62084971958139565e-02 -3.78793222655703782e-02
1.58750000000000002e-01 1.26562500000000000e+00 4.74733861216108180e-02 -3.53901304843804720e-02
1.58750000000000002e-01 1.31250000000000000e+00 4.85259832358962209e-02 -3.26633210815009747e-02
1.58750000000000002e-01 1.35937500000000000e+00 4.93499369898965784e-02 -3.02517458455245428e-02
1.58750000000000002e-01 1.40625000000000000e+00 4.99329517932080302e-02 -2.84550346506216162e-02
1.58750000000000002e-01 1.45312500000000000e+00 5.02664976860466364e-02 -2.74073237715739375e-02
1.58750000000000002e-01 1.50000000000000000e+00 5.03455163734745359e-02 -2.71578082178874983e-02
1.67812499999999976e-01 -1.50000000000000000e+00 5.63057113503809964e-02 -1.19176051192824341e-02
1.67812499999999976e-01 -1.45312500000000000e+00 5.62170706365902537e-02 -1.21232093070076583e-02
1.67812499999999976e-01 -1.40625000000000000e+00 5.58433928821586503e-02 -1.30194479805482450e-02
1.67812499999999976e-01 -1.35937500000000000e+00 5.51902935513128995e-02 -1.46996622715776602e-02
1.67812499999999976e-01 -1.31250000000000000e+00 5.42672539560418790e-02 -1.73118551298713542e-02
1.67812499999999976e-01 -1.26562500000000000e+00 5.30879651013340045e-02 -2.10021198611737119e-02
1.67812499999999976e-01 -1.21875000000000000e+00 5.16706713710323451e-02 -2.58478649732325066e-02
1.67812499999999976e-01 -1.17187500000000000e+00 5.00383907576741199e-02 -3.16435990179093837e-02
1.67812499999999976e-01 -1.12500000000000000e+00 4.82188795046908855e-02 -3.76659054669525387e-02
1.67812499999999976e-01 -1.07812500000000000e+00 4.62442272265500415e-02 -4.24842906850595031e-02
1.67812499999999976e-01 -1.03125000000000000e+00 4.41500190522330707e-02 -4.40922255262305093e-02
1.67812499999999976e-01 -9.84375000000000000e-01 4.19740799182314883e-02 -4.05239407480939562e-02
1.67812499999999976e-01 -9.37500000000000000e-01 3.97549062001038567e-02 -3.08756167521221578e-02
1.67812499999999976e-01 -8.90625000000000000e-01 3.75299655303092256e-02 -1.60871220062742196e-02
1.67812499999999976e-01 -8.43750000000000000e-01 3.53340816483445480e-02 1.16461182351292763e-03
1.67812499999999976e-01 -7.96875000000000000e-01 3.31981048281141458e-02 1.75256875188666388e-02
1.67812499999999976e-01 -7.50000000000000000e-01 3.11480063493183995e-02 3.03078158344979309e-02
1.67812499999999976e-01 -7.03125000000000000e-01 2.92044498586944076e-02 3.82861349597977199e-02
1.67812499999999976e-01 -6.56250000000000000e-01 2.73828102065591938e-02 4.16658754847932938e-02
1.67812499999999976e-01 -6.09375000000000000e-01 2.56935516101483331e-02 4.15181589890207675e-02
1.67812499999999976e-01 -5.62500000000000000e-01 2.41428495547660049e-02 3.91496306248830528e-02
1.67812499999999976e-01 -5.15625000000000000e-01 2.27333412765566498e-02 3.56868732296654265e-02
1.67812499999999976e-01 -4.68750000000000000e-01 2.14649084759609421e-02 3.19215712427635481e-02
1.67812499999999976e-01 -4.21875000000000000e-01 2.03354227506721066e-02 2.83307242157554741e-02
1.67812499999999976e-01 -3.75000000000000000e-01 1.93414111658378740e-02 2.51454975297170820e-02
1.67812499999999976e-01 -3.28125000000000000e-01 1.84786218238923647e-02 2.24504075131122006e-02
1.67812499999999976e-01 -2.81250000000000000e-01 1.77424855791372058e-02 2.02440691160489898e-02
1.67812499999999976e-01 -2.34375000000000000e-01 1.71284803627447316e-02 1.84903473934787677e-02
1.67812499999999976e-01 -1.87500000000000000e-01 1.66324100538976054e-02 1.71378398869102694e-02
1.67812499999999976e-01 -1.40625000000000000e-01 1.62506118021136653e-02 1.61391980098246381e-02
1.67812499999999976e-01 -9.37500000000000000e-02 1.59801053923642258e-02 1.54549204319625114e-02
1.67812499999999976e-01 -4.68750000000000000e-02 1.58186965874598240e-02 1.50560236110091165e-02
1.67812499999999976e-01 0.00000000000000000e+00 1.57650440254365060e-02 1.49250038848103769e-02
1.67812499999999976e-01 4.68750000000000000e-02 1.58186965874598240e-02 1.50560236110091165e-02
1.67812499999999976e-01 9.37500000000000000e-02 1.59801053923642640e-02 1.54549204319625547e-02
1.67812499999999976e-01 1.40625000000000000e-01 1.62506118021136479e-02 1.61391980098246138e-02
1.67812499999999976e-01 1.87500000000000000e-01 1.66324100538976644e-02 1.71378398869105747e-02
1.67812499999999976e-01 2.34375000000000000e-01 1.71284803627448148e-02 1.84903473934790001e-02
1.67812499999999976e-01 2.81250000000000000e-01 1.77424855791371919e-02 2.02440691160487643e-02
1.67812499999999976e-01 3.28125000000000000e-01 1.84786218238923647e-02 2.24504075131122006e-02
1.67812499999999976e-01 3.75000000000000000e-01 1.93414111658379087e-02 2.51454975297172936e-02
1.67812499999999976e-01 4.21875000000000000e-01 2.03354227506720581e-02 2.83307242157551341e-02
1.67812499999999976e-01 4.68750000000000000e-01 2.14649084759608623e-02 3.19215712427631804e-02
1.67812499999999976e-01 5.15625000000000000e-01 2.27333412765567157e-02 3.56868732296655514e-02
1.67812499999999976e-01 5.62500000000000000e-01 2.41428495547659876e-02 3.91496306248829140e-02
1.67812499999999976e-01 6.09375000000000000e-01 2.56935516101483227e-02 4.15181589890206287e-02
1.67812499999999976e-01 6.56250000000000000e-01 2.73828102065592112e-02 4.16658754847931065e-02
1.67812499999999976e-01 7.03125000000000000e-01 2.92044498586944076e-02 3.82861349597977269e-02
1.67812499999999976e-01 7.50000000000000000e-01 3.11480063493183683e-02 3.03078158344982432e-02
1.67812499999999976e-01 7.96875000000000000e-01 3.31981048281141111e-02 1.75256875188667532e-02
1.67812499999999976e-01 8.43750000000000000e-01 3.53340816483445203e-02 1.16461182351313211e-03
1.67812499999999976e-01 8.90625000000000000e-01 3.75299655303091700e-02 -1.60871220062736540e-02
1.67812499999999976e-01 9.37500000000000000e-01 3.97549062001039191e-02 -3.08756167521225151e-02
1.67812499999999976e-01 9.84375000000000000e-01 4.19740799182314397e-02 -4.05239407480937480e-02
1.67812499999999976e-01 1.03125000000000000e+00 4.41500190522331332e-02 -4.40922255262301971e-02
1.67812499999999976e-01 1.07812500000000000e+00 4.62442272265500415e-02 -4.24842906850595031e-02
1.67812499999999976e-01 1.12500000000000000e+00 4.82188795046908300e-02 -3.76659054669526219e-02
1.67812499999999976e-01 1.17187500000000000e+00 5.00383907576741130e-02 -3.16435990179093837e-02
1.67812499999999976e-01 1.21875000000000000e+00 5.16706713710323798e-02 -2.58478649732324026e-02
1.67812499999999976e-01 1.26562500000000000e+00 5.30879651013338658e-02 -2.10021198611741559e-02
1.67812499999999976e-01 1.31250000000000000e+00 5.42672539560418721e-02 -1.73118551298714202e-02
1.67812499999999976e-01 1.35937500000000000e+00 5.51902935513129203e-02 -1.46996622715776966e-02
1.67812499999999976e-01 1.40625000000000000e+00 5.58433928821586642e-02 -1.30194479805482276e-02
1.67812499999999976e-01 1.45312500000000000e+00 5.62170706365904202e-02 -1.21232093070073529e-02
1.67812499999999976e-01 1.50000000000000000e+00 5.63057113503811768e-02 -1.19176051192819571e-02
1.76875000000000004e-01 -1.50000000000000000e+00 6.26077414231562268e-02 -3.43436541680301440e-03
1.76875000000000004e-01 -1.45312500000000000e+00 6.25088682868351481e-02 -3.51345066631433790e-03
1.76875000000000004e-01 -1.40625000000000000e+00 6.20926165436866684e-02 -3.86588121723095831e-03
1.76875000000000004e-01 -1.35937500000000000e+00 6.13651800516069115e-02 -4.56362385603306317e-03
1.76875000000000004e-01 -1.31250000000000000e+00 6.03370307534233721e-02 -5.75152985534995234e-03
1.76875000000000004e-01 -1.26562500000000000e+00 5.90233189074167025e-02 -7.67045353294414350e-03
1.76875000000000004e-01 -1.21875000000000000e+00 5.74442778845872457e-02 -1.06890475370280853e-02
1.76875000000000004e-01 -1.17187500000000000e+00 5.56254930710863502e-02 -1.52406563292863308e-02
1.76875000000000004e-01 -1.12500000000000000e+00 5.35978830614427804e-02 -2.17195833186847528e-02
1.76875000000000004e-01 -1.07812500000000000e+00 5.13972607840075119e-02 -3.00313707630397650e-02
1.76875000000000004e-01 -1.03125000000000000e+00 4.90633992043945089e-02 -3.91274347719876153e-02
1.76875000000000004e-01 -9.84375000000000000e-01 4.66386165943702274e-02 -4.66209791937557266e-02
1.76875000000000004e-01 -9.37500000000000000e-01 4.41660009591447120e-02 -4.92217661948001692e-02
1.76875000000000004e-01 -8.90625000000000000e-01 4.16874816271700296e-02 -4.41887116819266734e-02
1.76875000000000004e-01 -8.43750000000000000e-01 3.92419981623658917e-02 -3.10494149481481095e-02
1.76875000000000004e-01 -7.96875000000000000e-01 3.68639975364538422e-02 -1.22408683457602037e-02
1.76875000000000004e-01 -7.50000000000000000e-01 3.45824177153510465e-02 7.96978300856746903e-03
1.76875000000000004e-01 -7.03125000000000000e-01 3.24202160069450018e-02 2.54819696287039016e-02
1.76875000000000004e-01 -6.56250000000000000e-01 3.03944055128206742e-02 3.78673216478117927e-02
1.76875000000000004e-01 -6.09375000000000000e-01 2.85164962475031175e-02 4.46755209566432956e-02
1.76875000000000004e-01 -5.62500000000000000e-01 2.67932074393249960e-02 4.68291559286351453e-02
1.76875000000000004e-01 -5.15625000000000000e-01 2.52273195870931430e-02 4.57874421202710130e-02
1.76875000000000004e-01 -4.68750000000000000e-01 2.38185575612772232e-02 4.29431118437775469e-02
1.76875000000000004e-01 -4.21875000000000000e-01 2.25644273269270425e-02 3.93475662282371311e-02
1.76875000000000004e-01 -3.75000000000000000e-01 2.14609596829971640e-02 3.56687558554027451e-02
1.76875000000000004e-01 -3.28125000000000000e-01 2.05033397258438180e-02 3.22829842777748871e-02
1.76875000000000004e-01 -2.81250000000000000e-01 1.96864188520354394e-02 2.93568803138204125e-02
1.76875000000000004e-01 -2.34375000000000000e-01 1.90051174087318107e-02 2.69471014813216087e-02
1.76875000000000004e-01 -1.87500000000000000e-01 1.84547319404982195e-02 2.50434436703292178e-02
1.76875000000000004e-01 -1.40625000000000000e-01 1.80311629439403875e-02 2.36151968113134936e-02
1.76875000000000004e-01 -9.37500000000000000e-02 1.77310785128861476e-02 2.26264698793726092e-02
1.76875000000000004e-01 -4.68750000000000000e-02 1.75520272877943279e-02 2.20466010569743444e-02
1.76875000000000004e-01 0.00000000000000000e+00 1.74925114236474354e-02 2.18555902789972084e-02
1.76875000000000004e-01 4.68750000000000000e-02 1.75520272877943279e-02 2.20466010569743444e-02
1.76875000000000004e-01 9.37500000000000000e-02 1.77310785128862308e-02 2.26264698793728694e-02
1.76875000000000004e-01 1.40625000000000000e-01 1.80311629439403841e-02 2.36151968113134936e-02
1.76875000000000004e-01 1.87500000000000000e-01 1.84547319404981605e-02 2.50434436703289055e-02
1.76875000000000004e-01 2.34375000000000000e-01 1.90051174087319044e-02 2.69471014813216884e-02
1.76875000000000004e-01 2.81250000000000000e-01 1.96864188520354394e-02 2.93568803138204125e-02
1.76875000000000004e-01 3.28125000000000000e-01 2.05033397258438665e-02 3.22829842777749287e-02
1.76875000000000004e-01 3.75000000000000000e-01 2.14609596829971501e-02 3.56687558554023773e-02
1.76875000000000004e-01 4.21875000000000000e-01 2.25644273269269696e-02 3.93475662282367009e-02
1.76875000000000004e-01 4.68750000000000000e-01 2.38185575612771677e-02 4.29431118437774428e-02
1.76875000000000004e-01 5.15625000000000000e-01 2.52273195870932054e-02 4.57874421202710963e-02
1.76875000000000004e-01 5.62500000000000000e-01 2.67932074393250758e-02 4.68291559286354228e-02
1.76875000000000004e-01 6.09375000000000000e-01 2.85164962475031869e-02 4.46755209566433234e-02
1.76875000000000004e-01 6.56250000000000000e-01 3.03944055128207470e-02 3.78673216478116054e-02
1.76875000000000004e-01 7.03125000000000000e-01 3.24202160069448908e-02 2.54819696287045712e-02
1.76875000000000004e-01 7.50000000000000000e-01 3.45824177153510048e-02 7.96978300856783679e-03
1.76875000000000004e-01 7.96875000000000000e-01 3.68639975364538422e-02 -1.22408683457602037e-02
1.76875000000000004e-01 8.43750000000000000e-01 3.92419981623659681e-02 -3.10494149481484773e-02
1.76875000000000004e-01 8.90625000000000000e-01 4.16874816271700990e-02 -4.41887116819268885e-02
1.76875000000000004e-01 9.37500000000000000e-01 4.41660009591448438e-02 -4.92217661948002663e-02
1.76875000000000004e-01 9.84375000000000000e-01 4.66386165943702066e-02 -4.66209791937557405e-02
1.76875000000000004e-01 1.03125000000000000e+00 4.90633992043944672e-02 -3.91274347719878929e-02
1.76875000000000004e-01 1.07812500000000000e+00 5.13972607840074772e-02 -3.00313707630398760e-02
1.76875000000000004e-01 1.12500000000000000e+00 5.35978830614427595e-02 -2.17195833186848326e-02
1.76875000000000004e-01 1.17187500000000000e+00 5.56254930710863779e-02 -1.52406563292863725e-02
1.76875000000000004e-01 1.21875000000000000e+00 5.74442778845872526e-02 -1.06890475370280853e-02
1.76875000000000004e-01 1.26562500000000000e+00 5.90233189074167025e-02 -7.67045353294414350e-03
1.76875000000000004e-01 1.31250000000000000e+00 6.03370307534233652e-02 -5.75152985534995061e-03
1.76875000000000004e-01 1.35937500000000000e+00 6.13651800516069254e-02 -4.56362385603305276e-03
1.76875000000000004e-01 1.40625000000000000e+00 6.20926165436867100e-02 -3.86588121723091451e-03
1.76875000000000004e-01 1.45312500000000000e+00 6.25088682868351203e-02 -3.51345066631437433e-03
1.76875000000000004e-01 1.50000000000000000e+00 6.26077414231562268e-02 -3.43436541680301440e-03
1.85937499999999978e-01 -1.26562500000000000e+00 6.52809658894616951e-02 -2.09606601715624750e-03
1.85937499999999978e-01 -1.21875000000000000e+00 6.35306914519517957e-02 -3.13246184595111429e-03
1.85937499999999978e-01 -1.17187500000000000e+00 6.15144086342269136e-02 -4.96566437631959685e-03
1.85937499999999978e-01 -1.12500000000000000e+00 5.92663812291863851e-02 -8.17105126214424764e-03
1.85937499999999978e-01 -1.07812500000000000e+00 5.68263771242212001e-02 -1.35528083979552256e-02
1.85937499999999978e-01 -1.03125000000000000e+00 5.42386319719318361e-02 -2.18072743948925438e-02
1.85937499999999978e-01 -9.84375000000000000e-01 5.15502624345872684e-02 -3.27989375056320157e-02
1.85937499999999978e-01 -9.37500000000000000e-01 4.88092643771632084e-02 -4.45701871918979670e-02
1.85937499999999978e-01 -8.90625000000000000e-01 4.60623344233801538e-02 -5.31139891918411405e-02
1.85937499999999978e-01 -8.43750000000000000e-01 4.33528025354826332e-02 -5.38463263268987441e-02
1.85937499999999978e-01 -7.96875000000000000e-01 4.07189406663362938e-02 -4.42809916877367829e-02
1.85937499999999978e-01 -7.50000000000000000e-01 3.81928274135740140e-02 -2.58278386942600753e-02
1.85937499999999978e-01 -7.03125000000000000e-01 3.57998325982318427e-02 -3.11450680863483223e-03
1.85937499999999978e-01 -6.56250000000000000e-01 3.35586763511092276e-02 1.85203116103362618e-02
1.85937499999999978e-01 -6.09375000000000000e-01 3.14819417250216185e-02 3.53347783265267612e-02
1.85937499999999978e-01 -5.62500000000000000e-01 2.95768872557221375e-02 4.59926008813289419e-02
1.85937499999999978e-01 -5.15625000000000000e-01 2.78464101279409584e-02 5.10486095192043202e-02
1.85937499999999978e-01 -4.68750000000000000e-01 2.62900379076482990e-02 5.19652974468072792e-02
1.85937499999999978e-01 -4.21875000000000000e-01 2.49048631221760741e-02 5.03114887685868484e-02
1.85937499999999978e-01 -3.75000000000000000e-01 2.36863700705463656e-02 4.73559640067718612e-02
1.85937499999999978e-01 -3.28125000000000000e-01 2.26291316395183587e-02 4.39762420846104424e-02
1.85937499999999978e-01 -2.81250000000000000e-01 2.17273739100015406e-02 4.06914926145829636e-02
1.85937499999999978e-01 -2.34375000000000000e-01 2.09754186006323382e-02 3.77867228034936969e-02
1.85937499999999978e-01 -1.87500000000000000e-01 2.03680195642857234e-02 3.53839604488995416e-02
1.85937499999999978e-01 -1.40625000000000000e-01 1.99006114551277674e-02 3.35257962610799529e-02
1.85937499999999978e-01 -9.37500000000000000e-02 1.95694878882374385e-02 3.22142506284900029e-02
1.85937499999999978e-01 -4.68750000000000000e-02 1.93719240895688857e-02 3.14360786611683762e-02
1.85937499999999978e-01 0.00000000000000000e+00 1.93062559577268436e-02 3.11783448260111867e-02
1.85937499999999978e-01 4.68750000000000000e-02 1.93719240895688059e-02 3.14360786611678350e-02
1.85937499999999978e-01 9.37500000000000000e-02 1.95694878882373968e-02 3.22142506284895935e-02
1.85937499999999978e-01 1.40625000000000000e-01 1.99006114551277327e-02 3.35257962610797933e-02
1.85937499999999978e-01 1.87500000000000000e-01 2.03680195642856748e-02 3.53839604488994861e-02
1.85937499999999978e-01 2.34375000000000000e-01 2.09754186006323000e-02 3.77867228034932737e-02
1.85937499999999978e-01 2.81250000000000000e-01 2.17273739100015857e-02 4.06914926145828457e-02
1.85937499999999978e-01 3.28125000000000000e-01 2.26291316395182962e-02 4.39762420846104077e-02
1.85937499999999978e-01 3.75000000000000000e-01 2.36863700705463726e-02 4.73559640067720555e-02
1.85937499999999978e-01 4.21875000000000000e-01 2.49048631221760880e-02 5.03114887685871953e-02
1.85937499999999978e-01 4.68750000000000000e-01 2.62900379076482713e-02 5.19652974468071474e-02
1.85937499999999978e-01 5.15625000000000000e-01 2.78464101279409584e-02 5.10486095192043202e-02
1.85937499999999978e-01 5.62500000000000000e-01 2.95768872557222694e-02 4.59926008813283174e-02
1.85937499999999978e-01 6.09375000000000000e-01 3.14819417250216046e-02 3.53347783265264975e-02
1.85937499999999978e-01 6.56250000000000000e-01 3.35586763511092831e-02 1.85203116103357587e-02
1.85937499999999978e-01 7.03125000000000000e-01 3.57998325982318497e-02 -3.11450680863488687e-03
1.85937499999999978e-01 7.50000000000000000e-01 3.81928274135740348e-02 -2.58278386942600996e-02
1.85937499999999978e-01 7.96875000000000000e-01 4.07189406663362868e-02 -4.42809916877365053e-02
1.85937499999999978e-01 8.43750000000000000e-01 4.33528025354826402e-02 -5.38463263268987441e-02
1.85937499999999978e-01 8.90625000000000000e-01 4.60623344233801191e-02 -5.31139891918416610e-02
1.85937499999999978e-01 9.37500000000000000e-01 4.88092643771632431e-02 -4.45701871918978074e-02
1.85937499999999978e-01 9.84375000000000000e-01 5.15502624345872545e-02 -3.27989375056322377e-02
1.85937499999999978e-01 1.03125000000000000e+00 5.42386319719318291e-02 -2.18072743948925403e-02
1.85937499999999978e-01 1.07812500000000000e+00 5.68263771242212001e-02 -1.35528083979552256e-02
1.85937499999999978e-01 1.12500000000000000e+00 5.92663812291863851e-02 -8.17105126214424764e-03
1.85937499999999978e-01 1.17187500000000000e+00 6.15144086342270663e-02 -4.96566437631941124e-03
1.85937499999999978e-01 1.21875000000000000e+00 6.35306914519518234e-02 -3.13246184595107006e-03
1.85937499999999978e-01 1.26562500000000000e+00 6.52809658894615980e-02 -2.09606601715630649e-03
1.95000000000000007e-01 -1.12500000000000000e+00 6.52254257580819202e-02 -2.39091601128177270e-03
1.95000000000000007e-01 -1.07812500000000000e+00 6.25323820057043789e-02 -4.42126431583464864e-03
1.95000000000000007e-01 -1.03125000000000000e+00 5.96762592655843416e-02 -8.36460417347144672e-03
1.95000000000000007e-01 -9.84375000000000000e-01 5.67092897643742544e-02 -1.54630429748840760e-02
1.95000000000000007e-01 -9.37500000000000000e-01 5.36847068045094786e-02 -2.65786541895275501e-02
1.95000000000000007e-01 -8.90625000000000000e-01 5.06542925301055463e-02 -4.07468696149472509e-02
1.95000000000000007e-01 -8.43750000000000000e-01 4.76660520017701539e-02 -5.40209117432787697e-02
1.95000000000000007e-01 -7.96875000000000000e-01 4.47623169164371032e-02 -6.04578410044440337e-02
1.95000000000000007e-01 -7.50000000000000000e-01 4.19784829677783619e-02 -5.54542644704669602e-02
1.95000000000000007e-01 -7.03125000000000000e-01 3.93424503286419133e-02 -3.88561061432457638e-02
1.95000000000000007e-01 -6.56250000000000000e-01 3.68747112844707153e-02 -1.50519183750801866e-02
1.95000000000000007e-01 -6.09375000000000000e-01 3.45889439156263287e-02 9.76770292969929288e-03
1.95000000000000007e-01 -5.62500000000000000e-01 3.24929357214405676e-02 3.06537244812565210e-02
1.95000000000000007e-01 -5.15625000000000000e-01 3.05896681469168194e-02 4.52931552199642082e-02
1.95000000000000007e-01 -4.68750000000000000e-01 2.88784256486948471e-02 5.36976371134913616e-02
1.95000000000000007e-01 -4.21875000000000000e-01 2.73558349351805674e-02 5.71562770582496257e-02
1.95000000000000007e-01 -3.75000000000000000e-01 2.60167798200316158e-02 5.72970602968475018e-02
1.95000000000000007e-01 -3.28125000000000000e-01 2.48551688142433433e-02 5.55511868114549542e-02
1.95000000000000007e-01 -2.81250000000000000e-01 2.38645545591961022e-02 5.29579342203105943e-02
1.95000000000000007e-01 -2.34375000000000000e-01 2.30386174164910820e-02 5.02016517391594766e-02
1.95000000000000007e-01 -1.87500000000000000e-01 2.23715319729623739e-02 4.76772933760202244e-02
1.95000000000000007e-01 -1.40625000000000000e-01 2.18582369967342746e-02 4.56004286060958317e-02
1.95000000000000007e-01 -9.37500000000000000e-02 2.14946282597987398e-02 4.40776638171512386e-02
1.95000000000000007e-01 -4.68750000000000000e-02 2.12776909158096626e-02 4.31538800363494637e-02
1.95000000000000007e-01 0.00000000000000000e+00 2.12055846325835823e-02 4.28447492058379523e-02
1.95000000000000007e-01 4.68750000000000000e-02 2.12776909158096661e-02 4.31538800363494082e-02
1.95000000000000007e-01 9.37500000000000000e-02 2.14946282597987155e-02 4.40776638171510651e-02
1.95000000000000007e-01 1.40625000000000000e-01 2.18582369967342330e-02 4.56004286060954986e-02
1.95000000000000007e-01 1.87500000000000000e-01 2.23715319729623739e-02 4.76772933760202244e-02
1.95000000000000007e-01 2.34375000000000000e-01 2.30386174164911237e-02 5.02016517391594766e-02
1.95000000000000007e-01 2.81250000000000000e-01 2.38645545591960606e-02 5.29579342203110037e-02
1.95000000000000007e-01 3.28125000000000000e-01 2.48551688142433433e-02 5.55511868114549542e-02
1.95000000000000007e-01 3.75000000000000000e-01 2.60167798200316193e-02 5.72970602968476891e-02
1.95000000000000007e-01 4.21875000000000000e-01 2.73558349351805327e-02 5.71562770582495772e-02
1.95000000000000007e-01 4.68750000000000000e-01 2.88784256486948505e-02 5.36976371134911604e-02
1.95000000000000007e-01 5.15625000000000000e-01 3.05896681469167812e-02 4.52931552199646245e-02
1.95000000000000007e-01 5.62500000000000000e-01 3.24929357214405329e-02 3.06537244812567014e-02
1.95000000000000007e-01 6.09375000000000000e-01 3.45889439156263009e-02 9.76770292969966411e-03
1.95000000000000007e-01 6.56250000000000000e-01 3.68747112844706806e-02 -1.50519183750797772e-02
1.95000000000000007e-01 7.03125000000000000e-01 3.93424503286420035e-02 -3.88561061432466312e-02
1.95000000000000007e-01 7.50000000000000000e-01 4.19784829677785076e-02 -5.54542644704669463e-02
1.95000000000000007e-01 7.96875000000000000e-01 4.47623169164370893e-02 -6.04578410044442349e-02
1.95000000000000007e-01 8.43750000000000000e-01 4.76660520017703065e-02 -5.40209117432783881e-02
1.95000000000000007e-01 8.90625000000000000e-01 5.06542925301055741e-02 -4.07468696149473827e-02
1.95000000000000007e-01 9.37500000000000000e-01 5.36847068045094647e-02 -2.65786541895274495e-02
1.95000000000000007e-01 9.84375000000000000e-01 5.67092897643741364e-02 -1.54630429748844368e-02
1.95000000000000007e-01 1.03125000000000000e+00 5.96762592655845012e-02 -8.36460417347108763e-03
1.95000000000000007e-01 1.07812500000000000e+00 6.25323820057043928e-02 -4.42126431583462695e-03
1.95000000000000007e-01 1.12500000000000000e+00 6.52254257580819341e-02 -2.39091601128176923e-03
2.04062499999999980e-01 -1.03125000000000000e+00 6.53768516635663266e-02 -2.59300073961796001e-03
2.04062499999999980e-01 -9.84375000000000000e-01 6.21159821770611645e-02 -5.43545202459030322e-03
2.04062499999999980e-01 -9.37500000000000000e-01 5.87923330418411300e-02 -1.12575489280771421e-02
2.04062499999999980e-01 -8.90625000000000000e-01 5.54631038869173587e-02 -2.16963212758455766e-02
2.04062499999999980e-01 -8.43750000000000000e-01 5.21812705287104037e-02 -3.69189488168166630e-02
2.04062499999999980e-01 -7.96875000000000000e-01 4.89934660867060931e-02 -5.35893474962221214e-02
2.04062499999999980e-01 -7.50000000000000000e-01 4.59385823727678222e-02 -6.50302554512534881e-02
2.04062499999999980e-01 -7.03125000000000000e-01 4.30471664638082951e-02 -6.48200363869483182e-02
2.04062499999999980e-01 -6.56250000000000000e-01 4.03415438112620650e-02 -5.10705907826570493e-02
2.04062499999999980e-01 -6.09375000000000000e-01 3.78365037289771153e-02 -2.74663761950800223e-02
2.04062499999999980e-01 -5.62500000000000000e-01 3.55403459141586872e-02 -5.78899696907716013e-04
2.04062499999999980e-01 -5.15625000000000000e-01 3.34560973528831851e-02 2.37122439996820360e-02
2.04062499999999980e-01 -4.68750000000000000e-01 3.15827479017313367e-02 4.21633888273232199e-02
2.04062499999999980e-01 -4.21875000000000000e-01 2.99164012256004780e-02 5.41384271917571200e-02
2.04062499999999980e-01 -3.75000000000000000e-01 2.84512827251187789e-02 6.06096456755081878e-02
2.04062499999999980e-01 -3.28125000000000000e-01 2.71805812772220531e-02 6.31273481107632317e-02
2.04062499999999980e-01 -2.81250000000000000e-01 2.60971256100501273e-02 6.31788346005828227e-02
2.04062499999999980e-01 -2.34375000000000000e-01 2.51939102640926782e-02 6.19353524924458956e-02
2.04062499999999980e-01 -1.87500000000000000e-01 2.44644927387194962e-02 6.02019268031754110e-02
2.04062499999999980e-01 -1.40625000000000000e-01 2.39032850024997294e-02 5.84916324841840765e-02
2.04062499999999980e-01 -9.37500000000000000e-02 2.35057610357514990e-02 5.71120271059955692e-02
2.04062499999999980e-01 -4.68750000000000000e-02 2.32685988933925628e-02 5.62309266248105927e-02
2.04062499999999980e-01 0.00000000000000000e+00 2.31897718360462510e-02 5.59292679368922005e-02
2.04062499999999980e-01 4.68750000000000000e-02 2.32685988933925628e-02 5.62309266248105927e-02
2.04062499999999980e-01 9.37500000000000000e-02 2.35057610357515892e-02 5.71120271059957219e-02
2.04062499999999980e-01 1.40625000000000000e-01 2.39032850024997294e-02 5.84916324841840765e-02
2.04062499999999980e-01 1.87500000000000000e-01 2.44644927387194511e-02 6.02019268031754803e-02
2.04062499999999980e-01 2.34375000000000000e-01 2.51939102640927441e-02 6.19353524924459581e-02
2.04062499999999980e-01 2.81250000000000000e-01 2.60971256100501932e-02 6.31788346005831003e-02
2.04062499999999980e-01 3.28125000000000000e-01 2.71805812772220878e-02 6.31273481107631068e-02
2.04062499999999980e-01 3.75000000000000000e-01 2.84512827251187234e-02 6.06096456755085625e-02
2.04062499999999980e-01 4.21875000000000000e-01 2.99164012256005162e-02 5.41384271917572657e-02
2.04062499999999980e-01 4.68750000000000000e-01 3.15827479017314061e-02 4.21633888273227897e-02
2.04062499999999980e-01 5.15625000000000000e-01 3.34560973528831088e-02 2.37122439996829623e-02
2.04062499999999980e-01 5.62500000000000000e-01 3.55403459141587635e-02 -5.78899696908595517e-04
2.04062499999999980e-01 6.09375000000000000e-01 3.78365037289770043e-02 -2.74663761950789120e-02
2.04062499999999980e-01 6.56250000000000000e-01 4.03415438112621622e-02 -5.10705907826577710e-02
2.04062499999999980e-01 7.03125000000000000e-01 4.30471664638082951e-02 -6.48200363869483182e-02
2.04062499999999980e-01 7.50000000000000000e-01 4.59385823727677944e-02 -6.50302554512534187e-02
2.04062499999999980e-01 7.96875000000000000e-01 4.89934660867059890e-02 -5.35893474962228639e-02
2.04062499999999980e-01 8.43750000000000000e-01 5.21812705287103967e-02 -3.69189488168169405e-02
2.04062499999999980e-01 8.90625000000000000e-01 5.54631038869173934e-02 -2.16963212758455384e-02
2.04062499999999980e-01 9.37500000000000000e-01 5.87923330418410883e-02 -1.12575489280772028e-02
2.04062499999999980e-01 9.84375000000000000e-01 6.21159821770611784e-02 -5.43545202459025899e-03
2.04062499999999980e-01 1.03125000000000000e+00 6.53768516635663266e-02 -2.59300073961796001e-03
2.13125000000000009e-01 -9.37500000000000000e-01 6.41321413254838379e-02 -3.84695748637786401e-03
2.13125000000000009e-01 -8.90625000000000000e-01 6.04884942403974696e-02 -8.69308920569140248e-03
2.13125000000000009e-01 -8.43750000000000000e-01 5.68979469752895345e-02 -1.83388954925125212e-02
2.13125000000000009e-01 -7.96875000000000000e-01 5.34116831167534417e-02 -3.39148728317870754e-02
2.13125000000000009e-01 -7.50000000000000000e-01 5.00722721903274701e-02 -5.29167686876489685e-02
2.13125000000000009e-01 -7.03125000000000000e-01 4.69130231231489336e-02 -6.84732841139553822e-02
2.13125000000000009e-01 -6.56250000000000000e-01 4.39581509152069810e-02 -7.28338835787805533e-02
2.13125000000000009e-01 -6.09375000000000000e-01 4.12235659575494393e-02 -6.25132941042843976e-02
2.13125000000000009e-01 -5.62500000000000000e-01 3.87180564087031068e-02 -4.02292244113312894e-02
2.13125000000000009e-01 -5.15625000000000000e-01 3.64446493162000271e-02 -1.24874432609570884e-02
2.13125000000000009e-01 -4.68750000000000000e-01 3.44019823932928404e-02 1.42718843200602217e-02
2.13125000000000009e-01 -4.21875000000000000e-01 3.25855739232495736e-02 3.60403013721828785e-02
2.13125000000000009e-01 -3.75000000000000000e-01 3.09889288353808190e-02 5.15238442862643378e-02
2.13125000000000009e-01 -3.28125000000000000e-01 2.96044578974821032e-02 6.12578207168790537e-02
2.13125000000000009e-01 -2.81250000000000000e-01 2.84242130228314106e-02 6.65827249782996594e-02
2.13125000000000009e-01 -2.34375000000000000e-01 2.74404566853436310e-02 6.89424956319511506e-02
2.13125000000000009e-01 -1.87500000000000000e-01 2.66460902037774991e-02 6.95465171181660902e-02
2.13125000000000009e-01 -1.40625000000000000e-01 2.60349669521045685e-02 6.92793590125622832e-02
2.13125000000000009e-01 -9.37500000000000000e-02 2.56021145818712478e-02 6.87382465826207323e-02
2.13125000000000009e-01 -4.68750000000000000e-02 2.53438866534635224e-02 6.82866386018099042e-02
2.13125000000000009e-01 0.00000000000000000e+00 2.52580596423454783e-02 6.81162868839166186e-02
2.13125000000000009e-01 4.68750000000000000e-02 2.53438866534634669e-02 6.82866386018092658e-02
2.13125000000000009e-01 9.37500000000000000e-02 2.56021145818712478e-02 6.87382465826207323e-02
2.13125000000000009e-01 1.40625000000000000e-01 2.60349669521045685e-02 6.92793590125622832e-02
2.13125000000000009e-01 1.87500000000000000e-01 2.66460902037773395e-02 6.95465171181662428e-02
2.13125000000000009e-01 2.34375000000000000e-01 2.74404566853435339e-02 6.89424956319518584e-02
2.13125000000000009e-01 2.81250000000000000e-01 2.84242130228313655e-02 6.65827249782999231e-02
2.13125000000000009e-01 3.28125000000000000e-01 2.96044578974822038e-02 6.12578207168786373e-02
2.13125000000000009e-01 3.75000000000000000e-01 3.09889288353808259e-02 5.15238442862640950e-02
2.13125000000000009e-01 4.21875000000000000e-01 3.25855739232496985e-02 3.60403013721813104e-02
2.13125000000000009e-01 4.68750000000000000e-01 3.44019823932929097e-02 1.42718843200592641e-02
2.13125000000000009e-01 5.15625000000000000e-01 3.64446493162000687e-02 -1.24874432609576522e-02
2.13125000000000009e-01 5.62500000000000000e-01 3.87180564087031276e-02 -4.02292244113312755e-02
2.13125000000000009e-01 6.09375000000000000e-01 4.12235659575494809e-02 -6.25132941042847723e-02
2.13125000000000009e-01 6.56250000000000000e-01 4.39581509152069325e-02 -7.28338835787808031e-02
2.13125000000000009e-01 7.03125000000000000e-01 4.69130231231488781e-02 -6.84732841139552434e-02
2.13125000000000009e-01 7.50000000000000000e-01 5.00722721903273660e-02 -5.29167686876497109e-02
2.13125000000000009e-01 7.96875000000000000e-01 5.34116831167534625e-02 -3.39148728317869019e-02
2.13125000000000009e-01 8.43750000000000000e-01 5.68979469752895345e-02 -1.83388954925125247e-02
2.13125000000000009e-01 8.90625000000000000e-01 6.04884942403974904e-02 -8.69308920569135390e-03
2.13125000000000009e-01 9.37500000000000000e-01 6.41321413254839073e-02 -3.84695748637779765e-03
2.22187499999999982e-01 -8.90625000000000000e-01 6.57301654999465079e-02 -2.99378946555202072e-03
2.22187499999999982e-01 -8.43750000000000000e-01 6.18155331068020245e-02 -7.20533767635054851e-03
2.22187499999999982e-01 -7.96875000000000000e-01 5.80162159800222121e-02 -1.62249716110079052e-02
2.22187499999999982e-01 -7.50000000000000000e-01 5.43786455151167442e-02 -3.19162129091420874e-02
2.22187499999999982e-01 -7.03125000000000000e-01 5.09390054569755640e-02 -5.25591360074818825e-02
2.22187499999999982e-01 -6.56250000000000000e-01 4.77234515342563753e-02 -7.14001964676499040e-02
2.22187499999999982e-01 -6.09375000000000000e-01 4.47490180662088594e-02 -7.99028445161499568e-02
2.22187499999999982e-01 -5.62500000000000000e-01 4.20249503786140760e-02 -7.33271190501140618e-02
2.22187499999999982e-01 -5.15625000000000000e-01 3.95542228504879578e-02 -5.33514553515782239e-02
2.22187499999999982e-01 -4.68750000000000000e-01 3.73350570783957184e-02 -2.60488502540265447e-02
2.22187499999999982e-01 -4.21875000000000000e-01 3.53623182398406233e-02 1.97882768734267004e-03
2.22187499999999982e-01 -3.75000000000000000e-01 3.36287244184670722e-02 2.62080648409196044e-02
2.22187499999999982e-01 -3.28125000000000000e-01 3.21258464619728762e-02 4.47432266458249184e-02
2.22187499999999982e-01 -2.81250000000000000e-01 3.08449040676319203e-02 5.76232825594959128e-02
2.22187499999999982e-01 -2.34375000000000000e-01 2.97773795763664854e-02 6.58636161338757714e-02
2.22187499999999982e-01 -1.87500000000000000e-01 2.89154777422948595e-02 7.07397149498440597e-02
2.22187499999999982e-01 -1.40625000000000000e-01 2.82524606610921811e-02 7.33958032482923128e-02
2.22187499999999982e-01 -9.37500000000000000e-02 2.77828845290872470e-02 7.47128934508784481e-02
2.22187499999999982e-01 -4.68750000000000000e-02 2.75027606486455238e-02 7.52820324483438746e-02
2.22187499999999982e-01 0.00000000000000000e+00 2.74096581323805752e-02 7.54361515686375189e-02
2.22187499999999982e-01 4.68750000000000000e-02 2.75027606486456175e-02 7.52820324483439024e-02
2.22187499999999982e-01 9.37500000000000000e-02 2.77828845290872470e-02 7.47128934508784481e-02
2.22187499999999982e-01 1.40625000000000000e-01 2.82524606610921013e-02 7.33958032482928679e-02
2.22187499999999982e-01 1.87500000000000000e-01 2.89154777422948629e-02 7.07397149498440320e-02
2.22187499999999982e-01 2.34375000000000000e-01 2.97773795763664403e-02 6.58636161338764237e-02
2.22187499999999982e-01 2.81250000000000000e-01 3.08449040676320452e-02 5.76232825594946568e-02
2.22187499999999982e-01 3.28125000000000000e-01 3.21258464619728762e-02 4.47432266458249184e-02
2.22187499999999982e-01 3.75000000000000000e-01 3.36287244184670375e-02 2.62080648409199757e-02
2.22187499999999982e-01 4.21875000000000000e-01 3.53623182398406719e-02 1.97882768734197701e-03
2.22187499999999982e-01 4.68750000000000000e-01 3.73350570783956837e-02 -2.60488502540261041e-02
2.22187499999999982e-01 5.15625000000000000e-01 3.95542228504879717e-02 -5.33514553515783280e-02
2.22187499999999982e-01 5.62500000000000000e-01 4.20249503786141662e-02 -7.33271190501146863e-02
2.22187499999999982e-01 6.09375000000000000e-01 4.47490180662088177e-02 -7.99028445161500123e-02
2.22187499999999982e-01 6.56250000000000000e-01 4.77234515342564516e-02 -7.14001964676495016e-02
2.22187499999999982e-01 7.03125000000000000e-01 5.09390054569756057e-02 -5.25591360074815009e-02
2.22187499999999982e-01 7.50000000000000000e-01 5.43786455151167789e-02 -3.19162129091420319e-02
2.22187499999999982e-01 7.96875000000000000e-01 5.80162159800222260e-02 -1.62249716110078948e-02
2.22187499999999982e-01 8.43750000000000000e-01 6.18155331068020453e-02 -7.20533767635054764e-03
2.22187499999999982e-01 8.90625000000000000e-01 6.57301654999464940e-02 -2.99378946555201855e-03
2.31250000000000011e-01 -7.96875000000000000e-01 6.28062634253644947e-02 -6.41346071623014394e-03
2.31250000000000011e-01 -7.50000000000000000e-01 5.88567398044273077e-02 -1.50721658923610256e-02
2.31250000000000011e-01 -7.03125000000000000e-01 5.51240397129974871e-02 -3.08596187737987873e-02
2.31250000000000011e-01 -6.56250000000000000e-01 5.16363049469981267e-02 -5.26919962632025618e-02
2.31250000000000011e-01 -6.09375000000000000e-01 4.84116889256648100e-02 -7.41197876933124139e-02
2.31250000000000011e-01 -5.62500000000000000e-01 4.54598546637052653e-02 -8.62911370048099480e-02
2.31250000000000011e-01 -5.15625000000000000e-01 4.27836633775594763e-02 -8.36426631611290605e-02
2.31250000000000011e-01 -4.68750000000000000e-01 4.03808497554803553e-02 -6.68875947446615077e-02
2.31250000000000011e-01 -4.21875000000000000e-01 3.82455524850542211e-02 -4.13974702726294316e-02
2.31250000000000011e-01 -3.75000000000000000e-01 3.63696319322306047e-02 -1.35633861564683055e-02
2.31250000000000011e-01 -3.28125000000000000e-01 3.47437537651164308e-02 1.18517444058290743e-02
2.31250000000000011e-01 -2.81250000000000000e-01 3.33582474998162237e-02 3.24690296695733377e-02
2.31250000000000011e-01 -2.34375000000000000e-01 3.22037654241051838e-02 4.78205704193415126e-02
2.31250000000000011e-01 -1.87500000000000000e-01 3.12717740392540328e-02 5.85046403886085309e-02
2.31250000000000011e-01 -1.40625000000000000e-01 3.05549105879129833e-02 6.55000490314023298e-02
2.31250000000000011e-01 -9.37500000000000000e-02 3.00472340981589002e-02 6.97609212189430894e-02
2.31250000000000011e-01 -4.68750000000000000e-02 2.97443954873217314e-02 7.20199139523022835e-02
2.31250000000000011e-01 0.00000000000000000e+00 2.96437457310477770e-02 7.27234665831392874e-02
2.31250000000000011e-01 4.68750000000000000e-02 2.97443954873216378e-02 7.20199139523031717e-02
2.31250000000000011e-01 9.37500000000000000e-02 3.00472340981588967e-02 6.97609212189431172e-02
2.31250000000000011e-01 1.40625000000000000e-01 3.05549105879129833e-02 6.55000490314023298e-02
2.31250000000000011e-01 1.87500000000000000e-01 3.12717740392538940e-02 5.85046403886097868e-02
2.31250000000000011e-01 2.34375000000000000e-01 3.22037654241052046e-02 4.78205704193412975e-02
2.31250000000000011e-01 2.81250000000000000e-01 3.33582474998161821e-02 3.24690296695738234e-02
2.31250000000000011e-01 3.28125000000000000e-01 3.47437537651164308e-02 1.18517444058290743e-02
2.31250000000000011e-01 3.75000000000000000e-01 3.63696319322306255e-02 -1.35633861564687132e-02
2.31250000000000011e-01 4.21875000000000000e-01 3.82455524850541517e-02 -4.13974702726282937e-02
2.31250000000000011e-01 4.68750000000000000e-01 4.03808497554802998e-02 -6.68875947446603697e-02
2.31250000000000011e-01 5.15625000000000000e-01 4.27836633775595179e-02 -8.36426631611289079e-02
2.31250000000000011e-01 5.62500000000000000e-01 4.54598546637051820e-02 -8.62911370048096149e-02
2.31250000000000011e-01 6.09375000000000000e-01 4.84116889256646782e-02 -7.41197876933130800e-02
2.31250000000000011e-01 6.56250000000000000e-01 5.16363049469981267e-02 -5.26919962632025618e-02
2.31250000000000011e-01 7.03125000000000000e-01 5.51240397129974802e-02 -3.08596187737986902e-02
2.31250000000000011e-01 7.50000000000000000e-01 5.88567398044272522e-02 -1.50721658923611834e-02
2.31250000000000011e-01 7.96875000000000000e-01 6.28062634253644947e-02 -6.41346071623014220e-03
2.40312499999999984e-01 -7.50000000000000000e-01 6.35055345653653264e-02 -6.08824656294661669e-03
2.40312499999999984e-01 -7.03125000000000000e-01 5.94669911886088615e-02 -1.46342539800838889e-02
2.40312499999999984e-01 -6.56250000000000000e-01 5.56955090754500462e-02 -3.05857215534792413e-02
2.40312499999999984e-01 -6.09375000000000000e-01 5.22103474903665432e-02 -5.32886097191917901e-02
2.40312499999999984e-01 -5.62500000000000000e-01 4.90215388052087295e-02 -7.66997271063539349e-02
2.40312499999999984e-01 -5.15625000000000000e-01 4.61317622775639091e-02 -9.20773345078593208e-02
2.40312499999999984e-01 -4.68750000000000000e-01 4.35381876791599426e-02 -9.34741608934805124e-02
2.40312499999999984e-01 -4.21875000000000000e-01 4.12341478888748336e-02 -8.07938211174277776e-02
2.40312499999999984e-01 -3.75000000000000000e-01 3.92105700085084996e-02 -5.85504155386410569e-02
2.40312499999999984e-01 -3.28125000000000000e-01 3.74571457131780000e-02 -3.26273056017345950e-02
2.40312499999999984e-01 -2.81250000000000000e-01 3.59632537520083659e-02 -7.75991521162262225e-03
2.40312499999999984e-01 -2.34375000000000000e-01 3.47186645602611879e-02 1.33583972070358305e-02
2.40312499999999984e-01 -1.87500000000000000e-01 3.37140633869369780e-02 2.97696464882209536e-02
2.40312499999999984e-01 -1.40625000000000000e-01 3.29414281585440338e-02 4.15935600136523378e-02
2.40312499999999984e-01 -9.37500000000000000e-02 3.23942944418210699e-02 4.93969994322706260e-02
2.40312499999999984e-01 -4.68750000000000000e-02 3.20679342852838445e-02 5.37902236254770363e-02
2.40312499999999984e-01 0.00000000000000000e+00 3.19594695618879293e-02 5.52038770857219141e-02
2.40312499999999984e-01 4.68750000000000000e-02 3.20679342852837959e-02 5.37902236254777233e-02
2.40312499999999984e-01 9.37500000000000000e-02 3.23942944418211115e-02 4.93969994322703068e-02
2.40312499999999984e-01 1.40625000000000000e-01 3.29414281585440893e-02 4.15935600136518799e-02
2.40312499999999984e-01 1.87500000000000000e-01 3.37140633869369849e-02 2.97696464882209258e-02
2.40312499999999984e-01 2.34375000000000000e-01 3.47186645602612365e-02 1.33583972070350741e-02
2.40312499999999984e-01 2.81250000000000000e-01 3.59632537520084422e-02 -7.75991521162384523e-03
2.40312499999999984e-01 3.28125000000000000e-01 3.74571457131778890e-02 -3.26273056017329643e-02
2.40312499999999984e-01 3.75000000000000000e-01 3.92105700085084996e-02 -5.85504155386410569e-02
2.40312499999999984e-01 4.21875000000000000e-01 4.12341478888749169e-02 -8.07938211174290405e-02
2.40312499999999984e-01 4.68750000000000000e-01 4.35381876791599426e-02 -9.34741608934805124e-02
2.40312499999999984e-01 5.15625000000000000e-01 4.61317622775639646e-02 -9.20773345078592237e-02
2.40312499999999984e-01 5.62500000000000000e-01 4.90215388052088405e-02 -7.66997271063531855e-02
2.40312499999999984e-01 6.09375000000000000e-01 5.22103474903666542e-02 -5.32886097191909158e-02
2.40312499999999984e-01 6.56250000000000000e-01 5.56955090754501086e-02 -3.05857215534787383e-02
2.40312499999999984e-01 7.03125000000000000e-01 5.94669911886089170e-02 -1.46342539800837293e-02
2.40312499999999984e-01 7.50000000000000000e-01 6.35055345653653125e-02 -6.08824656294667133e-03
2.49375000000000013e-01 -7.03125000000000000e-01 6.39666620652642876e-02 -6.09146078039697874e-03
2.49375000000000013e-01 -6.56250000000000000e-01 5.98997987031691659e-02 -1.47151965540035980e-02
2.49375000000000013e-01 -6.09375000000000000e-01 5.61437014216085786e-02 -3.08850072572803211e-02
2.49375000000000013e-01 -5.62500000000000000e-01 5.27087140503287588e-02 -5.41725890592815174e-02
2.49375000000000013e-01 -5.15625000000000000e-01 4.95972562266145528e-02 -7.90120946110602906e-02
2.49375000000000013e-01 -4.68750000000000000e-01 4.68058471730559283e-02 -9.71371662916115652e-02
2.49375000000000013e-01 -4.21875000000000000e-01 4.43269284322894697e-02 -1.02626972485055187e-01
2.49375000000000013e-01 -3.75000000000000000e-01 4.21504134503093569e-02 -9.47810204353866925e-02
2.49375000000000013e-01 -3.28125000000000000e-01 4.02649474448937283e-02 -7.72154535626693866e-02
2.49375000000000013e-01 -2.81250000000000000e-01 3.86588951437321568e-02 -5.50955397438896433e-02
2.49375000000000013e-01 -2.34375000000000000e-01 3.73210914334049515e-02 -3.28776847742010617e-02
2.49375000000000013e-01 -1.87500000000000000e-01 3.62413959996211663e-02 -1.34373576617656532e-02
2.49375000000000013e-01 -1.40625000000000000e-01 3.54110921091595268e-02 1.86631211406695853e-03
2.49375000000000013e-01 -9.37500000000000000e-02 3.48231650047507446e-02 1.26466480848424490e-02
2.49375000000000013e-01 -4.68750000000000000e-02 3.44724890350329854e-02 1.89867142120890044e-02
2.49375000000000013e-01 0.00000000000000000e+00 3.43559458193259254e-02 2.10726671645339557e-02
2.49375000000000013e-01 4.68750000000000000e-02 3.44724890350329022e-02 1.89867142120904581e-02
2.49375000000000013e-01 9.37500000000000000e-02 3.48231650047507099e-02 1.26466480848431515e-02
2.49375000000000013e-01 1.40625000000000000e-01 3.54110921091595060e-02 1.86631211406733670e-03
2.49375000000000013e-01 1.87500000000000000e-01 3.62413959996212148e-02 -1.34373576617665275e-02
2.49375000000000013e-01 2.34375000000000000e-01 3.73210914334048960e-02 -3.28776847742002221e-02
2.49375000000000013e-01 2.81250000000000000e-01 3.86588951437322123e-02 -5.50955397438903718e-02
2.49375000000000013e-01 3.28125000000000000e-01 4.02649474448937283e-02 -7.72154535626693866e-02
2.49375000000000013e-01 3.75000000000000000e-01 4.21504134503095512e-02 -9.47810204353869007e-02
2.49375000000000013e-01 4.21875000000000000e-01 4.43269284322894974e-02 -1.02626972485054979e-01
2.49375000000000013e-01 4.68750000000000000e-01 4.68058471730558867e-02 -9.71371662916128420e-02
2.49375000000000013e-01 5.15625000000000000e-01 4.95972562266144834e-02 -7.90120946110605543e-02
2.49375000000000013e-01 5.62500000000000000e-01 5.27087140503287171e-02 -5.41725890592819476e-02
2.49375000000000013e-01 6.09375000000000000e-01 5.61437014216086203e-02 -3.08850072572802690e-02
2.49375000000000013e-01 6.56250000000000000e-01 5.98997987031692283e-02 -1.47151965540032650e-02
2.49375000000000013e-01 7.03125000000000000e-01 6.39666620652642876e-02 -6.09146078039697961e-03
2.58437499999999987e-01 -6.56250000000000000e-01 6.42478436077552478e-02 -6.33797545909269618e-03
2.58437499999999987e-01 -6.09375000000000000e-01 6.02103956568630153e-02 -1.51593395998443972e-02
2.58437499999999987e-01 -5.62500000000000000e-01 5.65200323282832873e-02 -3.15213473366026328e-02
2.58437499999999987e-01 -5.15625000000000000e-01 5.31788265243909042e-02 -5.50686369589988012e-02
2.58437499999999987e-01 -4.68750000000000000e-01 5.01825532452167128e-02 -8.07719353942235457e-02
2.58437499999999987e-01 -4.21875000000000000e-01 4.75226706885642641e-02 -1.01140400957957288e-01
2.58437499999999987e-01 -3.75000000000000000e-01 4.51879932442885365e-02 -1.10629468706264847e-01
2.58437499999999987e-01 -3.28125000000000000e-01 4.31660434698522139e-02 -1.08176103589671224e-01
2.58437499999999987e-01 -2.81250000000000000e-01 4.14441061098634322e-02 -9.65250797511303105e-02
2.58437499999999987e-01 -2.34375000000000000e-01 4.00100249001368383e-02 -8.00012530715470127e-02
2.58437499999999987e-01 -1.87500000000000000e-01 3.88527883471362911e-02 -6.26495229379200047e-02
2.58437499999999987e-01 -1.40625000000000000e-01 3.79629488473080187e-02 -4.73113239661630824e-02
2.58437499999999987e-01 -9.37500000000000000e-02 3.73329139017075859e-02 -3.56494006174983558e-02
2.58437499999999987e-01 -4.68750000000000000e-02 3.69571409930112976e-02 -2.84569779076761613e-02
2.58437499999999987e-01 0.00000000000000000e+00 3.68322601587556114e-02 -2.60358127386848721e-02
2.58437499999999987e-01 4.68750000000000000e-02 3.69571409930112976e-02 -2.84569779076761613e-02
2.58437499999999987e-01 9.37500000000000000e-02 3.73329139017075443e-02 -3.56494006174975786e-02
2.58437499999999987e-01 1.40625000000000000e-01 3.79629488473080257e-02 -4.73113239661630824e-02
2.58437499999999987e-01 1.87500000000000000e-01 3.88527883471362911e-02 -6.26495229379200047e-02
2.58437499999999987e-01 2.34375000000000000e-01 4.00100249001368383e-02 -8.00012530715470127e-02
2.58437499999999987e-01 2.81250000000000000e-01 4.14441061098633420e-02 -9.65250797511288533e-02
2.58437499999999987e-01 3.28125000000000000e-01 4.31660434698522902e-02 -1.08176103589671224e-01
2.58437499999999987e-01 3.75000000000000000e-01 4.51879932442884949e-02 -1.10629468706264972e-01
2.58437499999999987e-01 4.21875000000000000e-01 4.75226706885643752e-02 -1.01140400957956872e-01
2.58437499999999987e-01 4.68750000000000000e-01 5.01825532452166226e-02 -8.07719353942238094e-02
2.58437499999999987e-01 5.15625000000000000e-01 5.31788265243908972e-02 -5.50686369589988012e-02
2.58437499999999987e-01 5.62500000000000000e-01 5.65200323282832873e-02 -3.15213473366026328e-02
2.58437499999999987e-01 6.09375000000000000e-01 6.02103956568630846e-02 -1.51593395998441717e-02
2.58437499999999987e-01 6.56250000000000000e-01 6.42478436077552201e-02 -6.33797545909270833e-03
2.67499999999999960e-01 -6.09375000000000000e-01 6.44090109266261257e-02 -6.76548874081179391e-03
2.67499999999999960e-01 -5.62500000000000000e-01 6.04540852002215662e-02 -1.58209436688917827e-02
2.67499999999999960e-01 -5.15625000000000000e-01 5.68750984144698463e-02 -3.22284834104594464e-02
2.67499999999999960e-01 -4.68750000000000000e-01 5.36669792087755074e-02 -5.56241858688267810e-02
2.67499999999999960e-01 -4.21875000000000000e-01 5.08201036774656376e-02 -8.15601002913659140e-02
2.67499999999999960e-01 -3.75000000000000000e-01 4.83220965904625419e-02 -1.03539588526518414e-01
2.67499999999999960e-01 -3.28125000000000000e-01 4.61592778261795678e-02 -1.16676802972421306e-01
2.67499999999999960e-01 -2.81250000000000000e-01 4.43177834490823541e-02 -1.19742465850655247e-01
2.67499999999999960e-01 -2.34375000000000000e-01 4.27844085361795551e-02 -1.14703205037929398e-01
2.67499999999999960e-01 -1.87500000000000000e-01 4.15472235079263549e-02 -1.05056247385580767e-01
2.67499999999999960e-01 -1.40625000000000000e-01 4.05960128320789551e-02 -9.42313460726229152e-02
2.67499999999999960e-01 -9.37500000000000000e-02 3.99225783141894386e-02 -8.48760443909784695e-02
2.67499999999999960e-01 -4.68750000000000000e-02 3.95209410850437537e-02 -7.86794483561772673e-02
2.67499999999999960e-01 0.00000000000000000e+00 3.93874681047345215e-02 -7.65246185247567268e-02
2.67499999999999960e-01 4.68750000000000000e-02 3.95209410850437606e-02 -7.86794483561777946e-02
2.67499999999999960e-01 9.37500000000000000e-02 3.99225783141894386e-02 -8.48760443909784695e-02
2.67499999999999960e-01 1.40625000000000000e-01 4.05960128320789065e-02 -9.42313460726229291e-02
2.67499999999999960e-01 1.87500000000000000e-01 4.15472235079263619e-02 -1.05056247385580767e-01
2.67499999999999960e-01 2.34375000000000000e-01 4.27844085361796106e-02 -1.14703205037929648e-01
2.67499999999999960e-01 2.81250000000000000e-01 4.43177834490824513e-02 -1.19742465850654817e-01
2.67499999999999960e-01 3.28125000000000000e-01 4.61592778261796788e-02 -1.16676802972421056e-01
2.67499999999999960e-01 3.75000000000000000e-01 4.83220965904623476e-02 -1.03539588526520246e-01
2.67499999999999960e-01 4.21875000000000000e-01 5.08201036774656376e-02 -8.15601002913659140e-02
2.67499999999999960e-01 4.68750000000000000e-01 5.36669792087755004e-02 -5.56241858688267948e-02
2.67499999999999960e-01 5.15625000000000000e-01 5.68750984144698532e-02 -3.22284834104591827e-02
2.67499999999999960e-01 5.62500000000000000e-01 6.04540852002216356e-02 -1.58209436688915052e-02
2.67499999999999960e-01 6.09375000000000000e-01 6.44090109266262784e-02 -6.76548874081152243e-03
2.76562499999999989e-01 -5.62500000000000000e-01 6.45094027856857460e-02 -7.31274461228899070e-03
2.76562499999999989e-01 -5.15625000000000000e-01 6.06846404003867565e-02 -1.65432707829690426e-02
2.76562499999999989e-01 -4.68750000000000000e-01 5.72577463107391341e-02 -3.27245086970805107e-02
2.76562499999999989e-01 -4.21875000000000000e-01 5.42179087349390076e-02 -5.54291860391335697e-02
2.76562499999999989e-01 -3.75000000000000000e-01 5.15514669512313478e-02 -8.08508637060068314e-02
2.76562499999999989e-01 -3.28125000000000000e-01 4.92434542591525387e-02 -1.03607700016423554e-01
2.76562499999999989e-01 -2.81250000000000000e-01 4.72787865935534943e-02 -1.19607585569574196e-01
2.76562499999999989e-01 -2.34375000000000000e-01 4.56431509683086073e-02 -1.27602282673413586e-01
2.76562499999999989e-01 -1.87500000000000000e-01 4.43236515422731209e-02 -1.28937869503048697e-01
2.76562499999999989e-01 -1.40625000000000000e-01 4.33092669737129496e-02 -1.26214291549712088e-01
2.76562499999999989e-01 -9.37500000000000000e-02 4.25911649059537573e-02 -1.22146958190314320e-01
2.76562499999999989e-01 -4.68750000000000000e-02 4.21629103302636060e-02 -1.18855024275452928e-01
2.76562499999999989e-01 0.00000000000000000e+00 4.20205954775132937e-02 -1.17617359022988907e-01
2.76562499999999989e-01 4.68750000000000000e-02 4.21629103302636199e-02 -1.18855024275452706e-01
2.76562499999999989e-01 9.37500000000000000e-02 4.25911649059538128e-02 -1.22146958190314764e-01
2.76562499999999989e-01 1.40625000000000000e-01 4.33092669737129010e-02 -1.26214291549712393e-01
2.76562499999999989e-01 1.87500000000000000e-01 4.43236515422731070e-02 -1.28937869503047642e-01
2.76562499999999989e-01 2.34375000000000000e-01 4.56431509683086142e-02 -1.27602282673413642e-01
2.76562499999999989e-01 2.81250000000000000e-01 4.72787865935535637e-02 -1.19607585569573155e-01
2.76562499999999989e-01 3.28125000000000000e-01 4.92434542591526012e-02 -1.03607700016422485e-01
2.76562499999999989e-01 3.75000000000000000e-01 5.15514669512313478e-02 -8.08508637060068314e-02
2.76562499999999989e-01 4.21875000000000000e-01 5.42179087349390007e-02 -5.54291860391335697e-02
2.76562499999999989e-01 4.68750000000000000e-01 5.72577463107391063e-02 -3.27245086970807605e-02
2.76562499999999989e-01 5.15625000000000000e-01 6.06846404003867634e-02 -1.65432707829690426e-02
2.76562499999999989e-01 5.62500000000000000e-01 6.45094027856856905e-02 -7.31274461228913122e-03
2.85624999999999962e-01 -5.15625000000000000e-01 6.46059635607438981e-02 -7.90609367736920879e-03
2.85624999999999962e-01 -4.68750000000000000e-01 6.09534233719876903e-02 -1.71515844238028896e-02
2.85624999999999962e-01 -4.21875000000000000e-01 5.77147194008947734e-02 -3.27156877509483107e-02
2.85624999999999962e-01 -3.75000000000000000e-01 5.48748041218539845e-02 -5.40869745450629352e-02
2.85624999999999962e-01 -3.28125000000000000e-01 5.24173364224031629e-02 -7.81199009322362525e-02
2.85624999999999962e-01 -2.81250000000000000e-01 5.03259379010897873e-02 -1.00539263750504856e-01
2.85624999999999962e-01 -2.34375000000000000e-01 4.85851262280330848e-02 -1.18021262250681075e-01
2.85624999999999962e-01 -1.87500000000000000e-01 4.71809898863293706e-02 -1.29441446591627735e-01
2.85624999999999962e-01 -1.40625000000000000e-01 4.61016630531271288e-02 -1.35532996224994040e-01
2.85624999999999962e-01 -9.37500000000000000e-02 4.53376502577283180e-02 -1.38020018089232643e-01
2.85624999999999962e-01 -4.68750000000000000e-02 4.48820402837670357e-02 -1.38676736311447307e-01
2.85624999999999962e-01 0.00000000000000000e+00 4.47306388381587747e-02 -1.38748938451865284e-01
2.85624999999999962e-01 4.68750000000000000e-02 4.48820402837670912e-02 -1.38676736311446364e-01
2.85624999999999962e-01 9.37500000000000000e-02 4.53376502577283597e-02 -1.38020018089233060e-01
2.85624999999999962e-01 1.40625000000000000e-01 4.61016630531270455e-02 -1.35532996224993124e-01
2.85624999999999962e-01 1.87500000000000000e-01 4.71809898863293706e-02 -1.29441446591627735e-01
2.85624999999999962e-01 2.34375000000000000e-01 4.85851262280330431e-02 -1.18021262250682685e-01
2.85624999999999962e-01 2.81250000000000000e-01 5.03259379010897873e-02 -1.00539263750504829e-01
2.85624999999999962e-01 3.28125000000000000e-01 5.24173364224032046e-02 -7.81199009322359056e-02
2.85624999999999962e-01 3.75000000000000000e-01 5.48748041218540261e-02 -5.40869745450623593e-02
2.85624999999999962e-01 4.21875000000000000e-01 5.77147194008948011e-02 -3.27156877509481511e-02
2.85624999999999962e-01 4.68750000000000000e-01 6.09534233719875862e-02 -1.71515844238032504e-02
2.85624999999999962e-01 5.15625000000000000e-01 6.46059635607439120e-02 -7.90609367736921226e-03
2.94687499999999991e-01 -4.68750000000000000e-01 6.47525264418129243e-02 -8.45375478144530686e-03
2.94687499999999991e-01 -4.21875000000000000e-01 6.13091213279118030e-02 -1.74600874769815124e-02
2.94687499999999991e-01 -3.75000000000000000e-01 5.82907643246322466e-02 -3.19287333890468927e-02
2.94687499999999991e-01 -3.28125000000000000e-01 5.56796481034544377e-02 -5.12682245750396004e-02
2.94687499999999991e-01 -2.81250000000000000e-01 5.34580229710805849e-02 -7.29468286871139127e-02
2.94687499999999991e-01 -2.34375000000000000e-01 5.16091741279586097e-02 -9.35856345420386093e-02
2.94687499999999991e-01 -1.87500000000000000e-01 5.01181237676235902e-02 -1.10662499307825429e-01
2.94687499999999991e-01 -1.40625000000000000e-01 4.89721221618090105e-02 -1.23062034485304991e-01
2.94687499999999991e-01 -9.37500000000000000e-02 4.81609813214407892e-02 -1.30985324842659179e-01
2.94687499999999991e-01 -4.68750000000000000e-02 4.76772934982579583e-02 -1.35218961886928557e-01
2.94687499999999991e-01 0.00000000000000000e+00 4.75165659524690309e-02 -1.36528812507085678e-01
2.94687499999999991e-01 4.68750000000000000e-02 4.76772934982579166e-02 -1.35218961886928835e-01
2.94687499999999991e-01 9.37500000000000000e-02 4.81609813214407892e-02 -1.30985324842659179e-01
2.94687499999999991e-01 1.40625000000000000e-01 4.89721221618090036e-02 -1.23062034485305838e-01
2.94687499999999991e-01 1.87500000000000000e-01 5.01181237676234931e-02 -1.10662499307826498e-01
2.94687499999999991e-01 2.34375000000000000e-01 5.16091741279585403e-02 -9.35856345420396224e-02
2.94687499999999991e-01 2.81250000000000000e-01 5.34580229710805224e-02 -7.29468286871147870e-02
2.94687499999999991e-01 3.28125000000000000e-01 5.56796481034544447e-02 -5.12682245750397600e-02
2.94687499999999991e-01 3.75000000000000000e-01 5.82907643246322951e-02 -3.19287333890463723e-02
2.94687499999999991e-01 4.21875000000000000e-01 6.13091213279118030e-02 -1.74600874769815124e-02
2.94687499999999991e-01 4.68750000000000000e-01 6.47525264418128965e-02 -8.45375478144535543e-03
3.03749999999999964e-01 -4.21875000000000000e-01 6.49996522138230892e-02 -8.84905321449067084e-03
3.03749999999999964e-01 -3.75000000000000000e-01 6.17979603291371263e-02 -1.72938231378328804e-02
3.03749999999999964e-01 -3.28125000000000000e-01 5.90290734753512458e-02 -3.01642575922716032e-02
3.03749999999999964e-01 -2.81250000000000000e-01 5.66737909854914818e-02 -4.68007986479569565e-02
3.03749999999999964e-01 -2.34375000000000000e-01 5.47141006617594058e-02 -6.50699849771237820e-02
3.03749999999999964e-01 -1.87500000000000000e-01 5.31339066426807644e-02 -8.24906697095708075e-02
3.03749999999999964e-01 -1.40625000000000000e-01 5.19195351625253709e-02 -9.70078509231870334e-02
3.03749999999999964e-01 -9.37500000000000000e-02 5.10600758942760108e-02 -1.07568892430923310e-01
3.03749999999999964e-01 -4.68750000000000000e-02 5.05476040049050931e-02 -1.13839230843044925e-01
3.03749999999999964e-01 0.00000000000000000e+00 5.03773162739070482e-02 -1.15902000583555445e-01
3.03749999999999964e-01 4.68750000000000000e-02 5.05476040049051972e-02 -1.13839230843043787e-01
3.03749999999999964e-01 9.37500000000000000e-02 5.10600758942759553e-02 -1.07568892430924365e-01
3.03749999999999964e-01 1.40625000000000000e-01 5.19195351625254126e-02 -9.70078509231866865e-02
3.03749999999999964e-01 1.87500000000000000e-01 5.31339066426807644e-02 -8.24906697095708075e-02
3.03749999999999964e-01 2.34375000000000000e-01 5.47141006617593573e-02 -6.50699849771246008e-02
3.03749999999999964e-01 2.81250000000000000e-01 5.66737909854914262e-02 -4.68007986479572133e-02
3.03749999999999964e-01 3.28125000000000000e-01 5.90290734753513846e-02 -3.01642575922710932e-02
3.03749999999999964e-01 3.75000000000000000e-01 6.17979603291370916e-02 -1.72938231378330538e-02
3.03749999999999964e-01 4.21875000000000000e-01 6.49996522138231447e-02 -8.84905321449055461e-03
3.12812499999999993e-01 -3.75000000000000000e-01 6.53949616009186774e-02 -8.98318307031133537e-03
3.12812499999999993e-01 -3.28125000000000000e-01 6.24642573762231035e-02 -1.65229684437956728e-02
3.12812499999999993e-01 -2.81250000000000000e-01 5.99719550762695813e-02 -2.73519913927421018e-02
3.12812499999999993e-01 -2.34375000000000000e-01 5.78986784287049416e-02 -4.06729128590024996e-02
3.12812499999999993e-01 -1.87500000000000000e-01 5.62271606574024502e-02 -5.48107827703850012e-02
3.12812499999999993e-01 -1.40625000000000000e-01 5.49427631712771647e-02 -6.77975956769698990e-02
3.12812499999999993e-01 -9.37500000000000000e-02 5.40338231128518476e-02 -7.80611523611201008e-02
3.12812499999999993e-01 -4.68750000000000000e-02 5.34918778136334594e-02 -8.45271290038101114e-02
3.12812499999999993e-01 0.00000000000000000e+00 5.33118014457274747e-02 -8.67215504823164451e-02
3.12812499999999993e-01 4.68750000000000000e-02 5.34918778136334594e-02 -8.45271290038101114e-02
3.12812499999999993e-01 9.37500000000000000e-02 5.40338231128518059e-02 -7.80611523611212527e-02
3.12812499999999993e-01 1.40625000000000000e-01 5.49427631712771716e-02 -6.77975956769696492e-02
3.12812499999999993e-01 1.87500000000000000e-01 5.62271606574024918e-02 -5.48107827703843073e-02
3.12812499999999993e-01 2.34375000000000000e-01 5.78986784287050110e-02 -4.06729128590023956e-02
3.12812499999999993e-01 2.81250000000000000e-01 5.99719550762695675e-02 -2.73519913927423204e-02
3.12812499999999993e-01 3.28125000000000000e-01 6.24642573762231312e-02 -1.65229684437955271e-02
3.12812499999999993e-01 3.75000000000000000e-01 6.53949616009186357e-02 -8.98318307031139955e-03
3.21874999999999967e-01 -3.28125000000000000e-01 6.59838056186460298e-02 -8.76506092021205746e-03
3.21874999999999967e-01 -2.81250000000000000e-01 6.33511927204825076e-02 -1.51092303691777539e-02
3.21874999999999967e-01 -2.34375000000000000e-01 6.11616470836633258e-02 -2.35788537758799092e-02
3.21874999999999967e-01 -1.87500000000000000e-01 5.93966771308440319e-02 -3.33326270137096273e-02
3.21874999999999967e-01 -1.40625000000000000e-01 5.80406380609281500e-02 -4.30178765830129192e-02
3.21874999999999967e-01 -9.37500000000000000e-02 5.70810839678023915e-02 -5.11646383399342874e-02
3.21874999999999967e-01 -4.68750000000000000e-02 5.65089934330427687e-02 -5.65297042390911567e-02
3.21874999999999967e-01 0.00000000000000000e+00 5.63189058224807110e-02 -5.83927236393789947e-02
3.21874999999999967e-01 4.68750000000000000e-02 5.65089934330428242e-02 -5.65297042390904766e-02
3.21874999999999967e-01 9.37500000000000000e-02 5.70810839678024817e-02 -5.11646383399337948e-02
3.21874999999999967e-01 1.40625000000000000e-01 5.80406380609280598e-02 -4.30178765830136964e-02
3.21874999999999967e-01 1.87500000000000000e-01 5.93966771308441013e-02 -3.33326270137092803e-02
3.21874999999999967e-01 2.34375000000000000e-01 6.11616470836633258e-02 -2.35788537758799092e-02
3.21874999999999967e-01 2.81250000000000000e-01 6.33511927204826603e-02 -1.51092303691773271e-02
3.21874999999999967e-01 3.28125000000000000e-01 6.59838056186460298e-02 -8.76506092021205746e-03
3.30937499999999996e-01 -2.34375000000000000e-01 6.45017138135222101e-02 -1.31337026984821650e-02
3.30937499999999996e-01 -1.87500000000000000e-01 6.26412170630019360e-02 -1.91617754877290609e-02
3.30937499999999996e-01 -1.40625000000000000e-01 6.12119629868949564e-02 -2.55102583653345344e-02
3.30937499999999996e-01 -9.37500000000000000e-02 6.02006918390052895e-02 -3.10976324435160087e-02
3.30937499999999996e-01 -4.68750000000000000e-02 5.95978024101346815e-02 -3.49151279382428972e-02
3.30937499999999996e-01 0.00000000000000000e+00 5.93974870110331316e-02 -3.62681717244713112e-02
3.30937499999999996e-01 4.68750000000000000e-02 5.95978024101347786e-02 -3.49151279382422658e-02
3.30937499999999996e-01 9.37500000000000000e-02 6.02006918390052756e-02 -3.10976324435159913e-02
3.30937499999999996e-01 1.40625000000000000e-01 6.12119629868950257e-02 -2.55102583653341770e-02
3.30937499999999996e-01 1.87500000000000000e-01 6.26412170630018805e-02 -1.91617754877291234e-02
3.30937499999999996e-01 2.34375000000000000e-01 6.45017138135222101e-02 -1.31337026984821650e-02
3.39999999999999969e-01 -1.87500000000000000e-01 6.59595116672163362e-02 -1.07527400081201228e-02
3.39999999999999969e-01 -1.40625000000000000e-01 6.44555129352911843e-02 -1.45978444294099091e-02
3.39999999999999969e-01 -9.37500000000000000e-02 6.33914530517146746e-02 -1.80771799620890496e-02
3.39999999999999969e-01 -4.68750000000000000e-02 6.27571298899936292e-02 -2.05239679756630475e-02
3.39999999999999969e-01 0.00000000000000000e+00 6.25463764312406412e-02 -2.14067405454772229e-02
3.39999999999999969e-01 4.68750000000000000e-02 6.27571298899936569e-02 -2.05239679756628671e-02
3.39999999999999969e-01 9.37500000000000000e-02 6.33914530517147856e-02 -1.80771799620887338e-02
3.39999999999999969e-01 1.40625000000000000e-01 6.44555129352912537e-02 -1.45978444294096853e-02
3.39999999999999969e-01 1.87500000000000000e-01 6.59595116672163917e-02 -1.07527400081199979e-02
3.49062499999999942e-01 -4.68750000000000000e-02 6.59857751955601202e-02 -1.18201011854432401e-02
3.49062499999999942e-01 0.00000000000000000e+00 6.57643798963681303e-02 -1.23635811433465345e-02
3.49062499999999942e-01 4.68750000000000000e-02 6.59857751955600369e-02 -1.18201011854434431e-02
