$MeshFormat
2.2 0 8
$EndMeshFormat
$PhysicalNames
7
1 1 "Gamma"
1 2 "axis"
2 1 "vacuum"
2 10 "coil0"
2 11 "coil1"
2 12 "coil2"
2 13 "coil3"
$EndPhysicalNames
$Nodes
1475
1 0 -2.6 0
2 2.6 0 0
3 0 2.6 0
4 0.95 -1.15 0
5 1.05 -1.15 0
6 1.05 -1.05 0
7 0.95 -1.05 0
8 1.7 -0.65 0
9 1.8 -0.65 0
10 1.8 -0.55 0
11 1.7 -0.55 0
12 0.95 1.05 0
13 1.05 1.05 0
14 1.05 1.15 0
15 0.95 1.15 0
16 1.7 0.55 0
17 1.8 0.55 0
18 1.8 0.65 0
19 1.7 0.65 0
20 0.1790795510523634 -2.593825459508578 0
21 0.3573085375361416 -2.575331164919142 0
22 0.5338404347638083 -2.544604957593848 0
23 0.7078367786219284 -2.501792776156757 0
24 0.8784711479793438 -2.447097963336951 0
25 1.044933089895415 -2.380780300162453 0
26 1.206431968985037 -2.30315477209216 0
27 1.362200722657241 -2.214590072946253 0
28 1.511499504391371 -2.115506853740881 0
29 1.653619197746558 -2.006375724744503 0
30 1.787884784414144 -1.887715020245479 0
31 1.913658550316068 -1.760088336647398 0
32 2.03034311452131 -1.624101855585389 0
33 2.137308315114109 -1.480511116521618 0
34 2.229033765613492 -1.338435083130646 0
35 2.305397283469429 -1.202141158671383 0
36 2.37007090497515 -1.069001358928169 0
37 2.425913168682302 -0.9353851067949457 0
38 2.474840234987208 -0.7969729049901635 0
39 2.517392496929513 -0.6501807567153858 0
40 2.552379798296658 -0.4953356087009185 0
41 2.578454673282844 -0.3340231995323997 0
42 2.594555016860164 -0.1681792629480706 0
43 0 -2.420689655172414 0
44 0 -2.241379310344827 0
45 0 -2.062068965517241 0
46 0 -1.882758620689655 0
47 0 -1.703448275862069 0
48 0 -1.524137931034483 0
49 0 -1.344827586206896 0
50 0 -1.16551724137931 0
51 0 -0.9862068965517239 0
52 0 -0.8068965517241378 0
53 0 -0.6275862068965514 0
54 0 -0.4482758620689657 0
55 0 -0.2689655172413796 0
56 0 -0.08965517241379439 0
57 0 0.08965517241379173 0
58 0 0.2689655172413778 0
59 0 0.4482758620689649 0
60 0 0.6275862068965514 0
61 0 0.8068965517241384 0
62 0 0.986206896551725 0
63 0 1.165517241379312 0
64 0 1.344827586206899 0
65 0 1.524137931034485 0
66 0 1.703448275862071 0
67 0 1.882758620689656 0
68 0 2.062068965517243 0
69 0 2.241379310344829 0
70 0 2.420689655172414 0
71 2.594680230766953 0.1662362778311472 0
72 2.578944911416623 0.3302168134397526 0
73 2.553444551237157 0.4898172350553551 0
74 2.519195481897205 0.6431594856555489 0
75 2.477489966286346 0.7886973227737487 0
76 2.429790957787664 0.9252653140874277 0
77 2.377599193404662 1.052151165717883 0
78 2.321332319160217 1.171074832802007 0
79 2.259463371206054 1.286400122115267 0
80 2.189453245077323 1.402246229312234 0
81 2.108059090978199 1.521869530854787 0
82 2.011467924654938 1.647421253985864 0
83 1.896672920968455 1.778378989660244 0
84 1.771203036305499 1.903375896711467 0
85 1.637514633640531 2.019540993546088 0
86 1.496228037420516 2.126335265200846 0
87 1.347998828293567 2.223263178060387 0
88 1.193514801164425 2.309874979171263 0
89 1.033492773773325 2.385768783130151 0
90 0.8686752606066813 2.450592436862955 0
91 0.6998270275728828 2.504045153642103 0
92 0.5277315434298058 2.545878908760037 0
93 0.3531873444296473 2.575899590382889 0
94 0.177004329049446 2.593967900244287 0
95 0.9833333333333334 -1.15 0
96 1.016666666666667 -1.15 0
97 1.05 -1.116666666666666 0
98 1.05 -1.083333333333333 0
99 1.016666666666667 -1.05 0
100 0.9833333333333332 -1.05 0
101 0.95 -1.083333333333333 0
102 0.95 -1.116666666666667 0
103 1.733333333333333 -0.65 0
104 1.766666666666667 -0.65 0
105 1.8 -0.6166666666666667 0
106 1.8 -0.5833333333333333 0
107 1.766666666666667 -0.55 0
108 1.733333333333333 -0.55 0
109 1.7 -0.5833333333333334 0
110 1.7 -0.6166666666666668 0
111 0.9833333333333334 1.05 0
112 1.016666666666667 1.05 0
113 1.05 1.083333333333333 0
114 1.05 1.116666666666667 0
115 1.016666666666667 1.15 0
116 0.9833333333333332 1.15 0
117 0.95 1.116666666666667 0
118 0.95 1.083333333333333 0
119 1.733333333333333 0.55 0
120 1.766666666666667 0.55 0
121 1.8 0.5833333333333334 0
122 1.8 0.6166666666666668 0
123 1.766666666666667 0.65 0
124 1.733333333333333 0.65 0
125 1.7 0.6166666666666667 0
126 1.7 0.5833333333333333 0
127 1.020480829370348 -1.1 0
128 0.9794949375284822 -1.1 0
129 0.9999959611498052 -1.12525600817161 0
130 0.999995961149805 -1.074743991828389 0
131 1.025768024514832 -1.125768024514831 0
132 0.9742319754851685 -1.074231975485168 0
133 0.9742319754851686 -1.125768024514831 0
134 1.025768024514832 -1.074231975485168 0
135 1 1.120480829370348 0
136 1 1.079494937528482 0
137 1.02525600817161 1.099995961149805 0
138 0.9747439918283894 1.099995961149805 0
139 0.9742319754851685 1.074231975485169 0
140 1.025768024514832 1.074231975485169 0
141 1.025768024514832 1.125768024514832 0
142 0.9742319754851686 1.125768024514832 0
143 1.770480829370348 -0.6 0
144 1.729494937528482 -0.6000000000000001 0
145 1.749995961149805 -0.6252560081716105 0
146 1.749995961149805 -0.5747439918283895 0
147 1.724231975485168 -0.5742319754851686 0
148 1.775768024514832 -0.6257680245148315 0
149 1.724231975485168 -0.6257680245148314 0
150 1.775768024514832 -0.5742319754851687 0
151 1.770480829370348 0.6000000000000001 0
152 1.729494937528482 0.6 0
153 1.749995961149805 0.5747439918283895 0
154 1.749995961149805 0.6252560081716105 0
155 1.775768024514832 0.5742319754851686 0
156 1.724231975485168 0.6257680245148315 0
157 1.724231975485168 0.5742319754851687 0
158 1.775768024514832 0.6257680245148314 0
159 0.9999999999999999 -1.021132486540518 0
160 1.001249306598641 1.015634061585865 0
161 1.744507757298338 -0.5221256014398358 0
162 1.080352755273289 1.09973784230073 0
163 1.088285693998464 -1.099548130462536 0
164 1.751249306598645 0.5156340615858641 0
165 1.667336601165482 0.5689860082889172 0
166 1.669188866382115 0.5238720943866038 0
167 1.667336601165482 -0.5685388899085566 0
168 1.666925784815879 -0.5264009586220605 0
169 1.626891067234506 -0.5513765961617281 0
170 1.625739832446408 -0.4999335035448293 0
171 1.629627999082112 0.5505129507821755 0
172 1.629620436587533 0.4955691993788052 0
173 1.579675714835617 0.5256373130086078 0
174 1.577497918323782 0.4679106748882762 0
175 1.576107897115636 -0.5299771425648636 0
176 1.575953647598324 -0.4685047357567549 0
177 1.519478660391912 -0.5017328105360132 0
178 1.52256782375315 0.500745074460286 0
179 1.518532062506846 -0.4358604318823298 0
180 1.460530609710441 -0.4685107875823437 0
181 1.458441220742307 -0.4013916574545708 0
182 1.399806622670244 -0.4343602821030977 0
183 1.399108310872067 -0.3644059605200594 0
184 1.339127150057223 -0.3995967974093104 0
185 1.33844890897714 -0.3295345850356099 0
186 1.75 0.6788675134594813 0
187 1.576321161047011 -0.4006940173112519 0
188 1.001124537510934 1.18562311500377 0
189 0.9987917739348146 -1.178334417695725 0
190 1.718986008288916 -0.6826633988345163 0
191 1.461523882646928 -0.5380736931414476 0
192 1.27824707927188 -0.365081251750097 0
193 1.277533149161263 -0.2950599759081028 0
194 1.337792054299166 -0.2594247085684703 0
195 1.276821143467537 -0.2250339212809762 0
196 1.217291666033624 -0.3306730172447033 0
197 1.534197521527837 0.5711437267301916 0
198 1.464412474911342 0.5379904244526634 0
199 1.470569282877477 0.6074843730338881 0
200 1.407129929157405 0.5780653178814712 0
201 1.401014700809675 0.5083723208072504 0
202 1.344896868699092 0.5458801981178442 0
203 1.337780198842142 0.478341048986251 0
204 1.28169084575059 0.5157864406350592 0
205 1.274407742617949 0.4485954530140726 0
206 1.217182325368501 0.4884875369476094 0
207 1.210801075986337 0.419363245631284 0
208 1.218024850875664 -0.4006661389498925 0
209 0.9173366011654814 -1.068538889908557 0
210 0.917336601165481 1.068538889908557 0
211 1.157045812360457 -0.3662935832982032 0
212 1.153536628614919 0.4593409192154062 0
213 1.147299166498254 0.3899086740056724 0
214 1.337073344382358 -0.1894043853125432 0
215 1.157778222143287 -0.4362879659642998 0
216 1.096795165218926 -0.4019215631464989 0
217 1.096064093869586 -0.3319251151330434 0
218 1.089945710561909 0.4300776204657681 0
219 1.083823869207835 0.3603975947027885 0
220 1.413355187344521 0.6477667704831608 0
221 1.097526777799969 -0.4719171789702584 0
222 1.035811640408361 -0.3675558761138712 0
223 1.035080489378624 -0.2975595499455108 0
224 1.026474848657614 0.4005571233146994 0
225 1.020373016595851 0.330834231143985 0
226 1.03257050584824 0.4702932376004386 0
227 0.8949450862912689 2.275444456605663 0
228 0.9042693379086447 -2.269778861287095 0
229 1.824964091118037 0.5994414786580496 0
230 1.839386025932528 -0.59476649571995 0
231 0.9748277232958548 -0.3331907922062064 0
232 0.9740965068832131 -0.2631945665583322 0
233 0.9691232530702644 0.4407221772224618 0
234 0.9738875314659269 0.5085504546953097 0
235 1.955741064071587 1.504617425343891 0
236 1.33035999450877 0.4114445258865115 0
237 1.226709231563544 0.568445820123597 0
238 0.9115575906860244 0.480552492725896 0
239 0.91628402928986 0.5483296101057624 0
240 0.913843677799728 -0.2988259057859611 0
241 0.9131124424486617 -0.2288297092692194 0
242 0.9145749266630565 -0.3688220815119939 0
243 0.1557052181461922 1.629601542818263 0
244 0.1697522322231182 -1.602733084957125 0
245 2.45114543743738 0.0934498026136919 0
246 1.276091796329412 -0.1550346847793127 0
247 1.336344574670257 -0.1194036708086637 0
248 0.8541340005401912 0.520585304520064 0
249 0.8482950919053464 0.4512196986045466 0
250 0.8602172664472779 0.5903007225329402 0
251 0.8535908418083888 -0.3344572556466809 0
252 0.8544636897197052 -0.404689431244829 0
253 1.980144987436298 -1.467176298336955 0
254 1.346698974387827 2.0464498299723 0
255 1.359474665542951 -1.993524060608552 0
256 0.7970932100164774 0.5611643563585655 0
257 0.8031496597935837 0.630963331281958 0
258 0.793266666055897 -0.3699674203099321 0
259 0.7942487803141329 -0.4407008910433295 0
260 0.9318311950474182 0.619157710464537 0
261 2.190346325487825 1.166122236520742 0
262 1.275868917040332 -0.08589712448205608 0
263 1.336206591147338 -0.05040895848036615 0
264 1.396696709980662 -0.0839385936704764 0
265 1.395982108512887 -0.01397011207835449 0
266 1.455516991325089 -0.04588442095598087 0
267 1.455916675732435 0.02219957579447284 0
268 1.515478066853631 -0.009759592838068976 0
269 1.633962164985071 0.435540641538075 0
270 0.7390743018255979 0.6008128167987983 0
271 0.7457699254203848 0.670623273584344 0
272 0.7329264720811455 -0.4057440355553407 0
273 0.7334935544557801 -0.4767230139197683 0
274 0.7315051069777591 -0.3333000734125195 0
275 0.7952406961047402 -0.511595113209227 0
276 0.7342305669626438 -0.5479742290078327 0
277 0.7963251611711496 -0.5823458698176988 0
278 0.7358010474519664 -0.619080230286561 0
279 0.7975788199796098 -0.6533702991476207 0
280 0.7369282792856118 -0.6902164771778103 0
281 1.15851093233122 -0.5062818975479637 0
282 2.428484717075402 -0.3905955160513465 0
283 2.237167766190043 -1.095801185428886 0
284 0.6806834970399621 0.6415118930978295 0
285 0.6874762469041903 0.7108020681163324 0
286 0.6743373614229734 0.5701636384369091 0
287 0.9193791152472865 1.023978156460325 0
288 0.8772999556397411 1.05097279580144 0
289 1.0777152462389 0.290689232688946 0
290 1.014273510821199 0.2611063546582765 0
291 1.475155271063063 0.6792276894536099 0
292 1.419365748255309 0.7178420013733309 0
293 1.482174499610887 0.7487497711575422 0
294 1.4257361752188 0.7875859326988974 0
295 1.489273481775774 0.8169942242841892 0
296 1.429507376735298 0.8564426416477324 0
297 1.495850132043624 0.8862654471299637 0
298 1.433222056306253 0.9247188474786184 0
299 1.365919376146527 0.8278284601215332 0
300 1.502073721886668 0.9560596820216325 0
301 1.444847117485411 0.9963724063993504 0
302 1.508635422039521 1.026154451581125 0
303 1.449473519215366 1.06735360404527 0
304 1.567888928015978 0.9858218342687173 0
305 0.1713037636099205 -1.078876587561143 0
306 1.51606788362503 0.05800284647962762 0
307 1.577034976401691 0.02366660755466237 0
308 0.6712555624543191 -0.5146930087062134 0
309 0.1382977892676682 1.25843906311869 0
310 0.7988960949028008 -0.7242326808559829 0
311 0.738306184907139 -0.762570000149976 0
312 0.9169257848158786 -1.02640095862206 0
313 0.8768910672345064 -1.051376596161729 0
314 0.6741181674241162 -0.7247446331355216 0
315 0.6736065577148073 -0.8053121022311442 0
316 1.573441178359574 1.058480369084506 0
317 1.634874734003281 1.016794279704468 0
318 1.571981353009383 -0.05227636848687843 0
319 1.637269400659222 -0.01205216456373482 0
320 1.637377451240835 0.05870950481597571 0
321 1.698593684086617 0.02438887729351977 0
322 1.699146260875413 -0.04574226507520732 0
323 1.758711669616465 -0.01148261270764183 0
324 1.753536104293014 0.06106651213446604 0
325 1.760134762935217 -0.08024579985008001 0
326 1.81922177718772 -0.04671329546258792 0
327 1.821040558975858 -0.1147781057944843 0
328 1.879663693799338 -0.08204377374261909 0
329 1.881921205520031 -0.1493318395213245 0
330 1.939901640092829 -0.1137555909221487 0
331 1.941448016477305 -0.04161291020642657 0
332 1.942905758506254 -0.1832234309462361 0
333 0.8794543863565051 0.9958440990314182 0
334 0.8296184340739078 1.027193234429799 0
335 0.8323658399873236 1.085732827484394 0
336 0.7762216831905406 1.060838190006185 0
337 0.7811365872986439 1.123393394129126 0
338 0.8590849508996127 -0.6880545783623605 0
339 0.9733652892866672 -0.1931983427195415 0
340 0.9123812028114598 -0.15883351934627 0
341 0.9726340492249187 -0.1232021534496597 0
342 0.9116499568365258 -0.08883733917539888 0
343 1.883008090048995 -0.2186981994373165 0
344 1.9439329262531 -0.2530891887279603 0
345 2.007655865479244 -0.1458025137770728 0
346 1.338075489574117 0.01955786400501604 0
347 2.404311758563347 0.5444317022711156 0
348 0.7162651255228537 1.096099801459054 0
349 0.7321950190615639 1.177599444097908 0
350 1.577420551546957 0.4020834831714236 0
351 0.1385690022586284 -0.003624542521606251 0
352 0.6124006138655541 0.6822103598764128 0
353 1.071616128088831 0.2209605254848711 0
354 2.386193250642491 -0.6760462494430513 0
355 0.6012119609483316 -0.7594503313270886 0
356 0.8513971094375355 -0.1244687065885115 0
357 0.8506658636480514 -0.05447252613227663 0
358 0.790301668082261 -0.09030149293157105 0
359 0.7903442338246275 -0.01828015264115696 0
360 0.7287575212131868 -0.05548031355257492 0
361 0.7284888610219692 0.01890523450929139 0
362 1.640590350308249 1.091747546485992 0
363 1.702996260161856 1.0478840323506 0
364 1.635971951557869 0.3744890623853447 0
365 1.379702198890527 1.036685730806014 0
366 1.386812002172318 1.114098150795849 0
367 1.552816370630139 0.8464529199824291 0
368 0.6020160923603962 -0.8528197191609994 0
369 1.694141635236862 0.9761317616253162 0
370 1.763765369857508 1.004461653783035 0
371 0.631876738191927 0.7708804398700045 0
372 0.6626101105510908 -0.02183119776156528 0
373 0.6621506146290699 0.05546846396495368 0
374 0.728926836178669 0.09511812721724319 0
375 0.6623822104098115 0.1337617035427041 0
376 0.860590378280316 -0.758053273238434 0
377 0.920426268362737 -0.7218041150674465 0
378 1.771756097543379 1.079899524439408 0
379 1.832417769212882 1.033034526504039 0
380 1.82277301847542 0.9608502185397745 0
381 1.889618019058034 0.9870905032987898 0
382 1.879533540738143 0.9172766550987902 0
383 1.944835866376818 0.9426239744902327 0
384 1.934090340858393 0.8724280799191028 0
385 2.001926214045513 0.8994043702299386 0
386 1.989707827620233 0.8221124106698141 0
387 1.578807280325878 -0.5977582752130536 0
388 0.8760083354132712 -1.000444337024686 0
389 0.8292169034146359 -1.027791284984858 0
390 0.8322307701432395 -1.085899802636952 0
391 0.7748876725453897 -1.059159917089284 0
392 0.7809020607121896 -1.12311686420341 0
393 0.707927562937699 -1.093095623488093 0
394 0.7308982423209948 -1.177275188662642 0
395 1.88520487459238 -0.2868265244743688 0
396 1.947221873968539 -0.3200261673442551 0
397 1.464740845390106 -0.3333627037385476 0
398 1.203682782163902 0.3518191329752288 0
399 1.455345465904832 0.0919253479340045 0
400 1.82631721308803 -0.2442832969370398 0
401 1.700055965089409 -0.1156034858348626 0
402 0.156241162274903 -1.973144701222909 0
403 0.1552873137820368 1.97241379310345 0
404 0.8122033096929918 0.6995984986325063 0
405 0.8281779452107287 0.9686372119404016 0
406 0.8842380766262289 0.935888129459313 0
407 0.5377666015990408 0.7297677871954897 0
408 0.5435663019237829 0.8232635878786856 0
409 0.6425377348950715 1.131695607865934 0
410 0.6500664840869832 1.227156024860792 0
411 0.7347402984751398 1.267732321449585 0
412 0.6586931030083307 1.320169120678239 0
413 0.7420670190925694 1.355934853424573 0
414 0.6669628714888902 1.419688868006069 0
415 0.7740140277028305 1.45023345590396 0
416 0.674140817935022 1.531808260081766 0
417 0.783915887450168 1.577246615648012 0
418 0.8779212847260636 1.503727132204755 0
419 0.6823459107288622 1.6581895842126 0
420 0.8954854113286519 1.624201270138415 0
421 0.9941341010153052 1.537312784912264 0
422 0.9719028043626813 -0.05320597156660923 0
423 0.1537472315585963 0.3544163396704851 0
424 2.007142328288739 -0.2874139736195572 0
425 2.011276044019318 -0.3584299528583022 0
426 0.6341882035076969 -1.143530474695145 0
427 0.6485242228854933 -1.231579447917364 0
428 0.7345929666514045 -1.268514365579525 0
429 0.6579325258877461 -1.323893889066273 0
430 0.7428143417829557 -1.356686823021617 0
431 0.6654039758023867 -1.422960039306322 0
432 0.7754356119307743 -1.450492135889009 0
433 0.6770402597940017 -1.532980217526764 0
434 0.7870236847839719 -1.576877517499649 0
435 0.8800835877354366 -1.502531596968581 0
436 0.686584224572842 -1.658602652133321 0
437 0.8988595351798531 -1.62242898328827 0
438 0.9837374914879461 -1.539349247371826 0
439 0.9220008435690086 -0.791745201720878 0
440 0.9821134174821514 -0.7554144969923826 0
441 0.7288220197958274 0.1692075678691235 0
442 0.6634173302697929 0.2113758695980011 0
443 0.5890687133829553 0.1730885976212461 0
444 0.5892537248599364 0.2597853935039045 0
445 0.5918543003927957 0.01421499867289853 0
446 0.5917356466691909 -0.07046774351318541 0
447 0.5207740557732758 -0.8061362093031479 0
448 1.845265441641565 1.11122913059699 0
449 0.8542735782274188 0.02394611289587043 0
450 0.1503982382254895 -0.3615407995720069 0
451 0.5590378947702747 -1.281346741062391 0
452 1.74544431818169 1.722652224514493 0
453 1.515583557781398 0.1275816694319599 0
454 1.454648912591517 0.1618630458216232 0
455 0.6667137151801571 -0.372294523994864 0
456 0.5219915741016513 -0.7051877325383451 0
457 1.892893181139815 -0.3555702069481327 0
458 1.780885383145092 1.163038764169784 0
459 1.814754959151621 0.890290393247143 0
460 2.062999086944832 0.8530177012863247 0
461 2.050700949346345 0.7687205851819314 0
462 1.781461110091443 -0.6826633988345161 0
463 0.9188964373766572 -0.6509287435362623 0
464 1.747144678353148 -1.71434800055206 0
465 1.315245056823199 1.083655316766309 0
466 1.319915192125424 1.168563575479641 0
467 1.408382750330037 1.202760790790742 0
468 1.32695297341371 1.262369192680667 0
469 1.401526279108769 1.301341213048017 0
470 1.335486137388923 1.363756056860191 0
471 1.237084042109545 1.309893597942659 0
472 0.5233581015561126 -0.9033974591708873 0
473 0.9837555513969799 -0.8258133572066375 0
474 1.044068320534273 -0.7888247748182559 0
475 0.839182558621815 -0.9666806805052048 0
476 0.5425086399366047 0.6225028373738727 0
477 1.921209784828957 0.8015874434734167 0
478 1.041733111105454 -0.7185665530975676 0
479 1.104488901929404 -0.7510820775743952 0
480 1.10657380474578 -0.8224757834552936 0
481 1.167478467092217 -0.7834956420430595 0
482 1.168836157191254 -0.8537632945118023 0
483 1.231309088803808 -0.8176458834911471 0
484 1.233622905594538 -0.8908042325020371 0
485 1.296648221740705 -0.8534958370591428 0
486 1.301959562428124 -0.9375959924883351 0
487 1.375919912695223 -0.8882601915627862 0
488 1.376835617784439 -0.9818908265807617 0
489 1.454054445502803 -0.9319234877669338 0
490 1.458478843909066 -1.022518546409306 0
491 1.539713621567985 -0.9726980652600054 0
492 1.37539184166881 -1.079508261982833 0
493 1.465608769576274 -1.125975961918404 0
494 1.364721403627115 -1.184118698728762 0
495 1.226577084003869 -0.7477404411396119 0
496 1.470004523451204 -1.237281089085735 0
497 1.373888608572785 -1.292380033658953 0
498 1.570523536542246 -1.1790127072946 0
499 1.444023603512407 -0.8509948198149175 0
500 1.67953748215745 -0.6787377180026098 0
501 1.70120829969345 -0.7211060323746494 0
502 1.650503795519816 -0.7202292532079229 0
503 1.677916041457144 -0.769228498330163 0
504 1.032886897699515 -0.08757078438144114 0
505 1.030497421663785 -0.0205173136664124 0
506 1.280982272499213 -1.241665345030957 0
507 1.283715598618921 -1.341889149163995 0
508 1.371997578433034 -1.399343762730675 0
509 1.205348218793562 -1.290737048345862 0
510 0.5995572896705234 -2.381694552888893 0
511 2.077366800968219 -0.3212634065808817 0
512 2.078607196454694 -0.4030424653901774 0
513 1.998962739775342 -0.436294501769881 0
514 2.075986180040029 -0.4861458985084405 0
515 0.5805456616844228 2.379745133738612 0
516 1.008175976897539 0.1913742565883614 0
517 1.025981758525641 -1.651774493899857 0
518 0.9149021071866487 -1.754996328609718 0
519 1.011536567781604 1.668078251808127 0
520 0.9083455229741734 1.759601270868665 0
521 0.4453537648506788 0.6855596193887964 0
522 0.8243888701464582 1.297018047189476 0
523 0.8061605365502641 -1.296478973128571 0
524 0.9508328141169092 0.2315212535995159 0
525 0.5654011945845424 1.381580128502112 0
526 0.5606773364934007 1.185267981036305 0
527 1.95622849485287 1.011763474497702 0
528 1.3605315073239 0.6893645889653573 0
529 0.50215721561013 0.2131085515839886 0
530 0.5100869765271715 0.3160829083515775 0
531 1.667336601165482 0.6314611100914435 0
532 1.66692578481588 0.67359904137794 0
533 1.45758207947934 -0.118136230826627 0
534 1.339917057234653 -0.4695169943136348 0
535 1.02863836845616 0.5409349374186492 0
536 0.9156085598880638 -0.4390921435680449 0
537 1.095333360378199 -0.2619281541257918 0
538 0.4299505342306098 -0.7567256142686608 0
539 0.5674502598055485 -1.494568594793372 0
540 1.732494618662014 -0.7676649603449431 0
541 1.708779336152906 -0.8247220425983683 0
542 1.782544559632504 -0.8124618996625547 0
543 1.823410071278609 -0.6823107342260323 0
544 1.747124207620804 -0.8848612288546926 0
545 1.82796539596076 -0.8781947837054309 0
546 1.789134649194216 -0.9551118637502656 0
547 1.874199508690311 -0.9479680030372463 0
548 1.911167952256056 -0.8698319632284722 0
549 1.833911837526398 -1.031827591233447 0
550 0.7223219528994137 0.24431876591355 0
551 2.132249690155593 0.8036284989292263 0
552 2.119127858676116 0.7154198036387724 0
553 2.036014893958774 0.6825997824558867 0
554 2.101790337381274 0.6277339932612493 0
555 2.021120975696713 0.5996475297609691 0
556 2.085717991706606 0.5427184180628448 0
557 1.995818282318706 0.5179817354045952 0
558 2.068563232252006 0.4589540384271766 0
559 1.990363788100688 0.4335451744335099 0
560 2.052920956347762 0.3787675356504608 0
561 1.977975830974922 0.3532417543210045 0
562 2.036906077216075 0.2994306780076087 0
563 2.11647290563584 0.3244818827806695 0
564 2.100172777791471 0.2378784263489816 0
565 1.962468960272454 0.2762300105082484 0
566 1.907691355087224 0.3267236988025181 0
567 1.893798098779716 0.2534991845150217 0
568 1.945504108039428 0.2056404538306113 0
569 0.8280603107232766 0.902396871092762 0
570 0.7689954014088825 0.9352383002279204 0
571 0.8874565207812477 0.870358614552321 0
572 1.840576483128248 0.2999677710915605 0
573 1.853579585729415 0.3656439865148948 0
574 0.7305763101011276 -0.1248252946471803 0
575 0.9517016051104737 1.417877515023442 0
576 0.4328398344325499 -0.6439788657226327 0
577 1.250849559855022 1.419142701560679 0
578 1.349301519148787 1.471486678449446 0
579 0.9612768464641812 -1.434633461512682 0
580 1.514604989253657 0.1974954695608641 0
581 1.453874037930054 0.2318497182430141 0
582 1.393663318499852 0.1962166652376351 0
583 2.003320842566863 -0.5249340779013647 0
584 2.074057782635121 -0.5712802438987065 0
585 1.993958298672628 -0.6176986565364891 0
586 2.071759968426267 -0.6556717343773244 0
587 1.277579395753118 -1.44561481273882 0
588 1.374422364520623 -1.514964299849446 0
589 1.577163645638089 -1.302678261398942 0
590 0.9231589448689136 -0.9775213413261015 0
591 1.675754274421443 -0.4720587270746173 0
592 0.4401761600104936 0.5796771318693441 0
593 1.309752620211247 1.004265690645387 0
594 1.219890297297028 -0.9733995110266116 0
595 2.192329910741141 0.2708110616254087 0
596 2.169922153063213 0.1717777696715779 0
597 0.5101053940077754 -0.03347708994979184 0
598 0.5128375305831087 -0.1311427923320172 0
599 1.106383233193097 -0.8936779688862846 0
600 1.247485038155384 1.044512817011527 0
601 1.244418388644236 0.9712110903573863 0
602 0.6664758022487605 -0.2953849199483943 0
603 0.5967784827136428 -0.3304451008955713 0
604 1.858883456335675 1.199213925144481 0
605 1.78191856243053 1.25483822872836 0
606 1.960615369837506 -0.9387854503439429 0
607 2.06778249246977 0.9346361963468366 0
608 1.937039090455013 -0.4863054640174087 0
609 1.993092410204242 -0.860910705196286 0
610 1.932513573539177 -0.7915323047635067 0
611 1.61823096749208 -0.7718911114727188 0
612 2.159455522709371 -0.534284646808997 0
613 1.067074520079939 0.153449635645497 0
614 1.129217903307848 0.1811852465460429 0
615 1.124719969199751 0.1137350856944191 0
616 1.184186563785463 0.137888301066864 0
617 0.5559987358310176 1.0797677721026 0
618 1.82703061706776 0.230606893330062 0
619 1.098231011993704 -0.5418666975540276 0
620 1.091282240516666 -0.05550297027121272 0
621 1.933761181297888 0.4776358161212311 0
622 0.9526443813518077 0.9158105694307488 0
623 0.9494639973089599 0.8425071283748241 0
624 1.010621316316936 0.8808916976781274 0
625 1.013138455710365 0.8135700664440889 0
626 1.07005494036251 0.8523354668235936 0
627 1.075991482143936 0.784032335011615 0
628 1.132736366900476 0.8228692740822687 0
629 1.137375697057471 0.7503255394252341 0
630 1.699100891775664 0.4182588987774151 0
631 1.159062780005464 -0.5759808858430872 0
632 1.182439044969159 0.07416556699298159 0
633 0.1423328050899375 0.9174737987308432 0
634 1.59223035072028 -0.7152775482880191 0
635 1.076201451448338 0.7134096240925523 0
636 1.184946723071496 1.012256785111084 0
637 1.069772447889729 0.9129639088905397 0
638 1.19567624947109 0.7925446672207497 0
639 1.626891067234506 0.6486234038382732 0
640 1.627437564282613 0.6987731328971677 0
641 1.672347113591774 0.7236458536087655 0
642 0.4646361667470586 1.140718467594369 0
643 0.4618876199598233 1.028120924673111 0
644 1.19782370648938 -1.212420983600353 0
645 1.137522739145222 -1.253031110938549 0
646 0.5450625070961073 1.581403383277967 0
647 0.572226860524701 1.76014171998948 0
648 0.9447360095924925 0.1617875941116662 0
649 1.200356331098647 0.7198565932405827 0
650 1.774286612438666 0.2765622577785004 0
651 1.136151484118828 -1.326627919816391 0
652 1.072325603797459 -1.28904912745261 0
653 0.6014228567311729 0.3599885481329305 0
654 2.156084954751377 -0.3604259177776458 0
655 2.14808075612715 -0.2589166168458101 0
656 2.151784686936595 0.48270009471118 0
657 1.690023839561775 -1.232399970284186 0
658 0.84269439443243 1.141385870082909 0
659 0.8426577664014743 -1.141355222873015 0
660 1.760976448530817 0.2080498680854247 0
661 0.3424495238929478 0.6395215246861625 0
662 1.049098637957459 -1.805324467584144 0
663 0.3278968149327985 -0.7008566518155392 0
664 1.247305648154718 1.53365930180456 0
665 1.356379167482036 1.589738161393569 0
666 1.465888997246117 1.517555286617434 0
667 2.210641058468781 0.7480119401640695 0
668 0.6983874975489345 -1.016984642574231 0
669 1.04445085902922 1.807958540754155 0
670 0.7691537790683786 0.8662202403703944 0
671 1.57499474585649 1.138913415248816 0
672 1.960944259423401 0.6510284808045866 0
673 1.70604870807121 0.2545076144968789 0
674 1.663988791333186 -0.6339214247850831 0
675 0.8902263958281599 0.2016867990938215 0
676 0.8939617690830578 0.27162725254621 0
677 0.9499383233986878 0.7636149960059206 0
678 2.046518888580955 -0.9286460028411179 0
679 2.012466978578604 -1.012140775035923 0
680 2.081355917674528 -0.8528850738799481 0
681 0.702892868837896 0.8986633248177163 0
682 1.394722760412083 0.263182632866562 0
683 1.332689434167441 0.2305783044984217 0
684 1.461234545134679 0.2912571615592822 0
685 1.26199302891312 -1.561090687941548 0
686 1.373392290101519 -1.643085339815027 0
687 0.7420254519150036 -0.8399300862349663 0
688 0.4206410119445969 -0.08528423088353726 0
689 0.4239955405736864 -0.1959664428673872 0
690 0.4264810910659543 0.03005309116092365 0
691 0.9246437413242292 1.911923119279006 0
692 1.165882934882983 1.373324673295669 0
693 1.150935877287029 1.28894385142075 0
694 0.9309911809125767 -1.908723293117222 0
695 0.4191895168633093 0.2678413332575458 0
696 1.581190621357499 0.3362285291218969 0
697 0.8567027882362576 -0.5455571556489722 0
698 2.066694491339561 0.1494341379256524 0
699 2.144131386891313 0.07806901257032518 0
700 1.21946538026161 -0.5405967877336153 0
701 1.215838838114365 -0.1906659966260623 0
702 1.40281075537802 -0.2253331923720441 0
703 1.202601315211431 0.2079393707788758 0
704 1.037269723321644 -0.5075403165058963 0
705 1.093561407070073 -0.1225295225456406 0
706 1.333772875006858 0.1620956332083857 0
707 1.573840052044879 0.1601148049877477 0
708 0.972063593566743 0.01503245064092079 0
709 1.038005618650879 -0.5775440473529468 0
710 1.185445003393774 1.079894321255706 0
711 0.3269690902734533 -0.8166583662897229 0
712 0.3611730606853754 1.090432827911913 0
713 0.1578373893617171 2.327442274875302 0
714 0.1502989747021217 -2.322216319345995 0
715 1.693882769426114 -1.373656288525873 0
716 1.220316737003617 -0.6098575536572477 0
717 1.280489591478745 -0.5748717779837675 0
718 2.229219464189712 0.8556785407963678 0
719 0.3329715090870372 -0.5780098050681504 0
720 0.4412257906820879 -0.5182799853907304 0
721 0.862172043036351 -0.8280860289575542 0
722 1.090551061423551 1.336042848809369 0
723 1.088071852881799 1.261351213076396 0
724 1.030233078930441 1.297187856242234 0
725 1.137062605240564 1.221195955207492 0
726 1.73854625839666 -1.036515961987375 0
727 1.282305820182543 -0.6443604708883119 0
728 1.341647869473294 -0.60924463770847 0
729 1.343213567423844 -0.6792338889070076 0
730 1.402684625010416 -0.6436741560866649 0
731 1.93042204169964 1.14039817833361 0
732 1.945648053607296 1.236744982951474 0
733 1.057423792391871 -1.462008092783154 0
734 1.129836006716737 -1.181138167445802 0
735 1.18596212584592 -1.144921882828813 0
736 1.627842339882543 0.7534344336643207 0
737 1.679700378193359 0.7807024601112866 0
738 1.403388210699593 -0.7137026684901122 0
739 1.462736290741923 -0.6768269250598118 0
740 1.255563323008703 0.7623260388247922 0
741 1.249344322621066 0.8321897870942316 0
742 1.175253642647844 0.9381578434422836 0
743 1.688284234737218 0.1768660800482754 0
744 0.4237043100941885 0.3710098347475851 0
745 0.5255429197554107 0.519747590360788 0
746 1.814694651666969 0.1649027070788909 0
747 0.7312761866196568 -0.2614306532937166 0
748 2.05489731649426 0.0536527427744936 0
749 2.122583176510087 -0.01476875016174183 0
750 2.218508535646996 0.009704325516495464 0
751 2.191798563676549 -0.08444948079945351 0
752 2.293661146563089 -0.06391608874968324 0
753 2.269784074242903 0.2051036781629045 0
754 2.292526087720476 0.3133605241952951 0
755 1.511786420622662 -1.569375571263565 0
756 1.304431049587098 0.9335912383927027 0
757 2.138190845308944 -0.9193232821106104 0
758 2.176892773102024 -0.8375434457068238 0
759 0.8861425136238167 0.1320235135286004 0
760 1.666470448379018 -0.8883127767954622 0
761 1.553746709662953 -0.7717088075983813 0
762 1.153839796546843 -0.08712750489619069 0
763 2.247876898916775 -0.3044149676243184 0
764 0.3505469885413385 0.7517537814082585 0
765 0.9770215252588663 -0.5431792346348012 0
766 1.101455563125624 -0.6813210498936617 0
767 1.500008765731753 -1.729872950819281 0
768 0.3599165648102385 0.9731160653413367 0
769 0.3792700400893648 1.219811700065445 0
770 0.6676210035437893 -0.2200697950122026 0
771 0.2990757691713724 -0.1617737489185496 0
772 1.247302265204425 1.662128167475086 0
773 1.390832996626415 1.731296865473788 0
774 0.9180649209022156 1.131065031215156 0
775 0.9184738330897663 1.171271589523087 0
776 0.9180649209022161 -1.131065031215156 0
777 0.9184738330897672 -1.171271589523088 0
778 0.2323449912179838 0.7073615746458782 0
779 2.242909484527435 -0.414997308972498 0
780 1.235253052659009 0.09786027634455019 0
781 1.581164565128254 0.6734454626605647 0
782 0.7081446109042068 0.9692956629798071 0
783 0.6334486463489155 0.9343518721094372 0
784 1.647333095372839 1.177939493607983 0
785 1.576211515560207 1.229797101411321 0
786 1.337912393174227 0.3031638314666421 0
787 1.799487049217827 -0.7203720009178881 0
788 1.848554430363855 -0.7223574862649929 0
789 1.882730656791613 -0.6732146852852569 0
790 1.081317330437435 -1.970577348803666 0
791 1.092020438938427 1.418018309324618 0
792 1.237548027908253 0.03078755312414195 0
793 2.018635403253215 1.174877660248358 0
794 2.038323184644784 1.273790861543465 0
795 0.4180291547414953 1.692601882659139 0
796 0.4349792100236011 1.861554190260694 0
797 0.6018742668314974 1.935830903354299 0
798 0.4580659910779558 2.039404241495208 0
799 0.39928296249307 1.514626705285027 0
800 0.6169395943214746 2.106556972357824 0
801 1.083333510584157 1.964320936157629 0
802 0.588632625304508 -0.4231753848791355 0
803 0.5093374927975749 -0.3588429406605158 0
804 0.337560216133157 -0.4743327817998244 0
805 2.009391700850681 -0.7038364898784033 0
806 1.036448661862283 0.04558399254888308 0
807 1.638388650768971 0.2385433416370226 0
808 2.23880044507517 -0.9116759646256015 0
809 1.345239052852417 -0.7470369978179796 0
810 1.211684667125672 -1.852074827215794 0
811 0.3392969625965449 0.523125600749299 0
812 0.7668915046548536 -1.826118692627296 0
813 0.7883729694281106 -2.010097425083992 0
814 0.6314288940762526 -1.94891618072807 0
815 1.810794100331701 -1.282609737461159 0
816 1.72257401239814 0.7481585782858766 0
817 1.736899415139282 0.807001600876742 0
818 1.787241729483263 0.7699848272722937 0
819 1.681608452901785 0.8456523756558615 0
820 0.345008928340579 -0.2840267909488187 0
821 1.586490182735043 -0.8338032452646412 0
822 1.265438682570607 0.2556509390686195 0
823 0.6425908462508839 -2.11049827206017 0
824 0.476243147503446 -2.046447787633168 0
825 0.4977775679843467 -1.884112348385727 0
826 1.474891997043314 -0.7416358151614986 0
827 1.262856482894261 0.6930598709514467 0
828 1.208919971905235 0.6446452322652896 0
829 2.381369641410878 0.2348880427967674 0
830 1.519455066535708 0.3687523470556441 0
831 1.947234669477843 0.5811520460359643 0
832 1.98876747305727 0.1071122987091012 0
833 2.419239171994882 0.334087111846255 0
834 0.8383078059206013 0.2400696560017666 0
835 0.8385660758538758 0.3128511256967973 0
836 0.9000681103617515 0.3415683578044424 0
837 0.2153748011787886 -0.7622058776599491 0
838 1.723792883837684 0.3204949376062909 0
839 1.249908938408145 1.216501317013172 0
840 1.85873365180806 -0.813295003679966 0
841 1.116765194845219 0.0413472518540997 0
842 1.134234762660262 1.043773152034602 0
843 1.213313168380423 1.815393366143172 0
844 0.7015709201171686 0.8252963223633691 0
845 0.7658414027624384 0.7999443062246454 0
846 0.6206881857963069 -0.9533690499920625 0
847 0.5257082550443702 -1.008489064213856 0
848 0.4286382331406641 -0.9643104559707745 0
849 0.4288713249485229 -1.080189622432806 0
850 1.129269794723659 0.987475940545347 0
851 1.907223220352635 -0.7281574038104296 0
852 1.627854916606367 -0.6728255215986018 0
853 1.573553021831109 -0.657453673940616 0
854 1.083238992891163 1.202674072494869 0
855 1.124443969847814 1.161887529249022 0
856 0.8750346853951423 -1.401980744220763 0
857 0.9431882563550277 -1.350150265077028 0
858 1.893410655908501 0.6250532207384181 0
859 1.905795292033267 0.6894035833686303 0
860 1.882369273172483 0.5626138220182078 0
861 2.32940493277501 0.7711080781961437 0
862 2.29347341728138 0.6741795716539968 0
863 0.8635292341369264 1.416129590767282 0
864 2.073080318779322 -0.7268792772520887 0
865 2.145706012215717 -0.7062341852443275 0
866 1.079220701168834 -1.221161527132969 0
867 1.024441010250866 -1.246755967287035 0
868 1.966819332142373 0.737530102363974 0
869 1.79088209914113 -1.142827334223618 0
870 1.908405606509185 -1.195232551674601 0
871 1.937060795355877 -0.5600882864646067 0
872 1.875079636805032 -0.5205955893837337 0
873 1.87753410448497 -0.4583058885576515 0
874 1.826613342238774 -0.4851395538649886 0
875 1.824913949613583 -0.4293972911987579 0
876 1.777204611660457 -0.4569537900602539 0
877 1.773859323237881 -0.3962706058396606 0
878 1.27113485279137 0.6237436706731166 0
879 1.150870073814758 0.602662453535456 0
880 1.028281870780374 1.228728716846437 0
881 0.9732955525216894 1.260273650909704 0
882 0.9663152988590235 1.329401949265431 0
883 0.912556632136881 1.28009976674983 0
884 0.7883369763637219 0.1309505280163217 0
885 1.301821701525986 -1.126338094016455 0
886 1.033849417617443 -1.370760983990811 0
887 1.951413567900831 1.352981865379994 0
888 1.930891587843154 -0.6328464121653834 0
889 2.251810403128761 -0.1828784592394795 0
890 2.374257204500776 -0.139206273065848 0
891 0.2493472041485714 1.035597295721838 0
892 2.270418168112039 -0.8130999017065312 0
893 1.678806547057459 1.278037791045723 0
894 1.574813137718502 1.33817304215187 0
895 1.671346093884389 1.38370569213927 0
896 0.150334537291885 -0.1839742124952312 0
897 1.109267115162267 1.586509641152342 0
898 2.029880132217658 -0.02467648853110795 0
899 1.860511872278646 0.6695657740146789 0
900 1.853748846652031 0.7188211803320094 0
901 0.9591110676623305 1.181864440822204 0
902 0.9629811042796245 1.01316660469341 0
903 0.9860459430411248 0.9764028817585836 0
904 1.034327913173632 0.9858820011367029 0
905 1.712759147270258 0.5129683458773422 0
906 1.734939939286542 0.4740218796585676 0
907 1.783597915428518 0.4823161871556221 0
908 1.765299962081629 0.4333475084100803 0
909 1.822243458482105 0.4481978207421514 0
910 1.83084354165936 0.4927294870929613 0
911 0.9608588062115321 -1.189127053371776 0
912 0.9166193207944174 -1.218131418608181 0
913 1.92238739530943 -0.4195096275399571 0
914 0.9360334636896667 0.09761829605132703 0
915 0.2671604901245299 1.789379966099576 0
916 0.2349787920977366 -0.4929529533200683 0
917 0.5270003234665545 -0.2451572488771956 0
918 0.151292455029124 0.1862296431566925 0
919 1.200358886538779 -1.3813832114524 0
920 1.723113133923347 -0.4274817597638618 0
921 1.718051970528756 -0.3630130768194338 0
922 1.772138615881001 -0.3323913386529628 0
923 1.714575314216128 -0.2941605723798448 0
924 1.658360720995905 -0.3259655277199625 0
925 1.657335047087421 -0.2586215632584311 0
926 1.598281187394154 -0.2907884669098335 0
927 1.596973572027348 -0.223161502697887 0
928 1.713999499700413 -0.227429267537669 0
929 1.540181169623806 -0.2580964690749052 0
930 1.538180582118687 -0.1908663247405953 0
931 1.596072112518931 -0.1551263991276188 0
932 1.536057907622792 -0.1186506981266716 0
933 0.9692047670284053 -1.241647744570047 0
934 1.626355329694463 0.9462524901577054 0
935 0.8044838506914879 1.225537209996558 0
936 0.801685694068241 -1.225453544271319 0
937 1.972766576586012 0.03326586913064898 0
938 1.918735695931886 0.08250267115362779 0
939 0.5046084275562387 0.1162527653848431 0
940 0.4018825003235441 0.1447590269015932 0
941 1.914827965659974 0.4048064501510308 0
942 1.539175548278303 -0.3289120603834315 0
943 0.2119574582210122 -0.9169470695092303 0
944 1.582551847124669 0.6176670538355907 0
945 1.371823499001863 0.9648621120688172 0
946 0.6492037434425574 1.030917402187596 0
947 0.5543284845246645 0.980695205948409 0
948 0.3161780934316941 -1.02001967488461 0
949 0.3104082381136887 -1.159934498947485 0
950 0.163634294661081 -1.247991795836179 0
951 0.3319473260743421 -1.334169990422596 0
952 0.171258213683649 -1.420019925879799 0
953 0.3168533520347279 -1.515943540746447 0
954 0.3170083801834187 -1.68911992797839 0
955 0.7543847886962083 1.820460211870556 0
956 1.475463583951242 -0.2236666278492516 0
957 0.3005807884793819 0.3294267638787435 0
958 2.017406129151819 0.223319204984187 0
959 2.309109235910553 0.4384720703364928 0
960 1.1628671851363 -1.486091557337348 0
961 1.144744127160404 -1.607139655673479 0
962 0.1229495314130191 0.5297361344781601 0
963 2.413613061614014 -0.547678461442538 0
964 2.273717556140978 -0.5796868138383122 0
965 1.133462902167748 -1.119385731916614 0
966 1.1788558461001 -1.082571485698831 0
967 1.140648409056825 0.6789679127506005 0
968 1.079904525832768 0.6467103597900742 0
969 1.019642843174428 0.6854728331375699 0
970 1.008026121819628 0.6165927607752807 0
971 0.4729645750650474 0.9068630459479217 0
972 0.5244027573574338 -0.5968383789710709 0
973 0.2784636641855373 0.05987200567458722 0
974 0.4791254472999124 2.241709004382816 0
975 0.2993571757346321 2.147713745893866 0
976 0.9423883072088431 2.10736537127691 0
977 1.24075954083002 1.131794854341328 0
978 1.458367791282771 0.46825556158322 0
979 1.751341355141082 -0.7152147117195042 0
980 1.634192787388203 0.5998017405454288 0
981 1.634785288280493 -0.5986586448589191 0
982 0.8847235698260217 -1.100606703741949 0
983 0.884753796100505 1.100578583776157 0
984 1.75508968194544 0.9352154567885798 0
985 1.125269649760622 0.8880095328117613 0
986 1.520789762468101 -0.8832414354539863 0
987 0.1407939058698328 1.437057853836444 0
988 1.119409095231028 -1.06189433393934 0
989 1.166409462147881 -1.024888698699585 0
990 1.111557140997308 -1.005685509699853 0
991 1.151359154307681 -0.9712621916025239 0
992 1.164154371232885 -0.713990455080279 0
993 0.4546900076997079 -1.216333280263105 0
994 1.652344435926598 0.3096031293302821 0
995 1.155847790478392 1.472725822177182 0
996 1.993903918782189 1.086791185665244 0
997 2.088340819509447 1.11650238653793 0
998 0.9289294819991446 -1.280645860699614 0
999 1.885380309650923 -0.5806554949597287 0
1000 2.305103920082288 0.9557559618374822 0
1001 2.199268637513053 0.965724696583839 0
1002 2.252656513750261 1.06830215197758 0
1003 0.44565291125704 -0.2969893819872257 0
1004 1.895087991012151 0.02180113028088126 0
1005 1.85603205285495 0.06765010242224836 0
1006 1.65840019098767 -0.3971565867220949 0
1007 1.401716441345963 -0.573744382265116 0
1008 1.039644600209679 -0.6480044543871321 0
1009 0.1582191826790338 -1.791801728531687 0
1010 0.7873174536598749 0.05767953992067921 0
1011 0.9264591282609688 1.22133186758358 0
1012 2.055858240901157 1.021129599586247 0
1013 0.8581119520541847 -0.616080120475043 0
1014 0.8280475630869469 0.8346424820558549 0
1015 1.123889289656052 1.101281553298783 0
1016 0.9783215762376366 -0.6137936930258643 0
1017 2.165934066890114 -1.212695764251925 0
1018 2.083999765703 -1.338562084740792 0
1019 2.102705639512628 -1.089235588901954 0
1020 1.342809595505858 0.617118375928167 0
1021 1.560425577664042 0.9155379445282374 0
1022 1.655590667170678 -0.1917582696500873 0
1023 1.394769159868102 0.4389605327552853 0
1024 1.388819986139022 0.368892404785919 0
1025 1.457936122583333 0.4048859307409301 0
1026 0.8555208341237623 -0.4750734263645384 0
1027 1.186862907182405 0.8628454957482037 0
1028 1.400704575079901 -0.5039308068859756 0
1029 1.460276478248046 -0.6079712523584883 0
1030 1.279731056013372 -0.5050054573651127 0
1031 0.8683993620706341 0.6599836082968773 0
1032 0.8748771820911458 0.7302132540093463 0
1033 1.365090694074929 0.7596186139608383 0
1034 1.398901630258527 -0.2975663709512936 0
1035 1.26631188927706 0.3831470242132874 0
1036 1.154756139781567 -0.1565367265589729 0
1037 1.216564791541396 -0.2606703747457493 0
1038 1.554121330075237 0.7740572279508694 0
1039 1.278968559122554 -0.4350860972717768 0
1040 1.156314348366511 -0.2962978044480244 0
1041 1.215128694107 -0.1209891311114425 0
1042 1.214526959654512 -0.0399713139395324 0
1043 1.141011843849559 0.3205833828168907 0
1044 1.200684694806007 0.2847179561053651 0
1045 1.27542474746781 0.1909114939463465 0
1046 0.9763389042112455 -0.4731942367104636 0
1047 1.092683554585179 0.5014884226759549 0
1048 1.394417768746963 -0.1540969277509711 0
1049 0.842243014257039 0.3815495039999537 0
1050 0.7799907278467542 0.353255010300323 0
1051 0.7849573966960528 0.4221863457770805 0
1052 0.7219147041956231 0.3923600802338114 0
1053 0.7268335018631588 0.4628968983699442 0
1054 0.6633877076470618 0.4253828132713647 0
1055 0.7191800158854694 0.3205069796015512 0
1056 0.7909173074715062 0.4917328451158887 0
1057 1.036550207411104 -0.4375526741655063 0
1058 1.340701098437655 -0.5393856760870128 0
1059 0.9057011535941327 0.411118126677725 0
1060 1.218746500124618 -0.4706540574721101 0
1061 1.094534134408818 -0.192070182470988 0
1062 1.395646011869349 0.05608597257082237 0
1063 1.339051665356213 0.09295430228982773 0
1064 0.9756186603129476 -0.4032346340460143 0
1065 0.9631115974492278 0.3710093033751432 0
1066 0.8534354760323204 -0.2644550584033888 0
1067 0.7928418335834463 -0.2995070616480406 0
1068 1.137141188583762 0.2510126190701653 0
1069 1.006249275874352 0.1158568397154627 0
1070 1.521368212918702 0.2588362905769231 0
1071 0.8528002130075379 -0.1944578708988466 0
1072 1.822540868732455 -0.183254175675965 0
1073 0.7924309287168652 -0.1593656261886879 0
1074 1.761040006742606 -0.1499683903690121 0
1075 1.415672453480974 -0.7862275021564538 0
1076 1.63907192343621 -0.08123858130071249 0
1077 0.9570181143148587 0.3012670225061085 0
1078 1.576130403837643 0.09280423277697369 0
1079 1.636878501932027 0.1287499633918689 0
1080 1.696399900931588 0.09583914839335862 0
1081 0.9109187112430878 -0.01884115841749492 0
1082 1.034337987341176 -0.2275862933859006 0
1083 1.033553294171861 -0.1576928798255286 0
1084 1.39535470820477 0.1268568278437164 0
1085 1.155556935431809 -0.2263615398292648 0
1086 0.154368670336282 -2.15037626204884 0
1087 0.3259729192465292 -2.249563193039804 0
1088 1.528522666606197 -0.7008570641256259 0
1089 1.07841731361397 1.017452308763297 0
1090 1.119704368118344 2.121890704818705 0
1091 2.065335139380402 1.388894495622214 0
1092 1.852471776277969 1.425652156363624 0
1093 1.822418321025433 1.564223396690344 0
1094 1.638457115894132 1.579980090386302 0
1095 1.55872442273689 1.726746979046186 0
1096 1.617829022317835 0.879372911911807 0
1097 1.099247739805069 -0.6115889538548485 0
1098 1.907975947541196 1.061717833149395 0
1099 0.867368833103511 -1.252989831231344 0
1100 0.9801622326253107 -0.6850479948627528 0
1101 0.9284386905637434 0.6923063920464809 0
1102 1.044953099103395 -0.8602362465892686 0
1103 1.04158327111169 -0.9348284148160786 0
1104 0.9849867351710285 -0.8944368515802761 0
1105 0.9787091242425432 -0.9633553703894351 0
1106 1.790362532619183 0.3402955309008704 0
1107 1.879554050961915 0.187666802944768 0
1108 1.869771364788813 0.8488883376407401 0
1109 1.852548474925326 0.7801279725548417 0
1110 1.799166627797162 0.7151925123308064 0
1111 0.3251087749957485 2.324363068412487 0
1112 0.9164707155841861 -0.5091496305925955 0
1113 0.9175874991246312 -0.5797814296522563 0
1114 1.141107191683692 -0.02002339619274322 0
1115 1.186004117163028 1.183656004275087 0
1116 0.6093858509422612 -0.6560245562158799 0
1117 0.3036479316901261 -2.078520567620699 0
1118 2.323351104926459 0.04636255910564948 0
1119 0.5172355988778358 0.420782010950578 0
1120 0.8634873322688933 1.245654552759537 0
1121 0.8877705422585159 0.7997011759135944 0
1122 1.291101794569157 -1.035053584464907 0
1123 1.15538521210296 0.5334322859180249 0
1124 2.348220932341486 -0.2603716605501151 0
1125 1.091457856919122 -1.141355097836435 0
1126 1.161138723549885 -0.6450786505907518 0
1127 1.57797099976854 0.2197134439496611 0
1128 0.8011562405156401 -0.7962458797021591 0
1129 1.750013067060531 0.1383919549716212 0
1130 1.518361971394334 -0.5696254647532157 0
1131 1.709322992163931 -0.5166156346192983 0
1132 1.838500324280523 -0.6401006362142991 0
1133 1.711501447317497 0.6911456269087284 0
1134 0.957288088972107 -1.01349273298436 0
1135 1.244940759235264 -1.693523973221515 0
1136 1.026840608105857 1.373503053321953 0
1137 0.2878476918116267 1.349928261684653 0
1138 0.4278203090151506 1.343459105736278 0
1139 2.080759667840614 -0.09893813963784559 0
1140 0.7329569162795102 0.5310638145300269 0
1141 0.924177940250774 -0.8603471065480968 0
1142 0.8613728664955393 -0.9023435201026543 0
1143 2.004245032853986 -0.2174318269414276 0
1144 2.071626306484557 -0.1817260909664667 0
1145 2.206422040788029 0.3858769832965344 0
1146 0.7831744196606324 2.016749128499432 0
1147 1.457891349779219 1.388509657408163 0
1148 1.22354462414842 -0.679330063223835 0
1149 1.863211088336673 -1.598746964897222 0
1150 1.68736251566928 -1.542669922107827 0
1151 0.5344749778783005 -1.118318572113113 0
1152 2.190575023564338 0.6562996991794762 0
1153 2.266634053190863 0.5618859880656019 0
1154 0.9511597938013153 -2.102825087945759 0
1155 1.123237727572335 -2.143770664450817 0
1156 1.517018442070422 0.4346122664335942 0
1157 1.243355640928869 0.9022627633625643 0
1158 1.565785913352356 -1.445528722027231 0
1159 1.365349253421172 0.8954204990964145 0
1160 1.527781337168455 0.6404329277446187 0
1161 0.6827537313169519 -0.8874712097959105 0
1162 0.7533406030700189 -0.9109211932722939 0
1163 2.005326261729226 0.9619115230301913 0
1164 0.2653232832020673 -2.438946236159022 0
1165 2.259828072503774 -0.6960865799998177 0
1166 0.7928273540381143 -0.2285494174850515 0
1167 1.088568498176497 0.5768360665860348 0
1168 0.6026182809080378 -0.1641756603923296 0
1169 0.5417010811442872 -0.5044957194499688 0
1170 0.6720102723529339 -0.5890075420782381 0
1171 1.581819408009735 1.454909934435215 0
1172 1.494216763493577 1.183558938706761 0
1173 0.7549262551337806 -2.338095022978818 0
1174 1.501989285489561 -1.913838337775391 0
1175 1.284446469668888 -0.7128770964914752 0
1176 0.7413998858193879 2.341958804625201 0
1177 1.494015822768677 1.95882198924622 0
1178 1.22591802538333 -1.042288905086845 0
1179 2.034001979493153 -1.210055222455869 0
1180 1.87870382871689 0.4610972105099299 0
1181 0.4504140856430564 -1.583049101953397 0
1182 1.633617104353433 -1.817262984598842 0
1183 0.5061393539347927 -2.232155450953453 0
1184 2.154194460810581 1.048669823037151 0
1185 0.1224963757756772 2.150203617946938 0
1186 0.6062419593527587 -1.775419171081051 0
1187 0.8648600401788312 -1.190938919204012 0
1188 0.8657509759253236 1.19054375239061 0
1189 1.280708609667535 -0.01420088637100427 0
1190 1.096727014072737 -0.9549128684100298 0
1191 1.063378679351769 -0.9887923388332936 0
1192 0.667429950519395 -0.4465078390801607 0
1193 0.6293698392808827 0.8582478471244693 0
1194 2.472415427373198 -0.2300739148188826 0
1195 2.149020683609686 1.277861061298914 0
1196 2.016967631809266 -0.7885609397664842 0
1197 1.804823542416772 0.8276182260272794 0
1198 1.949677927490387 -1.323863086611815 0
1199 1.848953715453185 -0.5572206486976684 0
1200 1.745689649431328 0.8694601568379949 0
1201 0.6202291137855512 -1.055631237846083 0
1202 1.822083958542862 -0.7692284983301618 0
1203 1.821840009812165 -1.441922069614279 0
1204 0.6691102680020061 -0.09138351576292239 0
1205 1.30795149597128 0.7973268844665512 0
1206 1.612041128230097 0.8123383776284538 0
1207 1.683933163173315 0.9098083835329664 0
1208 2.243268769167706 0.1068878816627948 0
1209 1.536394619603321 0.7152623018556509 0
1210 1.679928574381197 0.4767051766028013 0
1211 0.9307905011504295 0.9768484068056332 0
1212 1.288761433122105 -0.7816392061493591 0
1213 1.588036467243479 -0.9152452309693605 0
1214 1.637802971561559 -0.9921463601114642 0
1215 1.55789929452563 -1.067663532397173 0
1216 1.660085448049714 -1.111937746512839 0
1217 1.90249341637236 0.7467991495192661 0
1218 1.47109120987526 -1.351227357956305 0
1219 0.8049472900522305 -0.8646032087760415 0
1220 0.7312164315844769 -0.1914695958662281 0
1221 0.4593546998016031 -1.339484276029812 0
1222 2.172092914156233 0.5597732325957402 0
1223 2.119232764392046 0.4061561069732043 0
1224 0.7643205918436869 2.18067150380758 0
1225 1.860202438336722 1.303665554562123 0
1226 1.625232480585972 -0.4474134016464947 0
1227 0.3402391047816968 -1.885105787869253 0
1228 2.157684981755466 -0.4499592105678999 0
1229 1.508732781834238 1.101312108735491 0
1230 0.5885498192966993 0.08943376342423658 0
1231 1.365248405537787 -1.80431991490926 0
1232 1.923062279175186 -1.024020968634963 0
1233 1.977247953011088 -1.106678848239103 0
1234 1.710524394300749 1.128438572472345 0
1235 1.520376284857915 -0.6350821092418018 0
1236 1.018110415121146 0.7470638123097409 0
1237 0.4296033161446866 0.4724135502752441 0
1238 2.164087485771871 -0.6238740340279141 0
1239 0.5606736574024505 1.283172544738587 0
1240 0.478615501949485 1.234485959834197 0
1241 1.111794336843081 -1.395415994299644 0
1242 1.088383963052751 1.061172341932264 0
1243 1.617846433454235 1.8618957960637 0
1244 0.7570911950567664 0.7353536408810402 0
1245 0.9962594251859765 -1.299195019609416 0
1246 2.47746794950612 -0.05283658837960548 0
1247 0.9211324865405137 1.099999999999999 0
1248 0.921132486540516 -1.099999999999999 0
1249 1.78197719590977 -0.5095352089575167 0
1250 1.782249344542264 0.6822195558811722 0
1251 1.7935611060781 0.5206279417147747 0
1252 1.037852777102331 -1.021019929817849 0
1253 1.042978237940138 1.18052589485016 0
1254 1.833904666512859 0.570947323625673 0
1255 1.673222136155832 -0.6002237919105118 0
1256 1.673773197943833 0.6000497717851578 0
1257 1.838101300188051 0.6341645836670088 0
1258 1.034755260114162 -1.191846024052664 0
1259 1.034761346944174 1.022490235395956 0
1260 1.08454056242814 1.132617176045181 0
1261 1.750357694704288 -0.6761083018777074 0
1262 1.07841283939687 -1.066091841540723 0
1263 1.715815707030452 -0.9513896382998518 0
1264 0.8860620462003932 0.07660705426023651 0
1265 0.685648723491378 -0.6558146877788021 0
1266 0.6022321593120776 -0.5510720305617581 0
1267 0.4531800389175131 0.7937287182177221 0
1268 0.2193687898658976 -0.6272512683630628 0
1269 0.2860654045245603 0.1980585617304681 0
1270 0.4275538593569958 -0.8617813780868084 0
1271 1.735389867579474 -0.4804152503463749 0
1272 1.12948264026124 1.712636597754432 0
1273 0.7828729044979975 0.2076504990791649 0
1274 0.8720415626970105 -1.324415646424073 0
1275 1.499269118150465 -0.8112686042416464 0
1276 1.305031541448264 0.866148776780471 0
1277 1.8223593498836 0.02404077420830247 0
1278 1.827808567608753 -0.3722892603542706 0
1279 1.073994965606203 0.9638731087415026 0
1280 0.257576625457231 1.177345902963499 0
1281 0.1295239667407794 1.109866269278452 0
1282 0.2590792919116892 2.456763637520783 0
1283 0.7741045967718844 0.998073132683136 0
1284 0.823141764495516 0.7680771068351535 0
1285 1.077451458266524 -1.177603239009867 0
1286 1.866396853042549 0.1253148966136915 0
1287 2.135341791498699 0.8991187040464249 0
1288 1.745215070559502 0.378071833851846 0
1289 0.3229700361485511 1.962093187370559 0
1290 0.9253607299175544 -0.9247026347808843 0
1291 1.810505346466935 0.0968944912382034 0
1292 0.7802065804840187 0.2797753394321921 0
1293 1.821532603630634 0.6797429173026743 0
1294 2.152522283029993 -0.163562848023534 0
1295 1.651577395243238 -0.8175915348922708 0
1296 0.772410199233133 -0.9792198603783927 0
1297 0.8024400329909398 1.698537532529263 0
1298 0.8108522112756339 -1.687804834831651 0
1299 2.06169224494453 -0.2533503829908287 0
1300 2.097585203725387 -0.9965550926671187 0
1301 1.930401910764247 0.1467868646128328 0
1302 0.8925545152802078 1.348941956640888 0
1303 1.348348681662943 -0.8110389808967984 0
1304 0.6238080152420918 0.611844307577305 0
1305 0.6670052965732958 0.5013352387127359 0
1306 0.5954063282817065 0.4756714585666699 0
1307 2.410753978243256 0.6908288570477208 0
1308 0.3639236455269977 0.86524806610296 0
1309 0.254944157315205 0.8322659676424077 0
1310 0.5767111917208018 -1.629535531866682 0
1311 1.021234494563238 0.9393040279393673 0
1312 2.319380718789267 -0.4719407025075877 0
1313 2.096933283300991 1.201830841229881 0
1314 0.6093012841509037 -0.2523552300282805 0
1315 1.265367493959683 0.3222079554536362 0
1316 1.309919489629287 0.7287589461355024 0
1317 1.730936783247161 1.473467689629666 0
1318 1.806403466530772 0.3968856984623284 0
1319 0.5592637188456573 -1.387691822641408 0
1320 2.317374550330073 -0.3684640311411731 0
1321 0.5872478917591373 1.471481755201353 0
1322 0.9721859244395809 0.5672999363393074 0
1323 1.771683293336038 -0.2692372634067091 0
1324 0.8850166870634187 -0.9543385027479063 0
1325 1.022122455020239 -0.9857394539604847 0
1326 0.2541074213614472 1.516648946314735 0
1327 0.7846778077160853 -2.178309711775027 0
1328 0.420466189117518 2.444645831435795 0
1329 0.7247879519664086 1.031044837863155 0
1330 1.959676843331084 -0.7376475310897432 0
1331 0.1156306044105518 1.795520439714603 0
1332 1.880940833308314 0.5098002102932311 0
1333 1.875377780899748 -0.6243167448689237 0
1334 1.492475722801371 1.272218521494272 0
1335 0.6601431533965246 0.2929571864957855 0
1336 1.286674493636545 0.05927261476316288 0
1337 0.4229222711068052 -0.4009534865822115 0
1338 1.079458109967493 -1.031081282321322 0
1339 1.832339399099608 -0.3130924341122212 0
1340 0.4725363611566036 -1.732593453712189 0
1341 1.947312051306966 -0.6822335297942842 0
1342 2.184567698820345 -1.002084672809924 0
1343 2.298753196914387 -0.9847888414872854 0
1344 1.507323279658047 -0.06894146224684539 0
1345 1.070251524372309 0.0939945610916723 0
1346 1.23780778293561 -1.099510962234575 0
1347 1.884812949223703 -1.104658123583266 0
1348 0.9776544313472594 1.215564358233139 0
1349 1.072143435205139 1.500492934876168 0
1350 0.4365952449220848 -2.410342122012306 0
1351 1.487245749705328 -0.1679515476214461 0
1352 1.360659801800602 1.889596146451015 0
1353 1.606107761740609 -0.3487033318093149 0
1354 1.228310253771849 1.996314009256363 0
1355 1.243187204189168 -1.165891821311602 0
1356 1.162831827832995 -0.9119600361632588 0
1357 1.317754351411752 0.3577711483611992 0
1358 0.8365701387628567 0.1679697308743634 0
1359 0.3277984969319848 -0.03895832774443082 0
1360 0.6802284588278875 -0.1583847723361726 0
1361 1.293673828065857 0.5728950189000132 0
1362 1.448730480519909 -0.2743234334756171 0
1363 0.2848699634990647 -0.3811423684494802 0
1364 0.2404590083027001 0.449384249741218 0
1365 0.8845054317121009 1.149058092353081 0
1366 0.8839979175025201 -1.149793286242264 0
1367 0.446402957006385 -1.463897395590279 0
1368 0.1078860137114376 -0.6988392067567084 0
1369 1.768727632548018 1.352735451622724 0
1370 0.5667355694286585 0.9006843118017844 0
1371 1.994699162249132 -0.08134423551644952 0
1372 0.6732096875711704 0.3582391215470887 0
1373 0.1104823665496019 0.7166747786578265 0
1374 1.511442167592914 -0.3800441741540264 0
1375 1.585392083794394 0.7229945118057146 0
1376 1.824581544348513 -0.5275553647022251 0
1377 0.636466236193777 2.250128283782407 0
1378 1.769120001250578 -0.2057043030523801 0
1379 1.130084203323633 -1.715829288286174 0
1380 1.613570191202078 -1.663304410401225 0
1381 1.284185085675447 0.1256075719801503 0
1382 0.7087713006064982 0.7684553554910782 0
1383 1.113999621312994 0.9390485944429283 0
1384 1.708146436132032 -0.1708748261731135 0
1385 0.9757108270884535 0.7157145193709566 0
1386 1.460792530801365 -1.454633876656639 0
1387 1.647867584465433 -0.1357837546362454 0
1388 2.337786138683201 0.1386792012156516 0
1389 2.500705967084894 0.2399638886853903 0
1390 1.591891497840825 -0.1032038063304027 0
1391 1.227583022667127 -2.034907394805017 0
1392 0.6091099639453642 0.5428328091015011 0
1393 2.322217098304318 -0.8861075942428095 0
1394 0.2313303973287996 0.594300643826424 0
1395 0.1072327799779905 -0.5403851237753445 0
1396 0.2268932830021259 -0.08434908595203319 0
1397 1.309076552444908 0.6642725896057646 0
1398 1.87111431618745 -0.02592392320353899 0
1399 1.834671608977154 0.5340630689803487 0
1400 0.9211903748400166 0.03646820282251123 0
1401 1.719697576207574 1.206600388730935 0
1402 1.593673780876598 0.2826403189223565 0
1403 0.1295887837620605 -2.465833667911776 0
1404 1.083220142114329 -0.001822487145477111 0
1405 1.86910743963131 -0.4070144549197539 0
1406 0.5661830613482945 -1.198221703210223 0
1407 1.757410710288673 0.717056229106922 0
1408 0.8335342363428435 0.09543738952650553 0
1409 1.466208272569008 1.637200686249892 0
1410 1.990593547550882 0.1678422866614891 0
1411 1.172108384178138 1.131702852483985 0
1412 2.230629652784503 -0.4901737365390589 0
1413 1.625201191315151 0.181729959251563 0
1414 2.194457415572668 -0.7682641415254102 0
1415 1.077040352621451 1.165540934527846 0
1416 1.410588012583988 0.3153624916583762 0
1417 1.088530210594203 -1.345463506389864 0
1418 0.7055160433930691 -0.9495931912025782 0
1419 1.609523940625052 -0.6315391539933215 0
1420 1.032150311786628 2.245614521871819 0
1421 1.192199116041662 1.244038145171832 0
1422 1.861720189712796 0.4157575103541275 0
1423 0.3393501351203065 0.4246967181292516 0
1424 1.036679006300007 -2.246613076198106 0
1425 0.5243198064638926 0.04329550573862202 0
1426 1.395927387690149 -0.8357979613863407 0
1427 0.9720688066937778 0.660476403346194 0
1428 1.531424574543698 0.3166824720091049 0
1429 2.118218939926749 -0.786197229668538 0
1430 1.451635062040902 1.133411873746469 0
1431 0.1120964131413919 -0.8327228825497907 0
1432 1.441359747777597 -0.1808450733501834 0
1433 0.298857049373347 1.628571808635348 0
1434 1.689354960993454 0.3602494640238431 0
1435 0.1203283252939923 2.475697336624371 0
1436 0.9972362753652716 -1.212113881007772 0
1437 0.4950245703944291 1.450878176680534 0
1438 1.494949871221091 -0.2865261816379998 0
1439 1.778984553101188 -0.7595086965915305 0
1440 1.590491303408471 0.5710154468988147 0
1441 1.464054668436222 0.3460228850097141 0
1442 1.247245445147202 2.139558540255804 0
1443 2.366673890017113 -0.7932556223802294 0
1444 1.928024847915047 0.5298367259746458 0
1445 0.6142502757469174 -0.4879887965354473 0
1446 0.338047939169647 -0.9207208141847756 0
1447 2.228480491157075 0.4865055244915485 0
1448 1.823176419714445 0.7460316231224877 0
1449 0.2688699574605709 0.9293942756935685 0
1450 2.354614881292693 0.865625708605855 0
1451 0.9825206145951209 0.06635853028472505 0
1452 0.8115675827789726 -1.364248204187118 0
1453 0.2459374873056782 -0.2744915840768173 0
1454 1.183028740523128 0.01895216430771067 0
1455 0.8127702162179943 1.367018585771823 0
1456 2.121530228188326 0.9778578217564371 0
1457 2.383976568586765 -0.02322931769515907 0
1458 0.651991532760445 -2.252970407221487 0
1459 0.222391399975229 0.2694443396745971 0
1460 0.8052521654818899 1.171691934139422 0
1461 1.074015467801907 -1.550312759745077 0
1462 1.858131549177483 0.5980907450411215 0
1463 0.8042007607363462 -1.171627947842879 0
1464 1.894962729767056 1.6610874678701 0
1465 1.03022216537323 1.442489841266623 0
1466 1.484415895477364 1.833671555256182 0
1467 1.297678145460371 -1.179503489771944 0
1468 1.956501086793134 -0.3747128729874319 0
1469 2.455726962955376 0.4375069447031498 0
1470 0.4954471460247966 -0.4440186365579305 0
1471 0.4027483693868337 -2.151985701299503 0
1472 1.874480253777228 -0.763087405946914 0
1473 1.236330152959832 0.1520414028233573 0
1474 0.8062507034945473 -0.9247536926069175 0
1475 1.822048987273067 -0.5645791675972629 0
$EndNodes
$Elements
2948
1 1 2 1 1 1 20
2 1 2 1 1 20 21
3 1 2 1 1 21 22
4 1 2 1 1 22 23
5 1 2 1 1 23 24
6 1 2 1 1 24 25
7 1 2 1 1 25 26
8 1 2 1 1 26 27
9 1 2 1 1 27 28
10 1 2 1 1 28 29
11 1 2 1 1 29 30
12 1 2 1 1 30 31
13 1 2 1 1 31 32
14 1 2 1 1 32 33
15 1 2 1 1 33 34
16 1 2 1 1 34 35
17 1 2 1 1 35 36
18 1 2 1 1 36 37
19 1 2 1 1 37 38
20 1 2 1 1 38 39
21 1 2 1 1 39 40
22 1 2 1 1 40 41
23 1 2 1 1 41 42
24 1 2 1 1 42 2
25 1 2 2 2 1 43
26 1 2 2 2 43 44
27 1 2 2 2 44 45
28 1 2 2 2 45 46
29 1 2 2 2 46 47
30 1 2 2 2 47 48
31 1 2 2 2 48 49
32 1 2 2 2 49 50
33 1 2 2 2 50 51
34 1 2 2 2 51 52
35 1 2 2 2 52 53
36 1 2 2 2 53 54
37 1 2 2 2 54 55
38 1 2 2 2 55 56
39 1 2 2 2 56 57
40 1 2 2 2 57 58
41 1 2 2 2 58 59
42 1 2 2 2 59 60
43 1 2 2 2 60 61
44 1 2 2 2 61 62
45 1 2 2 2 62 63
46 1 2 2 2 63 64
47 1 2 2 2 64 65
48 1 2 2 2 65 66
49 1 2 2 2 66 67
50 1 2 2 2 67 68
51 1 2 2 2 68 69
52 1 2 2 2 69 70
53 1 2 2 2 70 3
54 1 2 1 3 2 71
55 1 2 1 3 71 72
56 1 2 1 3 72 73
57 1 2 1 3 73 74
58 1 2 1 3 74 75
59 1 2 1 3 75 76
60 1 2 1 3 76 77
61 1 2 1 3 77 78
62 1 2 1 3 78 79
63 1 2 1 3 79 80
64 1 2 1 3 80 81
65 1 2 1 3 81 82
66 1 2 1 3 82 83
67 1 2 1 3 83 84
68 1 2 1 3 84 85
69 1 2 1 3 85 86
70 1 2 1 3 86 87
71 1 2 1 3 87 88
72 1 2 1 3 88 89
73 1 2 1 3 89 90
74 1 2 1 3 90 91
75 1 2 1 3 91 92
76 1 2 1 3 92 93
77 1 2 1 3 93 94
78 1 2 1 3 94 3
79 2 2 10 2 98 127 97
80 2 2 10 2 102 128 101
81 2 2 10 2 128 129 127
82 2 2 10 2 127 130 128
83 2 2 10 2 96 129 95
84 2 2 10 2 100 130 99
85 2 2 10 2 97 131 5
86 2 2 10 2 99 134 6
87 2 2 10 2 101 132 7
88 2 2 10 2 95 133 4
89 2 2 10 2 4 133 102
90 2 2 10 2 5 131 96
91 2 2 10 2 6 134 98
92 2 2 10 2 7 132 100
93 2 2 10 2 98 134 127
94 2 2 10 2 102 133 128
95 2 2 10 2 128 132 101
96 2 2 10 2 127 131 97
97 2 2 10 2 129 133 95
98 2 2 10 2 96 131 129
99 2 2 10 2 100 132 130
100 2 2 10 2 130 134 99
101 2 2 10 2 127 134 130
102 2 2 10 2 128 133 129
103 2 2 10 2 129 131 127
104 2 2 10 2 130 132 128
105 2 2 11 3 112 136 111
106 2 2 11 3 116 135 115
107 2 2 11 3 136 137 135
108 2 2 11 3 135 138 136
109 2 2 11 3 118 138 117
110 2 2 11 3 114 137 113
111 2 2 11 3 113 140 13
112 2 2 11 3 115 141 14
113 2 2 11 3 111 139 12
114 2 2 11 3 12 139 118
115 2 2 11 3 13 140 112
116 2 2 11 3 14 141 114
117 2 2 11 3 15 142 116
118 2 2 11 3 117 142 15
119 2 2 11 3 112 140 136
120 2 2 11 3 116 142 135
121 2 2 11 3 135 141 115
122 2 2 11 3 136 139 111
123 2 2 11 3 114 141 137
124 2 2 11 3 118 139 138
125 2 2 11 3 138 142 117
126 2 2 11 3 137 140 113
127 2 2 11 3 137 141 135
128 2 2 11 3 138 139 136
129 2 2 11 3 135 142 138
130 2 2 11 3 136 140 137
131 2 2 12 4 106 143 105
132 2 2 12 4 110 144 109
133 2 2 12 4 144 145 143
134 2 2 12 4 143 146 144
135 2 2 12 4 104 145 103
136 2 2 12 4 108 146 107
137 2 2 12 4 109 147 11
138 2 2 12 4 8 149 110
139 2 2 12 4 9 148 104
140 2 2 12 4 10 150 106
141 2 2 12 4 11 147 108
142 2 2 12 4 105 148 9
143 2 2 12 4 103 149 8
144 2 2 12 4 107 150 10
145 2 2 12 4 110 149 144
146 2 2 12 4 106 150 143
147 2 2 12 4 143 148 105
148 2 2 12 4 144 147 109
149 2 2 12 4 104 148 145
150 2 2 12 4 108 147 146
151 2 2 12 4 145 149 103
152 2 2 12 4 146 150 107
153 2 2 12 4 143 150 146
154 2 2 12 4 144 149 145
155 2 2 12 4 146 147 144
156 2 2 12 4 145 148 143
157 2 2 13 5 122 151 121
158 2 2 13 5 126 152 125
159 2 2 13 5 152 153 151
160 2 2 13 5 151 154 152
161 2 2 13 5 120 153 119
162 2 2 13 5 124 154 123
163 2 2 13 5 121 155 17
164 2 2 13 5 16 157 126
165 2 2 13 5 17 155 120
166 2 2 13 5 18 158 122
167 2 2 13 5 19 156 124
168 2 2 13 5 125 156 19
169 2 2 13 5 119 157 16
170 2 2 13 5 123 158 18
171 2 2 13 5 122 158 151
172 2 2 13 5 126 157 152
173 2 2 13 5 152 156 125
174 2 2 13 5 151 155 121
175 2 2 13 5 120 155 153
176 2 2 13 5 124 156 154
177 2 2 13 5 153 157 119
178 2 2 13 5 154 158 123
179 2 2 13 5 151 158 154
180 2 2 13 5 152 157 153
181 2 2 13 5 153 155 151
182 2 2 13 5 154 156 152
183 2 2 1 6 866 1258 867
184 2 2 1 6 27 1391 1155
185 2 2 1 6 862 1153 347
186 2 2 1 6 409 946 348
187 2 2 1 6 828 879 237
188 2 2 1 6 603 917 803
189 2 2 1 6 527 1163 1012
190 2 2 1 6 889 1294 655
191 2 2 1 6 522 1120 883
192 2 2 1 6 1139 1371 345
193 2 2 1 6 305 943 51
194 2 2 1 6 703 1045 822
195 2 2 1 6 1137 1138 799
196 2 2 1 6 527 1012 996
197 2 2 1 6 1249 1271 161
198 2 2 1 6 237 878 828
199 2 2 1 6 834 1292 1273
200 2 2 1 6 333 1211 287
201 2 2 1 6 172 1210 166
202 2 2 1 6 967 968 879
203 2 2 1 6 1087 1350 1183
204 2 2 1 6 968 1167 879
205 2 2 1 6 27 1155 26
206 2 2 1 6 535 1167 970
207 2 2 1 6 815 870 869
208 2 2 1 6 763 889 655
209 2 2 1 6 575 1302 882
210 2 2 1 6 822 1044 703
211 2 2 1 6 1032 1101 677
212 2 2 1 6 255 1231 810
213 2 2 1 6 387 1235 853
214 2 2 1 6 943 1431 51
215 2 2 1 6 998 1245 933
216 2 2 1 6 477 868 386
217 2 2 1 6 166 1210 905
218 2 2 1 6 1273 1292 550
219 2 2 1 6 883 1302 522
220 2 2 1 6 419 955 647
221 2 2 1 6 898 937 331
222 2 2 1 6 815 869 657
223 2 2 1 6 761 1088 826
224 2 2 1 6 287 1211 902
225 2 2 1 6 351 973 918
226 2 2 1 6 1075 1275 826
227 2 2 1 6 622 1311 903
228 2 2 1 6 630 908 906
229 2 2 1 6 891 1281 633
230 2 2 1 6 973 1269 918
231 2 2 1 6 1147 1334 894
232 2 2 1 6 617 946 409
233 2 2 1 6 629 967 649
234 2 2 1 6 1079 1080 743
235 2 2 1 6 946 1329 348
236 2 2 1 6 920 1006 591
237 2 2 1 6 970 1167 968
238 2 2 1 6 840 1202 542
239 2 2 1 6 9 1132 105
240 2 2 1 6 1174 1231 255
241 2 2 1 6 964 1238 1165
242 2 2 1 6 612 1238 964
243 2 2 1 6 820 1337 1003
244 2 2 1 6 1130 1235 387
245 2 2 1 6 996 1098 527
246 2 2 1 6 371 1382 844
247 2 2 1 6 1227 1340 954
248 2 2 1 6 347 1307 862
249 2 2 1 6 600 977 710
250 2 2 1 6 669 843 801
251 2 2 1 6 386 868 461
252 2 2 1 6 668 1418 846
253 2 2 1 6 561 941 566
254 2 2 1 6 1105 1134 159
255 2 2 1 6 898 1371 1139
256 2 2 1 6 825 1340 1227
257 2 2 1 6 545 840 542
258 2 2 1 6 1165 1238 865
259 2 2 1 6 975 1111 713
260 2 2 1 6 901 1348 1011
261 2 2 1 6 5 1125 97
262 2 2 1 6 888 1341 585
263 2 2 1 6 903 1211 622
264 2 2 1 6 499 1275 1075
265 2 2 1 6 633 1281 62
266 2 2 1 6 1241 1417 886
267 2 2 1 6 821 1275 986
268 2 2 1 6 819 1206 737
269 2 2 1 6 826 1275 761
270 2 2 1 6 906 1210 630
271 2 2 1 6 566 941 573
272 2 2 1 6 713 1185 975
273 2 2 1 6 298 1159 296
274 2 2 1 6 644 734 645
275 2 2 1 6 999 1333 888
276 2 2 1 6 825 1227 824
277 2 2 1 6 824 1227 1117
278 2 2 1 6 579 857 856
279 2 2 1 6 515 1328 974
280 2 2 1 6 1011 1348 881
281 2 2 1 6 666 1171 1094
282 2 2 1 6 917 1003 803
283 2 2 1 6 647 955 797
284 2 2 1 6 1123 1167 1047
285 2 2 1 6 677 1121 1032
286 2 2 1 6 594 1356 991
287 2 2 1 6 1213 1214 760
288 2 2 1 6 1094 1409 666
289 2 2 1 6 1373 1394 778
290 2 2 1 6 1080 1129 743
291 2 2 1 6 465 977 600
292 2 2 1 6 419 1297 955
293 2 2 1 6 760 1295 821
294 2 2 1 6 882 1136 575
295 2 2 1 6 761 1275 821
296 2 2 1 6 812 1298 436
297 2 2 1 6 644 645 509
298 2 2 1 6 347 1153 959
299 2 2 1 6 876 1249 874
300 2 2 1 6 975 1185 403
301 2 2 1 6 734 866 645
302 2 2 1 6 722 723 693
303 2 2 1 6 1258 1436 867
304 2 2 1 6 506 644 509
305 2 2 1 6 116 901 15
306 2 2 1 6 12 902 111
307 2 2 1 6 100 1134 7
308 2 2 1 6 4 911 95
309 2 2 1 6 124 1133 19
310 2 2 1 6 16 905 119
311 2 2 1 6 108 1131 11
312 2 2 1 6 844 1193 371
313 2 2 1 6 255 1391 27
314 2 2 1 6 820 1363 1337
315 2 2 1 6 974 1328 1111
316 2 2 1 6 403 1289 975
317 2 2 1 6 608 872 871
318 2 2 1 6 799 1326 1137
319 2 2 1 6 1006 1226 591
320 2 2 1 6 876 1271 1249
321 2 2 1 6 843 1354 801
322 2 2 1 6 695 1269 940
323 2 2 1 6 855 1260 1015
324 2 2 1 6 301 945 298
325 2 2 1 6 883 1011 881
326 2 2 1 6 733 886 579
327 2 2 1 6 415 863 418
328 2 2 1 6 435 856 432
329 2 2 1 6 1054 1306 653
330 2 2 1 6 1137 1280 769
331 2 2 1 6 772 897 664
332 2 2 1 6 692 693 471
333 2 2 1 6 13 1259 1089
334 2 2 1 6 645 866 652
335 2 2 1 6 594 1122 486
336 2 2 1 6 1170 1266 1116
337 2 2 1 6 1214 1263 760
338 2 2 1 6 997 1184 261
339 2 2 1 6 1164 1350 1087
340 2 2 1 6 235 1092 887
341 2 2 1 6 945 1159 298
342 2 2 1 6 838 994 673
343 2 2 1 6 894 1171 1147
344 2 2 1 6 887 1091 235
345 2 2 1 6 471 839 468
346 2 2 1 6 452 1094 1093
347 2 2 1 6 962 1394 1373
348 2 2 1 6 897 995 664
349 2 2 1 6 731 1098 996
350 2 2 1 6 635 967 629
351 2 2 1 6 1101 1385 677
352 2 2 1 6 866 867 652
353 2 2 1 6 555 831 557
354 2 2 1 6 846 1201 668
355 2 2 1 6 933 1245 867
356 2 2 1 6 162 1242 1015
357 2 2 1 6 748 937 898
358 2 2 1 6 858 1462 860
359 2 2 1 6 733 1241 886
360 2 2 1 6 365 945 301
361 2 2 1 6 871 999 888
362 2 2 1 6 710 842 636
363 2 2 1 6 871 888 585
364 2 2 1 6 469 1334 1147
365 2 2 1 6 1089 1259 904
366 2 2 1 6 502 852 634
367 2 2 1 6 723 725 693
368 2 2 1 6 418 863 575
369 2 2 1 6 579 856 435
370 2 2 1 6 1015 1260 162
371 2 2 1 6 659 1463 1187
372 2 2 1 6 1188 1460 658
373 2 2 1 6 649 967 828
374 2 2 1 6 590 1134 1105
375 2 2 1 6 564 958 698
376 2 2 1 6 810 1391 255
377 2 2 1 6 672 858 831
378 2 2 1 6 476 1392 1304
379 2 2 1 6 829 1388 245
380 2 2 1 6 349 935 411
381 2 2 1 6 797 1146 800
382 2 2 1 6 863 1302 575
383 2 2 1 6 428 936 394
384 2 2 1 6 672 868 859
385 2 2 1 6 957 1269 695
386 2 2 1 6 1024 1357 786
387 2 2 1 6 965 988 163
388 2 2 1 6 724 881 880
389 2 2 1 6 955 1146 797
390 2 2 1 6 786 1416 1024
391 2 2 1 6 486 1122 488
392 2 2 1 6 305 948 943
393 2 2 1 6 583 871 585
394 2 2 1 6 984 1207 1200
395 2 2 1 6 75 1450 861
396 2 2 1 6 724 880 723
397 2 2 1 6 1005 1277 1004
398 2 2 1 6 899 1257 858
399 2 2 1 6 633 1373 1309
400 2 2 1 6 46 1009 47
401 2 2 1 6 436 1186 812
402 2 2 1 6 585 1341 805
403 2 2 1 6 484 1356 594
404 2 2 1 6 594 991 989
405 2 2 1 6 244 952 48
406 2 2 1 6 349 1460 935
407 2 2 1 6 159 1325 1105
408 2 2 1 6 869 1216 657
409 2 2 1 6 438 579 435
410 2 2 1 6 418 575 421
411 2 2 1 6 821 1213 760
412 2 2 1 6 858 860 831
413 2 2 1 6 553 672 555
414 2 2 1 6 860 1399 1332
415 2 2 1 6 1038 1375 736
416 2 2 1 6 698 832 748
417 2 2 1 6 494 506 497
418 2 2 1 6 244 953 952
419 2 2 1 6 529 940 939
420 2 2 1 6 1105 1290 590
421 2 2 1 6 672 831 555
422 2 2 1 6 21 1164 20
423 2 2 1 6 723 854 725
424 2 2 1 6 936 1463 394
425 2 2 1 6 506 509 507
426 2 2 1 6 1277 1398 1004
427 2 2 1 6 1309 1373 778
428 2 2 1 6 244 954 953
429 2 2 1 6 856 1452 432
430 2 2 1 6 406 1211 333
431 2 2 1 6 415 1455 863
432 2 2 1 6 548 840 545
433 2 2 1 6 767 1231 1174
434 2 2 1 6 857 1245 998
435 2 2 1 6 692 722 693
436 2 2 1 6 971 1267 408
437 2 2 1 6 351 918 57
438 2 2 1 6 56 896 351
439 2 2 1 6 861 1307 75
440 2 2 1 6 461 868 553
441 2 2 1 6 866 1285 1258
442 2 2 1 6 736 1206 1038
443 2 2 1 6 879 1167 1123
444 2 2 1 6 1200 1207 819
445 2 2 1 6 559 941 561
446 2 2 1 6 468 839 466
447 2 2 1 6 359 1010 361
448 2 2 1 6 1144 1299 655
449 2 2 1 6 653 1306 1119
450 2 2 1 6 839 977 466
451 2 2 1 6 958 1410 698
452 2 2 1 6 557 621 559
453 2 2 1 6 832 937 748
454 2 2 1 6 805 1330 1196
455 2 2 1 6 668 1201 393
456 2 2 1 6 963 964 354
457 2 2 1 6 681 1193 844
458 2 2 1 6 335 983 658
459 2 2 1 6 659 982 390
460 2 2 1 6 873 874 872
461 2 2 1 6 245 1389 829
462 2 2 1 6 579 886 857
463 2 2 1 6 609 610 548
464 2 2 1 6 922 1339 1323
465 2 2 1 6 643 971 947
466 2 2 1 6 964 1412 612
467 2 2 1 6 695 940 529
468 2 2 1 6 48 952 49
469 2 2 1 6 1323 1339 400
470 2 2 1 6 261 1184 1002
471 2 2 1 6 269 1210 172
472 2 2 1 6 608 871 583
473 2 2 1 6 643 947 617
474 2 2 1 6 851 1472 610
475 2 2 1 6 513 608 583
476 2 2 1 6 1257 1462 858
477 2 2 1 6 411 935 522
478 2 2 1 6 523 936 428
479 2 2 1 6 624 1311 622
480 2 2 1 6 832 938 937
481 2 2 1 6 915 1289 403
482 2 2 1 6 617 947 946
483 2 2 1 6 1194 1246 890
484 2 2 1 6 673 994 807
485 2 2 1 6 282 1194 1124
486 2 2 1 6 1277 1291 324
487 2 2 1 6 1000 1002 1001
488 2 2 1 6 831 1444 557
489 2 2 1 6 235 1091 81
490 2 2 1 6 842 850 636
491 2 2 1 6 888 1333 789
492 2 2 1 6 789 1341 888
493 2 2 1 6 1042 1189 792
494 2 2 1 6 49 950 50
495 2 2 1 6 1150 1158 755
496 2 2 1 6 1138 1239 525
497 2 2 1 6 430 523 428
498 2 2 1 6 1096 1206 819
499 2 2 1 6 841 1345 806
500 2 2 1 6 411 522 413
501 2 2 1 6 188 1253 880
502 2 2 1 6 693 1421 471
503 2 2 1 6 822 1045 683
504 2 2 1 6 683 1045 706
505 2 2 1 6 652 1245 886
506 2 2 1 6 1000 1001 718
507 2 2 1 6 610 840 548
508 2 2 1 6 1187 1463 936
509 2 2 1 6 186 1407 1133
510 2 2 1 6 471 1421 839
511 2 2 1 6 806 1404 841
512 2 2 1 6 935 1460 1188
513 2 2 1 6 1164 1403 20
514 2 2 1 6 937 1004 331
515 2 2 1 6 591 1271 920
516 2 2 1 6 1214 1216 726
517 2 2 1 6 492 885 494
518 2 2 1 6 852 853 634
519 2 2 1 6 305 949 948
520 2 2 1 6 1153 1447 959
521 2 2 1 6 745 1392 476
522 2 2 1 6 1009 1227 954
523 2 2 1 6 345 1144 1139
524 2 2 1 6 309 1280 1137
525 2 2 1 6 801 1354 1090
526 2 2 1 6 942 1374 187
527 2 2 1 6 1132 1333 230
528 2 2 1 6 105 1132 230
529 2 2 1 6 331 1371 898
530 2 2 1 6 655 1294 1144
531 2 2 1 6 403 1331 915
532 2 2 1 6 880 1253 854
533 2 2 1 6 1354 1442 1090
534 2 2 1 6 1005 1291 1277
535 2 2 1 6 970 1322 535
536 2 2 1 6 187 1353 942
537 2 2 1 6 981 1419 674
538 2 2 1 6 314 1116 355
539 2 2 1 6 593 945 365
540 2 2 1 6 39 963 354
541 2 2 1 6 910 1399 1251
542 2 2 1 6 553 868 672
543 2 2 1 6 449 1010 359
544 2 2 1 6 1302 1455 522
545 2 2 1 6 722 724 723
546 2 2 1 6 361 1010 374
547 2 2 1 6 494 1467 506
548 2 2 1 6 1174 1182 767
549 2 2 1 6 792 1454 1042
550 2 2 1 6 904 1311 1279
551 2 2 1 6 1099 1187 936
552 2 2 1 6 674 1419 852
553 2 2 1 6 438 733 579
554 2 2 1 6 188 901 116
555 2 2 1 6 159 1134 100
556 2 2 1 6 111 902 160
557 2 2 1 6 95 911 189
558 2 2 1 6 186 1133 124
559 2 2 1 6 119 905 164
560 2 2 1 6 161 1131 108
561 2 2 1 6 870 1347 869
562 2 2 1 6 230 1333 999
563 2 2 1 6 477 1217 868
564 2 2 1 6 621 941 559
565 2 2 1 6 404 1284 1244
566 2 2 1 6 475 1474 1296
567 2 2 1 6 227 1224 976
568 2 2 1 6 561 566 565
569 2 2 1 6 983 1365 658
570 2 2 1 6 659 1366 982
571 2 2 1 6 324 1129 1080
572 2 2 1 6 672 859 858
573 2 2 1 6 49 952 950
574 2 2 1 6 296 1159 299
575 2 2 1 6 1138 1240 1239
576 2 2 1 6 177 1130 175
577 2 2 1 6 737 1206 736
578 2 2 1 6 734 1285 866
579 2 2 1 6 489 499 487
580 2 2 1 6 636 850 742
581 2 2 1 6 985 1027 742
582 2 2 1 6 763 1124 889
583 2 2 1 6 402 1009 46
584 2 2 1 6 47 1009 244
585 2 2 1 6 608 873 872
586 2 2 1 6 828 967 879
587 2 2 1 6 470 471 468
588 2 2 1 6 896 1396 351
589 2 2 1 6 317 934 369
590 2 2 1 6 603 1314 917
591 2 2 1 6 641 1133 816
592 2 2 1 6 374 884 441
593 2 2 1 6 13 1242 113
594 2 2 1 6 576 972 720
595 2 2 1 6 867 1245 652
596 2 2 1 6 910 1251 907
597 2 2 1 6 1332 1399 910
598 2 2 1 6 571 1121 623
599 2 2 1 6 1416 1441 1024
600 2 2 1 6 872 999 871
601 2 2 1 6 1254 1399 860
602 2 2 1 6 282 963 40
603 2 2 1 6 935 1188 1120
604 2 2 1 6 1337 1363 804
605 2 2 1 6 939 940 690
606 2 2 1 6 42 1246 1194
607 2 2 1 6 465 593 365
608 2 2 1 6 1133 1407 816
609 2 2 1 6 1063 1381 1336
610 2 2 1 6 669 1272 843
611 2 2 1 6 868 1217 859
612 2 2 1 6 1138 1437 799
613 2 2 1 6 859 899 858
614 2 2 1 6 41 282 40
615 2 2 1 6 1015 1242 842
616 2 2 1 6 577 692 471
617 2 2 1 6 39 354 38
618 2 2 1 6 506 507 497
619 2 2 1 6 318 1344 932
620 2 2 1 6 423 962 59
621 2 2 1 6 58 918 423
622 2 2 1 6 450 896 55
623 2 2 1 6 951 1367 1221
624 2 2 1 6 72 1469 833
625 2 2 1 6 805 1196 864
626 2 2 1 6 36 283 35
627 2 2 1 6 595 1145 563
628 2 2 1 6 698 748 699
629 2 2 1 6 748 898 749
630 2 2 1 6 1047 1167 535
631 2 2 1 6 175 1130 387
632 2 2 1 6 644 735 734
633 2 2 1 6 944 1160 197
634 2 2 1 6 1104 1105 1103
635 2 2 1 6 783 1193 681
636 2 2 1 6 646 1437 1321
637 2 2 1 6 645 652 651
638 2 2 1 6 726 1263 1214
639 2 2 1 6 74 347 73
640 2 2 1 6 896 1453 771
641 2 2 1 6 33 1018 253
642 2 2 1 6 1092 1225 887
643 2 2 1 6 600 601 593
644 2 2 1 6 71 245 2
645 2 2 1 6 932 1390 318
646 2 2 1 6 315 1161 687
647 2 2 1 6 605 1369 893
648 2 2 1 6 79 261 78
649 2 2 1 6 261 1002 78
650 2 2 1 6 853 1419 387
651 2 2 1 6 1019 1342 1300
652 2 2 1 6 561 565 562
653 2 2 1 6 317 369 363
654 2 2 1 6 559 561 560
655 2 2 1 6 557 559 558
656 2 2 1 6 1027 1157 742
657 2 2 1 6 679 1233 1019
658 2 2 1 6 555 557 556
659 2 2 1 6 826 1088 739
660 2 2 1 6 600 710 636
661 2 2 1 6 450 1395 916
662 2 2 1 6 97 1125 163
663 2 2 1 6 904 1279 1089
664 2 2 1 6 553 555 554
665 2 2 1 6 600 636 601
666 2 2 1 6 41 1194 282
667 2 2 1 6 523 1099 936
668 2 2 1 6 393 1201 426
669 2 2 1 6 1336 1381 780
670 2 2 1 6 630 1288 908
671 2 2 1 6 1024 1441 1025
672 2 2 1 6 441 1273 550
673 2 2 1 6 1102 1103 599
674 2 2 1 6 938 1004 937
675 2 2 1 6 58 423 59
676 2 2 1 6 61 633 62
677 2 2 1 6 54 450 55
678 2 2 1 6 56 351 57
679 2 2 1 6 1116 1265 1170
680 2 2 1 6 1183 1350 510
681 2 2 1 6 610 1330 851
682 2 2 1 6 951 993 949
683 2 2 1 6 1131 1271 591
684 2 2 1 6 880 1348 188
685 2 2 1 6 370 984 380
686 2 2 1 6 82 235 81
687 2 2 1 6 370 380 379
688 2 2 1 6 77 1002 1000
689 2 2 1 6 854 855 725
690 2 2 1 6 723 880 854
691 2 2 1 6 305 950 949
692 2 2 1 6 1091 1195 80
693 2 2 1 6 879 1123 237
694 2 2 1 6 601 756 593
695 2 2 1 6 802 1470 1169
696 2 2 1 6 1102 1104 1103
697 2 2 1 6 636 742 601
698 2 2 1 6 895 1317 1171
699 2 2 1 6 513 913 608
700 2 2 1 6 726 1216 869
701 2 2 1 6 436 1310 1186
702 2 2 1 6 971 1308 1267
703 2 2 1 6 917 1168 598
704 2 2 1 6 564 698 596
705 2 2 1 6 566 567 565
706 2 2 1 6 892 1443 1165
707 2 2 1 6 710 1015 842
708 2 2 1 6 989 990 988
709 2 2 1 6 369 984 370
710 2 2 1 6 380 984 459
711 2 2 1 6 973 1396 1359
712 2 2 1 6 297 1021 300
713 2 2 1 6 260 1322 970
714 2 2 1 6 886 1417 652
715 2 2 1 6 466 977 465
716 2 2 1 6 1014 1121 571
717 2 2 1 6 1093 1464 452
718 2 2 1 6 369 370 363
719 2 2 1 6 507 919 587
720 2 2 1 6 500 852 502
721 2 2 1 6 335 658 337
722 2 2 1 6 392 659 390
723 2 2 1 6 1116 1266 972
724 2 2 1 6 857 1274 856
725 2 2 1 6 1095 1409 1094
726 2 2 1 6 283 1017 35
727 2 2 1 6 461 553 552
728 2 2 1 6 999 1199 230
729 2 2 1 6 626 985 637
730 2 2 1 6 50 950 305
731 2 2 1 6 818 1197 817
732 2 2 1 6 976 1224 1146
733 2 2 1 6 449 1408 1010
734 2 2 1 6 585 805 586
735 2 2 1 6 583 585 584
736 2 2 1 6 40 963 39
737 2 2 1 6 274 1067 747
738 2 2 1 6 237 1361 878
739 2 2 1 6 441 550 442
740 2 2 1 6 960 961 685
741 2 2 1 6 513 583 514
742 2 2 1 6 304 934 317
743 2 2 1 6 369 1207 984
744 2 2 1 6 1190 1191 990
745 2 2 1 6 626 637 624
746 2 2 1 6 355 1116 456
747 2 2 1 6 1244 1284 845
748 2 2 1 6 606 609 548
749 2 2 1 6 374 441 375
750 2 2 1 6 690 1425 939
751 2 2 1 6 587 960 685
752 2 2 1 6 977 1411 710
753 2 2 1 6 434 435 432
754 2 2 1 6 735 965 734
755 2 2 1 6 909 910 907
756 2 2 1 6 623 1121 677
757 2 2 1 6 324 1291 1129
758 2 2 1 6 415 418 417
759 2 2 1 6 483 495 481
760 2 2 1 6 300 1021 304
761 2 2 1 6 57 918 58
762 2 2 1 6 59 962 60
763 2 2 1 6 55 896 56
764 2 2 1 6 488 1122 492
765 2 2 1 6 991 1356 1190
766 2 2 1 6 1125 1285 734
767 2 2 1 6 635 968 967
768 2 2 1 6 513 1468 913
769 2 2 1 6 374 1010 884
770 2 2 1 6 163 1125 965
771 2 2 1 6 962 1373 60
772 2 2 1 6 935 1120 522
773 2 2 1 6 874 1376 872
774 2 2 1 6 1089 1242 13
775 2 2 1 6 479 992 766
776 2 2 1 6 919 960 587
777 2 2 1 6 794 1195 1091
778 2 2 1 6 33 253 32
779 2 2 1 6 380 382 381
780 2 2 1 6 481 992 479
781 2 2 1 6 547 548 545
782 2 2 1 6 63 309 64
783 2 2 1 6 244 1009 954
784 2 2 1 6 1197 1200 817
785 2 2 1 6 769 1138 1137
786 2 2 1 6 380 381 379
787 2 2 1 6 830 1156 1025
788 2 2 1 6 990 1338 988
789 2 2 1 6 465 600 593
790 2 2 1 6 689 917 598
791 2 2 1 6 645 651 509
792 2 2 1 6 803 1470 802
793 2 2 1 6 986 1275 499
794 2 2 1 6 833 1389 72
795 2 2 1 6 50 305 51
796 2 2 1 6 463 1113 1013
797 2 2 1 6 845 1014 670
798 2 2 1 6 338 1013 279
799 2 2 1 6 81 1091 80
800 2 2 1 6 771 1396 896
801 2 2 1 6 838 1434 994
802 2 2 1 6 456 972 576
803 2 2 1 6 444 653 530
804 2 2 1 6 576 720 719
805 2 2 1 6 1221 1367 1319
806 2 2 1 6 1016 1100 1008
807 2 2 1 6 771 1453 820
808 2 2 1 6 456 1116 972
809 2 2 1 6 491 986 489
810 2 2 1 6 448 1098 731
811 2 2 1 6 367 1021 297
812 2 2 1 6 1402 1428 1070
813 2 2 1 6 463 1100 1016
814 2 2 1 6 444 1335 653
815 2 2 1 6 842 1089 850
816 2 2 1 6 938 1005 1004
817 2 2 1 6 815 1203 1198
818 2 2 1 6 259 1026 252
819 2 2 1 6 274 747 602
820 2 2 1 6 299 1276 1205
821 2 2 1 6 361 374 373
822 2 2 1 6 495 992 481
823 2 2 1 6 566 572 567
824 2 2 1 6 1016 1113 463
825 2 2 1 6 384 477 386
826 2 2 1 6 463 1013 338
827 2 2 1 6 275 1026 259
828 2 2 1 6 425 513 512
829 2 2 1 6 1021 1096 934
830 2 2 1 6 755 1380 1150
831 2 2 1 6 489 986 499
832 2 2 1 6 191 1028 1007
833 2 2 1 6 279 1013 277
834 2 2 1 6 839 1115 977
835 2 2 1 6 567 568 565
836 2 2 1 6 1127 1402 1070
837 2 2 1 6 592 745 476
838 2 2 1 6 687 1128 311
839 2 2 1 6 959 1469 347
840 2 2 1 6 474 478 440
841 2 2 1 6 709 1016 1008
842 2 2 1 6 1161 1162 687
843 2 2 1 6 988 1262 163
844 2 2 1 6 408 1370 971
845 2 2 1 6 878 1361 1020
846 2 2 1 6 915 1331 243
847 2 2 1 6 1148 1175 727
848 2 2 1 6 1096 1207 934
849 2 2 1 6 610 1472 840
850 2 2 1 6 304 1021 934
851 2 2 1 6 1264 1408 449
852 2 2 1 6 733 1461 960
853 2 2 1 6 1099 1274 998
854 2 2 1 6 680 1429 1196
855 2 2 1 6 844 845 670
856 2 2 1 6 1199 1475 230
857 2 2 1 6 425 1468 513
858 2 2 1 6 384 1108 477
859 2 2 1 6 932 1344 533
860 2 2 1 6 277 697 275
861 2 2 1 6 756 945 593
862 2 2 1 6 786 1315 822
863 2 2 1 6 533 1351 932
864 2 2 1 6 743 1413 1079
865 2 2 1 6 1154 1327 228
866 2 2 1 6 875 876 874
867 2 2 1 6 1007 1029 191
868 2 2 1 6 437 438 435
869 2 2 1 6 310 338 279
870 2 2 1 6 996 1012 997
871 2 2 1 6 252 1026 536
872 2 2 1 6 418 421 420
873 2 2 1 6 1196 1429 864
874 2 2 1 6 850 1383 742
875 2 2 1 6 492 1122 885
876 2 2 1 6 61 1373 633
877 2 2 1 6 1008 1097 709
878 2 2 1 6 276 277 275
879 2 2 1 6 74 1307 347
880 2 2 1 6 1310 1340 1186
881 2 2 1 6 278 279 277
882 2 2 1 6 8 674 500
883 2 2 1 6 1172 1334 467
884 2 2 1 6 506 1355 644
885 2 2 1 6 54 1395 450
886 2 2 1 6 280 310 279
887 2 2 1 6 635 969 968
888 2 2 1 6 198 978 178
889 2 2 1 6 886 1245 857
890 2 2 1 6 698 1410 832
891 2 2 1 6 380 459 382
892 2 2 1 6 382 383 381
893 2 2 1 6 65 987 243
894 2 2 1 6 282 1312 963
895 2 2 1 6 988 1338 1262
896 2 2 1 6 78 1002 77
897 2 2 1 6 180 1028 191
898 2 2 1 6 427 428 394
899 2 2 1 6 950 951 949
900 2 2 1 6 818 1448 1109
901 2 2 1 6 1019 1233 1179
902 2 2 1 6 309 987 64
903 2 2 1 6 273 275 259
904 2 2 1 6 283 1019 1017
905 2 2 1 6 670 1014 569
906 2 2 1 6 986 1213 821
907 2 2 1 6 470 577 471
908 2 2 1 6 257 404 271
909 2 2 1 6 754 1145 595
910 2 2 1 6 566 573 572
911 2 2 1 6 572 618 567
912 2 2 1 6 77 1000 76
913 2 2 1 6 1159 1276 299
914 2 2 1 6 1124 1320 282
915 2 2 1 6 474 479 478
916 2 2 1 6 187 1226 1006
917 2 2 1 6 567 1107 568
918 2 2 1 6 718 1450 1000
919 2 2 1 6 277 1013 697
920 2 2 1 6 965 1125 734
921 2 2 1 6 1160 1209 291
922 2 2 1 6 257 1031 404
923 2 2 1 6 634 1088 761
924 2 2 1 6 1025 1156 978
925 2 2 1 6 310 376 338
926 2 2 1 6 739 1029 730
927 2 2 1 6 730 1029 1007
928 2 2 1 6 1257 1293 18
929 2 2 1 6 697 1026 275
930 2 2 1 6 494 497 496
931 2 2 1 6 969 970 968
932 2 2 1 6 1168 1360 1204
933 2 2 1 6 528 1020 220
934 2 2 1 6 382 384 383
935 2 2 1 6 572 650 618
936 2 2 1 6 786 1357 1315
937 2 2 1 6 534 1058 1028
938 2 2 1 6 34 1018 33
939 2 2 1 6 479 766 478
940 2 2 1 6 197 1160 199
941 2 2 1 6 1070 1428 684
942 2 2 1 6 220 1020 200
943 2 2 1 6 376 377 338
944 2 2 1 6 1028 1058 1007
945 2 2 1 6 927 1022 931
946 2 2 1 6 1109 1197 818
947 2 2 1 6 1103 1190 599
948 2 2 1 6 766 1097 1008
949 2 2 1 6 748 749 699
950 2 2 1 6 1023 1025 978
951 2 2 1 6 236 1023 203
952 2 2 1 6 731 996 793
953 2 2 1 6 833 959 754
954 2 2 1 6 534 1028 182
955 2 2 1 6 311 1128 310
956 2 2 1 6 1002 1184 1001
957 2 2 1 6 236 1024 1023
958 2 2 1 6 650 660 618
959 2 2 1 6 478 1100 440
960 2 2 1 6 925 1022 927
961 2 2 1 6 766 1008 478
962 2 2 1 6 185 1034 194
963 2 2 1 6 203 1023 201
964 2 2 1 6 741 1027 638
965 2 2 1 6 377 463 338
966 2 2 1 6 376 439 377
967 2 2 1 6 194 1034 702
968 2 2 1 6 183 1034 185
969 2 2 1 6 1024 1025 1023
970 2 2 1 6 638 1027 628
971 2 2 1 6 660 746 618
972 2 2 1 6 650 673 660
973 2 2 1 6 1319 1367 539
974 2 2 1 6 534 1039 1030
975 2 2 1 6 439 440 377
976 2 2 1 6 1030 1058 534
977 2 2 1 6 250 1031 257
978 2 2 1 6 260 1031 250
979 2 2 1 6 299 1033 294
980 2 2 1 6 452 1095 1094
981 2 2 1 6 184 1039 534
982 2 2 1 6 673 743 660
983 2 2 1 6 650 838 673
984 2 2 1 6 1031 1032 404
985 2 2 1 6 728 1058 717
986 2 2 1 6 294 1033 292
987 2 2 1 6 1007 1058 728
988 2 2 1 6 717 1058 1030
989 2 2 1 6 673 807 743
990 2 2 1 6 208 1060 1039
991 2 2 1 6 1036 1041 762
992 2 2 1 6 283 1342 1019
993 2 2 1 6 262 1042 1041
994 2 2 1 6 701 1041 1036
995 2 2 1 6 1039 1060 1030
996 2 2 1 6 1041 1042 762
997 2 2 1 6 398 1035 207
998 2 2 1 6 1036 1085 701
999 2 2 1 6 208 1039 192
1000 2 2 1 6 701 1085 1037
1001 2 2 1 6 701 1037 195
1002 2 2 1 6 207 1035 205
1003 2 2 1 6 537 1085 1061
1004 2 2 1 6 195 1037 193
1005 2 2 1 6 211 1040 217
1006 2 2 1 6 1040 1085 537
1007 2 2 1 6 295 1038 367
1008 2 2 1 6 1061 1085 1036
1009 2 2 1 6 217 1040 537
1010 2 2 1 6 196 1040 211
1011 2 2 1 6 1044 1068 703
1012 2 2 1 6 1043 1068 1044
1013 2 2 1 6 289 1043 219
1014 2 2 1 6 702 1048 214
1015 2 2 1 6 289 1068 1043
1016 2 2 1 6 700 1060 281
1017 2 2 1 6 219 1043 213
1018 2 2 1 6 1046 1064 536
1019 2 2 1 6 1030 1060 700
1020 2 2 1 6 226 1047 535
1021 2 2 1 6 281 1060 215
1022 2 2 1 6 246 1041 701
1023 2 2 1 6 1057 1064 1046
1024 2 2 1 6 221 1057 704
1025 2 2 1 6 264 1048 533
1026 2 2 1 6 218 1047 226
1027 2 2 1 6 704 1057 1046
1028 2 2 1 6 256 1056 248
1029 2 2 1 6 249 1051 1049
1030 2 2 1 6 216 1057 221
1031 2 2 1 6 247 1048 264
1032 2 2 1 6 248 1056 249
1033 2 2 1 6 1049 1059 249
1034 2 2 1 6 249 1056 1051
1035 2 2 1 6 238 1059 233
1036 2 2 1 6 249 1059 238
1037 2 2 1 6 1059 1065 233
1038 2 2 1 6 233 1065 224
1039 2 2 1 6 222 1064 1057
1040 2 2 1 6 1061 1082 537
1041 2 2 1 6 224 1065 225
1042 2 2 1 6 537 1082 223
1043 2 2 1 6 1063 1084 706
1044 2 2 1 6 1062 1084 1063
1045 2 2 1 6 536 1064 242
1046 2 2 1 6 399 1062 267
1047 2 2 1 6 1065 1077 225
1048 2 2 1 6 399 1084 1062
1049 2 2 1 6 267 1062 265
1050 2 2 1 6 242 1064 231
1051 2 2 1 6 703 1068 614
1052 2 2 1 6 225 1077 290
1053 2 2 1 6 582 1084 454
1054 2 2 1 6 223 1082 232
1055 2 2 1 6 454 1084 399
1056 2 2 1 6 614 1068 353
1057 2 2 1 6 706 1084 582
1058 2 2 1 6 1066 1067 251
1059 2 2 1 6 251 1067 258
1060 2 2 1 6 914 1069 648
1061 2 2 1 6 240 1066 251
1062 2 2 1 6 648 1069 516
1063 2 2 1 6 320 1080 1079
1064 2 2 1 6 356 1071 340
1065 2 2 1 6 306 1078 453
1066 2 2 1 6 581 1070 684
1067 2 2 1 6 322 1076 401
1068 2 2 1 6 320 1079 1078
1069 2 2 1 6 321 1080 320
1070 2 2 1 6 319 1076 322
1071 2 2 1 6 307 1078 306
1072 2 2 1 6 356 1073 1071
1073 2 2 1 6 324 1080 321
1074 2 2 1 6 340 1071 241
1075 2 2 1 6 738 1075 826
1076 2 2 1 6 453 1078 707
1077 2 2 1 6 327 1072 329
1078 2 2 1 6 343 1072 400
1079 2 2 1 6 581 682 582
1080 2 2 1 6 319 322 321
1081 2 2 1 6 329 332 330
1082 2 2 1 6 615 841 632
1083 2 2 1 6 683 706 582
1084 2 2 1 6 676 1077 836
1085 2 2 1 6 319 320 307
1086 2 2 1 6 524 1077 676
1087 2 2 1 6 581 684 682
1088 2 2 1 6 343 400 395
1089 2 2 1 6 708 1081 422
1090 2 2 1 6 580 1070 581
1091 2 2 1 6 836 1077 1065
1092 2 2 1 6 327 328 326
1093 2 2 1 6 422 1081 342
1094 2 2 1 6 357 359 358
1095 2 2 1 6 786 822 683
1096 2 2 1 6 705 1036 762
1097 2 2 1 6 1061 1083 1082
1098 2 2 1 6 322 401 325
1099 2 2 1 6 327 1074 1072
1100 2 2 1 6 453 707 580
1101 2 2 1 6 632 792 780
1102 2 2 1 6 239 260 250
1103 2 2 1 6 250 256 248
1104 2 2 1 6 319 321 320
1105 2 2 1 6 341 422 342
1106 2 2 1 6 395 457 396
1107 2 2 1 6 616 703 614
1108 2 2 1 6 250 257 256
1109 2 2 1 6 342 356 340
1110 2 2 1 6 836 1049 835
1111 2 2 1 6 1049 1051 1050
1112 2 2 1 6 676 835 834
1113 2 2 1 6 729 738 730
1114 2 2 1 6 738 826 739
1115 2 2 1 6 809 1075 738
1116 2 2 1 6 258 259 252
1117 2 2 1 6 323 324 321
1118 2 2 1 6 395 396 344
1119 2 2 1 6 357 358 356
1120 2 2 1 6 357 449 359
1121 2 2 1 6 453 454 399
1122 2 2 1 6 580 581 454
1123 2 2 1 6 505 806 708
1124 2 2 1 6 676 836 835
1125 2 2 1 6 836 1065 1059
1126 2 2 1 6 252 536 242
1127 2 2 1 6 268 318 307
1128 2 2 1 6 318 1076 319
1129 2 2 1 6 322 325 323
1130 2 2 1 6 325 326 323
1131 2 2 1 6 325 327 326
1132 2 2 1 6 327 329 328
1133 2 2 1 6 343 344 332
1134 2 2 1 6 339 341 340
1135 2 2 1 6 358 1073 356
1136 2 2 1 6 524 676 675
1137 2 2 1 6 504 505 422
1138 2 2 1 6 306 453 399
1139 2 2 1 6 318 319 307
1140 2 2 1 6 504 620 505
1141 2 2 1 6 705 762 620
1142 2 2 1 6 1049 1050 835
1143 2 2 1 6 251 258 252
1144 2 2 1 6 759 914 648
1145 2 2 1 6 729 809 738
1146 2 2 1 6 322 323 321
1147 2 2 1 6 343 395 344
1148 2 2 1 6 330 331 328
1149 2 2 1 6 341 504 422
1150 2 2 1 6 836 1059 1049
1151 2 2 1 6 339 340 241
1152 2 2 1 6 329 330 328
1153 2 2 1 6 329 343 332
1154 2 2 1 6 341 342 340
1155 2 2 1 6 342 357 356
1156 2 2 1 6 505 708 422
1157 2 2 1 6 342 1081 357
1158 2 2 1 6 676 834 675
1159 2 2 1 6 504 1083 705
1160 2 2 1 6 632 780 616
1161 2 2 1 6 453 580 454
1162 2 2 1 6 613 615 614
1163 2 2 1 6 615 632 616
1164 2 2 1 6 682 683 582
1165 2 2 1 6 615 616 614
1166 2 2 1 6 738 739 730
1167 2 2 1 6 675 759 648
1168 2 2 1 6 705 1061 1036
1169 2 2 1 6 524 675 648
1170 2 2 1 6 727 728 717
1171 2 2 1 6 730 1007 728
1172 2 2 1 6 581 582 454
1173 2 2 1 6 241 1071 1066
1174 2 2 1 6 268 307 306
1175 2 2 1 6 290 1077 524
1176 2 2 1 6 1082 1083 339
1177 2 2 1 6 329 1072 343
1178 2 2 1 6 357 1081 449
1179 2 2 1 6 504 705 620
1180 2 2 1 6 516 1069 613
1181 2 2 1 6 729 730 728
1182 2 2 1 6 251 252 242
1183 2 2 1 6 339 1083 341
1184 2 2 1 6 705 1083 1061
1185 2 2 1 6 727 729 728
1186 2 2 1 6 306 399 267
1187 2 2 1 6 401 1074 325
1188 2 2 1 6 682 786 683
1189 2 2 1 6 320 1078 307
1190 2 2 1 6 248 249 238
1191 2 2 1 6 524 648 516
1192 2 2 1 6 239 250 248
1193 2 2 1 6 341 1083 504
1194 2 2 1 6 1078 1079 707
1195 2 2 1 6 232 1082 339
1196 2 2 1 6 613 614 353
1197 2 2 1 6 240 251 242
1198 2 2 1 6 232 339 241
1199 2 2 1 6 241 1066 240
1200 2 2 1 6 268 306 267
1201 2 2 1 6 325 1074 327
1202 2 2 1 6 716 727 717
1203 2 2 1 6 717 1030 700
1204 2 2 1 6 516 613 353
1205 2 2 1 6 239 248 238
1206 2 2 1 6 290 524 516
1207 2 2 1 6 1062 1063 346
1208 2 2 1 6 704 1046 765
1209 2 2 1 6 765 1016 709
1210 2 2 1 6 240 242 231
1211 2 2 1 6 266 268 267
1212 2 2 1 6 716 717 700
1213 2 2 1 6 232 241 240
1214 2 2 1 6 234 239 238
1215 2 2 1 6 353 1068 289
1216 2 2 1 6 290 516 353
1217 2 2 1 6 631 716 700
1218 2 2 1 6 264 533 266
1219 2 2 1 6 704 765 709
1220 2 2 1 6 265 1062 346
1221 2 2 1 6 232 240 231
1222 2 2 1 6 266 267 265
1223 2 2 1 6 234 238 233
1224 2 2 1 6 226 535 234
1225 2 2 1 6 290 353 289
1226 2 2 1 6 704 709 619
1227 2 2 1 6 631 700 281
1228 2 2 1 6 264 266 265
1229 2 2 1 6 231 1064 222
1230 2 2 1 6 265 346 263
1231 2 2 1 6 223 232 231
1232 2 2 1 6 225 290 289
1233 2 2 1 6 226 234 233
1234 2 2 1 6 217 537 223
1235 2 2 1 6 221 704 619
1236 2 2 1 6 264 265 263
1237 2 2 1 6 619 631 281
1238 2 2 1 6 223 231 222
1239 2 2 1 6 225 289 219
1240 2 2 1 6 226 233 224
1241 2 2 1 6 221 619 281
1242 2 2 1 6 247 264 263
1243 2 2 1 6 222 1057 216
1244 2 2 1 6 217 223 222
1245 2 2 1 6 218 226 224
1246 2 2 1 6 224 225 219
1247 2 2 1 6 217 222 216
1248 2 2 1 6 262 1041 246
1249 2 2 1 6 247 263 262
1250 2 2 1 6 221 281 215
1251 2 2 1 6 1043 1044 398
1252 2 2 1 6 218 224 219
1253 2 2 1 6 247 262 246
1254 2 2 1 6 216 221 215
1255 2 2 1 6 211 217 216
1256 2 2 1 6 214 1048 247
1257 2 2 1 6 300 301 298
1258 2 2 1 6 213 1043 398
1259 2 2 1 6 218 219 213
1260 2 2 1 6 212 1047 218
1261 2 2 1 6 211 216 215
1262 2 2 1 6 214 247 246
1263 2 2 1 6 215 1060 208
1264 2 2 1 6 246 701 195
1265 2 2 1 6 213 398 207
1266 2 2 1 6 297 300 298
1267 2 2 1 6 212 218 213
1268 2 2 1 6 194 702 214
1269 2 2 1 6 211 215 208
1270 2 2 1 6 214 246 195
1271 2 2 1 6 297 298 296
1272 2 2 1 6 212 213 207
1273 2 2 1 6 295 367 297
1274 2 2 1 6 828 878 827
1275 2 2 1 6 1037 1040 196
1276 2 2 1 6 194 214 195
1277 2 2 1 6 196 211 208
1278 2 2 1 6 206 212 207
1279 2 2 1 6 296 299 294
1280 2 2 1 6 295 297 296
1281 2 2 1 6 649 828 827
1282 2 2 1 6 196 208 192
1283 2 2 1 6 194 195 193
1284 2 2 1 6 193 1037 196
1285 2 2 1 6 1037 1085 1040
1286 2 2 1 6 204 237 206
1287 2 2 1 6 205 1035 236
1288 2 2 1 6 206 207 205
1289 2 2 1 6 293 1038 295
1290 2 2 1 6 295 296 294
1291 2 2 1 6 931 932 930
1292 2 2 1 6 649 827 740
1293 2 2 1 6 740 741 638
1294 2 2 1 6 193 196 192
1295 2 2 1 6 185 194 193
1296 2 2 1 6 205 236 203
1297 2 2 1 6 293 295 294
1298 2 2 1 6 204 206 205
1299 2 2 1 6 927 931 930
1300 2 2 1 6 930 956 929
1301 2 2 1 6 649 740 638
1302 2 2 1 6 185 193 192
1303 2 2 1 6 192 1039 184
1304 2 2 1 6 293 294 292
1305 2 2 1 6 292 1033 528
1306 2 2 1 6 204 205 203
1307 2 2 1 6 929 942 926
1308 2 2 1 6 927 930 929
1309 2 2 1 6 629 649 638
1310 2 2 1 6 185 192 184
1311 2 2 1 6 202 204 203
1312 2 2 1 6 292 528 220
1313 2 2 1 6 291 293 292
1314 2 2 1 6 927 929 926
1315 2 2 1 6 629 638 628
1316 2 2 1 6 627 635 629
1317 2 2 1 6 628 1027 985
1318 2 2 1 6 183 185 184
1319 2 2 1 6 184 534 182
1320 2 2 1 6 397 1034 183
1321 2 2 1 6 291 292 220
1322 2 2 1 6 201 1023 978
1323 2 2 1 6 202 203 201
1324 2 2 1 6 200 1020 202
1325 2 2 1 6 928 1022 925
1326 2 2 1 6 925 927 926
1327 2 2 1 6 627 629 628
1328 2 2 1 6 628 985 626
1329 2 2 1 6 183 184 182
1330 2 2 1 6 181 397 183
1331 2 2 1 6 974 975 798
1332 2 2 1 6 199 291 220
1333 2 2 1 6 200 202 201
1334 2 2 1 6 201 978 198
1335 2 2 1 6 923 928 925
1336 2 2 1 6 925 926 924
1337 2 2 1 6 697 1112 1026
1338 2 2 1 6 702 1362 956
1339 2 2 1 6 627 628 626
1340 2 2 1 6 898 1139 749
1341 2 2 1 6 814 825 824
1342 2 2 1 6 182 1028 180
1343 2 2 1 6 181 183 182
1344 2 2 1 6 851 1341 789
1345 2 2 1 6 800 974 798
1346 2 2 1 6 697 1113 1112
1347 2 2 1 6 199 220 200
1348 2 2 1 6 200 201 198
1349 2 2 1 6 970 1427 260
1350 2 2 1 6 923 925 924
1351 2 2 1 6 625 627 626
1352 2 2 1 6 814 824 823
1353 2 2 1 6 881 1348 880
1354 2 2 1 6 181 182 180
1355 2 2 1 6 310 1128 376
1356 2 2 1 6 351 1396 973
1357 2 2 1 6 961 1461 517
1358 2 2 1 6 797 800 798
1359 2 2 1 6 1168 1204 446
1360 2 2 1 6 487 1303 485
1361 2 2 1 6 43 714 44
1362 2 2 1 6 44 1086 45
1363 2 2 1 6 47 244 48
1364 2 2 1 6 65 243 66
1365 2 2 1 6 67 403 68
1366 2 2 1 6 45 402 46
1367 2 2 1 6 69 713 70
1368 2 2 1 6 619 1097 631
1369 2 2 1 6 368 1161 315
1370 2 2 1 6 571 622 406
1371 2 2 1 6 364 630 269
1372 2 2 1 6 349 411 410
1373 2 2 1 6 1428 1441 684
1374 2 2 1 6 31 464 30
1375 2 2 1 6 25 228 24
1376 2 2 1 6 28 255 27
1377 2 2 1 6 23 510 22
1378 2 2 1 6 1008 1100 478
1379 2 2 1 6 197 1440 944
1380 2 2 1 6 199 200 198
1381 2 2 1 6 35 1017 34
1382 2 2 1 6 37 1443 1393
1383 2 2 1 6 377 1100 463
1384 2 2 1 6 714 1087 1086
1385 2 2 1 6 989 1178 594
1386 2 2 1 6 573 1106 572
1387 2 2 1 6 1094 1317 1093
1388 2 2 1 6 923 924 921
1389 2 2 1 6 799 1437 646
1390 2 2 1 6 459 1108 382
1391 2 2 1 6 367 1096 1021
1392 2 2 1 6 867 1436 933
1393 2 2 1 6 572 1106 650
1394 2 2 1 6 714 1086 44
1395 2 2 1 6 45 1086 402
1396 2 2 1 6 698 699 596
1397 2 2 1 6 709 1097 619
1398 2 2 1 6 625 626 624
1399 2 2 1 6 623 677 625
1400 2 2 1 6 618 1107 567
1401 2 2 1 6 382 1108 384
1402 2 2 1 6 724 1136 882
1403 2 2 1 6 772 1272 897
1404 2 2 1 6 1013 1113 697
1405 2 2 1 6 921 1006 920
1406 2 2 1 6 814 823 813
1407 2 2 1 6 71 1389 245
1408 2 2 1 6 1026 1112 536
1409 2 2 1 6 953 1367 951
1410 2 2 1 6 536 1112 1046
1411 2 2 1 6 440 1100 377
1412 2 2 1 6 480 481 479
1413 2 2 1 6 280 311 310
1414 2 2 1 6 180 191 177
1415 2 2 1 6 179 181 180
1416 2 2 1 6 762 1114 620
1417 2 2 1 6 260 1101 1031
1418 2 2 1 6 1031 1101 1032
1419 2 2 1 6 1001 1287 718
1420 2 2 1 6 499 1426 487
1421 2 2 1 6 278 280 279
1422 2 2 1 6 84 452 83
1423 2 2 1 6 797 798 796
1424 2 2 1 6 575 1465 421
1425 2 2 1 6 484 594 486
1426 2 2 1 6 609 1196 610
1427 2 2 1 6 1103 1191 1190
1428 2 2 1 6 819 1207 1096
1429 2 2 1 6 473 474 440
1430 2 2 1 6 300 304 302
1431 2 2 1 6 992 1126 766
1432 2 2 1 6 315 687 311
1433 2 2 1 6 276 278 277
1434 2 2 1 6 650 1106 838
1435 2 2 1 6 746 1107 618
1436 2 2 1 6 971 1370 947
1437 2 2 1 6 641 816 737
1438 2 2 1 6 768 971 643
1439 2 2 1 6 257 271 270
1440 2 2 1 6 191 1130 177
1441 2 2 1 6 781 1209 1160
1442 2 2 1 6 715 1158 1150
1443 2 2 1 6 1126 1148 716
1444 2 2 1 6 561 562 560
1445 2 2 1 6 350 830 696
1446 2 2 1 6 696 994 364
1447 2 2 1 6 559 560 558
1448 2 2 1 6 742 1157 601
1449 2 2 1 6 557 558 556
1450 2 2 1 6 87 254 86
1451 2 2 1 6 90 227 89
1452 2 2 1 6 92 515 91
1453 2 2 1 6 1215 1216 1214
1454 2 2 1 6 555 556 554
1455 2 2 1 6 273 276 275
1456 2 2 1 6 237 1123 206
1457 2 2 1 6 212 1123 1047
1458 2 2 1 6 1087 1117 1086
1459 2 2 1 6 562 958 564
1460 2 2 1 6 174 1156 350
1461 2 2 1 6 974 1111 975
1462 2 2 1 6 495 1175 1148
1463 2 2 1 6 795 799 646
1464 2 2 1 6 631 1126 716
1465 2 2 1 6 197 199 198
1466 2 2 1 6 1006 1353 187
1467 2 2 1 6 1046 1112 765
1468 2 2 1 6 1190 1356 599
1469 2 2 1 6 1112 1113 765
1470 2 2 1 6 707 1127 580
1471 2 2 1 6 765 1113 1016
1472 2 2 1 6 397 1374 942
1473 2 2 1 6 966 988 965
1474 2 2 1 6 1253 1415 854
1475 2 2 1 6 743 1129 660
1476 2 2 1 6 257 270 256
1477 2 2 1 6 1042 1114 762
1478 2 2 1 6 959 1145 754
1479 2 2 1 6 569 1014 571
1480 2 2 1 6 1296 1474 1162
1481 2 2 1 6 964 1165 354
1482 2 2 1 6 1104 1290 1105
1483 2 2 1 6 304 317 316
1484 2 2 1 6 557 1444 621
1485 2 2 1 6 883 1120 1011
1486 2 2 1 6 1135 1231 686
1487 2 2 1 6 64 987 65
1488 2 2 1 6 553 554 552
1489 2 2 1 6 383 527 381
1490 2 2 1 6 6 1338 1252
1491 2 2 1 6 258 1067 274
1492 2 2 1 6 1051 1056 1053
1493 2 2 1 6 922 923 921
1494 2 2 1 6 741 1157 1027
1495 2 2 1 6 1165 1443 354
1496 2 2 1 6 370 379 378
1497 2 2 1 6 574 1073 358
1498 2 2 1 6 897 1349 995
1499 2 2 1 6 623 624 622
1500 2 2 1 6 873 875 874
1501 2 2 1 6 1335 1372 653
1502 2 2 1 6 801 1090 976
1503 2 2 1 6 833 1469 959
1504 2 2 1 6 812 814 813
1505 2 2 1 6 972 1169 720
1506 2 2 1 6 882 883 881
1507 2 2 1 6 1086 1117 402
1508 2 2 1 6 482 483 481
1509 2 2 1 6 855 1415 1260
1510 2 2 1 6 480 599 482
1511 2 2 1 6 1183 1471 1087
1512 2 2 1 6 623 625 624
1513 2 2 1 6 485 1212 483
1514 2 2 1 6 656 1223 1145
1515 2 2 1 6 421 897 519
1516 2 2 1 6 509 919 507
1517 2 2 1 6 1279 1311 637
1518 2 2 1 6 647 797 796
1519 2 2 1 6 228 1424 1154
1520 2 2 1 6 822 1315 1044
1521 2 2 1 6 913 1468 457
1522 2 2 1 6 810 1379 662
1523 2 2 1 6 796 915 795
1524 2 2 1 6 523 1274 1099
1525 2 2 1 6 570 670 569
1526 2 2 1 6 258 272 259
1527 2 2 1 6 346 1336 1189
1528 2 2 1 6 992 1148 1126
1529 2 2 1 6 1067 1166 747
1530 2 2 1 6 206 1123 212
1531 2 2 1 6 176 187 179
1532 2 2 1 6 1097 1126 631
1533 2 2 1 6 1019 1300 679
1534 2 2 1 6 480 1102 599
1535 2 2 1 6 680 1196 609
1536 2 2 1 6 1066 1166 1067
1537 2 2 1 6 1073 1166 1071
1538 2 2 1 6 1178 1346 1122
1539 2 2 1 6 952 953 951
1540 2 2 1 6 806 1345 1069
1541 2 2 1 6 859 900 899
1542 2 2 1 6 621 1180 941
1543 2 2 1 6 492 494 493
1544 2 2 1 6 817 1200 819
1545 2 2 1 6 924 1006 921
1546 2 2 1 6 766 1126 1097
1547 2 2 1 6 993 1221 451
1548 2 2 1 6 1171 1317 1094
1549 2 2 1 6 547 606 548
1550 2 2 1 6 957 1364 423
1551 2 2 1 6 179 180 177
1552 2 2 1 6 580 1127 1070
1553 2 2 1 6 917 1314 1168
1554 2 2 1 6 474 480 479
1555 2 2 1 6 359 360 358
1556 2 2 1 6 272 273 259
1557 2 2 1 6 1103 1325 1191
1558 2 2 1 6 660 1129 746
1559 2 2 1 6 256 1140 1056
1560 2 2 1 6 571 623 622
1561 2 2 1 6 490 1215 491
1562 2 2 1 6 816 818 817
1563 2 2 1 6 429 430 428
1564 2 2 1 6 633 1449 891
1565 2 2 1 6 317 363 362
1566 2 2 1 6 258 274 272
1567 2 2 1 6 282 1320 1312
1568 2 2 1 6 450 1453 896
1569 2 2 1 6 285 1382 371
1570 2 2 1 6 411 413 412
1571 2 2 1 6 38 1443 37
1572 2 2 1 6 1122 1346 885
1573 2 2 1 6 1135 1379 810
1574 2 2 1 6 543 1132 9
1575 2 2 1 6 722 1136 724
1576 2 2 1 6 862 1307 861
1577 2 2 1 6 934 1207 369
1578 2 2 1 6 727 1175 729
1579 2 2 1 6 448 731 604
1580 2 2 1 6 978 1156 178
1581 2 2 1 6 360 574 358
1582 2 2 1 6 653 1119 530
1583 2 2 1 6 720 804 719
1584 2 2 1 6 350 1156 830
1585 2 2 1 6 51 1431 52
1586 2 2 1 6 832 1301 938
1587 2 2 1 6 1018 1198 253
1588 2 2 1 6 439 473 440
1589 2 2 1 6 432 1452 430
1590 2 2 1 6 300 302 301
1591 2 2 1 6 472 846 368
1592 2 2 1 6 731 793 732
1593 2 2 1 6 359 361 360
1594 2 2 1 6 1032 1284 404
1595 2 2 1 6 484 485 483
1596 2 2 1 6 413 1455 415
1597 2 2 1 6 870 1198 1179
1598 2 2 1 6 674 852 500
1599 2 2 1 6 426 1201 1151
1600 2 2 1 6 805 864 586
1601 2 2 1 6 585 586 584
1602 2 2 1 6 583 584 514
1603 2 2 1 6 376 721 439
1604 2 2 1 6 243 1433 915
1605 2 2 1 6 189 1436 1258
1606 2 2 1 6 1051 1052 1050
1607 2 2 1 6 941 1422 573
1608 2 2 1 6 441 442 375
1609 2 2 1 6 80 1195 79
1610 2 2 1 6 350 696 364
1611 2 2 1 6 1154 1155 790
1612 2 2 1 6 796 1289 915
1613 2 2 1 6 1051 1053 1052
1614 2 2 1 6 1017 1018 34
1615 2 2 1 6 376 1128 721
1616 2 2 1 6 689 1003 917
1617 2 2 1 6 1073 1220 1166
1618 2 2 1 6 262 1189 1042
1619 2 2 1 6 346 1189 263
1620 2 2 1 6 486 487 485
1621 2 2 1 6 488 489 487
1622 2 2 1 6 493 1215 490
1623 2 2 1 6 490 491 489
1624 2 2 1 6 495 1148 992
1625 2 2 1 6 513 514 512
1626 2 2 1 6 374 375 373
1627 2 2 1 6 678 680 609
1628 2 2 1 6 747 770 602
1629 2 2 1 6 1251 1399 17
1630 2 2 1 6 69 1185 713
1631 2 2 1 6 403 1185 68
1632 2 2 1 6 601 1157 756
1633 2 2 1 6 790 810 662
1634 2 2 1 6 178 1156 174
1635 2 2 1 6 1020 1397 878
1636 2 2 1 6 451 1406 993
1637 2 2 1 6 2 1246 42
1638 2 2 1 6 715 815 657
1639 2 2 1 6 1110 1293 900
1640 2 2 1 6 677 1236 625
1641 2 2 1 6 1145 1447 656
1642 2 2 1 6 1119 1306 745
1643 2 2 1 6 854 1415 855
1644 2 2 1 6 877 920 876
1645 2 2 1 6 1168 1314 770
1646 2 2 1 6 565 958 562
1647 2 2 1 6 782 1329 946
1648 2 2 1 6 993 1151 849
1649 2 2 1 6 474 1102 480
1650 2 2 1 6 918 1459 423
1651 2 2 1 6 703 1473 1045
1652 2 2 1 6 14 1415 1253
1653 2 2 1 6 303 365 301
1654 2 2 1 6 270 1140 256
1655 2 2 1 6 314 1265 1116
1656 2 2 1 6 801 976 691
1657 2 2 1 6 635 1236 969
1658 2 2 1 6 721 1142 1141
1659 2 2 1 6 197 198 178
1660 2 2 1 6 716 1148 727
1661 2 2 1 6 569 571 406
1662 2 2 1 6 350 364 269
1663 2 2 1 6 1146 1224 800
1664 2 2 1 6 657 1216 498
1665 2 2 1 6 976 1420 227
1666 2 2 1 6 627 1236 635
1667 2 2 1 6 951 1221 993
1668 2 2 1 6 816 1407 818
1669 2 2 1 6 1071 1166 1066
1670 2 2 1 6 1105 1325 1103
1671 2 2 1 6 893 1369 895
1672 2 2 1 6 950 952 951
1673 2 2 1 6 756 1159 945
1674 2 2 1 6 473 1102 474
1675 2 2 1 6 1052 1055 1050
1676 2 2 1 6 846 1161 368
1677 2 2 1 6 1162 1418 1296
1678 2 2 1 6 299 1205 1033
1679 2 2 1 6 877 922 921
1680 2 2 1 6 405 570 569
1681 2 2 1 6 366 465 365
1682 2 2 1 6 73 1469 72
1683 2 2 1 6 1198 1203 253
1684 2 2 1 6 577 995 692
1685 2 2 1 6 526 617 409
1686 2 2 1 6 1191 1338 990
1687 2 2 1 6 976 1146 691
1688 2 2 1 6 235 1093 1092
1689 2 2 1 6 812 1186 814
1690 2 2 1 6 751 1294 889
1691 2 2 1 6 291 1209 293
1692 2 2 1 6 309 1137 987
1693 2 2 1 6 1056 1140 1053
1694 2 2 1 6 253 1149 32
1695 2 2 1 6 960 1461 961
1696 2 2 1 6 473 1104 1102
1697 2 2 1 6 606 678 609
1698 2 2 1 6 692 791 722
1699 2 2 1 6 79 1195 261
1700 2 2 1 6 608 913 873
1701 2 2 1 6 835 1292 834
1702 2 2 1 6 1189 1336 792
1703 2 2 1 6 570 681 670
1704 2 2 1 6 323 1277 324
1705 2 2 1 6 975 1289 798
1706 2 2 1 6 37 1343 36
1707 2 2 1 6 714 1164 1087
1708 2 2 1 6 370 378 363
1709 2 2 1 6 984 1200 459
1710 2 2 1 6 434 437 435
1711 2 2 1 6 749 1139 751
1712 2 2 1 6 893 1401 605
1713 2 2 1 6 1042 1454 1114
1714 2 2 1 6 480 482 481
1715 2 2 1 6 418 420 417
1716 2 2 1 6 642 643 617
1717 2 2 1 6 1092 1369 1225
1718 2 2 1 6 304 316 302
1719 2 2 1 6 423 1459 957
1720 2 2 1 6 76 1450 75
1721 2 2 1 6 692 995 791
1722 2 2 1 6 173 197 178
1723 2 2 1 6 384 385 383
1724 2 2 1 6 989 991 990
1725 2 2 1 6 861 1450 718
1726 2 2 1 6 384 386 385
1727 2 2 1 6 1055 1335 550
1728 2 2 1 6 813 1154 694
1729 2 2 1 6 62 1281 63
1730 2 2 1 6 949 993 849
1731 2 2 1 6 818 1407 1110
1732 2 2 1 6 622 1211 406
1733 2 2 1 6 165 980 171
1734 2 2 1 6 501 979 190
1735 2 2 1 6 1004 1398 331
1736 2 2 1 6 261 1313 997
1737 2 2 1 6 381 1098 379
1738 2 2 1 6 681 844 670
1739 2 2 1 6 1029 1130 191
1740 2 2 1 6 815 1198 870
1741 2 2 1 6 812 813 694
1742 2 2 1 6 570 782 681
1743 2 2 1 6 996 997 793
1744 2 2 1 6 332 345 330
1745 2 2 1 6 909 1180 910
1746 2 2 1 6 24 1173 23
1747 2 2 1 6 29 1174 28
1748 2 2 1 6 507 587 508
1749 2 2 1 6 32 1149 31
1750 2 2 1 6 540 979 501
1751 2 2 1 6 344 1143 332
1752 2 2 1 6 729 1175 809
1753 2 2 1 6 707 1413 1127
1754 2 2 1 6 568 958 565
1755 2 2 1 6 176 179 177
1756 2 2 1 6 741 1276 1157
1757 2 2 1 6 396 424 344
1758 2 2 1 6 956 1432 702
1759 2 2 1 6 922 1323 923
1760 2 2 1 6 1044 1315 398
1761 2 2 1 6 1012 1163 607
1762 2 2 1 6 23 1173 510
1763 2 2 1 6 228 1173 24
1764 2 2 1 6 28 1174 255
1765 2 2 1 6 885 1467 494
1766 2 2 1 6 31 1149 464
1767 2 2 1 6 916 1363 450
1768 2 2 1 6 483 1212 495
1769 2 2 1 6 535 1322 234
1770 2 2 1 6 239 1322 260
1771 2 2 1 6 911 1436 189
1772 2 2 1 6 491 1213 986
1773 2 2 1 6 749 751 750
1774 2 2 1 6 685 1135 686
1775 2 2 1 6 464 1182 30
1776 2 2 1 6 1108 1109 477
1777 2 2 1 6 1149 1150 464
1778 2 2 1 6 1221 1319 451
1779 2 2 1 6 91 1176 90
1780 2 2 1 6 86 1177 85
1781 2 2 1 6 467 1334 469
1782 2 2 1 6 954 1181 953
1783 2 2 1 6 735 966 965
1784 2 2 1 6 30 1182 29
1785 2 2 1 6 527 1098 381
1786 2 2 1 6 724 882 881
1787 2 2 1 6 1114 1404 620
1788 2 2 1 6 824 1183 823
1789 2 2 1 6 1147 1171 666
1790 2 2 1 6 751 889 752
1791 2 2 1 6 431 432 430
1792 2 2 1 6 502 634 611
1793 2 2 1 6 174 269 172
1794 2 2 1 6 405 406 333
1795 2 2 1 6 271 1244 285
1796 2 2 1 6 1142 1290 1141
1797 2 2 1 6 533 1344 266
1798 2 2 1 6 268 1344 318
1799 2 2 1 6 570 1283 782
1800 2 2 1 6 615 1345 841
1801 2 2 1 6 1069 1345 613
1802 2 2 1 6 187 1374 179
1803 2 2 1 6 863 1455 1302
1804 2 2 1 6 413 415 414
1805 2 2 1 6 67 1331 403
1806 2 2 1 6 243 1331 66
1807 2 2 1 6 932 1351 930
1808 2 2 1 6 647 796 795
1809 2 2 1 6 494 496 493
1810 2 2 1 6 5 1285 1125
1811 2 2 1 6 942 1353 926
1812 2 2 1 6 900 1293 899
1813 2 2 1 6 877 921 920
1814 2 2 1 6 966 989 988
1815 2 2 1 6 473 1141 1104
1816 2 2 1 6 181 1374 397
1817 2 2 1 6 820 1003 689
1818 2 2 1 6 1038 1206 367
1819 2 2 1 6 236 1357 1024
1820 2 2 1 6 1196 1330 610
1821 2 2 1 6 902 903 160
1822 2 2 1 6 905 906 164
1823 2 2 1 6 834 1358 675
1824 2 2 1 6 1034 1362 702
1825 2 2 1 6 1020 1361 202
1826 2 2 1 6 589 657 498
1827 2 2 1 6 204 1361 237
1828 2 2 1 6 467 468 466
1829 2 2 1 6 995 1349 791
1830 2 2 1 6 68 1185 69
1831 2 2 1 6 562 564 563
1832 2 2 1 6 530 1119 744
1833 2 2 1 6 1072 1378 400
1834 2 2 1 6 1127 1413 807
1835 2 2 1 6 813 1327 1154
1836 2 2 1 6 271 284 270
1837 2 2 1 6 841 1404 1114
1838 2 2 1 6 630 1210 269
1839 2 2 1 6 1249 1376 874
1840 2 2 1 6 331 1398 328
1841 2 2 1 6 469 470 468
1842 2 2 1 6 168 591 170
1843 2 2 1 6 312 590 388
1844 2 2 1 6 532 641 640
1845 2 2 1 6 788 789 543
1846 2 2 1 6 1081 1400 449
1847 2 2 1 6 90 1176 227
1848 2 2 1 6 254 1177 86
1849 2 2 1 6 515 1176 91
1850 2 2 1 6 903 904 160
1851 2 2 1 6 906 907 164
1852 2 2 1 6 720 1470 1337
1853 2 2 1 6 505 1404 806
1854 2 2 1 6 457 1468 396
1855 2 2 1 6 1166 1220 747
1856 2 2 1 6 354 1443 38
1857 2 2 1 6 841 1454 632
1858 2 2 1 6 682 1416 786
1859 2 2 1 6 956 1438 929
1860 2 2 1 6 1048 1432 533
1861 2 2 1 6 564 596 595
1862 2 2 1 6 245 1246 2
1863 2 2 1 6 263 1189 262
1864 2 2 1 6 1055 1292 1050
1865 2 2 1 6 317 362 316
1866 2 2 1 6 1 1403 43
1867 2 2 1 6 20 1403 1
1868 2 2 1 6 550 1292 1055
1869 2 2 1 6 488 492 490
1870 2 2 1 6 396 425 424
1871 2 2 1 6 994 1402 807
1872 2 2 1 6 271 285 284
1873 2 2 1 6 853 1088 634
1874 2 2 1 6 694 1154 790
1875 2 2 1 6 379 1098 448
1876 2 2 1 6 720 1337 804
1877 2 2 1 6 423 1364 962
1878 2 2 1 6 1205 1316 1033
1879 2 2 1 6 746 1291 1286
1880 2 2 1 6 280 314 311
1881 2 2 1 6 1150 1203 715
1882 2 2 1 6 550 1335 442
1883 2 2 1 6 386 461 460
1884 2 2 1 6 482 484 483
1885 2 2 1 6 982 1366 776
1886 2 2 1 6 774 1365 983
1887 2 2 1 6 1172 1229 671
1888 2 2 1 6 402 1227 1009
1889 2 2 1 6 286 1140 270
1890 2 2 1 6 439 1141 473
1891 2 2 1 6 594 1178 1122
1892 2 2 1 6 919 1241 960
1893 2 2 1 6 427 429 428
1894 2 2 1 6 991 1190 990
1895 2 2 1 6 1152 1153 862
1896 2 2 1 6 742 1383 985
1897 2 2 1 6 1114 1454 841
1898 2 2 1 6 691 955 520
1899 2 2 1 6 273 308 276
1900 2 2 1 6 302 303 301
1901 2 2 1 6 371 1193 408
1902 2 2 1 6 712 768 643
1903 2 2 1 6 199 1160 291
1904 2 2 1 6 229 1462 1257
1905 2 2 1 6 461 552 551
1906 2 2 1 6 518 812 694
1907 2 2 1 6 691 1146 955
1908 2 2 1 6 464 1380 1182
1909 2 2 1 6 721 1141 439
1910 2 2 1 6 745 1237 1119
1911 2 2 1 6 731 732 604
1912 2 2 1 6 411 412 410
1913 2 2 1 6 747 1220 770
1914 2 2 1 6 884 1273 441
1915 2 2 1 6 379 448 378
1916 2 2 1 6 314 315 311
1917 2 2 1 6 113 1242 162
1918 2 2 1 6 498 1215 493
1919 2 2 1 6 667 862 861
1920 2 2 1 6 942 1438 397
1921 2 2 1 6 1358 1408 759
1922 2 2 1 6 761 821 611
1923 2 2 1 6 487 1426 1303
1924 2 2 1 6 174 350 269
1925 2 2 1 6 634 761 611
1926 2 2 1 6 405 569 406
1927 2 2 1 6 457 1405 913
1928 2 2 1 6 924 1353 1006
1929 2 2 1 6 785 1172 671
1930 2 2 1 6 746 1286 1107
1931 2 2 1 6 855 1115 725
1932 2 2 1 6 616 1473 703
1933 2 2 1 6 810 1231 1135
1934 2 2 1 6 1258 1285 5
1935 2 2 1 6 589 1158 715
1936 2 2 1 6 669 801 691
1937 2 2 1 6 1012 1184 997
1938 2 2 1 6 920 1271 876
1939 2 2 1 6 274 455 272
1940 2 2 1 6 485 1303 1212
1941 2 2 1 6 383 1163 527
1942 2 2 1 6 757 758 680
1943 2 2 1 6 740 1205 741
1944 2 2 1 6 817 819 737
1945 2 2 1 6 598 1168 446
1946 2 2 1 6 274 602 455
1947 2 2 1 6 773 1409 1095
1948 2 2 1 6 37 1393 1343
1949 2 2 1 6 82 1464 235
1950 2 2 1 6 437 517 438
1951 2 2 1 6 285 371 352
1952 2 2 1 6 884 1408 1358
1953 2 2 1 6 829 1389 833
1954 2 2 1 6 944 980 639
1955 2 2 1 6 288 983 335
1956 2 2 1 6 390 982 313
1957 2 2 1 6 387 981 169
1958 2 2 1 6 694 790 662
1959 2 2 1 6 361 373 372
1960 2 2 1 6 371 408 407
1961 2 2 1 6 546 547 545
1962 2 2 1 6 421 519 420
1963 2 2 1 6 1145 1223 563
1964 2 2 1 6 521 764 661
1965 2 2 1 6 276 1170 278
1966 2 2 1 6 355 456 447
1967 2 2 1 6 366 466 465
1968 2 2 1 6 361 372 360
1969 2 2 1 6 442 444 443
1970 2 2 1 6 284 286 270
1971 2 2 1 6 597 598 446
1972 2 2 1 6 603 802 455
1973 2 2 1 6 445 446 372
1974 2 2 1 6 688 689 598
1975 2 2 1 6 654 655 511
1976 2 2 1 6 771 820 689
1977 2 2 1 6 526 642 617
1978 2 2 1 6 395 1339 457
1979 2 2 1 6 544 545 542
1980 2 2 1 6 176 1226 187
1981 2 2 1 6 1053 1054 1052
1982 2 2 1 6 484 486 485
1983 2 2 1 6 456 576 538
1984 2 2 1 6 444 530 529
1985 2 2 1 6 576 719 663
1986 2 2 1 6 816 817 737
1987 2 2 1 6 496 498 493
1988 2 2 1 6 530 744 695
1989 2 2 1 6 486 488 487
1990 2 2 1 6 488 490 489
1991 2 2 1 6 1154 1424 1155
1992 2 2 1 6 793 794 732
1993 2 2 1 6 472 847 846
1994 2 2 1 6 782 946 783
1995 2 2 1 6 1117 1227 402
1996 2 2 1 6 706 1381 1063
1997 2 2 1 6 42 1194 41
1998 2 2 1 6 940 973 690
1999 2 2 1 6 529 939 443
2000 2 2 1 6 475 1324 1142
2001 2 2 1 6 1120 1188 1011
2002 2 2 1 6 587 685 588
2003 2 2 1 6 663 711 538
2004 2 2 1 6 905 1210 906
2005 2 2 1 6 994 1434 364
2006 2 2 1 6 1017 1179 1018
2007 2 2 1 6 637 1311 624
2008 2 2 1 6 452 1464 83
2009 2 2 1 6 36 1343 283
2010 2 2 1 6 425 512 511
2011 2 2 1 6 795 1433 799
2012 2 2 1 6 421 1349 897
2013 2 2 1 6 495 1212 1175
2014 2 2 1 6 597 690 688
2015 2 2 1 6 654 779 763
2016 2 2 1 6 507 508 497
2017 2 2 1 6 908 909 907
2018 2 2 1 6 546 726 549
2019 2 2 1 6 407 476 352
2020 2 2 1 6 84 1243 452
2021 2 2 1 6 433 434 432
2022 2 2 1 6 389 390 313
2023 2 2 1 6 175 387 169
2024 2 2 1 6 503 540 501
2025 2 2 1 6 781 944 639
2026 2 2 1 6 288 335 334
2027 2 2 1 6 1029 1235 1130
2028 2 2 1 6 29 1182 1174
2029 2 2 1 6 900 1217 1109
2030 2 2 1 6 1157 1276 756
2031 2 2 1 6 415 417 416
2032 2 2 1 6 1162 1219 687
2033 2 2 1 6 521 592 476
2034 2 2 1 6 661 811 592
2035 2 2 1 6 1182 1380 767
2036 2 2 1 6 303 366 365
2037 2 2 1 6 790 1391 810
2038 2 2 1 6 837 943 711
2039 2 2 1 6 541 760 544
2040 2 2 1 6 948 1446 943
2041 2 2 1 6 791 1136 722
2042 2 2 1 6 460 607 385
2043 2 2 1 6 974 1377 515
2044 2 2 1 6 589 715 657
2045 2 2 1 6 355 368 315
2046 2 2 1 6 459 1200 1197
2047 2 2 1 6 625 1236 627
2048 2 2 1 6 1179 1198 1018
2049 2 2 1 6 578 664 577
2050 2 2 1 6 667 1152 862
2051 2 2 1 6 1137 1326 987
2052 2 2 1 6 875 877 876
2053 2 2 1 6 749 750 699
2054 2 2 1 6 667 718 551
2055 2 2 1 6 394 1463 392
2056 2 2 1 6 804 1363 916
2057 2 2 1 6 337 1460 349
2058 2 2 1 6 653 1372 1054
2059 2 2 1 6 22 1350 21
2060 2 2 1 6 960 1241 733
2061 2 2 1 6 1129 1291 746
2062 2 2 1 6 1019 1179 1017
2063 2 2 1 6 963 1312 964
2064 2 2 1 6 1312 1320 779
2065 2 2 1 6 808 892 758
2066 2 2 1 6 562 563 560
2067 2 2 1 6 558 656 556
2068 2 2 1 6 1090 1420 976
2069 2 2 1 6 278 1265 280
2070 2 2 1 6 753 754 595
2071 2 2 1 6 1121 1284 1032
2072 2 2 1 6 1014 1284 1121
2073 2 2 1 6 789 1132 543
2074 2 2 1 6 404 1244 271
2075 2 2 1 6 678 757 680
2076 2 2 1 6 1237 1423 744
2077 2 2 1 6 554 1152 552
2078 2 2 1 6 386 460 385
2079 2 2 1 6 541 542 540
2080 2 2 1 6 391 392 390
2081 2 2 1 6 335 337 336
2082 2 2 1 6 872 1199 999
2083 2 2 1 6 1179 1233 870
2084 2 2 1 6 687 1219 1128
2085 2 2 1 6 829 833 754
2086 2 2 1 6 1149 1203 1150
2087 2 2 1 6 889 1124 890
2088 2 2 1 6 589 1218 1158
2089 2 2 1 6 447 472 368
2090 2 2 1 6 497 1218 496
2091 2 2 1 6 574 1220 1073
2092 2 2 1 6 782 783 681
2093 2 2 1 6 993 1406 1151
2094 2 2 1 6 752 1118 750
2095 2 2 1 6 1212 1303 809
2096 2 2 1 6 235 1464 1093
2097 2 2 1 6 912 1099 998
2098 2 2 1 6 26 1424 25
2099 2 2 1 6 462 979 787
2100 2 2 1 6 639 980 531
2101 2 2 1 6 313 982 209
2102 2 2 1 6 210 983 288
2103 2 2 1 6 169 981 167
2104 2 2 1 6 1155 1424 26
2105 2 2 1 6 1069 1451 806
2106 2 2 1 6 759 1264 914
2107 2 2 1 6 642 712 643
2108 2 2 1 6 769 1240 1138
2109 2 2 1 6 807 1402 1127
2110 2 2 1 6 843 1272 772
2111 2 2 1 6 337 349 348
2112 2 2 1 6 393 394 392
2113 2 2 1 6 1151 1201 847
2114 2 2 1 6 811 1237 592
2115 2 2 1 6 642 769 712
2116 2 2 1 6 92 1328 515
2117 2 2 1 6 85 1243 84
2118 2 2 1 6 916 1395 1268
2119 2 2 1 6 367 1206 1096
2120 2 2 1 6 804 916 719
2121 2 2 1 6 1142 1324 1290
2122 2 2 1 6 63 1281 309
2123 2 2 1 6 272 1192 273
2124 2 2 1 6 751 752 750
2125 2 2 1 6 641 737 736
2126 2 2 1 6 654 1228 779
2127 2 2 1 6 378 1234 363
2128 2 2 1 6 889 890 752
2129 2 2 1 6 864 865 586
2130 2 2 1 6 584 612 514
2131 2 2 1 6 366 467 466
2132 2 2 1 6 1045 1381 706
2133 2 2 1 6 1015 1411 855
2134 2 2 1 6 442 443 375
2135 2 2 1 6 429 431 430
2136 2 2 1 6 714 1403 1164
2137 2 2 1 6 176 177 175
2138 2 2 1 6 173 178 174
2139 2 2 1 6 89 1420 88
2140 2 2 1 6 1175 1212 809
2141 2 2 1 6 459 1197 1108
2142 2 2 1 6 807 1413 743
2143 2 2 1 6 517 1379 961
2144 2 2 1 6 966 1178 989
2145 2 2 1 6 413 414 412
2146 2 2 1 6 161 1271 1131
2147 2 2 1 6 88 1442 87
2148 2 2 1 6 293 1209 1038
2149 2 2 1 6 606 679 678
2150 2 2 1 6 1268 1395 1368
2151 2 2 1 6 1128 1219 721
2152 2 2 1 6 647 795 646
2153 2 2 1 6 492 493 490
2154 2 2 1 6 739 1235 1029
2155 2 2 1 6 349 410 409
2156 2 2 1 6 740 1316 1205
2157 2 2 1 6 564 595 563
2158 2 2 1 6 1033 1316 528
2159 2 2 1 6 88 1420 1090
2160 2 2 1 6 472 848 847
2161 2 2 1 6 467 469 468
2162 2 2 1 6 596 753 595
2163 2 2 1 6 332 1143 345
2164 2 2 1 6 794 887 732
2165 2 2 1 6 362 671 316
2166 2 2 1 6 1090 1442 88
2167 2 2 1 6 517 1461 438
2168 2 2 1 6 814 1186 825
2169 2 2 1 6 1115 1411 977
2170 2 2 1 6 1095 1466 773
2171 2 2 1 6 424 1143 344
2172 2 2 1 6 1296 1418 668
2173 2 2 1 6 426 427 394
2174 2 2 1 6 1108 1197 1109
2175 2 2 1 6 425 511 424
2176 2 2 1 6 461 551 460
2177 2 2 1 6 448 604 458
2178 2 2 1 6 665 772 664
2179 2 2 1 6 448 458 378
2180 2 2 1 6 721 1219 1142
2181 2 2 1 6 552 667 551
2182 2 2 1 6 1050 1292 835
2183 2 2 1 6 362 784 671
2184 2 2 1 6 285 352 284
2185 2 2 1 6 712 891 768
2186 2 2 1 6 452 1243 1095
2187 2 2 1 6 860 1462 1254
2188 2 2 1 6 664 995 577
2189 2 2 1 6 391 668 393
2190 2 2 1 6 938 1286 1005
2191 2 2 1 6 360 1204 574
2192 2 2 1 6 902 1211 903
2193 2 2 1 6 326 1277 323
2194 2 2 1 6 1273 1358 834
2195 2 2 1 6 70 1435 3
2196 2 2 1 6 784 893 785
2197 2 2 1 6 893 895 894
2198 2 2 1 6 371 407 352
2199 2 2 1 6 781 1160 944
2200 2 2 1 6 684 1441 1416
2201 2 2 1 6 764 778 661
2202 2 2 1 6 1286 1291 1005
2203 2 2 1 6 546 549 547
2204 2 2 1 6 168 1131 591
2205 2 2 1 6 532 1133 641
2206 2 2 1 6 312 1134 590
2207 2 2 1 6 757 808 758
2208 2 2 1 6 1106 1288 838
2209 2 2 1 6 496 589 498
2210 2 2 1 6 314 355 315
2211 2 2 1 6 544 546 545
2212 2 2 1 6 385 1163 383
2213 2 2 1 6 845 1284 1014
2214 2 2 1 6 654 763 655
2215 2 2 1 6 445 597 446
2216 2 2 1 6 603 803 802
2217 2 2 1 6 597 688 598
2218 2 2 1 6 847 1201 846
2219 2 2 1 6 688 771 689
2220 2 2 1 6 794 1091 887
2221 2 2 1 6 363 1234 362
2222 2 2 1 6 848 849 847
2223 2 2 1 6 456 538 447
2224 2 2 1 6 848 948 849
2225 2 2 1 6 651 919 509
2226 2 2 1 6 444 529 443
2227 2 2 1 6 449 1400 1264
2228 2 2 1 6 961 1135 685
2229 2 2 1 6 602 603 455
2230 2 2 1 6 405 1283 570
2231 2 2 1 6 373 445 372
2232 2 2 1 6 578 666 665
2233 2 2 1 6 576 663 538
2234 2 2 1 6 3 1435 94
2235 2 2 1 6 530 695 529
2236 2 2 1 6 744 957 695
2237 2 2 1 6 663 837 711
2238 2 2 1 6 1290 1324 590
2239 2 2 1 6 811 1423 1237
2240 2 2 1 6 948 949 849
2241 2 2 1 6 946 947 783
2242 2 2 1 6 789 1333 1132
2243 2 2 1 6 512 654 511
2244 2 2 1 6 355 447 368
2245 2 2 1 6 726 869 549
2246 2 2 1 6 407 521 476
2247 2 2 1 6 895 1369 1317
2248 2 2 1 6 784 785 671
2249 2 2 1 6 792 1336 780
2250 2 2 1 6 521 661 592
2251 2 2 1 6 715 1203 815
2252 2 2 1 6 254 1354 1352
2253 2 2 1 6 893 894 785
2254 2 2 1 6 895 1171 894
2255 2 2 1 6 809 1303 1075
2256 2 2 1 6 470 578 577
2257 2 2 1 6 604 605 458
2258 2 2 1 6 1177 1243 85
2259 2 2 1 6 419 646 416
2260 2 2 1 6 667 861 718
2261 2 2 1 6 849 1151 847
2262 2 2 1 6 753 829 754
2263 2 2 1 6 173 1440 197
2264 2 2 1 6 912 1187 1099
2265 2 2 1 6 518 1298 812
2266 2 2 1 6 1205 1276 741
2267 2 2 1 6 686 755 588
2268 2 2 1 6 860 1444 831
2269 2 2 1 6 94 1282 93
2270 2 2 1 6 955 1297 520
2271 2 2 1 6 798 1289 796
2272 2 2 1 6 773 843 772
2273 2 2 1 6 521 1267 764
2274 2 2 1 6 1111 1282 713
2275 2 2 1 6 897 1272 519
2276 2 2 1 6 1140 1305 1053
2277 2 2 1 6 651 1241 919
2278 2 2 1 6 1088 1235 739
2279 2 2 1 6 1109 1448 900
2280 2 2 1 6 872 1376 1199
2281 2 2 1 6 469 1147 470
2282 2 2 1 6 1267 1308 764
2283 2 2 1 6 1152 1222 1153
2284 2 2 1 6 852 1419 853
2285 2 2 1 6 21 1350 1164
2286 2 2 1 6 998 1274 857
2287 2 2 1 6 877 1278 922
2288 2 2 1 6 940 1269 973
2289 2 2 1 6 587 588 508
2290 2 2 1 6 669 691 520
2291 2 2 1 6 75 1307 74
2292 2 2 1 6 253 1203 1149
2293 2 2 1 6 410 526 409
2294 2 2 1 6 11 1131 168
2295 2 2 1 6 287 902 12
2296 2 2 1 6 166 905 16
2297 2 2 1 6 15 901 775
2298 2 2 1 6 777 911 4
2299 2 2 1 6 7 1134 312
2300 2 2 1 6 19 1133 532
2301 2 2 1 6 541 544 542
2302 2 2 1 6 491 1215 1214
2303 2 2 1 6 799 1433 1326
2304 2 2 1 6 859 1217 900
2305 2 2 1 6 518 694 662
2306 2 2 1 6 431 433 432
2307 2 2 1 6 228 1327 1173
2308 2 2 1 6 415 416 414
2309 2 2 1 6 1011 1188 775
2310 2 2 1 6 777 1187 912
2311 2 2 1 6 349 409 348
2312 2 2 1 6 853 1235 1088
2313 2 2 1 6 1287 1456 607
2314 2 2 1 6 334 1283 405
2315 2 2 1 6 1124 1194 890
2316 2 2 1 6 1176 1224 227
2317 2 2 1 6 431 539 433
2318 2 2 1 6 641 736 640
2319 2 2 1 6 788 851 789
2320 2 2 1 6 655 1299 511
2321 2 2 1 6 985 1383 637
2322 2 2 1 6 912 933 911
2323 2 2 1 6 430 1452 523
2324 2 2 1 6 498 1216 1215
2325 2 2 1 6 802 1192 455
2326 2 2 1 6 446 1204 372
2327 2 2 1 6 1316 1397 528
2328 2 2 1 6 939 1230 443
2329 2 2 1 6 522 1455 413
2330 2 2 1 6 800 1377 974
2331 2 2 1 6 1362 1438 956
2332 2 2 1 6 347 1469 73
2333 2 2 1 6 254 1352 1177
2334 2 2 1 6 906 908 907
2335 2 2 1 6 783 1370 1193
2336 2 2 1 6 711 1270 538
2337 2 2 1 6 533 1432 1351
2338 2 2 1 6 518 662 517
2339 2 2 1 6 1107 1301 568
2340 2 2 1 6 592 1237 745
2341 2 2 1 6 519 669 520
2342 2 2 1 6 508 1218 497
2343 2 2 1 6 400 1378 1323
2344 2 2 1 6 1252 1338 1191
2345 2 2 1 6 491 1214 1213
2346 2 2 1 6 546 1263 726
2347 2 2 1 6 1143 1144 345
2348 2 2 1 6 414 525 412
2349 2 2 1 6 832 1410 1301
2350 2 2 1 6 308 1170 276
2351 2 2 1 6 52 1368 53
2352 2 2 1 6 770 1360 1168
2353 2 2 1 6 1025 1441 830
2354 2 2 1 6 552 1152 667
2355 2 2 1 6 388 475 389
2356 2 2 1 6 502 611 503
2357 2 2 1 6 173 174 172
2358 2 2 1 6 334 405 333
2359 2 2 1 6 170 176 175
2360 2 2 1 6 685 686 588
2361 2 2 1 6 793 1313 794
2362 2 2 1 6 427 451 429
2363 2 2 1 6 1317 1369 1092
2364 2 2 1 6 607 1163 385
2365 2 2 1 6 591 1226 170
2366 2 2 1 6 519 520 420
2367 2 2 1 6 437 518 517
2368 2 2 1 6 433 436 434
2369 2 2 1 6 503 541 540
2370 2 2 1 6 417 419 416
2371 2 2 1 6 525 1437 1138
2372 2 2 1 6 389 391 390
2373 2 2 1 6 335 336 334
2374 2 2 1 6 1180 1332 910
2375 2 2 1 6 165 1256 980
2376 2 2 1 6 674 1255 981
2377 2 2 1 6 776 1248 982
2378 2 2 1 6 979 1261 190
2379 2 2 1 6 983 1247 774
2380 2 2 1 6 699 1208 596
2381 2 2 1 6 1119 1237 744
2382 2 2 1 6 686 767 755
2383 2 2 1 6 578 665 664
2384 2 2 1 6 882 1302 883
2385 2 2 1 6 476 1304 352
2386 2 2 1 6 273 1192 308
2387 2 2 1 6 957 1423 1364
2388 2 2 1 6 280 1265 314
2389 2 2 1 6 337 348 336
2390 2 2 1 6 391 393 392
2391 2 2 1 6 10 1475 1376
2392 2 2 1 6 312 388 313
2393 2 2 1 6 500 502 501
2394 2 2 1 6 171 172 166
2395 2 2 1 6 288 333 287
2396 2 2 1 6 532 640 639
2397 2 2 1 6 787 788 543
2398 2 2 1 6 168 170 169
2399 2 2 1 6 398 1315 1035
2400 2 2 1 6 827 1316 740
2401 2 2 1 6 393 426 394
2402 2 2 1 6 336 1283 334
2403 2 2 1 6 597 1425 690
2404 2 2 1 6 864 1429 865
2405 2 2 1 6 1055 1372 1335
2406 2 2 1 6 756 1276 1159
2407 2 2 1 6 556 1222 554
2408 2 2 1 6 560 1223 558
2409 2 2 1 6 547 1232 606
2410 2 2 1 6 933 1436 911
2411 2 2 1 6 1181 1340 1310
2412 2 2 1 6 1225 1369 605
2413 2 2 1 6 665 773 772
2414 2 2 1 6 844 1382 845
2415 2 2 1 6 326 1398 1277
2416 2 2 1 6 83 1464 82
2417 2 2 1 6 656 1447 1222
2418 2 2 1 6 1170 1265 278
2419 2 2 1 6 718 1287 551
2420 2 2 1 6 912 998 933
2421 2 2 1 6 541 1295 760
2422 2 2 1 6 458 1234 378
2423 2 2 1 6 514 1228 512
2424 2 2 1 6 419 647 646
2425 2 2 1 6 375 1230 373
2426 2 2 1 6 987 1326 243
2427 2 2 1 6 1202 1439 542
2428 2 2 1 6 234 1322 239
2429 2 2 1 6 640 781 639
2430 2 2 1 6 388 389 313
2431 2 2 1 6 787 1202 788
2432 2 2 1 6 171 173 172
2433 2 2 1 6 288 334 333
2434 2 2 1 6 170 175 169
2435 2 2 1 6 502 503 501
2436 2 2 1 6 923 1323 928
2437 2 2 1 6 586 1238 584
2438 2 2 1 6 309 1281 1280
2439 2 2 1 6 596 1208 753
2440 2 2 1 6 400 1339 395
2441 2 2 1 6 470 1147 578
2442 2 2 1 6 245 1388 1118
2443 2 2 1 6 1001 1456 1287
2444 2 2 1 6 345 1371 330
2445 2 2 1 6 686 1231 767
2446 2 2 1 6 1151 1406 426
2447 2 2 1 6 823 1327 813
2448 2 2 1 6 66 1331 67
2449 2 2 1 6 455 1192 272
2450 2 2 1 6 93 1328 92
2451 2 2 1 6 1118 1457 245
2452 2 2 1 6 1315 1357 1035
2453 2 2 1 6 1181 1310 539
2454 2 2 1 6 188 1348 901
2455 2 2 1 6 980 1440 171
2456 2 2 1 6 542 1439 540
2457 2 2 1 6 1118 1208 750
2458 2 2 1 6 457 1339 1278
2459 2 2 1 6 1327 1458 1173
2460 2 2 1 6 549 1232 547
2461 2 2 1 6 528 1397 1020
2462 2 2 1 6 1063 1336 346
2463 2 2 1 6 899 1293 1257
2464 2 2 1 6 421 1465 1349
2465 2 2 1 6 578 1147 666
2466 2 2 1 6 1169 1445 802
2467 2 2 1 6 316 1229 302
2468 2 2 1 6 308 1266 1170
2469 2 2 1 6 372 1204 360
2470 2 2 1 6 539 1367 1181
2471 2 2 1 6 827 1397 1316
2472 2 2 1 6 1003 1337 803
2473 2 2 1 6 865 1414 1165
2474 2 2 1 6 391 1296 668
2475 2 2 1 6 1141 1290 1104
2476 2 2 1 6 72 1389 71
2477 2 2 1 6 1115 1421 725
2478 2 2 1 6 482 1356 484
2479 2 2 1 6 472 1270 848
2480 2 2 1 6 362 1234 784
2481 2 2 1 6 677 1385 1236
2482 2 2 1 6 512 1228 654
2483 2 2 1 6 286 1305 1140
2484 2 2 1 6 821 1295 611
2485 2 2 1 6 266 1344 268
2486 2 2 1 6 260 1427 1101
2487 2 2 1 6 120 1251 17
2488 2 2 1 6 117 1247 118
2489 2 2 1 6 101 1248 102
2490 2 2 1 6 98 1262 6
2491 2 2 1 6 8 190 103
2492 2 2 1 6 14 1253 115
2493 2 2 1 6 97 163 98
2494 2 2 1 6 15 774 117
2495 2 2 1 6 11 167 109
2496 2 2 1 6 19 531 125
2497 2 2 1 6 105 230 106
2498 2 2 1 6 121 229 122
2499 2 2 1 6 99 159 100
2500 2 2 1 6 115 188 116
2501 2 2 1 6 102 776 4
2502 2 2 1 6 110 674 8
2503 2 2 1 6 104 462 9
2504 2 2 1 6 118 210 12
2505 2 2 1 6 126 165 16
2506 2 2 1 6 95 189 96
2507 2 2 1 6 107 161 108
2508 2 2 1 6 111 160 112
2509 2 2 1 6 113 162 114
2510 2 2 1 6 119 164 120
2511 2 2 1 6 123 186 124
2512 2 2 1 6 7 209 101
2513 2 2 1 6 10 1249 107
2514 2 2 1 6 6 1252 99
2515 2 2 1 6 112 1259 13
2516 2 2 1 6 122 1257 18
2517 2 2 1 6 114 1260 14
2518 2 2 1 6 125 1256 126
2519 2 2 1 6 18 1250 123
2520 2 2 1 6 109 1255 110
2521 2 2 1 6 96 1258 5
2522 2 2 1 6 17 1254 121
2523 2 2 1 6 103 1261 104
2524 2 2 1 6 900 1448 1110
2525 2 2 1 6 613 1345 615
2526 2 2 1 6 1010 1408 884
2527 2 2 1 6 972 1266 1169
2528 2 2 1 6 916 1268 719
2529 2 2 1 6 904 1259 160
2530 2 2 1 6 907 1251 164
2531 2 2 1 6 408 1267 407
2532 2 2 1 6 839 1421 1115
2533 2 2 1 6 1165 1414 892
2534 2 2 1 6 373 1230 445
2535 2 2 1 6 1400 1451 914
2536 2 2 1 6 913 1405 873
2537 2 2 1 6 732 1225 604
2538 2 2 1 6 930 1351 956
2539 2 2 1 6 642 1240 769
2540 2 2 1 6 768 1308 971
2541 2 2 1 6 725 1421 693
2542 2 2 1 6 926 1353 924
2543 2 2 1 6 760 1263 544
2544 2 2 1 6 1144 1294 1139
2545 2 2 1 6 1208 1388 753
2546 2 2 1 6 750 1208 699
2547 2 2 1 6 855 1411 1115
2548 2 2 1 6 510 1350 22
2549 2 2 1 6 719 1268 663
2550 2 2 1 6 574 1360 1220
2551 2 2 1 6 554 1222 1152
2552 2 2 1 6 794 1313 1195
2553 2 2 1 6 254 1442 1354
2554 2 2 1 6 1035 1357 236
2555 2 2 1 6 558 1223 656
2556 2 2 1 6 496 1218 589
2557 2 2 1 6 675 1358 759
2558 2 2 1 6 1232 1233 679
2559 2 2 1 6 60 1373 61
2560 2 2 1 6 606 1232 679
2561 2 2 1 6 770 1314 602
2562 2 2 1 6 302 1229 303
2563 2 2 1 6 202 1361 204
2564 2 2 1 6 397 1362 1034
2565 2 2 1 6 1378 1384 928
2566 2 2 1 6 651 1417 1241
2567 2 2 1 6 656 1222 556
2568 2 2 1 6 563 1223 560
2569 2 2 1 6 1142 1474 475
2570 2 2 1 6 170 1226 176
2571 2 2 1 6 887 1225 732
2572 2 2 1 6 928 1384 1022
2573 2 2 1 6 442 1335 444
2574 2 2 1 6 602 1314 603
2575 2 2 1 6 1254 1462 229
2576 2 2 1 6 1384 1387 1022
2577 2 2 1 6 1282 1328 93
2578 2 2 1 6 1022 1387 931
2579 2 2 1 6 53 1395 54
2580 2 2 1 6 1332 1444 860
2581 2 2 1 6 526 1240 642
2582 2 2 1 6 447 1270 472
2583 2 2 1 6 179 1374 181
2584 2 2 1 6 696 1428 1402
2585 2 2 1 6 777 912 911
2586 2 2 1 6 901 1011 775
2587 2 2 1 6 764 1309 778
2588 2 2 1 6 1074 1378 1072
2589 2 2 1 6 914 1451 1069
2590 2 2 1 6 1387 1390 931
2591 2 2 1 6 604 1225 605
2592 2 2 1 6 1074 1384 1378
2593 2 2 1 6 612 1228 514
2594 2 2 1 6 865 1429 1414
2595 2 2 1 6 947 1370 783
2596 2 2 1 6 443 1230 375
2597 2 2 1 6 931 1390 932
2598 2 2 1 6 943 1446 711
2599 2 2 1 6 401 1384 1074
2600 2 2 1 6 671 1229 316
2601 2 2 1 6 584 1238 612
2602 2 2 1 6 959 1447 1145
2603 2 2 1 6 1301 1410 568
2604 2 2 1 6 1270 1446 848
2605 2 2 1 6 875 1278 877
2606 2 2 1 6 865 1238 586
2607 2 2 1 6 401 1387 1384
2608 2 2 1 6 646 1321 416
2609 2 2 1 6 549 1347 1232
2610 2 2 1 6 1109 1217 477
2611 2 2 1 6 755 1386 588
2612 2 2 1 6 1076 1387 401
2613 2 2 1 6 330 1371 331
2614 2 2 1 6 519 1272 669
2615 2 2 1 6 1076 1390 1387
2616 2 2 1 6 1280 1281 891
2617 2 2 1 6 1283 1329 782
2618 2 2 1 6 1075 1426 499
2619 2 2 1 6 713 1435 70
2620 2 2 1 6 894 1334 785
2621 2 2 1 6 318 1390 1076
2622 2 2 1 6 1111 1328 1282
2623 2 2 1 6 1093 1317 1092
2624 2 2 1 6 1220 1360 770
2625 2 2 1 6 878 1397 827
2626 2 2 1 6 328 1398 326
2627 2 2 1 6 590 1324 388
2628 2 2 1 6 957 1459 1269
2629 2 2 1 6 842 1242 1089
2630 2 2 1 6 845 1382 1244
2631 2 2 1 6 708 1400 1081
2632 2 2 1 6 763 1320 1124
2633 2 2 1 6 420 1297 417
2634 2 2 1 6 434 1298 437
2635 2 2 1 6 573 1318 1106
2636 2 2 1 6 388 1324 475
2637 2 2 1 6 412 1239 410
2638 2 2 1 6 10 1376 1249
2639 2 2 1 6 711 1446 1270
2640 2 2 1 6 846 1418 1161
2641 2 2 1 6 620 1404 505
2642 2 2 1 6 981 1255 167
2643 2 2 1 6 980 1256 531
2644 2 2 1 6 462 1261 979
2645 2 2 1 6 982 1248 209
2646 2 2 1 6 210 1247 983
2647 2 2 1 6 460 1287 607
2648 2 2 1 6 769 1280 712
2649 2 2 1 6 997 1313 793
2650 2 2 1 6 892 1414 758
2651 2 2 1 6 426 1406 427
2652 2 2 1 6 696 1402 994
2653 2 2 1 6 599 1356 482
2654 2 2 1 6 1053 1305 1054
2655 2 2 1 6 1079 1413 707
2656 2 2 1 6 43 1403 714
2657 2 2 1 6 544 1263 546
2658 2 2 1 6 538 1270 447
2659 2 2 1 6 1232 1347 1233
2660 2 2 1 6 690 1359 688
2661 2 2 1 6 684 1416 682
2662 2 2 1 6 500 501 190
2663 2 2 1 6 532 639 531
2664 2 2 1 6 165 171 166
2665 2 2 1 6 168 169 167
2666 2 2 1 6 312 313 209
2667 2 2 1 6 210 288 287
2668 2 2 1 6 462 787 543
2669 2 2 1 6 811 1394 1364
2670 2 2 1 6 366 1430 467
2671 2 2 1 6 708 1451 1400
2672 2 2 1 6 1155 1391 790
2673 2 2 1 6 1222 1447 1153
2674 2 2 1 6 1172 1430 1229
2675 2 2 1 6 607 1456 1012
2676 2 2 1 6 969 1427 970
2677 2 2 1 6 523 1452 1274
2678 2 2 1 6 407 1267 521
2679 2 2 1 6 663 1268 837
2680 2 2 1 6 410 1239 526
2681 2 2 1 6 8 500 190
2682 2 2 1 6 776 777 4
2683 2 2 1 6 19 532 531
2684 2 2 1 6 462 543 9
2685 2 2 1 6 15 775 774
2686 2 2 1 6 7 312 209
2687 2 2 1 6 165 166 16
2688 2 2 1 6 210 287 12
2689 2 2 1 6 11 168 167
2690 2 2 1 6 979 1439 787
2691 2 2 1 6 1228 1412 779
2692 2 2 1 6 702 1432 1048
2693 2 2 1 6 436 1298 434
2694 2 2 1 6 417 1297 419
2695 2 2 1 6 938 1301 1286
2696 2 2 1 6 1286 1301 1107
2697 2 2 1 6 966 1346 1178
2698 2 2 1 6 25 1424 228
2699 2 2 1 6 929 1438 942
2700 2 2 1 6 830 1428 696
2701 2 2 1 6 712 1280 891
2702 2 2 1 6 1089 1279 850
2703 2 2 1 6 1054 1372 1052
2704 2 2 1 6 830 1441 1428
2705 2 2 1 6 806 1451 708
2706 2 2 1 6 632 1454 792
2707 2 2 1 6 903 1311 904
2708 2 2 1 6 780 1473 616
2709 2 2 1 6 678 1300 757
2710 2 2 1 6 777 1366 1187
2711 2 2 1 6 1188 1365 775
2712 2 2 1 6 612 1412 1228
2713 2 2 1 6 431 1319 539
2714 2 2 1 6 1118 1388 1208
2715 2 2 1 6 1274 1452 856
2716 2 2 1 6 284 1304 286
2717 2 2 1 6 1305 1306 1054
2718 2 2 1 6 679 1300 678
2719 2 2 1 6 1139 1294 751
2720 2 2 1 6 1288 1318 908
2721 2 2 1 6 396 1468 425
2722 2 2 1 6 915 1433 795
2723 2 2 1 6 644 1355 735
2724 2 2 1 6 227 1420 89
2725 2 2 1 6 467 1430 1172
2726 2 2 1 6 658 1460 337
2727 2 2 1 6 1087 1471 1117
2728 2 2 1 6 392 1463 659
2729 2 2 1 6 1250 1407 186
2730 2 2 1 6 973 1359 690
2731 2 2 1 6 551 1287 460
2732 2 2 1 6 506 1467 1355
2733 2 2 1 6 757 1342 808
2734 2 2 1 6 424 1299 1143
2735 2 2 1 6 779 1320 763
2736 2 2 1 6 1352 1354 843
2737 2 2 1 6 611 1295 503
2738 2 2 1 6 18 1293 1250
2739 2 2 1 6 1052 1372 1055
2740 2 2 1 6 1150 1380 464
2741 2 2 1 6 1209 1375 1038
2742 2 2 1 6 1158 1386 755
2743 2 2 1 6 87 1442 254
2744 2 2 1 6 944 1440 980
2745 2 2 1 6 525 1239 412
2746 2 2 1 6 1244 1382 285
2747 2 2 1 6 652 1417 651
2748 2 2 1 6 735 1346 966
2749 2 2 1 6 1110 1448 818
2750 2 2 1 6 884 1358 1273
2751 2 2 1 6 1288 1434 838
2752 2 2 1 6 511 1299 424
2753 2 2 1 6 758 1429 680
2754 2 2 1 6 387 1419 981
2755 2 2 1 6 1239 1240 526
2756 2 2 1 6 1180 1422 941
2757 2 2 1 6 503 1295 541
2758 2 2 1 6 475 1296 389
2759 2 2 1 6 540 1439 979
2760 2 2 1 6 1117 1471 824
2761 2 2 1 6 1143 1299 1144
2762 2 2 1 6 778 1394 661
2763 2 2 1 6 520 1297 420
2764 2 2 1 6 437 1298 518
2765 2 2 1 6 1195 1313 261
2766 2 2 1 6 364 1434 630
2767 2 2 1 6 784 1401 893
2768 2 2 1 6 352 1304 284
2769 2 2 1 6 954 1340 1181
2770 2 2 1 6 823 1458 1327
2771 2 2 1 6 1230 1425 445
2772 2 2 1 6 785 1334 1172
2773 2 2 1 6 908 1318 909
2774 2 2 1 6 662 1379 517
2775 2 2 1 6 1308 1309 764
2776 2 2 1 6 389 1296 391
2777 2 2 1 6 1000 1450 76
2778 2 2 1 6 640 1375 781
2779 2 2 1 6 1264 1400 914
2780 2 2 1 6 890 1457 752
2781 2 2 1 6 539 1310 433
2782 2 2 1 6 438 1461 733
2783 2 2 1 6 515 1377 1176
2784 2 2 1 6 1278 1339 922
2785 2 2 1 6 245 1457 1246
2786 2 2 1 6 768 1449 1308
2787 2 2 1 6 869 1347 549
2788 2 2 1 6 348 1329 336
2789 2 2 1 6 688 1359 771
2790 2 2 1 6 458 1401 1234
2791 2 2 1 6 759 1408 1264
2792 2 2 1 6 781 1375 1209
2793 2 2 1 6 429 1319 431
2794 2 2 1 6 1192 1445 308
2795 2 2 1 6 1246 1457 890
2796 2 2 1 6 939 1425 1230
2797 2 2 1 6 1012 1456 1184
2798 2 2 1 6 637 1383 1279
2799 2 2 1 6 1343 1393 808
2800 2 2 1 6 568 1410 958
2801 2 2 1 6 1262 1338 6
2802 2 2 1 6 433 1310 436
2803 2 2 1 6 1308 1449 1309
2804 2 2 1 6 414 1321 525
2805 2 2 1 6 451 1319 429
2806 2 2 1 6 416 1321 414
2807 2 2 1 6 1234 1401 784
2808 2 2 1 6 1110 1407 1250
2809 2 2 1 6 1176 1377 1224
2810 2 2 1 6 1202 1472 788
2811 2 2 1 6 1224 1377 800
2812 2 2 1 6 1218 1386 1158
2813 2 2 1 6 621 1332 1180
2814 2 2 1 6 808 1393 892
2815 2 2 1 6 661 1394 811
2816 2 2 1 6 1342 1343 808
2817 2 2 1 6 336 1329 1283
2818 2 2 1 6 52 1431 1368
2819 2 2 1 6 773 1352 843
2820 2 2 1 6 1106 1318 1288
2821 2 2 1 6 605 1401 458
2822 2 2 1 6 665 1409 773
2823 2 2 1 6 510 1458 1183
2824 2 2 1 6 1183 1458 823
2825 2 2 1 6 1204 1360 574
2826 2 2 1 6 588 1386 508
2827 2 2 1 6 630 1434 1288
2828 2 2 1 6 753 1388 829
2829 2 2 1 6 508 1386 1218
2830 2 2 1 6 736 1375 640
2831 2 2 1 6 875 1405 1278
2832 2 2 1 6 1236 1385 969
2833 2 2 1 6 1305 1392 1306
2834 2 2 1 6 1161 1418 1162
2835 2 2 1 6 1193 1370 408
2836 2 2 1 6 1186 1340 825
2837 2 2 1 6 427 1406 451
2838 2 2 1 6 286 1392 1305
2839 2 2 1 6 848 1446 948
2840 2 2 1 6 1173 1458 510
2841 2 2 1 6 1300 1342 757
2842 2 2 1 6 1385 1427 969
2843 2 2 1 6 1101 1427 1385
2844 2 2 1 6 1181 1367 953
2845 2 2 1 6 1318 1422 909
2846 2 2 1 6 767 1380 755
2847 2 2 1 6 1229 1430 303
2848 2 2 1 6 961 1379 1135
2849 2 2 1 6 1393 1443 892
2850 2 2 1 6 1177 1466 1243
2851 2 2 1 6 1282 1435 713
2852 2 2 1 6 802 1445 1192
2853 2 2 1 6 735 1355 1346
2854 2 2 1 6 776 1366 777
2855 2 2 1 6 775 1365 774
2856 2 2 1 6 710 1411 1015
2857 2 2 1 6 1364 1394 962
2858 2 2 1 6 1330 1341 851
2859 2 2 1 6 303 1430 366
2860 2 2 1 6 824 1471 1183
2861 2 2 1 6 873 1405 875
2862 2 2 1 6 445 1425 597
2863 2 2 1 6 744 1423 957
2864 2 2 1 6 666 1409 665
2865 2 2 1 6 837 1431 943
2866 2 2 1 6 773 1466 1352
2867 2 2 1 6 787 1439 1202
2868 2 2 1 6 171 1440 173
2869 2 2 1 6 891 1449 768
2870 2 2 1 6 1312 1412 964
2871 2 2 1 6 1368 1395 53
2872 2 2 1 6 1323 1378 928
2873 2 2 1 6 1187 1366 659
2874 2 2 1 6 658 1365 1188
2875 2 2 1 6 1376 1475 1199
2876 2 2 1 6 106 1475 10
2877 2 2 1 6 752 1457 1118
2878 2 2 1 6 1233 1347 870
2879 2 2 1 6 1278 1405 457
2880 2 2 1 6 1268 1368 837
2881 2 2 1 6 909 1422 1180
2882 2 2 1 6 164 1251 120
2883 2 2 1 6 774 1247 117
2884 2 2 1 6 102 1248 776
2885 2 2 1 6 104 1261 462
2886 2 2 1 6 118 1247 210
2887 2 2 1 6 209 1248 101
2888 2 2 1 6 107 1249 161
2889 2 2 1 6 229 1257 122
2890 2 2 1 6 163 1262 98
2891 2 2 1 6 110 1255 674
2892 2 2 1 6 126 1256 165
2893 2 2 1 6 123 1250 186
2894 2 2 1 6 531 1256 125
2895 2 2 1 6 121 1254 229
2896 2 2 1 6 167 1255 109
2897 2 2 1 6 115 1253 188
2898 2 2 1 6 160 1259 112
2899 2 2 1 6 162 1260 114
2900 2 2 1 6 99 1252 159
2901 2 2 1 6 189 1258 96
2902 2 2 1 6 190 1261 103
2903 2 2 1 6 283 1343 1342
2904 2 2 1 6 17 1399 1254
2905 2 2 1 6 1368 1431 837
2906 2 2 1 6 779 1412 1312
2907 2 2 1 6 1414 1429 758
2908 2 2 1 6 308 1445 1266
2909 2 2 1 6 1279 1383 850
2910 2 2 1 6 1169 1470 720
2911 2 2 1 6 1349 1465 791
2912 2 2 1 6 840 1472 1202
2913 2 2 1 6 1304 1392 286
2914 2 2 1 6 788 1472 851
2915 2 2 1 6 1303 1426 1075
2916 2 2 1 6 573 1422 1318
2917 2 2 1 6 1184 1456 1001
2918 2 2 1 6 94 1435 1282
2919 2 2 1 6 1260 1415 14
2920 2 2 1 6 1243 1466 1095
2921 2 2 1 6 1250 1293 1110
2922 2 2 1 6 1252 1325 159
2923 2 2 1 6 1162 1474 1219
2924 2 2 1 6 1219 1474 1142
2925 2 2 1 6 230 1475 106
2926 2 2 1 6 1136 1465 575
2927 2 2 1 6 1359 1396 771
2928 2 2 1 6 805 1341 1330
2929 2 2 1 6 1306 1392 745
2930 2 2 1 6 1364 1423 811
2931 2 2 1 6 1326 1433 243
2932 2 2 1 6 1351 1432 956
2933 2 2 1 6 1321 1437 525
2934 2 2 1 6 791 1465 1136
2935 2 2 1 6 1191 1325 1252
2936 2 2 1 6 1337 1470 803
2937 2 2 1 6 1269 1459 918
2938 2 2 1 6 1266 1445 1169
2939 2 2 1 6 820 1453 1363
2940 2 2 1 6 397 1438 1362
2941 2 2 1 6 621 1444 1332
2942 2 2 1 6 1346 1355 885
2943 2 2 1 6 1309 1449 633
2944 2 2 1 6 1352 1466 1177
2945 2 2 1 6 1381 1473 780
2946 2 2 1 6 1045 1473 1381
2947 2 2 1 6 1363 1453 450
2948 2 2 1 6 1355 1467 885
$EndElements
