$MeshFormat
2.2 0 8
$EndMeshFormat
$PhysicalNames
26
1 1 "Gamma"
1 2 "axis"
2 1 "vacuum"
2 10 "coil0"
2 11 "coil1"
2 12 "coil2"
2 13 "coil3"
2 14 "coil4"
2 15 "coil5"
2 16 "coil6"
2 17 "coil7"
2 18 "coil8"
2 19 "coil9"
2 20 "coil10"
2 21 "coil11"
2 22 "coil12"
2 23 "coil13"
2 24 "coil14"
2 25 "coil15"
2 26 "coil16"
2 27 "coil17"
2 28 "coil18"
2 29 "coil19"
2 30 "coil20"
2 31 "coil21"
2 32 "coil22"
$EndPhysicalNames
$Nodes
4735
1 0 -3.4 0
2 3.4 0 0
3 0 3.4 0
4 0.3464 -1.61559995 0
5 0.43260037 -1.61559995 0
6 0.43260037 -1.52939991 0
7 0.3464 -1.52939991 0
8 0.52139996 -1.76340004 0
9 0.60760023 -1.76340004 0
10 0.60760023 -1.70659999 0
11 0.52139996 -1.70659999 0
12 0.22899969 -1.42540627 0
13 0.25399975 -1.42540627 0
14 0.25399975 -1.02264983 0
15 0.22899969 -1.02264983 0
16 0.7634000599999999 -2.01040002 0
17 0.8496001 -2.01040002 0
18 0.8496001 -1.95360009 0
19 0.7634000599999999 -1.95360009 0
20 0.88239996 -1.52209993 0
21 0.96859999 -1.52209993 0
22 0.96859999 -1.4653 0
23 0.88239996 -1.4653 0
24 1.24190001 -1.49610003 0
25 1.32810004 -1.49610003 0
26 1.32810004 -1.43929998 0
27 1.24190001 -1.43929998 0
28 1.87159995 -2.00044997 0
29 1.92840048 -2.00044997 0
30 1.92840048 -1.89955 0
31 1.87159995 -1.89955 0
32 1.47690002 -1.49609991 0
33 1.56310006 -1.49609991 0
34 1.56310006 -1.43929998 0
35 1.47690002 -1.43929998 0
36 1.42300006 -1.17264989 0
37 1.57700018 -1.17264989 0
38 1.57700018 -1.01864991 0
39 1.42300006 -1.01864991 0
40 1.2745201 -1.01034498 0
41 1.36862999 -1.01034498 0
42 1.36862999 -0.8764849899999999 0
43 1.2745201 -0.8764849899999999 0
44 1.57300004 -0.42915004 0
45 1.72700003 -0.42915004 0
46 1.72700003 -0.2751500299999999 0
47 1.57300004 -0.2751500299999999 0
48 0.18875 -1.59 0
49 0.20075 -1.59 0
50 0.20075 1.59 0
51 0.18875 1.59 0
52 0.22899969 1.02264983 0
53 0.25399975 1.02264983 0
54 0.25399975 1.42540627 0
55 0.22899969 1.42540627 0
56 0.3464 1.52939991 0
57 0.43260037 1.52939991 0
58 0.43260037 1.61559995 0
59 0.3464 1.61559995 0
60 0.52139996 1.70659999 0
61 0.60760023 1.70659999 0
62 0.60760023 1.76340004 0
63 0.52139996 1.76340004 0
64 0.88239996 1.4653 0
65 0.96859999 1.4653 0
66 0.96859999 1.52209993 0
67 0.88239996 1.52209993 0
68 0.7634000599999999 1.95360009 0
69 0.8496001 1.95360009 0
70 0.8496001 2.01040002 0
71 0.7634000599999999 2.01040002 0
72 1.2745201 0.87648499 0
73 1.36862999 0.87648499 0
74 1.36862999 1.01034498 0
75 1.2745201 1.01034498 0
76 1.57300004 0.27515003 0
77 1.72700003 0.27515003 0
78 1.72700003 0.42915004 0
79 1.57300004 0.42915004 0
80 1.24190001 1.43929998 0
81 1.32810004 1.43929998 0
82 1.32810004 1.49610003 0
83 1.24190001 1.49610003 0
84 1.42300006 1.01864991 0
85 1.57700018 1.01864991 0
86 1.57700018 1.17264989 0
87 1.42300006 1.17264989 0
88 1.47690002 1.43929998 0
89 1.56310006 1.43929998 0
90 1.56310006 1.49609991 0
91 1.47690002 1.49609991 0
92 1.87159995 1.89955 0
93 1.92840048 1.89955 0
94 1.92840048 2.00044997 0
95 1.87159995 2.00044997 0
96 0.2996823374903841 -3.386766968156548 0
97 0.5970319067955158 -3.347170880350764 0
98 0.8897340983158375 -3.281519957930182 0
99 1.175510478274263 -3.190325236628299 0
100 1.451117997796497 -3.074777480805901 0
101 1.688587705523912 -2.951045841859033 0
102 1.885364011575971 -2.829382007409774 0
103 2.051476273008016 -2.711354846065918 0
104 2.195083590238398 -2.596460674045749 0
105 2.324204444794749 -2.481546634419013 0
106 2.445608445550426 -2.361990544234339 0
107 2.564877304106729 -2.231906004937977 0
108 2.686313962444545 -2.084158654031762 0
109 2.812571641330445 -1.910350952674341 0
110 2.942767455338587 -1.702973782475836 0
111 3.074296588592727 -1.452136524355447 0
112 3.190325236628298 -1.175510478274265 0
113 3.281519957930182 -0.8897340983158391 0
114 3.347170880350764 -0.5970319067955202 0
115 3.386766968156548 -0.2996823374903856 0
116 0 -3.101109205520621 0
117 0 -2.807184905982327 0
118 0 -2.549989995568076 0
119 0 -2.329297403787536 0
120 0 -2.148570327053852 0
121 0 -2.002394990046423 0
122 0 -1.883131211918093 0
123 0 -1.784286036424937 0
124 0 -1.700020151084005 0
125 0 -1.624630806181712 0
126 0 -1.55231736214064 0
127 0 -1.480116554599215 0
128 0 -1.40791574705779 0
129 0 -1.335714939516365 0
130 0 -1.26351413197494 0
131 0 -1.191313324433515 0
132 0 -1.11911251689209 0
133 0 -1.046911709350665 0
134 0 -0.9747109018092401 0
135 0 -0.9025100942678153 0
136 0 -0.8303092867263904 0
137 0 -0.7581084791849655 0
138 0 -0.6859076716435406 0
139 0 -0.6137068641021157 0
140 0 -0.5415060565606908 0
141 0 -0.469305249019266 0
142 0 -0.3971044414778406 0
143 0 -0.3249036339364157 0
144 0 -0.2527028263949909 0
145 0 -0.180502018853566 0
146 0 -0.1083012113121411 0
147 0 -0.03610040377071622 0
148 0 0.03610040377070911 0
149 0 0.108301211312134 0
150 0 0.1805020188535589 0
151 0 0.2527028263949838 0
152 0 0.3249036339364086 0
153 0 0.3971044414778335 0
154 0 0.4693052490192589 0
155 0 0.5415060565606837 0
156 0 0.6137068641021082 0
157 0 0.6859076716435335 0
158 0 0.7581084791849579 0
159 0 0.8303092867263833 0
160 0 0.9025100942678086 0
161 0 0.974710901809233 0
162 0 1.046911709350658 0
163 0 1.119112516892083 0
164 0 1.191313324433508 0
165 0 1.263514131974933 0
166 0 1.335714939516358 0
167 0 1.407915747057782 0
168 0 1.480116554599208 0
169 0 1.552317362140633 0
170 0 1.624630806181703 0
171 0 1.700020151083999 0
172 0 1.784286036424932 0
173 0 1.883131211918089 0
174 0 2.002394990046411 0
175 0 2.148570327053844 0
176 0 2.329297403787516 0
177 0 2.549989995568065 0
178 0 2.807184905982312 0
179 0 3.101109205520615 0
180 3.386766968156548 0.2996823374903861 0
181 3.347170880350764 0.5970319067955191 0
182 3.281519957930181 0.8897340983158394 0
183 3.190325236628297 1.175510478274267 0
184 3.074296588592726 1.45213652435545 0
185 2.942767455338589 1.702973782475833 0
186 2.812571641330442 1.910350952674347 0
187 2.686313962444542 2.084158654031766 0
188 2.564877304106726 2.23190600493798 0
189 2.445608445550425 2.36199054423434 0
190 2.324204444794746 2.481546634419016 0
191 2.1950835902384 2.596460674045747 0
192 2.051476273008017 2.711354846065917 0
193 1.885364011575966 2.829382007409777 0
194 1.688587705523911 2.951045841859034 0
195 1.4511179977965 3.0747774808059 0
196 1.175510478274267 3.190325236628297 0
197 0.8897340983158398 3.281519957930181 0
198 0.5970319067955203 3.347170880350764 0
199 0.2996823374903865 3.386766968156548 0
200 0.3751334566666666 -1.61559995 0
201 0.4038669133333334 -1.61559995 0
202 0.43260037 -1.586866603333333 0
203 0.43260037 -1.558133256666667 0
204 0.4038669133333333 -1.52939991 0
205 0.3751334566666665 -1.52939991 0
206 0.3464 -1.558133256666667 0
207 0.3464 -1.586866603333333 0
208 0.5501333833333334 -1.76340004 0
209 0.5788668066666667 -1.76340004 0
210 0.60760023 -1.735000015 0
211 0.5788668066666666 -1.70659999 0
212 0.5501333833333333 -1.70659999 0
213 0.52139996 -1.735000015 0
214 0.25399975 -1.396637952857143 0
215 0.25399975 -1.367869635714286 0
216 0.25399975 -1.339101318571429 0
217 0.25399975 -1.310333001428572 0
218 0.25399975 -1.281564684285715 0
219 0.25399975 -1.252796367142857 0
220 0.25399975 -1.22402805 0
221 0.25399975 -1.195259732857143 0
222 0.25399975 -1.166491415714286 0
223 0.25399975 -1.137723098571429 0
224 0.25399975 -1.108954781428572 0
225 0.25399975 -1.080186464285715 0
226 0.25399975 -1.051418147142857 0
227 0.22899969 -1.051418147142857 0
228 0.22899969 -1.080186464285714 0
229 0.22899969 -1.108954781428571 0
230 0.22899969 -1.137723098571428 0
231 0.22899969 -1.166491415714286 0
232 0.22899969 -1.195259732857143 0
233 0.22899969 -1.22402805 0
234 0.22899969 -1.252796367142857 0
235 0.22899969 -1.281564684285714 0
236 0.22899969 -1.310333001428571 0
237 0.22899969 -1.339101318571429 0
238 0.22899969 -1.367869635714286 0
239 0.22899969 -1.396637952857143 0
240 0.7921334066666667 -2.01040002 0
241 0.8208667533333334 -2.01040002 0
242 0.8496001 -1.982000055 0
243 0.8208667533333333 -1.95360009 0
244 0.7921334066666665 -1.95360009 0
245 0.7634000599999999 -1.982000055 0
246 0.9111333033333333 -1.52209993 0
247 0.9398666466666665 -1.52209993 0
248 0.96859999 -1.493699965 0
249 0.9398666466666666 -1.4653 0
250 0.9111333033333334 -1.4653 0
251 0.88239996 -1.493699965 0
252 1.270633353333333 -1.49610003 0
253 1.299366696666667 -1.49610003 0
254 1.32810004 -1.467700005 0
255 1.299366696666667 -1.43929998 0
256 1.270633353333333 -1.43929998 0
257 1.24190001 -1.467700005 0
258 1.900000215 -2.00044997 0
259 1.92840048 -1.9752249775 0
260 1.92840048 -1.949999985 0
261 1.92840048 -1.9247749925 0
262 1.900000215 -1.89955 0
263 1.87159995 -1.9247749925 0
264 1.87159995 -1.949999985 0
265 1.87159995 -1.9752249775 0
266 1.505633366666667 -1.49609991 0
267 1.534366713333333 -1.49609991 0
268 1.56310006 -1.467699945 0
269 1.534366713333333 -1.43929998 0
270 1.505633366666667 -1.43929998 0
271 1.47690002 -1.467699945 0
272 1.448666746666667 -1.17264989 0
273 1.474333433333333 -1.17264989 0
274 1.50000012 -1.17264989 0
275 1.525666806666667 -1.17264989 0
276 1.551333493333333 -1.17264989 0
277 1.57700018 -1.146983226666667 0
278 1.57700018 -1.121316563333333 0
279 1.57700018 -1.0956499 0
280 1.57700018 -1.069983236666666 0
281 1.57700018 -1.044316573333333 0
282 1.551333493333333 -1.01864991 0
283 1.525666806666667 -1.01864991 0
284 1.50000012 -1.01864991 0
285 1.474333433333333 -1.01864991 0
286 1.448666746666667 -1.01864991 0
287 1.42300006 -1.044316573333333 0
288 1.42300006 -1.069983236666667 0
289 1.42300006 -1.0956499 0
290 1.42300006 -1.121316563333334 0
291 1.42300006 -1.146983226666667 0
292 1.2980475725 -1.01034498 0
293 1.321575045 -1.01034498 0
294 1.3451025175 -1.01034498 0
295 1.36862999 -0.983572982 0
296 1.36862999 -0.956800984 0
297 1.36862999 -0.9300289859999999 0
298 1.36862999 -0.903256988 0
299 1.3451025175 -0.8764849899999999 0
300 1.321575045 -0.8764849899999999 0
301 1.2980475725 -0.8764849899999999 0
302 1.2745201 -0.9032569879999999 0
303 1.2745201 -0.9300289859999998 0
304 1.2745201 -0.9568009839999999 0
305 1.2745201 -0.9835729819999999 0
306 1.598666705 -0.42915004 0
307 1.62433337 -0.42915004 0
308 1.650000035 -0.42915004 0
309 1.6756667 -0.42915004 0
310 1.701333365 -0.42915004 0
311 1.72700003 -0.4034833716666666 0
312 1.72700003 -0.3778167033333332 0
313 1.72700003 -0.352150035 0
314 1.72700003 -0.3264833666666667 0
315 1.72700003 -0.3008166983333335 0
316 1.701333365 -0.2751500299999999 0
317 1.6756667 -0.2751500299999999 0
318 1.650000035 -0.2751500299999999 0
319 1.62433337 -0.2751500299999999 0
320 1.598666705 -0.2751500299999999 0
321 1.57300004 -0.3008166983333333 0
322 1.57300004 -0.3264833666666667 0
323 1.57300004 -0.3521500349999999 0
324 1.57300004 -0.3778167033333332 0
325 1.57300004 -0.4034833716666665 0
326 0.20075 -1.56 0
327 0.20075 -1.53 0
328 0.20075 -1.5 0
329 0.20075 -1.47 0
330 0.20075 -1.44 0
331 0.20075 -1.41 0
332 0.20075 -1.38 0
333 0.20075 -1.350000000000001 0
334 0.20075 -1.320000000000001 0
335 0.20075 -1.29 0
336 0.20075 -1.26 0
337 0.20075 -1.230000000000001 0
338 0.20075 -1.200000000000001 0
339 0.20075 -1.170000000000001 0
340 0.20075 -1.140000000000001 0
341 0.20075 -1.110000000000001 0
342 0.20075 -1.080000000000001 0
343 0.20075 -1.050000000000001 0
344 0.20075 -1.020000000000001 0
345 0.20075 -0.990000000000001 0
346 0.20075 -0.960000000000001 0
347 0.20075 -0.930000000000001 0
348 0.20075 -0.9000000000000011 0
349 0.20075 -0.870000000000001 0
350 0.20075 -0.8400000000000011 0
351 0.20075 -0.8100000000000013 0
352 0.20075 -0.7800000000000011 0
353 0.20075 -0.7500000000000012 0
354 0.20075 -0.7200000000000014 0
355 0.20075 -0.6900000000000014 0
356 0.20075 -0.6600000000000016 0
357 0.20075 -0.6300000000000016 0
358 0.20075 -0.6000000000000014 0
359 0.20075 -0.5700000000000014 0
360 0.20075 -0.5400000000000016 0
361 0.20075 -0.5100000000000016 0
362 0.20075 -0.4800000000000013 0
363 0.20075 -0.4500000000000013 0
364 0.20075 -0.4200000000000013 0
365 0.20075 -0.3900000000000015 0
366 0.20075 -0.3600000000000014 0
367 0.20075 -0.3300000000000014 0
368 0.20075 -0.3000000000000012 0
369 0.20075 -0.2700000000000011 0
370 0.20075 -0.2400000000000011 0
371 0.20075 -0.2100000000000013 0
372 0.20075 -0.1800000000000013 0
373 0.20075 -0.1500000000000012 0
374 0.20075 -0.120000000000001 0
375 0.20075 -0.09000000000000097 0
376 0.20075 -0.06000000000000116 0
377 0.20075 -0.03000000000000114 0
378 0.20075 -1.110223024625157e-15 0
379 0.20075 0.02999999999999892 0
380 0.20075 0.05999999999999894 0
381 0.20075 0.08999999999999919 0
382 0.20075 0.119999999999999 0
383 0.20075 0.149999999999999 0
384 0.20075 0.179999999999999 0
385 0.20075 0.2099999999999991 0
386 0.20075 0.2399999999999993 0
387 0.20075 0.2699999999999991 0
388 0.20075 0.2999999999999992 0
389 0.20075 0.3299999999999992 0
390 0.20075 0.3599999999999992 0
391 0.20075 0.3899999999999992 0
392 0.20075 0.4199999999999993 0
393 0.20075 0.4499999999999995 0
394 0.20075 0.4799999999999993 0
395 0.20075 0.5099999999999991 0
396 0.20075 0.5399999999999994 0
397 0.20075 0.5699999999999992 0
398 0.20075 0.5999999999999994 0
399 0.20075 0.6299999999999992 0
400 0.20075 0.6599999999999995 0
401 0.20075 0.6899999999999997 0
402 0.20075 0.7199999999999995 0
403 0.20075 0.7499999999999998 0
404 0.20075 0.7799999999999996 0
405 0.20075 0.8099999999999994 0
406 0.20075 0.8399999999999992 0
407 0.20075 0.8699999999999994 0
408 0.20075 0.8999999999999997 0
409 0.20075 0.9299999999999995 0
410 0.20075 0.9599999999999997 0
411 0.20075 0.9899999999999995 0
412 0.20075 1.02 0
413 0.20075 1.05 0
414 0.20075 1.08 0
415 0.20075 1.11 0
416 0.20075 1.139999999999999 0
417 0.20075 1.17 0
418 0.20075 1.2 0
419 0.20075 1.23 0
420 0.20075 1.26 0
421 0.20075 1.29 0
422 0.20075 1.32 0
423 0.20075 1.35 0
424 0.20075 1.38 0
425 0.20075 1.41 0
426 0.20075 1.44 0
427 0.20075 1.47 0
428 0.20075 1.5 0
429 0.20075 1.53 0
430 0.20075 1.56 0
431 0.18875 1.56 0
432 0.18875 1.53 0
433 0.18875 1.5 0
434 0.18875 1.47 0
435 0.18875 1.44 0
436 0.18875 1.41 0
437 0.18875 1.38 0
438 0.18875 1.350000000000001 0
439 0.18875 1.320000000000001 0
440 0.18875 1.29 0
441 0.18875 1.26 0
442 0.18875 1.230000000000001 0
443 0.18875 1.200000000000001 0
444 0.18875 1.170000000000001 0
445 0.18875 1.140000000000001 0
446 0.18875 1.110000000000001 0
447 0.18875 1.080000000000001 0
448 0.18875 1.050000000000001 0
449 0.18875 1.020000000000001 0
450 0.18875 0.990000000000001 0
451 0.18875 0.960000000000001 0
452 0.18875 0.930000000000001 0
453 0.18875 0.9000000000000011 0
454 0.18875 0.870000000000001 0
455 0.18875 0.8400000000000011 0
456 0.18875 0.8100000000000013 0
457 0.18875 0.7800000000000011 0
458 0.18875 0.7500000000000012 0
459 0.18875 0.7200000000000014 0
460 0.18875 0.6900000000000014 0
461 0.18875 0.6600000000000016 0
462 0.18875 0.6300000000000016 0
463 0.18875 0.6000000000000014 0
464 0.18875 0.5700000000000014 0
465 0.18875 0.5400000000000016 0
466 0.18875 0.5100000000000016 0
467 0.18875 0.4800000000000013 0
468 0.18875 0.4500000000000013 0
469 0.18875 0.4200000000000013 0
470 0.18875 0.3900000000000015 0
471 0.18875 0.3600000000000014 0
472 0.18875 0.3300000000000014 0
473 0.18875 0.3000000000000012 0
474 0.18875 0.2700000000000011 0
475 0.18875 0.2400000000000011 0
476 0.18875 0.2100000000000013 0
477 0.18875 0.1800000000000013 0
478 0.18875 0.1500000000000012 0
479 0.18875 0.120000000000001 0
480 0.18875 0.09000000000000097 0
481 0.18875 0.06000000000000116 0
482 0.18875 0.03000000000000114 0
483 0.18875 1.110223024625157e-15 0
484 0.18875 -0.02999999999999892 0
485 0.18875 -0.05999999999999894 0
486 0.18875 -0.08999999999999919 0
487 0.18875 -0.119999999999999 0
488 0.18875 -0.149999999999999 0
489 0.18875 -0.179999999999999 0
490 0.18875 -0.2099999999999991 0
491 0.18875 -0.2399999999999993 0
492 0.18875 -0.2699999999999991 0
493 0.18875 -0.2999999999999992 0
494 0.18875 -0.3299999999999992 0
495 0.18875 -0.3599999999999992 0
496 0.18875 -0.3899999999999992 0
497 0.18875 -0.4199999999999993 0
498 0.18875 -0.4499999999999995 0
499 0.18875 -0.4799999999999993 0
500 0.18875 -0.5099999999999991 0
501 0.18875 -0.5399999999999994 0
502 0.18875 -0.5699999999999992 0
503 0.18875 -0.5999999999999994 0
504 0.18875 -0.6299999999999992 0
505 0.18875 -0.6599999999999995 0
506 0.18875 -0.6899999999999997 0
507 0.18875 -0.7199999999999995 0
508 0.18875 -0.7499999999999998 0
509 0.18875 -0.7799999999999996 0
510 0.18875 -0.8099999999999994 0
511 0.18875 -0.8399999999999992 0
512 0.18875 -0.8699999999999994 0
513 0.18875 -0.8999999999999997 0
514 0.18875 -0.9299999999999995 0
515 0.18875 -0.9599999999999997 0
516 0.18875 -0.9899999999999995 0
517 0.18875 -1.02 0
518 0.18875 -1.05 0
519 0.18875 -1.08 0
520 0.18875 -1.11 0
521 0.18875 -1.139999999999999 0
522 0.18875 -1.17 0
523 0.18875 -1.2 0
524 0.18875 -1.23 0
525 0.18875 -1.26 0
526 0.18875 -1.29 0
527 0.18875 -1.32 0
528 0.18875 -1.35 0
529 0.18875 -1.38 0
530 0.18875 -1.41 0
531 0.18875 -1.44 0
532 0.18875 -1.47 0
533 0.18875 -1.5 0
534 0.18875 -1.53 0
535 0.18875 -1.56 0
536 0.25399975 1.051418147142857 0
537 0.25399975 1.080186464285714 0
538 0.25399975 1.108954781428571 0
539 0.25399975 1.137723098571428 0
540 0.25399975 1.166491415714285 0
541 0.25399975 1.195259732857143 0
542 0.25399975 1.22402805 0
543 0.25399975 1.252796367142857 0
544 0.25399975 1.281564684285714 0
545 0.25399975 1.310333001428571 0
546 0.25399975 1.339101318571428 0
547 0.25399975 1.367869635714285 0
548 0.25399975 1.396637952857143 0
549 0.22899969 1.396637952857143 0
550 0.22899969 1.367869635714286 0
551 0.22899969 1.339101318571429 0
552 0.22899969 1.310333001428572 0
553 0.22899969 1.281564684285714 0
554 0.22899969 1.252796367142857 0
555 0.22899969 1.22402805 0
556 0.22899969 1.195259732857143 0
557 0.22899969 1.166491415714286 0
558 0.22899969 1.137723098571429 0
559 0.22899969 1.108954781428571 0
560 0.22899969 1.080186464285714 0
561 0.22899969 1.051418147142857 0
562 0.3751334566666666 1.52939991 0
563 0.4038669133333334 1.52939991 0
564 0.43260037 1.558133256666667 0
565 0.43260037 1.586866603333333 0
566 0.4038669133333333 1.61559995 0
567 0.3751334566666665 1.61559995 0
568 0.3464 1.586866603333333 0
569 0.3464 1.558133256666667 0
570 0.5501333833333334 1.70659999 0
571 0.5788668066666667 1.70659999 0
572 0.60760023 1.735000015 0
573 0.5788668066666666 1.76340004 0
574 0.5501333833333333 1.76340004 0
575 0.52139996 1.735000015 0
576 0.9111333033333333 1.4653 0
577 0.9398666466666665 1.4653 0
578 0.96859999 1.493699965 0
579 0.9398666466666666 1.52209993 0
580 0.9111333033333334 1.52209993 0
581 0.88239996 1.493699965 0
582 0.7921334066666667 1.95360009 0
583 0.8208667533333334 1.95360009 0
584 0.8496001 1.982000055 0
585 0.8208667533333333 2.01040002 0
586 0.7921334066666665 2.01040002 0
587 0.7634000599999999 1.982000055 0
588 1.2980475725 0.87648499 0
589 1.321575045 0.87648499 0
590 1.3451025175 0.87648499 0
591 1.36862999 0.903256988 0
592 1.36862999 0.9300289859999999 0
593 1.36862999 0.9568009839999999 0
594 1.36862999 0.9835729819999999 0
595 1.3451025175 1.01034498 0
596 1.321575045 1.01034498 0
597 1.2980475725 1.01034498 0
598 1.2745201 0.983572982 0
599 1.2745201 0.956800984 0
600 1.2745201 0.9300289860000001 0
601 1.2745201 0.9032569880000001 0
602 1.598666705 0.27515003 0
603 1.62433337 0.27515003 0
604 1.650000035 0.27515003 0
605 1.6756667 0.27515003 0
606 1.701333365 0.27515003 0
607 1.72700003 0.3008166983333334 0
608 1.72700003 0.3264833666666667 0
609 1.72700003 0.352150035 0
610 1.72700003 0.3778167033333332 0
611 1.72700003 0.4034833716666665 0
612 1.701333365 0.42915004 0
613 1.6756667 0.42915004 0
614 1.650000035 0.42915004 0
615 1.62433337 0.42915004 0
616 1.598666705 0.42915004 0
617 1.57300004 0.4034833716666666 0
618 1.57300004 0.3778167033333333 0
619 1.57300004 0.352150035 0
620 1.57300004 0.3264833666666668 0
621 1.57300004 0.3008166983333335 0
622 1.270633353333333 1.43929998 0
623 1.299366696666667 1.43929998 0
624 1.32810004 1.467700005 0
625 1.299366696666667 1.49610003 0
626 1.270633353333333 1.49610003 0
627 1.24190001 1.467700005 0
628 1.448666746666667 1.01864991 0
629 1.474333433333333 1.01864991 0
630 1.50000012 1.01864991 0
631 1.525666806666667 1.01864991 0
632 1.551333493333333 1.01864991 0
633 1.57700018 1.044316573333333 0
634 1.57700018 1.069983236666667 0
635 1.57700018 1.0956499 0
636 1.57700018 1.121316563333334 0
637 1.57700018 1.146983226666667 0
638 1.551333493333333 1.17264989 0
639 1.525666806666667 1.17264989 0
640 1.50000012 1.17264989 0
641 1.474333433333333 1.17264989 0
642 1.448666746666667 1.17264989 0
643 1.42300006 1.146983226666667 0
644 1.42300006 1.121316563333333 0
645 1.42300006 1.0956499 0
646 1.42300006 1.069983236666666 0
647 1.42300006 1.044316573333333 0
648 1.505633366666667 1.43929998 0
649 1.534366713333333 1.43929998 0
650 1.56310006 1.467699945 0
651 1.534366713333333 1.49609991 0
652 1.505633366666667 1.49609991 0
653 1.47690002 1.467699945 0
654 1.900000215 1.89955 0
655 1.92840048 1.9247749925 0
656 1.92840048 1.949999985 0
657 1.92840048 1.9752249775 0
658 1.900000215 2.00044997 0
659 1.87159995 1.9752249775 0
660 1.87159995 1.949999985 0
661 1.87159995 1.9247749925 0
662 0.2414997199999999 1.382253794285714 0
663 0.24149972 1.411022111428571 0
664 0.24149972 1.037033988571429 0
665 0.24149972 1.094570622857143 0
666 0.2414997200000001 1.12333894 0
667 0.2414997199999998 1.295948842857143 0
668 0.2414997199999999 1.353485477142857 0
669 0.2414997199999998 1.152107257142857 0
670 0.2414997199999998 1.180875574285714 0
671 0.24149972 1.209643891428571 0
672 0.2414997199999999 1.238412208571429 0
673 0.2414997199999998 1.267180525714286 0
674 0.24149972 1.32471716 0
675 0.2414997200000001 1.065802305714286 0
676 0.2414997199999999 -1.065802305714286 0
677 0.24149972 -1.037033988571429 0
678 0.24149972 -1.411022111428571 0
679 0.24149972 -1.353485477142857 0
680 0.2414997200000001 -1.32471716 0
681 0.2414997199999998 -1.152107257142857 0
682 0.2414997199999999 -1.094570622857143 0
683 0.2414997199999998 -1.295948842857143 0
684 0.2414997199999998 -1.267180525714286 0
685 0.24149972 -1.238412208571429 0
686 0.2414997199999999 -1.209643891428571 0
687 0.2414997199999998 -1.180875574285714 0
688 0.24149972 -1.12333894 0
689 0.2414997200000001 -1.382253794285714 0
690 0.4071548013983274 1.57249993 0
691 0.3718246784795287 1.57249993 0
692 0.389496703312976 1.550729262967798 0
693 0.389496703312976 1.594270597032202 0
694 0.3672880689377149 1.550287948903392 0
695 0.411712301062285 1.594711911096607 0
696 0.4117123010622851 1.550287948903392 0
697 0.3672880689377148 1.594711911096607 0
698 0.4071548013983274 -1.57249993 0
699 0.3718246784795287 -1.57249993 0
700 0.389496703312976 -1.594270597032202 0
701 0.389496703312976 -1.550729262967798 0
702 0.3672880689377149 -1.594711911096607 0
703 0.411712301062285 -1.550287948903392 0
704 0.4117123010622851 -1.594711911096607 0
705 0.3672880689377148 -1.550287948903392 0
706 0.564500095 1.738516165455641 0
707 0.540058565181594 1.727625252656245 0
708 0.588941624818406 1.727625252656245 0
709 0.591329579029089 1.747357310725703 0
710 0.537670610970911 1.747357310725703 0
711 0.564500095 -1.731483864544359 0
712 0.540058565181594 -1.742374777343755 0
713 0.588941624818406 -1.742374777343755 0
714 0.591329579029089 -1.722642719274297 0
715 0.537670610970911 -1.722642719274297 0
716 0.8065000799999998 1.985516211850922 0
717 0.782058616606767 1.974625308918463 0
718 0.8309415433932329 1.974625308918463 0
719 0.8333294923190373 1.994357326098917 0
720 0.7796706676809626 1.994357326098917 0
721 0.8065000799999998 -1.978483898149078 0
722 0.782058616606767 -1.989374801081537 0
723 0.8309415433932329 -1.989374801081537 0
724 0.8333294923190373 -1.969642783901083 0
725 0.7796706676809626 -1.969642783901083 0
726 0.925499975 1.497216124737673 0
727 0.9010585146949147 1.48632521906083 0
728 0.9499414353050853 1.48632521906083 0
729 0.952329384180791 1.50605723640801 0
730 0.898670565819209 1.50605723640801 0
731 0.925499975 -1.490183805262327 0
732 0.9010585146949147 -1.50107471093917 0
733 0.9499414353050853 -1.50107471093917 0
734 0.952329384180791 -1.48134269359199 0
735 0.898670565819209 -1.48134269359199 0
736 1.907850104271328 1.9381439944429 0
737 1.892335341241044 1.961964047798943 0
738 1.91329665548567 1.961574987728309 0
739 1.886777780719279 1.938468211168429 0
740 1.890503558084023 1.9174580361003 0
741 1.909496871915977 1.9825419338997 0
742 1.889006465631404 1.984126179839728 0
743 1.91103096747107 1.91589540460864 0
744 1.907850104271328 -1.9618559755571 0
745 1.892335341241044 -1.938035922201057 0
746 1.91329665548567 -1.938424982271691 0
747 1.886777780719279 -1.961531758831571 0
748 1.890503558084023 -1.9825419338997 0
749 1.909496871915977 -1.9174580361003 0
750 1.91103096747107 -1.98410456539136 0
751 1.889006465631404 -1.915873790160272 0
752 1.285000025 1.464183785262327 0
753 1.260558569297157 1.475074763926933 0
754 1.309441480702843 1.475074763926932 0
755 1.258170616288826 1.455342701856047 0
756 1.311829433711174 1.455342701856047 0
757 1.285000025 -1.471216224737673 0
758 1.260558569297157 -1.460325246073067 0
759 1.309441480702843 -1.460325246073068 0
760 1.258170616288826 -1.480057308143953 0
761 1.311829433711174 -1.480057308143953 0
762 1.52000004 1.464183788149078 0
763 1.544441503393233 1.475074691081537 0
764 1.495558576606767 1.475074691081537 0
765 1.493170627680963 1.455342673901083 0
766 1.546829452319037 1.455342673901083 0
767 1.52000004 -1.471216101850922 0
768 1.544441503393233 -1.460325198918463 0
769 1.495558576606767 -1.460325198918463 0
770 1.493170627680963 -1.480057216098917 0
771 1.546829452319037 -1.480057216098917 0
772 1.513191963701534 1.041445927415648 0
773 1.486723135807163 1.149373552040445 0
774 1.553723832687693 1.108926870988916 0
775 1.446276407312307 1.082372929011084 0
776 1.555343491822615 1.056574267871199 0
777 1.444343089966217 1.134475466436415 0
778 1.461174519177173 1.03999292727278 0
779 1.538825720822827 1.15130687272722 0
780 1.486728629249214 1.042153125036574 0
781 1.50000012 1.066858674797842 0
782 1.513257420668902 1.149066621539442 0
783 1.50000012 1.124441125202158 0
784 1.5532794881326 1.081870603648247 0
785 1.52837500597739 1.094253975344671 0
786 1.44658333500757 1.108907198192448 0
787 1.471208804590582 1.0956499 0
788 1.531448369939023 1.063367193287774 0
789 1.500000210207118 1.0956499 0
790 1.471671588176312 1.123978430373858 0
791 1.471671619283246 1.067321400733173 0
792 1.527233241834423 1.12254218011463 0
793 1.556450382477035 1.134149895 0
794 1.443549857522965 1.057149905 0
795 1.538762830170021 1.03924814890544 0
796 1.46150009 1.152100089350961 0
797 1.558341540856061 1.037308542772997 0
798 1.441658699143939 1.153991257227003 0
799 1.441658681590159 1.0373085252192 0
800 1.558341558409841 1.1539912747808 0
801 1.513191963701534 -1.149853872584351 0
802 1.486723135807163 -1.041926247959555 0
803 1.553723832687693 -1.082372929011084 0
804 1.446276407312307 -1.108926870988916 0
805 1.555343491822615 -1.134725532128801 0
806 1.444343089966217 -1.056824333563585 0
807 1.461174519177173 -1.15130687272722 0
808 1.538825720822827 -1.03999292727278 0
809 1.486728629249214 -1.149146674963426 0
810 1.50000012 -1.124441125202158 0
811 1.513257420668902 -1.042233178460558 0
812 1.50000012 -1.066858674797842 0
813 1.5532794881326 -1.109429196351753 0
814 1.52837500597739 -1.097045824655329 0
815 1.44658333500757 -1.082392601807552 0
816 1.471208804590582 -1.0956499 0
817 1.531448369939023 -1.127932606712226 0
818 1.500000210207118 -1.0956499 0
819 1.471671588176312 -1.067321369626142 0
820 1.471671619283246 -1.123978399266827 0
821 1.527233241834423 -1.06875761988537 0
822 1.556450382477035 -1.057149905 0
823 1.443549857522965 -1.134149895 0
824 1.538762830170021 -1.15205165109456 0
825 1.46150009 -1.039199710649039 0
826 1.558341540856061 -1.153991257227003 0
827 1.441658699143939 -1.037308542772997 0
828 1.441658681590159 -1.1539912747808 0
829 1.558341558409841 -1.0373085252192 0
830 1.595796044449228 0.3389582031012195 0
831 1.703723694193577 0.3654270092334007 0
832 1.663277007347127 0.298426367142531 0
833 1.636723062652873 0.405873702857469 0
834 1.688825603577832 0.4078070224134705 0
835 1.610924392903552 0.2968067110637997 0
836 1.705657014226819 0.3133244615098237 0
837 1.594343055773181 0.3909756084901763 0
838 1.703416764763741 0.3388927396866679 0
839 1.678791281079291 0.352150035 0
840 1.596503250010059 0.3654215207024354 0
841 1.621208788920709 0.352150035 0
842 1.636220729763482 0.2988707157523787 0
843 1.648604107454372 0.3237751995202013 0
844 1.663257329959553 0.4055667738284532 0
845 1.650000035 0.380941293966042 0
846 1.617717316021435 0.3207018161562666 0
847 1.650000035 0.3521500221132515 0
848 1.678328543526617 0.3804785437337377 0
849 1.676892320338764 0.3249169495947374 0
850 1.621671530917239 0.3804785392898836 0
851 1.6885000325 0.2956998221906865 0
852 1.6115000375 0.4086002478093135 0
853 1.706450237362731 0.3906500374999999 0
854 1.593598271623721 0.3133873535127416 0
855 1.708341408077646 0.4104914171675104 0
856 1.591658661922354 0.2938086528324897 0
857 1.70834141058533 0.2938086503248057 0
858 1.59165865941467 0.4104914196751943 0
859 1.595796044449228 -0.3653418668987805 0
860 1.703723694193577 -0.3388730607665993 0
861 1.663277007347127 -0.405873702857469 0
862 1.636723062652873 -0.2984263671425309 0
863 1.688825603577832 -0.2964930475865294 0
864 1.610924392903552 -0.4074933589362002 0
865 1.705657014226819 -0.3909756084901763 0
866 1.594343055773181 -0.3133244615098236 0
867 1.703416764763741 -0.3654073303133321 0
868 1.678791281079291 -0.352150035 0
869 1.596503250010059 -0.3388785492975645 0
870 1.621208788920709 -0.3521500349999999 0
871 1.636220729763482 -0.4054293542476213 0
872 1.648604107454372 -0.3805248704797987 0
873 1.663257329959553 -0.2987332961715468 0
874 1.650000035 -0.323358776033958 0
875 1.617717316021435 -0.3835982538437334 0
876 1.650000035 -0.3521500478867484 0
877 1.678328543526617 -0.3238215262662623 0
878 1.676892320338764 -0.3793831204052626 0
879 1.621671530917239 -0.3238215307101163 0
880 1.6885000325 -0.4086002478093135 0
881 1.6115000375 -0.2956998221906864 0
882 1.706450237362731 -0.3136500325000001 0
883 1.593598271623721 -0.3909127164872584 0
884 1.708341408077646 -0.2938086528324896 0
885 1.591658661922354 -0.4104914171675103 0
886 1.70834141058533 -0.4104914196751942 0
887 1.59165865941467 -0.2938086503248056 0
888 1.345628416718403 0.943414985 0
889 1.294069286729678 0.9155444393352559 0
890 1.293956841702724 0.9712855306647441 0
891 1.3338181023608 0.8976964406685892 0
892 1.333705657333846 0.9891335293314107 0
893 1.296590291378446 0.943414985 0
894 1.321256603562915 0.9243115032879115 0
895 1.309175074400565 0.8967322253819594 0
896 1.309078221270808 0.9891448308326924 0
897 1.32117063944742 0.9615560495881084 0
898 1.349138226065353 0.9147633153260835 0
899 1.349105157874945 0.9719062518199199 0
900 1.290066426726049 0.8937007265434431 0
901 1.35306376518523 0.8937373447989345 0
902 1.353034662541758 0.9930605446302661 0
903 1.290024567094706 0.9929386606994873 0
904 1.297521673281597 -0.9434149849999999 0
905 1.349080803270322 -0.9712855306647441 0
906 1.349193248297276 -0.9155444393352559 0
907 1.3093319876392 -0.9891335293314107 0
908 1.309444432666154 -0.8976964406685891 0
909 1.346559798621554 -0.943414985 0
910 1.321893486437085 -0.9625184667120885 0
911 1.333975015599434 -0.9900977446180406 0
912 1.334071868729192 -0.8976851391673074 0
913 1.321979450552579 -0.9252739204118915 0
914 1.294044932125055 -0.91492371818008 0
915 1.294011863934647 -0.9720666546739165 0
916 1.290086324814769 -0.9930926252010653 0
917 1.353125522905294 -0.8938913093005126 0
918 1.353083663273951 -0.993129243456557 0
919 1.290115427458242 -0.8937694253697338 0
920 1.546577394092897 0.3144917143052464 0
921 1.551113824744586 -0.3095267169996302 0
922 0.2267307621135332 0.3449999999999995 0
923 0.2266511121194839 -0.3420990149638467 0
924 0.2267307621135332 0.01499999999999894 0
925 0.226730762113533 0.5249999999999991 0
926 0.2290637484683214 -0.5240201108372639 0
927 1.248277231271333 -0.8914309317276337 0
928 1.248289203705857 0.8914267342774336 0
929 0.2294979788980488 -0.165802837469427 0
930 1.250464557564728 0.8573141356354065 0
931 1.248813083892327 -0.8592321031891185 0
932 0.226730762113533 0.7949999999999995 0
933 0.229214093680521 -0.7960836048478463 0
934 1.84662928284242 -1.964708235987167 0
935 1.849754465684728 1.96261248125 0
936 0.2779512070377829 1.038077141961238 0
937 0.2779512070377829 -1.038077141961238 0
938 1.589569767099638 -1.454924024876366 0
939 1.589569674678731 1.454924042371995 0
940 0.8765433411354268 -1.969041554573603 0
941 0.8766001345621182 1.9652587679899 0
942 0.8973666794701227 -1.437657164139228 0
943 0.8973666794701232 1.437657164139229 0
944 1.312452822211398 -1.523173235191907 0
945 1.312452822211397 1.523173305361339 0
946 1.217206235336568 0.8782081863715634 0
947 1.219589712066187 0.8355081657294597 0
948 1.216924573821258 -0.8785327446557484 0
949 1.218500811945901 -0.8357625550686065 0
950 0.2267307621135332 0.1949999999999991 0
951 1.491266693333334 -1.520839359652833 0
952 1.491266693333333 1.520839359652833 0
953 0.2751242535635401 -1.181532718433576 0
954 0.2751242535635397 1.181532718433578 0
955 1.692855166291711 -0.450042084529419 0
956 1.687500910152094 0.4500574724208436 0
957 1.178381198008481 -0.8614057951482209 0
958 1.17955798583037 -0.8096308556197185 0
959 1.178609624947746 0.8613093038776667 0
960 1.178415030230497 0.8110037974543166 0
961 1.35550165642277 0.8531527744468446 0
962 1.355501656422769 -0.8528526325895046 0
963 1.887707907119422 1.873799655574189 0
964 1.8858000825 -1.876329582360259 0
965 1.691401059859185 -0.2524555062157994 0
966 1.132185751273538 -0.8392286718304439 0
967 1.132911156772261 -0.7839366879171721 0
968 1.132033329830103 0.8394414135911193 0
969 1.131197521063847 0.7827648107046428 0
970 0.8656309354408689 -1.439020681207195 0
971 0.8656309354408689 1.439020681207195 0
972 1.58733014260191 0.249989421335297 0
973 1.552852731957158 0.251504151153924 0
974 1.71266992739809 0.2499894213352964 0
975 1.745112303268806 0.2503200551939898 0
976 1.752616051184936 0.3675725108454027 0
977 1.387181608649831 0.8518635551226708 0
978 1.388257369370404 -0.8535786494781694 0
979 1.855267584297427 -1.875500706452797 0
980 1.85558555506733 1.875079051988452 0
981 1.873331732328436 1.84343321675358 0
982 1.873242570147398 -1.844264167746239 0
983 0.227685690312642 0.6478841662603614 0
984 0.2274116717732255 -0.6757856446991916 0
985 1.082069257386814 -0.8140390975357172 0
986 1.081469117974946 -0.7537876152787305 0
987 1.081903274134555 0.8137021805611425 0
988 1.080601072677386 0.7543112175057044 0
989 1.547839430031045 -0.4148199353246807 0
990 1.546695766431489 0.4224092152100808 0
991 1.582292445545855 -0.4534672173143036 0
992 1.58733014260191 -0.2499894213352959 0
993 1.55244993611575 -0.2510801224326357 0
994 1.587330142601909 0.4543106486647041 0
995 0.2789502640380691 1.299168146871337 0
996 0.2825823081196477 -1.293461576777502 0
997 1.029898587006447 -0.785288669443918 0
998 1.029199991029319 -0.7244408366273127 0
999 1.029726248914809 0.7853197836526538 0
1000 1.028471818327006 0.725308357291423 0
1001 0.95295275970392 -1.549173119637189 0
1002 0.9529527597039201 1.54917318983196 0
1003 0.5357666716666664 1.788139548831236 0
1004 0.5357666716666667 -1.788139548831236 0
1005 0.97729665536079 -0.7558609529441311 0
1006 0.9762906619448871 -0.6958220952701527 0
1007 0.9771465702284637 0.756010725422942 0
1008 0.976144285639112 0.6959916441273094 0
1009 0.8833175504680235 -1.405362992127366 0
1010 0.8447332822440301 -1.404706675256205 0
1011 0.883317550468024 1.405362992127367 0
1012 0.8447372252485112 1.404705511441132 0
1013 0.8339528676485556 1.926526828867748 0
1014 0.8397518940665373 -1.927761048110638 0
1015 1.367983603560729 -0.8223164442605275 0
1016 1.367804310107301 0.8223807607015077 0
1017 0.9246982712620236 0.7268069355443914 0
1018 0.9237193340430498 0.6668047390222656 0
1019 0.9751852519449229 0.6359611047425159 0
1020 0.9227463144822156 0.6068008235460925 0
1021 0.9742116739390935 0.5759603322901792 0
1022 0.9217690688773875 0.546809072001549 0
1023 0.9732351190808873 0.5159668826495265 0
1024 0.9207920384836473 0.4868167914992989 0
1025 0.9722581035518213 0.4559745653115509 0
1026 0.9198149277558006 0.4268247089940689 0
1027 0.9700257453585781 0.3960029150635641 0
1028 0.9186285961306958 0.3668360638840737 0
1029 0.9688045458887906 0.3360148371704909 0
1030 0.9175759231148978 0.3068452480499163 0
1031 0.9690294019589952 0.2760032144888623 0
1032 0.9167865357910379 0.246850146296966 0
1033 0.9682838955832637 0.2160073984164308 0
1034 0.9158793023409836 0.1868569646594011 0
1035 0.967357021112177 0.1560145367980964 0
1036 0.9149221998540044 0.1268645954500832 0
1037 0.9663916071190436 0.09602230299348642 0
1038 0.9139503626072694 0.0668724662812159 0
1039 0.9654173140789428 0.03603021383123899 0
1040 0.9129745897260078 0.006880401226028826 0
1041 0.9247178536713601 -0.7267735020735238 0
1042 1.603304450242589 1.025390727699399 0
1043 1.60216078757223 1.158319788072293 0
1044 1.60216078757223 -1.032980011927709 0
1045 1.602160787572229 -1.158319788072294 0
1046 1.027409248644275 -0.6647716214657059 0
1047 1.725696771781372 0.2186436014596183 0
1048 1.766057020285332 0.21772783683673 0
1049 1.573392311634598 0.2209907880366405 0
1050 1.749567915893747 -0.3387276305575999 0
1051 1.832048490033943 -1.842129767672159 0
1052 1.859172564102357 -1.802389506683818 0
1053 1.832116345525762 1.841921000095991 0
1054 1.855770923419361 1.803174318442963 0
1055 1.408893234559239 0.8210065469580912 0
1056 1.410178170975479 -0.8230467946088991 0
1057 1.530514402065811 0.2208148779780303 0
1058 0.9237469777587285 -0.6667709090313174 0
1059 0.6345435100803207 1.722041479089047 0
1060 0.6345435100803217 -1.722041479089048 0
1061 0.8722563714832403 0.6976408862201113 0
1062 0.8732347878638992 0.7576272579118594 0
1063 0.8689669068598085 0.4565550189859318 0
1064 0.862484618074591 0.09771469907079527 0
1065 0.8722574704386965 -0.6976352214815609 0
1066 0.8732384681022137 -0.7576265342123776 0
1067 0.8712841109072968 -0.6376395250711788 0
1068 1.257388079821872 -1.409460802558522 0
1069 1.256266681666666 1.41456050580978 0
1070 0.8672329911742515 -1.364825070099674 0
1071 0.8180221640230677 -1.364291810924247 0
1072 0.8672336483416649 1.364824876130495 0
1073 0.8180267382111907 1.364289020147881 0
1074 0.8222643422991696 0.7309365695470331 0
1075 0.8207921140916533 -0.7284774876102202 0
1076 1.573392311634598 -0.2209907880366407 0
1077 1.530044473584168 -0.2203201778031934 0
1078 0.9644408852585932 -0.02396184053833439 0
1079 0.7357633916433696 -1.969714798404202 0
1080 0.7357633916433697 1.969714798404202 0
1081 1.39783945242777 -1.158319788072294 0
1082 1.397274084160706 1.162544117853173 0
1083 1.381667421155 -0.7820420954925087 0
1084 1.382616773964129 0.7816657483098871 0
1085 1.016884119504073 0.005187963760625557 0
1086 1.015907167637162 -0.05480408208830818 0
1087 0.8217695332084739 -0.7884695180734224 0
1088 0.8220142912033398 0.7888794856794753 0
1089 1.743176297327521 0.1785390918468834 0
1090 1.792269646344997 0.1783094491691711 0
1091 1.224304772860558 1.414585321202035 0
1092 1.224491672553093 -1.41373537066016 0
1093 0.9859817754588308 1.547203546772997 0
1094 0.9682487237958961 1.578999212945652 0
1095 0.9859817754588308 -1.547203535073869 0
1096 0.9682487237958953 -1.578999212945652 0
1097 0.9119978049422105 -0.05311164734488754 0
1098 0.6325727392682253 -1.689106685735171 0
1099 0.6325727392682254 1.689106685735171 0
1100 0.7693257491347744 -0.7593199702215724 0
1101 0.7703030023903122 -0.8193120310727239 0
1102 0.7709771438599771 0.7624500934187461 0
1103 0.7706190278436553 0.8199020462065988 0
1104 1.021642580462681 0.4803833169153947 0
1105 0.3607667283333334 -1.640483805780475 0
1106 0.3607667283333332 1.640483805780476 0
1107 1.804990924658712 1.802349425222086 0
1108 1.833530424874497 1.755865704837449 0
1109 1.889598586641189 1.759590753406869 0
1110 1.805546555523912 -1.802253417858255 0
1111 1.834189970132531 -1.755718901650285 0
1112 1.893703261259834 -1.758477386061869 0
1113 0.8653538543146214 0.2776918405054743 0
1114 1.865463894826547 -1.702569357182413 0
1115 1.865531969699588 1.706057854061416 0
1116 1.434946776209137 0.7822043540631212 0
1117 1.435002706810321 -0.7826071198686926 0
1118 1.068350347396581 -0.0256542769017238 0
1119 1.067373246980509 -0.08564632033072113 0
1120 0.8352334266666667 -2.035139469652834 0
1121 0.8339528676485561 2.037473281132252 0
1122 1.589239692419263 -1.422424773558663 0
1123 1.586266968903677 1.422795569451365 0
1124 1.620629358807058 1.439694982503522 0
1125 1.621124957519077 -1.439633155778255 0
1126 1.016402109339786 0.3057923424944644 0
1127 0.5021511627074174 -1.789069418682189 0
1128 0.5240288781169739 -1.82218191000183 0
1129 0.5038047422334433 1.788114724097711 0
1130 0.5243044747046447 1.82202279423775 0
1131 0.7178595561065767 -0.79016242676463 0
1132 0.7188369008524131 -0.8501544611668294 0
1133 0.7168822566671073 -0.7301703022168438 0
1134 0.7180797262379163 0.7909763723004545 0
1135 0.7189262667835226 0.8503884546117706 0
1136 1.00943461044006 -1.580700715532171 0
1137 1.009434610440061 1.580700717482024 0
1138 1.083627664751506 -0.8742655516132749 0
1139 1.083574597302223 0.8742448557442952 0
1140 0.2267307621135332 0.8849999999999995 0
1141 0.228955245640622 -0.07636384975480782 0
1142 0.2276140706878038 0.1049614155783225 0
1143 0.2222841154481468 -0.8848867789123626 0
1144 0.2268555874875028 0.434633859849635 0
1145 0.2276433110103659 -0.2550000000000011 0
1146 0.2267307621135331 -0.4350000000000012 0
1147 1.435474569962522 -1.199709319446701 0
1148 1.437330176441566 1.197810506701984 0
1149 1.559592900539011 -0.1800826819114003 0
1150 0.2823335499318643 -1.38300180940835 0
1151 0.2823335499318658 1.38300180940835 0
1152 1.954819536076057 1.939195819667763 0
1153 1.962640618026393 -1.940915559502146 0
1154 0.66550806431687 1.70687217537621 0
1155 0.6655080643168689 -1.706872175376209 0
1156 1.513470789043097 1.197214373777504 0
1157 1.512833463333333 -1.194877892684309 0
1158 0.9831690043963833 1.621346655090784 0
1159 1.034679792252378 1.621661476897804 0
1160 0.9833074383381194 -1.621466383972653 0
1161 1.034702864575997 -1.621681431386477 0
1162 0.8444534228560423 -1.317912787202801 0
1163 0.787939004159488 -1.319401229272719 0
1164 0.8444542947486314 1.31791228974521 0
1165 0.7879399118396072 1.319400681233727 0
1166 1.752006946871563 -0.4128160228279086 0
1167 1.751093690651879 -0.449376359796748 0
1168 1.783204432347153 -0.4258612236563644 0
1169 1.508490092641737 -0.1794109418048113 0
1170 0.4574841781490782 -1.543766583333333 0
1171 0.4599301017009115 -1.509915276047972 0
1172 0.4574841781490783 1.543766583333334 0
1173 0.4599301017009114 1.509915276047973 0
1174 1.24161682536633 1.381393536172156 0
1175 1.202071994806537 1.379822959362736 0
1176 1.242402708029316 -1.378478750996786 0
1177 1.202234125199123 -1.379195503409863 0
1178 0.6663935705971148 -0.8210048080788912 0
1179 0.6669666937432214 -0.8803223664606573 0
1180 0.666419908201847 0.8210939394986202 0
1181 0.6653267371844704 0.7613982824138863 0
1182 0.6669859776565397 0.8803762205886561 0
1183 1.887707907119424 -2.026331445329958 0
1184 1.887707907119423 2.026331445329959 0
1185 1.765569787073601 0.13264669690676 0
1186 1.822707002239934 0.1318752221438071 0
1187 1.851498018246178 0.1886565393123973 0
1188 0.4821591663915421 1.822967104749608 0
1189 0.5040847438940929 1.861696319396588 0
1190 0.4827920035633519 -1.822651419659154 0
1191 0.5041442839914478 -1.861670224508859 0
1192 0.855930282643239 -1.506475879849815 0
1193 0.8559302963433261 1.506475877256337 0
1194 1.402964058593609 -0.7354120255002901 0
1195 1.404306353415673 0.7352351480212742 0
1196 1.929624121932064 -1.708699475736825 0
1197 1.901314167771442 -1.643034125554822 0
1198 1.928940740765882 1.709470741553996 0
1199 1.901213176458823 1.644001265810906 0
1200 1.600756259369158 1.189581007127083 0
1201 1.631159420386969 1.172257618242828 0
1202 1.600756259369157 -1.189581007127083 0
1203 1.631159420386969 -1.17225761824283 0
1204 0.7687854245916238 -0.8821504497157456 0
1205 0.7688529897927642 0.8822877845506495 0
1206 0.9955432311354268 1.480741464573601 0
1207 0.9955432311354264 -1.480741464573602 0
1208 1.559671221952617 0.1801651319405401 0
1209 1.504054014661624 0.1786537381339501 0
1210 1.567707764590579 -0.9947553400860419 0
1211 1.562670063558437 0.9934892932980154 0
1212 1.28764843357723 -1.03386511096345 0
1213 1.254892720629594 -1.033232616113989 0
1214 1.28764843357723 1.03386511096345 0
1215 1.254892720629596 1.033232616113989 0
1216 0.6148602419719049 -0.8517348133548139 0
1217 0.6154221236442837 -0.9110336200505029 0
1218 0.6148678465758632 0.8517586424486473 0
1219 0.6154266050541766 0.9110465672380403 0
1220 0.4918139990965564 -1.531918017048943 0
1221 0.4925755226326474 -1.487938953849625 0
1222 0.4910953943519328 1.528735200542128 0
1223 0.4924557551752111 1.487408484431824 0
1224 1.224098465819015 -1.341132183982113 0
1225 1.224177856249003 1.342536815755237 0
1226 1.984982326994127 -1.661155344466349 0
1227 1.945647730824632 -1.572584702842717 0
1228 1.984913835105453 1.661385008414684 0
1229 1.945473243419523 1.57213501695625 0
1230 0.5314151987572465 -1.511108540077581 0
1231 0.5312754700569028 1.510489659090149 0
1232 1.463440772921729 0.7354927268421302 0
1233 1.463226378884915 -0.7355893340562276 0
1234 0.993572473468764 1.447806708780472 0
1235 0.9935724734687631 -1.447806708780472 0
1236 1.776833961094178 1.755522670517467 0
1237 1.74558638664058 1.806848861282121 0
1238 1.775242566958331 -1.753737844920371 0
1239 1.745413759428809 -1.806535389121966 0
1240 0.8549430433416401 1.541110060589537 0
1241 0.8549395889198749 -1.541076598250803 0
1242 1.007975373115577 1.665879305361699 0
1243 1.0667710411612 1.670567812369633 0
1244 1.007938482477686 -1.668880153495157 0
1245 1.066768738108816 -1.671071279473325 0
1246 0.3274057521683899 -1.642399499800517 0
1247 0.3288322746125774 1.642022806830968 0
1248 1.178595237516974 1.340991390947546 0
1249 1.178544038925239 -1.340627297419286 0
1250 1.119816445194449 -0.05649651544476901 0
1251 1.118839325107763 -0.1164885585533226 0
1252 1.066396127568498 -0.1456383634502655 0
1253 1.117862198679366 -0.1764806015585663 0
1254 1.065419002094974 -0.2056304064710645 0
1255 1.116885072284201 -0.2364726445643519 0
1256 1.214956729919679 -1.480658540910953 0
1257 1.214956729919678 1.480658540910953 0
1258 1.491266693333334 1.414560530347166 0
1259 1.489083034411311 -1.415816619752235 0
1260 1.120793572207286 0.00349552755095413 0
1261 2.035016733494905 -1.580028950824586 0
1262 1.991289273272142 -1.497570691292117 0
1263 2.078421261943421 -1.665270650935218 0
1264 0.7383120056054797 -1.93621900584501 0
1265 0.7383120056054798 1.93621900584501 0
1266 2.033593050494517 1.578352899180925 0
1267 1.995150807433329 1.490253907625246 0
1268 2.078205847489239 1.665135481174549 0
1269 0.824154985914234 -1.522116989273919 0
1270 0.8241555831146646 1.522122562267259 0
1271 1.064441875616737 -0.2656224494754966 0
1272 1.1159079455499 -0.2964646875646121 0
1273 3.001335867286273 0.9745614531509448 0
1274 1.487427691609649 -0.9890439985107189 0
1275 1.486120005370319 0.9987214511753449 0
1276 1.792408137666202 0.08078255255505103 0
1277 1.854326644098399 0.07952809581320507 0
1278 1.172259646790572 -0.02734671061391396 0
1279 1.173236774367105 0.0326453323726262 0
1280 3.100428906536775 -0.4292149578650351 0
1281 0.563369945725589 -0.8825366231632524 0
1282 0.5624707970336721 -0.8226750254116828 0
1283 0.5643432102348513 -0.9425218975478747 0
1284 0.5633719600612284 0.8825427525434839 0
1285 0.5643442928591037 0.9425250769758391 0
1286 0.8164602466629529 -1.268659066495632 0
1287 0.7602661291359794 -1.26966239255426 0
1288 0.8164605432584037 1.268658892246201 0
1289 0.7602661843759783 1.269662014894344 0
1290 1.481943711556375 -0.2246432784232062 0
1291 1.48440999244005 0.224339464857471 0
1292 0.3899496723520849 -1.500627783381579 0
1293 0.3899496723520849 1.500627791320146 0
1294 1.224702845175243 0.00180309426925736 0
1295 1.822474713893584 0.02517745853957037 0
1296 1.891496514252828 0.02367068985405657 0
1297 0.4546359508852026 1.862903818580839 0
1298 0.4801363340979288 1.909399198685868 0
1299 0.4560474150711592 -1.862577228242285 0
1300 0.4803815014784784 -1.909340417814821 0
1301 1.709026942081528 1.745655401244167 0
1302 1.675476385967114 1.815641938127316 0
1303 1.709689574786509 -1.752281776199485 0
1304 1.675558053549316 -1.816694088593174 0
1305 1.633259882301378 1.213341706746185 0
1306 1.67230583461937 1.185679737480458 0
1307 1.633259882301375 -1.213341706746186 0
1308 1.671376414740427 -1.190925289760943 0
1309 0.8757859818977082 1.270959979307247 0
1310 0.8757859312032046 -1.270960008449054 0
1311 1.432110221798812 -0.6861731628357178 0
1312 1.432110221798814 0.6861731628357187 0
1313 1.668770780576871 -2.707224759428032 0
1314 1.66875743753733 2.707218304991004 0
1315 1.132704126329268 0.7255459474480921 0
1316 0.1687237579982094 -2.438110669452535 0
1317 0.1585857668159648 2.422586831200945 0
1318 2.125157019719989 -1.57931121658922 0
1319 1.063464748914525 -0.3256144924762802 0
1320 1.011998679027128 -0.2947722543879096 0
1321 1.114930818813805 -0.3564567305648438 0
1322 2.135039474027616 1.584135382624377 0
1323 1.167374015450288 -0.3273069256531944 0
1324 1.166396888702195 -0.3872989686532299 0
1325 1.534716367461745 -0.1335176929694967 0
1326 0.8479021908642475 -1.218293065541016 0
1327 0.907973076863538 -1.220810468038188 0
1328 0.8479022487459059 1.218293031642477 0
1329 0.9079730949595647 1.220810457531464 0
1330 0.2766223617268208 1.007721465853811 0
1331 0.3106316340145641 1.027725897147932 0
1332 0.3096547731040338 0.9855759298980432 0
1333 0.2766223617268208 -1.007721465853811 0
1334 0.3106316340145642 -1.027725897147932 0
1335 0.3096547731040337 -0.9855759298980432 0
1336 1.029860640214669 1.729950393220635 0
1337 1.108030997083628 1.730013351821667 0
1338 1.03519770322106 -1.728258067093354 0
1339 1.108920123742622 -1.729815208651074 0
1340 0.5321560122415375 -1.463010639757001 0
1341 0.5316773120615844 1.463277547446851 0
1342 1.275166486439271 1.06437947748328 0
1343 1.232971919024522 1.063757716613762 0
1344 1.27516648643927 -1.064379477483279 0
1345 1.232971919024519 -1.06375771661376 0
1346 1.225679972216534 0.0617951372645169 0
1347 1.492029844269663 0.6850341255615432 0
1348 1.522839232855198 0.7363439510764079 0
1349 1.551994299047245 0.6847356552341952 0
1350 1.582227653622367 0.7365556077606427 0
1351 1.611847667828985 0.6845796545560588 0
1352 1.642102189415652 0.7363877149279412 0
1353 1.671850872418609 0.6843089839148726 0
1354 1.701467348493309 0.73578409846312 0
1355 1.731745222826453 0.6839850284056025 0
1356 1.759653724755295 0.7380701128820879 0
1357 1.791700218334987 0.6839732683407433 0
1358 1.821199931616119 0.7409275494154439 0
1359 1.855430296401715 0.6808494306265941 0
1360 1.889085416816018 0.7394630430952109 0
1361 1.927161212314308 0.6763379765293696 0
1362 1.852195009779109 0.8020814707593475 0
1363 1.927795519115664 0.7989413715429391 0
1364 1.886578352969333 0.8696791082250168 0
1365 1.970664085491976 0.8664046441163962 0
1366 1.924584834945568 0.9408079815808631 0
1367 2.0143204714947 0.9495181599684795 0
1368 2.066780497956853 0.859989258377955 0
1369 2.113697571253049 0.9552175413464177 0
1370 1.491994111930191 -0.6850502267638912 0
1371 1.522797545125817 -0.7363627358124811 0
1372 1.551981395702435 -0.6847414695572634 0
1373 1.582218555110002 -0.7365597076038299 0
1374 1.611847667828982 -0.684579654556055 0
1375 1.642100672996923 -0.7363883982351354 0
1376 1.67185889270833 -0.6861613153072939 0
1377 1.702083843204809 -0.7364445956318556 0
1378 1.732589972817747 -0.6861298853991886 0
1379 1.762202488913838 -0.7362705070973988 0
1380 1.792712490204031 -0.6797876787475707 0
1381 1.823483250262458 -0.7373111906552555 0
1382 1.853496725345718 -0.6825467850110954 0
1383 1.888128640984621 -0.7388869747722522 0
1384 1.925528722069209 -0.6770833182822301 0
1385 1.961368337105309 -0.7457379608834458 0
1386 1.851733354408593 -0.7946431148375335 0
1387 2.014340403190707 -0.6702202529671202 0
1388 2.054109719737216 -0.7731295927877651 0
1389 2.116309813193824 -0.6657475074852298 0
1390 2.177406721869929 -0.7642293194243546 0
1391 0.9395547868494994 1.660160890554024 0
1392 0.9506933440380864 -1.664910861146437 0
1393 1.218840085340309 -0.3581491637416076 0
1394 1.217862958590641 -0.4181412067416174 0
1395 0.4867036688789425 1.4407967788628 0
1396 0.4868034134851726 -1.440840705817458 0
1397 1.247571947561886 -0.9699502182839693 0
1398 1.247571947561886 0.969950218283969 0
1399 0.4940242088450054 -1.717196208887358 0
1400 0.494456679919679 1.722041479089047 0
1401 1.592381102614762 -0.1367427019081744 0
1402 1.270306155228612 -0.3889914018299927 0
1403 1.673010588697524 1.239084472592742 0
1404 1.7178473493004 1.211204861106401 0
1405 1.715316362859738 1.153251161513517 0
1406 1.767274600312491 1.179430807473795 0
1407 1.672541400958234 -1.23894548577946 0
1408 1.717617948757935 -1.211428340012065 0
1409 1.707519540319262 -1.154030556333274 0
1410 1.767016444111351 -1.180270461053013 0
1411 2.123087341651643 -0.8693424882819643 0
1412 1.269179800561619 -1.344771508458618 0
1413 1.273763208081345 1.347824138504218 0
1414 1.719149353419969 1.2678315314863 0
1415 1.719323057778089 -1.268317756839965 0
1416 1.374005480855629 -0.6841539377360769 0
1417 0.6168822510391886 -0.9718313119957014 0
1418 0.5654003213396687 -1.002647085185244 0
1419 0.6168822510391844 0.9718313119957054 0
1420 0.5654005017770404 1.002647615089908 0
1421 1.845540617460291 -0.0425390052323359 0
1422 1.929877984700501 -0.03762041519697279 0
1423 1.971281938316712 0.03158267498857203 0
1424 2.019012295365695 -0.04141878980823012 0
1425 2.06833587189721 0.04615656757727817 0
1426 2.12463029311566 -0.04534794821588727 0
1427 2.182424460188481 0.05621278638874585 0
1428 2.054204417448582 -0.137634901402904 0
1429 2.182446794568134 -0.1455113435715824 0
1430 2.269271330954985 -0.6399162117787419 0
1431 0.8227534696715928 1.563631282710146 0
1432 0.784765783448881 1.540382232107498 0
1433 0.8227493422628108 -1.563591314050487 0
1434 0.7847649960140112 -1.540374641831998 0
1435 0.8802927628109383 -1.167640216808485 0
1436 0.9402631963107524 -1.170291420211045 0
1437 0.8802927754738854 1.167640209407608 0
1438 0.9402631963107516 1.170291420211046 0
1439 0.349237668158197 1.67466248151072 0
1440 0.3050925136478941 1.675785758990068 0
1441 0.3458170633056178 -1.674006688169985 0
1442 0.3078232462361997 -1.674718673084656 0
1443 0.4195186586092491 1.91046904539639 0
1444 0.4543417249901893 1.969373473114345 0
1445 0.4235185728105696 -1.911072647756219 0
1446 0.4550492385871627 -1.969464276695809 0
1447 2.244290636984856 -0.8726061414264443 0
1448 1.277146042306274 0.03095289917285124 0
1449 1.025336963232043 1.465521563079271 0
1450 1.025336963232043 -1.46552156307927 0
1451 1.45699154188772 1.411704908561489 0
1452 1.476231247101747 1.380913522223379 0
1453 1.459175552469728 -1.41238207781835 0
1454 1.486683519951929 -1.382011007050323 0
1455 1.460270424819157 -1.519082822655207 0
1456 1.479965431598547 -1.554433974144438 0
1457 1.457531773451546 1.523375977330511 0
1458 1.479508989703944 1.555149499923656 0
1459 1.257222933693375 -1.102323258586775 0
1460 1.210108597384911 -1.104080137034083 0
1461 1.257222933693379 1.102323258586776 0
1462 1.210108597384915 1.104080137034087 0
1463 1.011021552285012 -0.3547642973880432 0
1464 0.9595554823985929 -0.3239220592996885 0
1465 1.76119157018193 -1.120872674772658 0
1466 1.815973298151284 -1.146814067179874 0
1467 2.17936156640486 0.8520050440525317 0
1468 0.9125858750269488 -1.117054724465757 0
1469 0.9125858771374394 1.117054723232277 0
1470 1.276168915589742 -0.02903914382769874 0
1471 0.5313479008319156 -1.409876579113699 0
1472 0.5310722256283285 1.410078354084544 0
1473 1.202268234407972 2.890511027179063 0
1474 1.202268234407949 -2.890511027179049 0
1475 0.2235328616355153 -1.570813166015591 0
1476 0.223532861635515 1.570813166015589 0
1477 1.67231155706195 -0.7879339528823878 0
1478 1.672066801745788 0.7871688778051161 0
1479 0.4791710603832601 1.386277201144815 0
1480 0.47923363035156 -1.386250893142116 0
1481 1.822859411039162 -1.208505850182078 0
1482 1.875308895568358 -1.170220796627207 0
1483 0.7049388170624419 -1.953851768657908 0
1484 0.7035610194239394 -1.914070182027986 0
1485 0.704938817062442 1.953851768657908 0
1486 0.7035610194239402 1.914070182027986 0
1487 2.04116357058385 -0.5661340175722067 0
1488 1.067145448885118 1.801546211293048 0
1489 1.156953040892934 1.802117389413185 0
1490 1.105225237959275 1.886670989374372 0
1491 1.208982393107234 1.882161407788971 0
1492 1.160518817962562 1.966891382798903 0
1493 1.26348215105729 1.966892257079858 0
1494 1.203141516790284 2.067302666549622 0
1495 1.325877424730964 2.06465454593023 0
1496 1.069173755738847 -1.795410527089125 0
1497 1.155178266966628 -1.79966777826461 0
1498 1.106692543602805 -1.884600663474797 0
1499 1.208931148393422 -1.88140808494762 0
1500 1.168892297838119 -1.970237909450735 0
1501 1.26447289333843 -1.967200971819214 0
1502 1.201719097805676 -2.069352816086758 0
1503 1.325805478613699 -2.065047689976321 0
1504 1.461320506001272 -0.636045024614581 0
1505 1.461200474523815 0.6337641165112831 0
1506 1.401212694550344 0.6352222579167437 0
1507 1.395578142438112 -0.9168797517160312 0
1508 1.395578142438113 0.9168797517160312 0
1509 0.5110008153187836 -0.8535107342706529 0
1510 0.5100391471019251 -0.7935448097051438 0
1511 1.883549351684297 -0.1114158981431354 0
1512 1.399316185840863 -1.082610399595021 0
1513 1.399910581384153 1.083279833111084 0
1514 1.43279499849081 1.3802042706665 0
1515 1.437085192463236 -1.384298050847477 0
1516 0.5287477423453736 -1.351483151084673 0
1517 0.5286913681500635 1.351521164913599 0
1518 0.4616998914203274 1.323255157137735 0
1519 0.523932953470444 1.290871119396547 0
1520 0.4736263261828872 -1.323848667260282 0
1521 0.524052872354781 -1.289372046559637 0
1522 1.732938961554045 0.08486675983221496 0
1523 1.534562263228231 0.1351178068087171 0
1524 1.468340021348258 -0.8327802176473558 0
1525 1.459040244318653 0.8277751818553987 0
1526 0.5370472271173613 -1.679526753634685 0
1527 0.5312481824890884 1.680760912444857 0
1528 1.884410265200639 0.6125426964397436 0
1529 1.965922876739063 0.606679767887885 0
1530 2.176557861389147 -1.677413928809705 0
1531 2.233472047740301 -1.57918814412778 0
1532 2.178146193326746 1.678521235908913 0
1533 2.242882510337298 1.589424723868968 0
1534 1.216927494065108 -1.513593328491327 0
1535 1.216927494065108 1.513593328491327 0
1536 0.3301480729554295 1.715853492653445 0
1537 0.2767978289539758 1.71541407932154 0
1538 0.330401029239796 -1.715512565656335 0
1539 0.2813611795536822 -1.714516904324469 0
1540 1.858017179924862 -1.097236282346138 0
1541 1.936136359136136 -1.129718868274276 0
1542 0.4586674719213929 -0.8243834005898936 0
1543 0.4576128310669584 -0.7643966361180866 0
1544 0.5090658995709629 -0.7335551128648949 0
1545 0.4566233038819389 -0.7044058659836784 0
1546 0.5080872246641791 -0.6735636751200532 0
1547 0.4556437244125181 -0.644414138088071 0
1548 0.50710931439879 -0.6135717874142844 0
1549 0.4546658896529084 -0.5844221829040214 0
1550 0.5061318111071698 -0.5535797870169157 0
1551 0.4536884692641755 -0.5244301613602027 0
1552 0.5051544491368068 -0.4935877567054761 0
1553 0.557597763472847 -0.522737376591464 0
1554 0.5566204186530548 -0.4627453523639167 0
1555 0.5041771224753342 -0.4335957185089854 0
1556 0.5538484175063935 -0.4027825521086926 0
1557 0.5029006906451681 -0.3736085515159367 0
1558 0.5536872642464958 -0.3427772168141654 0
1559 0.5020095473427039 -0.3136151078856084 0
1560 0.5518744782203698 -0.2827987873990663 0
1561 0.5009073466671519 -0.253625102462305 0
1562 0.5510936753731203 -0.2228035461314889 0
1563 0.5004999771886404 -0.1936237776617176 0
1564 0.5507968035342291 -0.1628004212329019 0
1565 0.499731057848286 -0.133628342796123 0
1566 0.5495923009963288 -0.1028120823675991 0
1567 0.4992397519041118 -0.07362838538356091 0
1568 0.5490112295235137 -0.04281358730768051 0
1569 0.4991790642022336 -0.0122493802131253 0
1570 0.5482527238736107 0.01741068931311076 0
1571 0.497343832470418 0.04799546768975588 0
1572 0.5478245435631387 0.07718300298677211 0
1573 0.4980071904010235 0.1063284650725291 0
1574 0.5469076527950412 0.137168201667884 0
1575 0.4877251013575652 0.1676748675040816 0
1576 0.5414606004777039 0.1973371125038564 0
1577 0.4934266163048012 0.2263167198652721 0
1578 0.5408514651285664 0.2571335996191158 0
1579 0.4917757772251153 0.2863045059074619 0
1580 0.5431294950401592 0.3171461996778555 0
1581 0.4912287632429791 0.3462992635066823 0
1582 0.5436536420083476 0.3771565722450351 0
1583 0.4905734062865338 0.4062948117834812 0
1584 0.6038756579248776 -0.4282330772821064 0
1585 0.6059335575039909 -0.2531215096306051 0
1586 0.5429802278895174 0.4371522523014305 0
1587 0.4897003986532006 0.4662880430880792 0
1588 0.6003424936354449 -0.06459222289887366 0
1589 0.5411837550426365 0.4971306444022076 0
1590 0.487430731366679 0.5241672810843672 0
1591 0.5953812400532097 0.3479935652234605 0
1592 1.429846642023835 0.5826012171337749 0
1593 1.370146427674076 0.5835209095332698 0
1594 1.398814031794683 0.531185652036017 0
1595 1.339166719506601 0.5320647507689034 0
1596 1.368206523333836 0.4795552840570675 0
1597 1.308272657900512 0.4806137899296889 0
1598 1.337326761689128 0.4281051904514446 0
1599 1.277347518245363 0.4291937479785161 0
1600 1.306396439072459 0.3766902989616397 0
1601 0.5901482755373008 0.1773597048989414 0
1602 1.271283281978788 -0.3289993588299908 0
1603 1.322749351866702 -0.3598415969183701 0
1604 1.278123169138625 0.09094494217151429 0
1605 1.226657099264482 0.121787180259668 0
1606 0.8199627930819137 1.165662734140018 0
1607 0.8199627900213582 -1.16566273593178 0
1608 0.466431993359034 1.256784285691625 0
1609 0.4678065687036636 -1.254025400938404 0
1610 2.031146641794136 2.522515514156192 0
1611 2.031925100347705 -2.521080445707806 0
1612 1.328612112315539 0.0001106610824965652 0
1613 0.4553450498726341 -0.4058408328171438 0
1614 0.9587389510409362 -0.3836461187120653 0
1615 0.9071390516611429 -0.3530272002800716 0
1616 0.4403336529429379 0.2602416151246944 0
1617 0.4510236428609233 -0.2820936208873987 0
1618 1.134088995793013 -0.7245203712830235 0
1619 0.4497750073142385 -0.1003855663094243 0
1620 0.3782779672328682 1.971482744943239 0
1621 0.3800338419774722 -1.970582016124681 0
1622 2.41029339199903 -2.199057146367024 0
1623 2.378873187635464 2.218615646869913 0
1624 0.7411649714160885 -1.896195654208672 0
1625 0.7411649714160886 1.896195654208672 0
1626 0.5830567694779853 -1.430776488702519 0
1627 0.5828896626341797 1.430840540586909 0
1628 1.782224069577102 -0.471579086434477 0
1629 0.4536291124303701 0.07887070955187882 0
1630 2.119628245594772 0.147426274492348 0
1631 2.239830893751019 0.1797362883715963 0
1632 1.269329028478506 -0.4489834448299961 0
1633 1.216885831840496 -0.4781332497416195 0
1634 0.977217962797403 0.8143550447287125 0
1635 0.9772774587785591 -0.8143247097195386 0
1636 0.8155727964325287 0.6739416788008683 0
1637 0.5624716154899062 0.8226775719668986 0
1638 0.5110012874507601 0.8535121802598969 0
1639 0.5100392254904212 0.7935450522066316 0
1640 0.458571917085118 0.8243852401650517 0
1641 0.4575971542294621 0.7643973653376075 0
1642 1.01311651026251 -0.4157072041595167 0
1643 0.8605317544401858 -0.02226940956954525 0
1644 0.8595546879164954 -0.08226145355299223 0
1645 0.5934266026908477 0.4679776449706572 0
1646 0.6002742889800258 0.05545091948923619 0
1647 1.305603164800245 -1.868151451694824 0
1648 1.305446581872365 1.868225553045144 0
1649 0.9714185627963295 1.118998165764908 0
1650 0.9714185624445801 -1.118998165970486 0
1651 1.221777417627344 0.7873244661440979 0
1652 2.243035074891144 0.9671186550992663 0
1653 0.6174749131518577 1.032506308842182 0
1654 0.6174748830880769 -1.032506220508344 0
1655 1.926854885321382 0.5429014291395204 0
1656 0.3496133722264358 -1.007094495488204 0
1657 0.3466402836214955 -1.05593252888477 0
1658 0.3496133722264362 1.007094495488204 0
1659 0.346640283621495 1.05593252888477 0
1660 0.4360901037596196 0.3785609468862188 0
1661 0.4371954633421345 0.495579602218943 0
1662 1.185140296402017 1.059293016969434 0
1663 1.185140296402014 -1.059293016969429 0
1664 0.4212174843458735 2.039260506256305 0
1665 0.4185226811388562 -2.041639832464671 0
1666 1.631152495656469 1.750193581573331 0
1667 1.631276545704335 -1.75147333581019 0
1668 1.007016780560506 1.17133804451135 0
1669 1.007016780510249 -1.171338044540711 0
1670 0.9446747972527584 -1.066352127992898 0
1671 0.9446747976631312 1.066352127753055 0
1672 1.268533198759443 -2.170855708314578 0
1673 1.395934641063707 -2.161889045217679 0
1674 1.155735302168231 -2.176110253383939 0
1675 0.8671953110898641 -2.035114669223403 0
1676 0.84715937497234 -2.068811226157309 0
1677 1.268533198759486 2.170855708314576 0
1678 1.395946632083283 2.161823521209983 0
1679 1.155972371999024 2.175768561794416 0
1680 0.8664934128171574 2.037824437499721 0
1681 0.8491418809812498 2.068624983471053 0
1682 1.848412929849124 0.9282868535326053 0
1683 1.279236298860845 0.5331084384661786 0
1684 1.182989077056961 1.494635343120217 0
1685 1.18298907705696 -1.494635343120216 0
1686 1.455114110125391 -0.1796073969020036 0
1687 0.8885691176815618 2.069912195326686 0
1688 0.8669487103995173 2.108608780717171 0
1689 0.8901220476047378 -2.069187967964918 0
1690 0.8661510582886184 -2.109015684355021 0
1691 1.821358756581378 -0.4465804687818788 0
1692 0.9341599862540607 -1.271891209701117 0
1693 0.9341599977191487 1.271891203093029 0
1694 2.050075877768369 1.051436456147619 0
1695 2.006262386512704 0.5323798518654332 0
1696 1.594351713601406 1.227712463027472 0
1697 1.594351713601404 -1.227712463027472 0
1698 0.5924826910509609 0.5279702452276301 0
1699 0.2311232862611848 1.514810775634714 0
1700 0.2311232862611864 -1.514810775634716 0
1701 1.817333583935624 -1.881099243674853 0
1702 1.817397888312575 1.880994173334768 0
1703 1.027285640834636 1.426337974373514 0
1704 1.027285640834635 -1.426337974373513 0
1705 1.770432528326039 0.6232460296137783 0
1706 1.435615464582478 1.555965416451278 0
1707 1.459183960888162 1.594041855893539 0
1708 1.504931173212633 1.591730509421994 0
1709 1.40876344592548 1.593968354019703 0
1710 1.438749732943539 -1.551545214680664 0
1711 1.45955705135103 -1.592485431511994 0
1712 1.505069428605548 -1.591351851061866 0
1713 1.403622410450118 -1.586038164829944 0
1714 0.226730762113533 0.7049999999999995 0
1715 0.2267307621135331 0.2849999999999992 0
1716 0.2239336933203717 -0.7364019446373506 0
1717 0.2304460679842888 -0.6148237306174268 0
1718 0.2274986273477131 0.5849999999999992 0
1719 0.1687672209414695 1.575522858217103 0
1720 0.1627692378864669 1.515 0
1721 0.167869427524143 1.601330100942762 0
1722 0.1620096015199022 1.455000000000001 0
1723 0.1618566889896353 1.394999999999999 0
1724 0.1630065896666981 1.335 0
1725 0.1583187572155677 1.276247798737839 0
1726 0.1626999009846417 1.215 0
1727 0.1618566889896354 1.155 0
1728 0.1620092737836653 1.095 0
1729 0.1618566889896366 1.035000000000001 0
1730 0.16306519811827 0.9750000000000004 0
1731 0.1618566889896348 0.9150000000000008 0
1732 0.1619944621829278 0.8550000000000011 0
1733 0.1583419855003875 0.7945761410205207 0
1734 0.162769237886467 0.7350000000000015 0
1735 0.1569121143064182 0.6777682899429259 0
1736 0.1619123451257712 0.6150000000000013 0
1737 0.1619711584507645 0.5550000000000014 0
1738 0.1628010709631539 0.4950000000000013 0
1739 0.1595455380225144 0.4340412735024905 0
1740 0.1627692378864669 0.3750000000000014 0
1741 0.156960744353101 0.3175177706124747 0
1742 0.1618566889896342 0.2550000000000012 0
1743 0.1619853288162467 0.1950000000000013 0
1744 0.1627692378864668 0.1350000000000011 0
1745 0.1595922818049716 0.07387312066702463 0
1746 0.1627692378864668 0.01500000000000117 0
1747 0.1569951062878905 -0.04274256558349435 0
1748 0.1619095332283797 -0.104999999999999 0
1749 0.161997373778604 -0.1649999999999989 0
1750 0.1627692378864669 -0.2249999999999992 0
1751 0.1594422175972104 -0.2887994413805953 0
1752 0.16251314603305 -0.3437380275488758 0
1753 0.1569509101146043 -0.403070921541083 0
1754 0.1620119514571058 -0.4649999999999994 0
1755 0.1620072714744558 -0.5249999999999992 0
1756 0.162769237886467 -0.5849999999999995 0
1757 0.1605896537685161 -0.646054746599585 0
1758 0.162769237886467 -0.7049999999999997 0
1759 0.1569109019674743 -0.763393856133602 0
1760 0.1621104778409012 -0.8249999999999993 0
1761 0.1620149966627514 -0.8849999999999989 0
1762 0.1580614493282483 -0.9441208910604406 0
1763 0.16902228667305 -1.006990496603603 0
1764 0.162769237886467 -1.065 0
1765 0.1619105184477026 -1.123541516669219 0
1766 0.1618566889896347 -1.185 0
1767 0.1583859759499371 -1.244907954422381 0
1768 0.1664559705441333 -1.305630587984469 0
1769 0.1619464520353119 -1.364999999999999 0
1770 0.1619875413220215 -1.425 0
1771 0.1576867340766888 -1.484419164867951 0
1772 0.1626999009846432 -1.544999999999999 0
1773 1.279100295973017 0.1509369851701443 0
1774 1.227634226078327 0.1817792232586328 0
1775 2.328479175873862 0.03186528127976321 0
1776 2.389493597566118 0.2033130561794114 0
1777 0.6666408191818608 -1.667453131999013 0
1778 0.7033943399670397 -1.689003875365533 0
1779 0.6666408191818612 1.667453131999014 0
1780 0.70339433996704 1.689003875365531 0
1781 0.4347588782715247 0.5529884051407398 0
1782 0.2749839644022425 -1.238423848261733 0
1783 0.2849198232501283 1.238153582352808 0
1784 1.246408773467609 0.3777847253005538 0
1785 1.366386961839709 0.3755937700835197 0
1786 0.9047491154771479 -0.4237082067192087 0
1787 0.8544819582346501 -0.3839225030802458 0
1788 0.8556194883766625 -0.3225056544606429 0
1789 2.320067304890119 0.8407456892219861 0
1790 0.7036618503887336 -1.869893781016639 0
1791 0.7488111523550619 -1.852895685258985 0
1792 0.7036618503887336 1.86989378101664 0
1793 0.7466026395323437 1.84776129983331 0
1794 1.252858354327502 1.299054580080421 0
1795 1.252046815984765 -1.298298077274096 0
1796 1.956135601152084 0.4585455489293072 0
1797 1.860597797758222 -1.560165916955417 0
1798 1.64160150147188 0.6338812795678194 0
1799 1.642439597496938 -0.6394118404981144 0
1800 0.8848871551161476 -1.063796665188357 0
1801 0.8848871555362913 1.063796664942804 0
1802 1.858138028347725 1.560885450648232 0
1803 0.6439671198832172 0.5003737147660141 0
1804 1.65799789137095 -1.687875282715486 0
1805 1.65837839973978 1.679500411847136 0
1806 1.752160639968954 0.4148199353246813 0
1807 1.751830006319707 0.4472623122417254 0
1808 1.752160639968954 -0.2894801346753187 0
1809 1.751830006319707 -0.2570377577582746 0
1810 1.783063843537219 -0.2754699523431072 0
1811 1.547384018815064 -0.3675725108454017 0
1812 1.549365774348609 0.3635508483990544 0
1813 1.748804263481252 0.3104472691306107 0
1814 1.634577562966312 0.4547660588859769 0
1815 1.63786002058709 -0.4507996007665743 0
1816 1.602349284384027 1.08314273570081 0
1817 1.602616197422517 -1.08022742992373 0
1818 2.285944387247312 -1.692038470518445 0
1819 2.203420461401952 -1.784067451000391 0
1820 2.365715846377725 -1.593614626415625 0
1821 2.306069520389835 -1.474373843016343 0
1822 2.287053859526522 1.693663146993223 0
1823 2.203597568853076 1.784656042426906 0
1824 2.367680630771417 1.596460247026828 0
1825 1.458244416403066 1.342119842794633 0
1826 1.459427830452849 -1.343316104009744 0
1827 0.5663268243194081 -1.062775127792644 0
1828 0.5663268594029303 1.062775230832397 0
1829 1.254329604003289 -0.8218190389525882 0
1830 1.565884625914924 -0.08541311554738736 0
1831 0.6176993913755235 -1.093948328562035 0
1832 0.617699402233404 1.093948360457639 0
1833 1.355043320080322 -1.454741469089049 0
1834 1.355043320080322 1.454741469089046 0
1835 0.6298353640695123 -1.649195530801936 0
1836 0.6298353640695145 1.649195530801935 0
1837 0.5090633155115408 0.733555274562804 0
1838 0.5107278506460349 -2.033383367106646 0
1839 0.468417471182563 -2.1157197477036 0
1840 0.5658789600268516 -2.106573314465644 0
1841 0.5207961870980916 -2.189839523570773 0
1842 0.6059541603704366 -2.180298964842917 0
1843 0.5706451014715077 -2.264656663949806 0
1844 0.6523419228761264 -2.251390570998954 0
1845 0.6210887491977748 -2.345141221306299 0
1846 0.7250381365982218 -2.330500691029687 0
1847 0.6755354497368447 -2.438786352884967 0
1848 0.7930672522867666 -2.428262884768972 0
1849 0.7379958881555608 -2.542536291152613 0
1850 0.5110117491617602 2.033030491422383 0
1851 0.4689139214696973 2.115264380721495 0
1852 0.5659904384272654 2.106457851227589 0
1853 0.5207961870981097 2.189839523570768 0
1854 0.6189436719733927 2.184385544250941 0
1855 0.5705183788534958 2.26555781776151 0
1856 0.6614444793079119 2.267939834838691 0
1857 0.6203880579646256 2.349581818912944 0
1858 0.7173411461290202 2.347782221993888 0
1859 0.6741358361198024 2.442406707646756 0
1860 0.782397106814066 2.439963908082093 0
1861 0.7365502250587634 2.549263563003944 0
1862 1.625148735078607 -0.09076830165657572 0
1863 0.8031673761725334 -0.351708908083759 0
1864 0.8041801459876208 -0.2913873880346025 0
1865 0.8035406115656815 -0.4130036088333738 0
1866 1.303384698373031 -1.311900173021977 0
1867 1.305679535262728 1.29838165665632 0
1868 1.210125368258411 -2.274177784736106 0
1869 1.210164879896915 2.27412083613786 0
1870 1.484339042448993 1.638281250118649 0
1871 1.484424266758294 -1.637958736328368 0
1872 2.288321588644257 1.455977175898579 0
1873 0.6647150845250437 -1.934841595621141 0
1874 0.6647150845250446 1.934841595621141 0
1875 0.4022225150006393 -0.555272561047534 0
1876 0.3952188215862172 -0.7985358424486302 0
1877 0.4061311502167012 0.7952397109168712 0
1878 1.341241454706394 0.6364565374139761 0
1879 0.4032134854311646 -0.6734519059134507 0
1880 0.6437665807276062 0.5590711254926235 0
1881 0.3079713842615645 1.764689181758059 0
1882 0.243938734542667 1.763113558042613 0
1883 0.3084699070182815 -1.763046933913944 0
1884 0.2484763010028092 -1.76279250550417 0
1885 0.4051544540929186 0.7352486837232961 0
1886 0.922750767870271 -0.6067965750166927 0
1887 1.94777540169742 1.770067012907697 0
1888 1.951565574827145 -1.77469225081093 0
1889 0.9171533629913601 -1.013209429361497 0
1890 0.9171533631297794 1.013209429280598 0
1891 2.499889053315579 0.05049438926572879 0
1892 2.567556541578352 0.2201467452940963 0
1893 1.191368124529243 -1.714801078397932 0
1894 1.191494645567437 1.715179329014955 0
1895 1.268351901728341 -0.5089754878299979 0
1896 1.320795098366364 -0.4798256829183742 0
1897 0.9605326091490131 -0.2639300162996903 0
1898 1.019802159230758 0.1851643100808999 0
1899 0.8080886312961755 -0.05141921567803007 0
1900 0.5919529628826399 -1.790473346568335 0
1901 0.5919529628826378 1.790473346568337 0
1902 0.7777667333333329 2.035139469652834 0
1903 0.7440318134515445 2.037676087330504 0
1904 0.7655452791178935 2.069238129175157 0
1905 0.6701185952791718 1.982212509692466 0
1906 0.7790472923514423 -2.037473210936082 0
1907 0.7442452399545627 -2.038065044211046 0
1908 0.7635241417566218 -2.069195344452025 0
1909 0.6701185952791715 -1.982212509692466 0
1910 1.5096314575997 1.348591776560247 0
1911 1.509688056419656 -1.342133568614254 0
1912 0.4170225438053881 1.642759507390485 0
1913 0.4222271760352582 -1.640433008448891 0
1914 0.4597598845178904 -1.600022191716874 0
1915 0.4573892001864849 1.60521821147789 0
1916 1.823127943649528 -0.4945712037398002 0
1917 1.476940807959932 0.1313685869919061 0
1918 1.182692236602668 -1.535048136788141 0
1919 1.219664875930486 -1.553504489198068 0
1920 1.18269223660267 1.535048136788143 0
1921 1.21966487593049 1.553504489198066 0
1922 1.004802771589915 1.069125065709662 0
1923 1.004802771589916 -1.069125065709661 0
1924 1.617402266333995 1.399480038990372 0
1925 1.658981717064189 1.420951384882673 0
1926 1.656381524720829 1.467912399692465 0
1927 1.702651683891484 1.446920514598374 0
1928 1.622626693248002 -1.399504663350935 0
1929 1.658894103950741 -1.421703877285681 0
1930 1.656381524720829 -1.467912399692466 0
1931 1.705375207469744 -1.445445107631363 0
1932 1.215908705090321 -0.5381252927416212 0
1933 1.217363424859553 0.4302853534199799 0
1934 1.487978998614094 0.5823421341994814 0
1935 0.66966713545512 -1.062129596808134 0
1936 0.6696671422662832 1.062129616862769 0
1937 0.9908350785839121 1.407895564208672 0
1938 1.028385281008017 1.381520213754243 0
1939 0.990835078583909 -1.407895564208673 0
1940 1.028385281008014 -1.381520213754242 0
1941 1.882770199743649 -1.237899676691496 0
1942 0.1949446453901264 1.607560867741473 0
1943 0.176745440969331 1.632271075860017 0
1944 0.2230036782142718 -1.599644151542356 0
1945 0.3532208303308004 2.116752003453226 0
1946 0.3729383437710846 -2.120572364695413 0
1947 0.9149071642197023 2.108938337358104 0
1948 0.8897207401490722 2.156581205760458 0
1949 0.9364923703984077 2.058730226827881 0
1950 0.9154460992885513 -2.109591462121537 0
1951 0.8896776206420608 -2.156757877160671 0
1952 0.9377580656732086 -2.06617406143099 0
1953 1.706124199343543 0.1870517078855642 0
1954 1.434179386948566 0.9959079893505504 0
1955 1.436066359515548 -0.99414287240288 0
1956 0.9908023245526039 1.798574895335359 0
1957 0.9899192875827577 -1.787672305043404 0
1958 0.6017704804074505 2.554923627584568 0
1959 0.6022446931930679 -2.553199023149069 0
1960 0.6686586462059918 -1.625809898038712 0
1961 0.6686515116473225 1.625823462259013 0
1962 1.777463213621185 -0.5205141789133229 0
1963 0.7554763072889807 -1.374469273416358 0
1964 0.7554590925697431 1.374442677805401 0
1965 1.510394200962716 -0.08415168898934804 0
1966 2.914618066396445 -1.222260325289136 0
1967 0.3513869172879936 -0.9593101289941615 0
1968 0.3513869172879941 0.9593101289941619 0
1969 0.6954325320647786 0.531211054817371 0
1970 0.6949625209922047 0.467116811254049 0
1971 1.783506460238748 0.4278467803100959 0
1972 1.02292545593838 0.6069709680569444 0
1973 0.3159196883045551 -1.569065350476639 0
1974 0.3145460798645531 1.570672770167769 0
1975 1.599835121695423 -0.03663377692092003 0
1976 0.3980473913875338 -1.033033909149135 0
1977 0.3875743504444054 -1.086609073260922 0
1978 0.3980473913875333 1.033033909149137 0
1979 0.3875743504444046 1.086609073260923 0
1980 0.5595525449712447 -0.6427213669473214 0
1981 1.170305395521226 -0.147330796650262 0
1982 0.8071115167961932 -0.1114112588801736 0
1983 1.164442635202485 -0.5072830546532429 0
1984 1.817825896791472 -0.1028879680909369 0
1985 1.818081781181031 -0.398489361473697 0
1986 1.864949922214347 -0.4209396363449218 0
1987 1.861113890379173 -0.3652991121780005 0
1988 1.91577993915024 -0.392077550187771 0
1989 1.910978061506658 -0.3299168197218817 0
1990 1.978966000576135 -0.3542615137679867 0
1991 1.634577562966311 0.2495340111140238 0
1992 1.634577562966312 -0.2495340111140231 0
1993 0.3847187615140237 0.5247250485747607 0
1994 0.8278326719094463 2.146344309846093 0
1995 0.8330700008068979 -2.152062935051298 0
1996 0.06143457447380798 -1.662204159710905 0
1997 1.761260809883002 1.120352732261709 0
1998 1.816504186647725 1.145079051413704 0
1999 1.822368538566862 1.20654322737606 0
2000 2.046652362338821 0.4533321581195129 0
2001 2.107383950969642 0.5384967281317388 0
2002 1.185123280042145 -0.9153062273798078 0
2003 1.185199938819218 0.9152424796289609 0
2004 2.326959574333746 1.799767412444621 0
2005 2.327406719869569 -1.798713459772486 0
2006 1.335446453329594 0.3241862332141418 0
2007 2.393814063783652 0.9786131706026689 0
2008 0.5785627774660913 -1.317371147957626 0
2009 0.5787217831575523 1.317804653301834 0
2010 1.594562806547041 -1.824516426819972 0
2011 1.654404505364641 -1.893814265234821 0
2012 1.594528520275362 1.82412777603619 0
2013 1.654387940528375 1.893608436484871 0
2014 2.454236795963599 1.480253757892362 0
2015 0.08559190490978967 -1.931810117772977 0
2016 0.09873261694392528 1.950641723970551 0
2017 1.156474268970609 1.104531583034408 0
2018 1.156474268970604 -1.104531583034401 0
2019 0.4711564557384518 1.781599404288853 0
2020 0.4584393979240584 -1.780523990727272 0
2021 1.064031777743492 -1.449132517128088 0
2022 1.064031777743492 1.44913251712809 0
2023 1.086839188821164 2.268602196402069 0
2024 1.141494440920545 2.384250656227871 0
2025 1.273310931400149 2.38416513829407 0
2026 1.086839188821128 -2.268602196402054 0
2027 1.145257365034206 -2.377417794494879 0
2028 1.276446778365391 -2.387936993455801 0
2029 0.5501706008778684 -1.856865521033074 0
2030 0.5501706008778703 1.856865521033074 0
2031 1.323726478616897 -0.299849553918368 0
2032 1.375887895981644 -0.3310701700719652 0
2033 0.427812237912929 1.363152054893735 0
2034 0.430169222745459 -1.357713462808569 0
2035 1.699055778731948 1.50136105888757 0
2036 1.700779624076072 -1.50109599447626 0
2037 0.5317109061122154 -1.564384015927715 0
2038 0.5209358183988444 1.562559527433359 0
2039 1.310557715154578 0.8515967064391314 0
2040 1.337016745768967 -1.034452793366614 0
2041 1.331032759476524 1.033469256038535 0
2042 0.8703043353435441 -0.5776498262288368 0
2043 0.8188378120532716 -0.6084926765344948 0
2044 1.186420155603984 0.3788798029774776 0
2045 1.327634985585595 -0.05988138191783459 0
2046 1.784074900844574 0.4675958862591543 0
2047 0.678103586146103 2.686269364522119 0
2048 0.678423565459819 -2.684860718474338 0
2049 0.8611355734548889 -2.52253316893313 0
2050 0.8673179898776485 2.538861602543996 0
2051 2.164643906419121 -0.994693306677635 0
2052 2.309860091166617 -0.9946431464471609 0
2053 2.393304946117912 -0.8692567383331099 0
2054 2.257588866404403 1.884200375698613 0
2055 2.156935285458208 1.874728943986002 0
2056 2.194412004492331 1.956434442510635 0
2057 1.747458847446441 0.487183334100306 0
2058 1.787598171124671 0.2520952059475525 0
2059 2.256063047799833 -1.88166220314367 0
2060 2.156901650558976 -1.874232697179408 0
2061 2.192666498956221 -1.953887766347684 0
2062 2.449223213281605 0.3724557675308498 0
2063 0.5739248787300388 -1.255034815286787 0
2064 0.5739313931978925 1.255356911650311 0
2065 0.06475782893266137 1.742153348724611 0
2066 0.6651408262873305 -1.748170544447089 0
2067 0.6651408262873302 1.748170544447089 0
2068 0.3850917687969743 0.5814456177045784 0
2069 1.183746445668934 -1.1522324922163 0
2070 1.183746445668943 1.152232492216306 0
2071 0.6699223878767017 -1.123514182827766 0
2072 0.6699223908215383 1.123514191486145 0
2073 1.432495841750829 0.4719983845357085 0
2074 0.72173692767509 -2.070287975019422 0
2075 0.7220382128181323 2.070230279659854 0
2076 0.7517310088387816 -0.320592105787753 0
2077 0.7527130860146468 -0.2605543020864801 0
2078 1.783197891846529 -0.2371072184406927 0
2079 1.747199558736435 -0.2188073405472372 0
2080 0.5923460270740177 0.586462337246119 0
2081 1.05266195061794 1.571486782131567 0
2082 1.052665796005208 -1.571490107554706 0
2083 0.2795575713521177 -1.12333894 0
2084 0.2795575713521178 1.123338940000001 0
2085 0.5788405137930807 -1.535980085792447 0
2086 0.5720826646182293 1.537280744399154 0
2087 1.309961702480196 -0.8512182744117779 0
2088 1.926289694367336 -1.052383882682668 0
2089 1.854151703864825 -1.023090476116775 0
2090 1.915196917028944 -0.9752244440427388 0
2091 0.857828520439984 -2.206782328434493 0
2092 0.8571353388184471 2.20909132453723 0
2093 2.367407224420873 -1.900796537303091 0
2094 2.652047031803565 0.4020732790584329 0
2095 1.505688560816802 0.08339213097285221 0
2096 1.162027739231639 -0.5646884177702099 0
2097 1.214931578340139 -0.5981173357416234 0
2098 1.111999438564465 -0.5364328595648653 0
2099 1.877258763963343 1.168254750736447 0
2100 1.884059094160325 1.239273579639829 0
2101 2.377694495800311 1.915888149367807 0
2102 0.8572445278857783 -1.01057496952084 0
2103 0.8895116611851543 -0.9599900168803606 0
2104 0.8572445279190671 1.010574969527166 0
2105 0.8895116611980156 0.9599900168765244 0
2106 0.1406134590484638 1.625653040760789 0
2107 0.9494524758085863 -0.9626444957405255 0
2108 0.9494524758337993 0.9626444957264031 0
2109 1.292821977932852 1.250232128751865 0
2110 1.286808450454592 -1.258695703540026 0
2111 1.35006938638119 1.42130607097213 0
2112 1.354239713921657 -1.42242476167441 0
2113 0.222598425508457 0.944674258514329 0
2114 0.2225984255084569 -0.9446742585143303 0
2115 0.3536883791185572 0.766090917685587 0
2116 1.784503777486648 0.5120337069490224 0
2117 1.65975487195982 -0.04245789212255972 0
2118 2.454536787744143 0.8412808639074798 0
2119 1.272260408729061 -0.2690073158299903 0
2120 0.9110207678420822 -0.1131036918052765 0
2121 1.121770704616992 0.06348757045875934 0
2122 1.319817971616185 -0.5398177259183758 0
2123 1.375065125467091 -0.5089346072913615 0
2124 2.690702414285478 0.05670227989076154 0
2125 2.608169752199085 -0.1239529242672823 0
2126 1.647891350396273 -1.524470836603849 0
2127 1.647654867475558 1.524579512511647 0
2128 0.2787526877842229 1.818290163081668 0
2129 0.2798041704453544 -1.820546350741157 0
2130 1.323573723182041 -0.241742931662949 0
2131 2.100840909317613 -1.944348443768896 0
2132 2.136962587488856 -2.015695092292787 0
2133 2.066151473109215 -2.009252385691865 0
2134 2.090523946419835 -2.068602481709038 0
2135 2.020302826533838 -2.057299742430585 0
2136 2.048179734636631 -2.117064550233139 0
2137 1.986315104886714 -2.110196903991254 0
2138 2.008872901434579 -2.165594057312257 0
2139 1.947291878686502 -2.15771490198153 0
2140 2.072103554637803 -2.182662824634352 0
2141 1.969147947017038 -2.221349039086988 0
2142 1.903778133401086 -2.209759622905207 0
2143 1.854133647848577 -2.026845488573868 0
2144 2.160265763202235 -2.085900480832484 0
2145 1.873161376544864 -2.057567794593376 0
2146 1.834043740028011 -2.058730586014393 0
2147 1.816456283609236 -2.016042099812978 0
2148 1.790103737493199 -2.058377027770158 0
2149 1.768139971293786 -2.013251309946031 0
2150 1.738072636378109 -2.058515630928031 0
2151 1.765056624344628 -2.108548643278488 0
2152 1.702004108077788 -2.109451595356929 0
2153 1.735337764815792 -2.170689908021317 0
2154 1.923643513304619 -2.280452259757202 0
2155 2.006782110881344 -2.282558245418837 0
2156 1.662562320167144 -2.168857118404129 0
2157 1.699642231653032 -2.244979766504394 0
2158 1.639742633773693 -2.092598508754915 0
2159 2.104408967089244 1.942096311404974 0
2160 2.136530978781406 2.016826101040991 0
2161 2.063832653497897 2.000534902867559 0
2162 2.08934378749674 2.066968615019496 0
2163 2.019419032818263 2.055445150777756 0
2164 2.047097679310618 2.115892936388338 0
2165 1.985593859361465 2.109109355009764 0
2166 2.007767854634391 2.163688869008974 0
2167 1.94677609605674 2.156295910225897 0
2168 2.069782235786652 2.18219929376333 0
2169 1.967975594029749 2.21957592388479 0
2170 1.903222425871919 2.208222243684607 0
2171 1.853765440952444 2.026623530502053 0
2172 2.157103126301133 2.0821420957513 0
2173 1.873095953620339 2.057490361083155 0
2174 1.833971468391231 2.058680687417384 0
2175 1.814449370690094 2.021821294107637 0
2176 1.789757206733876 2.059331910386428 0
2177 1.768420804696975 2.014474399590815 0
2178 1.738061686818752 2.058878626304865 0
2179 1.76499704429151 2.108768289610667 0
2180 1.701992353142374 2.109548702308422 0
2181 1.73680206862891 2.167546363486215 0
2182 1.922631865385083 2.278534635912289 0
2183 2.004575503720448 2.282413913302862 0
2184 1.662562320167143 2.168857118404115 0
2185 1.699954362456447 2.244259286394449 0
2186 1.639741234376621 2.09261006910627 0
2187 1.911880369162531 -1.850313358588189 0
2188 1.9085447195831 1.847866989414166 0
2189 1.914529518958423 2.057386891003901 0
2190 1.914632066914971 -2.057595058541045 0
2191 0.6952021118471702 0.589955764040212 0
2192 0.7468933367581627 0.5620596530787256 0
2193 1.343541251163544 -1.519726921106346 0
2194 1.327662434337071 -1.55431349955169 0
2195 1.342636902246999 1.519554637170934 0
2196 1.326789579660954 1.553881038716655 0
2197 0.3796440071967572 1.708455543900051 0
2198 0.3793069631772678 -1.706721717863048 0
2199 0.7830566970145849 -1.588492120014774 0
2200 0.7830575161551918 1.588500046503966 0
2201 1.58859143146073 0.1317245933989396 0
2202 0.8277160231633437 1.612536022426917 0
2203 0.8256442793206512 -1.607050685148629 0
2204 0.9301322082018285 1.576476660822351 0
2205 0.925478658024698 -1.574388128416834 0
2206 0.2148365599534657 1.634376185739137 0
2207 0.5113090628984166 2.693556476450484 0
2208 0.5134803102837164 -2.69192225289056 0
2209 1.304772962445846 -1.097962284973953 0
2210 1.305382405417028 1.097922590148131 0
2211 0.755645451160174 -0.08056902086037594 0
2212 0.7566225786126665 -0.02057697786674815 0
2213 1.560521923371914 -1.905176954500893 0
2214 1.560521923371914 1.905176954500898 0
2215 0.6188310802026241 -1.793165588578701 0
2216 0.6188310802026217 1.793165588578701 0
2217 0.2258292854278883 -1.703838160285761 0
2218 0.1869934090056857 -1.760336300420975 0
2219 2.449759671804389 -1.809975363098845 0
2220 2.453285983457894 1.80266622765762 0
2221 1.181815370590801 -1.579875177028933 0
2222 1.181815370590805 1.579875177028934 0
2223 1.996713645006093 0.3797534954941509 0
2224 1.650517272159508 -0.1406732344894508 0
2225 1.131356625014454 -1.055014043825041 0
2226 1.131356625014456 1.055014043825048 0
2227 1.710182839509028 -1.101044634823755 0
2228 1.711438597897707 1.09475070875948 0
2229 1.485068029832025 -1.298800239880038 0
2230 1.431619900017211 -1.307238048614986 0
2231 1.482321853810142 1.294896130569841 0
2232 1.430955696686025 1.297329874792906 0
2233 1.330566365851721 0.1200947470819164 0
2234 1.331747418030036 0.1785770523148762 0
2235 1.338767989949328 0.7913561592259626 0
2236 1.552797906825188 -0.7855728071459033 0
2237 1.552158768346233 0.7877590592579422 0
2238 1.443825129290079 1.497079682799786 0
2239 1.450356169937209 -1.483298142363257 0
2240 0.5174850374283448 2.354024743546012 0
2241 0.5338193800154131 -2.346652289541404 0
2242 0.7451463683739584 2.10856696389602 0
2243 0.7451769262524844 -2.108596996251395 0
2244 0.9217689134577184 -0.5468087824699921 0
2245 2.228212688471434 -1.12000118667626 0
2246 2.384703509640704 -1.125725911456529 0
2247 1.325232576009608 -1.408623946587101 0
2248 1.35795679607848 -1.379778820453025 0
2249 1.317556795795171 1.413274477613671 0
2250 1.557180462123056 -1.403873394857563 0
2251 1.552756400147273 1.41352266722992 0
2252 2.458237455215199 -1.48856943328237 0
2253 0.3546658015593045 0.8260831263391895 0
2254 1.214322626066413 0.328193759286489 0
2255 1.755125396481687 1.061252561695197 0
2256 0.567196550943265 1.124105157706007 0
2257 0.5671965489501158 -1.124105151851873 0
2258 1.395435816594219 0.3230905812208197 0
2259 1.449483177402443 0.08391405340116571 0
2260 1.144002889826481 1.514041381182244 0
2261 1.14400288982648 -1.51404138118224 0
2262 0.9696426272096162 2.109426079804421 0
2263 0.9699433989335562 -2.110775573032182 0
2264 1.157374648145668 0.4313805382037331 0
2265 0.4584849605918448 -0.8873349479175079 0
2266 0.4583734668847749 0.8873370536716103 0
2267 0.4979564033587036 1.690453115945713 0
2268 0.5053034575465069 -1.683065313271299 0
2269 0.8663866049421024 1.928225976884354 0
2270 0.8491846970862978 1.896196488836656 0
2271 0.9023535550441175 1.937472964263208 0
2272 0.8747005014378789 -1.936710242803764 0
2273 0.9070866986239853 -1.953457568272147 0
2274 0.8660095776270088 -1.90074436087821 0
2275 0.8178600354952205 -0.548501107548832 0
2276 0.7663938676633877 -0.5793436296347318 0
2277 0.3539919306992109 0.7082362313926402 0
2278 1.704083262738485 1.037792496133065 0
2279 1.003561647347622 2.054714948012161 0
2280 0.9951773010308729 -2.057250300715611 0
2281 0.7891184952791701 -1.493487510307536 0
2282 0.7414142999656067 -1.513950333856956 0
2283 0.7891184952791697 1.493487510307536 0
2284 0.741342576257609 1.513954769658201 0
2285 1.379884557738862 -0.03105467587378616 0
2286 1.946955483896784 1.194992636861833 0
2287 1.955469889586881 1.274594499835132 0
2288 1.881552989768083 1.30524519190445 0
2289 2.030068819085838 1.223982827842763 0
2290 1.645086064971758 0.02024754438103464 0
2291 1.155476492042664 0.3274745587899447 0
2292 0.4380916096801127 0.6115710103485272 0
2293 2.07680042187904 -1.874310048140155 0
2294 1.325364857063555 -0.7924015422920976 0
2295 2.077304131863237 1.873883001344174 0
2296 1.910846253473909 0.3837257209077148 0
2297 1.947556791270493 0.3120700976193165 0
2298 0.1524567456732493 1.665146209083623 0
2299 0.3335238423995939 0.5524102873961728 0
2300 0.3342341944409029 0.4958335196881065 0
2301 1.823323903556583 -0.549637884545412 0
2302 1.882438381416331 -0.515345105817322 0
2303 1.183236750180909 1.420878147059587 0
2304 1.183262189691487 -1.420770464370467 0
2305 1.223891206357504 -1.602622910177572 0
2306 1.22389120635751 1.602622910177569 0
2307 0.4698748118879376 -1.694597244387525 0
2308 1.844910348018436 -0.9497479049942843 0
2309 1.790681518336611 -0.9929888187699107 0
2310 1.782084224377092 -0.9289100987927522 0
2311 1.730002345473185 -0.9681954792434475 0
2312 1.720586721780105 -0.9081953187820819 0
2313 1.675414448950705 -0.947088545984713 0
2314 1.667516662677195 1.295532080197811 0
2315 1.66721079618949 -1.289307356931631 0
2316 1.753264954019407 -1.47657162564267 0
2317 1.756694679891484 -1.418146863350208 0
2318 1.804990839562211 -1.448638261063475 0
2319 1.808806990992176 -1.389930804141149 0
2320 2.303616435742669 1.091019733840074 0
2321 2.452351387529038 1.165187183744 0
2322 0.7215869458196974 -1.090753724794644 0
2323 0.7152477186448832 -1.030790762951144 0
2324 0.7215869474456945 1.09075372958015 0
2325 0.7152477200257586 1.030790767163861 0
2326 0.5095246639003087 1.654946201266414 0
2327 0.5457920099192951 1.645617544656563 0
2328 1.870230130102507 0.9997139811210197 0
2329 1.547452827648554 1.523173171132251 0
2330 1.547452827648554 -1.52317317113225 0
2331 1.592601929084519 -2.235368062219419 0
2332 1.655700644990036 -2.336263515408076 0
2333 1.592646519199305 2.235265136489405 0
2334 1.655838183457372 2.336164003594547 0
2335 1.388628862946676 -1.438975862569142 0
2336 1.383001328224359 1.437250281098042 0
2337 2.025037038441795 0.6854445553181072 0
2338 0.3002859030510175 0.9376444390216362 0
2339 0.3002859030510177 -0.9376444390216356 0
2340 1.751910210320066 1.476356371532072 0
2341 1.754716358256593 1.419026809309362 0
2342 1.804494229022071 1.448570197838247 0
2343 0.7654164834444662 -0.5193516942652936 0
2344 0.7139504403398051 -0.55019410056985 0
2345 1.741849542096778 0.5337576708158103 0
2346 0.9113218898854486 1.375857164493741 0
2347 0.9113217803575453 -1.375857196821937 0
2348 0.3515700172277498 -0.9031045076667235 0
2349 1.126553619135755 1.15311109191306 0
2350 1.155775582778899 1.204653289118633 0
2351 1.126553619135746 -1.153111091913048 0
2352 1.155700572581958 -1.204698240720814 0
2353 1.598551969250281 -1.001161326679967 0
2354 1.587573509778412 -0.968758379875801 0
2355 1.546831034471417 -0.96486987863476 0
2356 1.580093453518992 -0.9263913504124346 0
2357 1.530637012657313 -0.9188522331141467 0
2358 1.631505536458879 -1.016943465117013 0
2359 1.594610670489522 0.9938784023106431 0
2360 1.575613282237179 0.9621532173139736 0
2361 1.615959594731548 0.9612390762685931 0
2362 1.594156690402005 0.9233981171723322 0
2363 1.549886686382622 0.9287002010401866 0
2364 1.642153946074083 0.9218643035925216 0
2365 1.405206249030385 1.194066126152864 0
2366 1.367916761417235 1.179205452868753 0
2367 1.377741173871088 1.220885012187467 0
2368 1.39918417506904 -1.190386246604754 0
2369 1.366614466675445 -1.171886665197438 0
2370 1.549519986952336 -0.44541768554471 0
2371 1.558635195954966 -0.4801017938192623 0
2372 1.518840796398276 -0.4287577670331305 0
2373 1.555389542614521 0.4539215400193647 0
2374 1.574386927532514 0.4856467227426077 0
2375 1.535261645346331 0.4850004871820881 0
2376 1.819792251273098 -0.2581529490459105 0
2377 0.6282240294376796 -1.283459829699113 0
2378 0.6317998343735218 -1.342286255482421 0
2379 0.6282513978964998 1.283585456339886 0
2380 0.6318207056407003 1.342364470371905 0
2381 0.2418778204606716 -1.453156868819851 0
2382 0.2706751340759074 -1.451222117506423 0
2383 0.2418778204606714 1.45315686881985 0
2384 0.2706751340759068 1.451222117506421 0
2385 0.514887436886982 -1.09376761244518 0
2386 0.514887443066424 1.093767630594163 0
2387 1.543994484840364 -1.62822127506729 0
2388 1.514300497512038 -1.691367083941076 0
2389 1.451412613009 -1.691345837575748 0
2390 1.543950853205933 1.628331948125993 0
2391 1.514279021521411 1.691439281749244 0
2392 1.451399910592337 1.69139282705175 0
2393 1.366114346131773 -1.211123089778051 0
2394 2.108866601337184 0.3687752091126626 0
2395 0.8754934345554092 0.8154569778066316 0
2396 0.8754588064120511 -0.8153887807504921 0
2397 0.9742129534382412 -0.5759577745697662 0
2398 0.7146458948913194 -0.4929933716148424 0
2399 0.7149277037182444 -0.6101861485836269 0
2400 1.424002127614079 0.3731794763682546 0
2401 1.188318937117657 0.4827853098461725 0
2402 0.5107335894936679 0.9727828988894801 0
2403 0.5107333789833995 -0.9727822806673732 0
2404 1.275191788950946 -0.08903118682951501 0
2405 1.32558935432378 -0.1179510863799958 0
2406 1.273049221781754 -0.2093295096207515 0
2407 0.8566188880425103 -0.262283587845922 0
2408 1.175191029439163 0.1526294183470263 0
2409 0.40210785858509 -0.4967200509418186 0
2410 0.3499229908480965 -0.5263628475808531 0
2411 0.3520833643583569 -0.4595991482198449 0
2412 1.373359943849182 -0.4506006787097821 0
2413 1.427705547080613 -0.4772138278684956 0
2414 1.435453197981277 -0.418190249383446 0
2415 0.3507125736156453 -0.5850567763724877 0
2416 1.013952932216075 -0.1747881683828328 0
2417 0.7546683271614615 -0.1405610639061777 0
2418 1.114232814402775 -0.4159830054929511 0
2419 0.6624844186050791 -0.5810365125666094 0
2420 0.6634616640689572 -0.6410285517336857 0
2421 0.6225280354634493 -1.961429900342886 0
2422 0.6225280354634496 1.961429900342887 0
2423 1.339322412737989 1.382881233197222 0
2424 1.547560363977051 -2.330302882372594 0
2425 1.547596789693494 2.330262394863879 0
2426 0.5198337169329328 -1.641397639149962 0
2427 1.446304110184794 0.3238924196560927 0
2428 0.8743858025949097 0.5820478805939567 0
2429 1.823513230710795 -0.2109123207555731 0
2430 1.823726518728693 0.4482542637568988 0
2431 0.6046950143216544 2.849396576179772 0
2432 0.6049068533266401 -2.849137828764191 0
2433 1.855851196973991 -2.094552850842525 0
2434 1.201929161845668 -2.508858685591706 0
2435 1.350133144561555 -2.531845040152626 0
2436 1.197009857279109 2.516211206519619 0
2437 1.348790619306282 2.53244181778033 0
2438 0.4570366287771263 1.704186530946743 0
2439 1.866563052222506 -0.2385201675510586 0
2440 0.9110437221656422 1.978731318484829 0
2441 0.9435625771380494 1.949433742320917 0
2442 0.9310356348668352 1.903191770928935 0
2443 0.516462298605651 -1.156970219181163 0
2444 0.5164622999677438 1.156970223181685 0
2445 1.855851196973988 2.094552850842524 0
2446 1.693155405526095 -1.560354750786066 0
2447 1.634307409774916 -1.579402039258654 0
2448 1.691885102110825 1.556188223516878 0
2449 1.634779270241208 1.577406419319531 0
2450 1.861614397213474 -1.4302360172508 0
2451 1.772056956676697 -0.5738732877055879 0
2452 1.727218075600857 -0.5428241967978978 0
2453 2.038755071476301 1.314475805217145 0
2454 1.556188452997684 0.5255717887598557 0
2455 1.61047612640586 0.5183406056329711 0
2456 1.616199704061941 0.8797129453667634 0
2457 1.545146643832523 1.298729293693529 0
2458 1.545099313394389 -1.305391553671012 0
2459 1.176212413415883 0.2125418385193813 0
2460 0.05278631190038362 -1.14391251912804 0
2461 0.2888654759128883 1.638088328489149 0
2462 0.05940904951940815 -0.803608621816604 0
2463 1.812805302110772 0.3999262899103615 0
2464 0.06252773350462502 -1.51621695836993 0
2465 0.2925246489513644 -1.636129183282863 0
2466 0.05937790034114034 -0.4426364895188144 0
2467 1.168336888899135 1.005594646385 0
2468 1.108893372413629 1.002852845505537 0
2469 1.168336888899133 -1.005594646384995 0
2470 1.108893372413629 -1.002852845505529 0
2471 0.05934895294329948 -0.08166288983450171 0
2472 1.714684273127843 -2.008105561719192 0
2473 1.74738640071778 -1.96850280922918 0
2474 1.714729253768486 2.008369909222785 0
2475 1.745456849652002 1.965772208372057 0
2476 0.0593222235574897 0.2793122063938956 0
2477 0.2518962241326833 -1.583169477923611 0
2478 1.470158843802774 0.03505739819451051 0
2479 0.05572444257887297 0.6517773835158617 0
2480 0.06252773350462464 1.299614535745645 0
2481 0.05401982084155065 1.017404467847329 0
2482 0.9316032799153205 2.211045759865635 0
2483 0.9316506605359051 -2.210890342613267 0
2484 0.8259036008540347 -1.892362447673361 0
2485 0.8526016464325035 -1.859670540922295 0
2486 0.8976851072944997 -1.871580468091594 0
2487 0.8864705953745494 -1.822757323162747 0
2488 0.8306945699555346 -1.807124834224821 0
2489 0.871687179855043 -1.76341871175152 0
2490 0.8115871056465211 -1.747302149284957 0
2491 1.28301082794174 1.14115145395722 0
2492 1.289746672436372 -1.145993682647353 0
2493 1.665295043448821 -0.8928735657295117 0
2494 2.00487113921973 -2.001923167827228 0
2495 0.2447450211811123 1.00114228933229 0
2496 0.2447450211811121 -1.00114228933229 0
2497 0.8822132705394141 -2.281723526564231 0
2498 0.8864273272343305 2.276514479661633 0
2499 1.997382078546873 2.003433057860589 0
2500 2.124578660205569 -0.2379916233527442 0
2501 2.247102202105105 -0.2540460014856998 0
2502 2.169578690639084 -0.3637681666601951 0
2503 2.327688995091802 -0.3693936018839861 0
2504 1.751288771747626 1.002318379008598 0
2505 1.4237007257588 -0.2372867634205772 0
2506 1.4630672562316 -0.2754097187443773 0
2507 0.06683340900002596 0.8682733090521796 0
2508 0.06628807981603647 1.441031787986261 0
2509 0.05857504328182191 0.511302824804423 0
2510 0.05860438486211493 0.1502848826209605 0
2511 0.6229408013168901 -1.222544257182699 0
2512 0.6229462302369287 1.222618570706232 0
2513 0.05863666739401474 -0.2107357530976987 0
2514 0.058671946114889 -0.5717591880523734 0
2515 1.377510261661675 -0.5744499306599712 0
2516 1.319430955916135 -0.5980343442307381 0
2517 0.06252773350462502 -1.371815343287078 0
2518 0.05871028018579285 -0.9327855358439767 0
2519 0.0558196751295581 1.144447706325451 0
2520 0.8177178323871149 -2.817714282277109 0
2521 0.8176418583415989 2.817952481343292 0
2522 0.98093103868944 1.91593144280797 0
2523 1.50835210970168 1.831661473721379 0
2524 1.508357824080295 -1.83172624885201 0
2525 0.4058837656966535 2.85951541288803 0
2526 0.4045816012845571 -2.856589302665852 0
2527 1.099179678291919 1.202681136761951 0
2528 1.099167176592416 -1.202688628695633 0
2529 1.875065345345542 0.3134139592904984 0
2530 1.599410134173898 -0.4865997761822617 0
2531 1.576680645143694 -0.5242302597827285 0
2532 1.617881204406254 -0.5278977555523723 0
2533 1.527877147143302 -0.5121391672589801 0
2534 1.54292200685559 -0.5568160026813949 0
2535 1.485644740279486 -0.5460197578095386 0
2536 0.7907705683762284 -1.638924608737139 0
2537 0.7882401772343391 1.644564119036852 0
2538 0.8405874630743702 1.671821458183129 0
2539 0.3446413828107906 1.809014680918576 0
2540 0.3472244054692914 -1.813636416468259 0
2541 1.603968177512987 2.442405185108614 0
2542 1.721757650453401 2.437895077282512 0
2543 1.603968177512988 -2.442405185108634 0
2544 1.716794719842198 -2.438667301185713 0
2545 1.111022311814279 -0.5964249025648669 0
2546 0.7041048820433887 -0.1097335274142249 0
2547 0.7023755696108607 -0.16971331911057 0
2548 0.7222982775086816 1.148966535727768 0
2549 0.7222982767468807 -1.148966533487117 0
2550 0.6039848830569855 -1.821802726644313 0
2551 0.6039848830569827 1.821802726644314 0
2552 2.240087393341943 0.733446531154953 0
2553 2.124793813306605 1.25945107890909 0
2554 1.381726602409645 1.472039851964043 0
2555 1.385132742123542 -1.477294194517999 0
2556 0.9078946578282924 -1.99135982862934 0
2557 0.9397170212581222 -1.970134762029083 0
2558 0.9463776198736986 -1.929766991067921 0
2559 0.987836745133069 -1.955856234526212 0
2560 1.025898053713962 -1.501069743727817 0
2561 1.02589805371396 1.501069743727815 0
2562 0.9709528987210919 -0.5136869504012802 0
2563 1.129701886823198 0.48464070988652 0
2564 1.159502238363383 0.5354126011086899 0
2565 0.2975643316633655 -0.8813873232137396 0
2566 0.9840142666213211 1.364023193980575 0
2567 1.027458764642686 1.331245082462848 0
2568 1.075965269849059 1.357670764632905 0
2569 0.9840142666213164 -1.364023193980576 0
2570 1.027458764642678 -1.331245082462847 0
2571 1.075965269849053 -1.357670764632902 0
2572 1.023074412082657 2.376360614243064 0
2573 1.028957143422471 -2.371630835895026 0
2574 0.2074480399572693 1.821781352891055 0
2575 0.2569753972062185 1.889452931045061 0
2576 0.9234288791072914 -0.9023905922186017 0
2577 0.978375495322005 -0.9195489349422182 0
2578 0.9234218459056142 0.902390461799479 0
2579 0.9783709039949371 0.9195490280558217 0
2580 1.766873729203896 -0.8709184034173073 0
2581 2.006268082140731 -1.08523811985373 0
2582 2.012929697221082 -1.183578926837353 0
2583 0.7070335397600408 -1.820398152582129 0
2584 0.706665454289586 1.819542421677852 0
2585 0.7536940453534746 1.793722404623378 0
2586 0.7951115086517476 1.825341494901122 0
2587 1.366726837332638 1.137196078885417 0
2588 1.014144695154713 0.9682558141283621 0
2589 1.014145351054979 -0.9682558008284329 0
2590 1.102484611055389 0.4361963551245074 0
2591 0.8241681462651191 1.061668883245892 0
2592 0.8241681462382162 -1.061668883234268 0
2593 1.12620970305734 -1.253592951950886 0
2594 1.126366826240607 1.253498501680447 0
2595 3.126406186590101 0.3838434442305889 0
2596 1.373040900232751 -1.133352835914736 0
2597 1.627327612823818 -1.134894389586098 0
2598 1.62249994402726 1.132547590508633 0
2599 0.7892628983994088 -2.200913683660771 0
2600 0.7770735548517949 2.198854525874217 0
2601 0.3057990341894205 0.7397478162006407 0
2602 0.3036664818524281 0.6790724714983599 0
2603 0.6970851673482678 -2.109705015280014 0
2604 0.6767606086723951 -2.068264673876746 0
2605 0.697130288559021 2.109690393994188 0
2606 0.6768183430646948 2.068252621102514 0
2607 1.966280466394225 -0.285437576452548 0
2608 0.1087928546703181 1.658295785384407 0
2609 0.09816066565696353 1.611776263071107 0
2610 1.672169154260171 0.8789074890594299 0
2611 1.824784578831746 -1.270880840864246 0
2612 1.882772974526746 -1.303418972304269 0
2613 1.581404923837173 0.5644551889136472 0
2614 1.444024535188407 1.440566812929482 0
2615 0.7017031383263168 -0.2897289792364696 0
2616 0.6995314724372004 -0.3497018207278763 0
2617 1.22076295322499 -0.2382174505400731 0
2618 0.8061343975078779 -0.1714033020021881 0
2619 1.123732335765977 0.183458385963962 0
2620 1.390282670300153 0.9712208286513142 0
2621 1.390388809487612 -0.9710427434273285 0
2622 0.98890849386423 -1.909206440195673 0
2623 1.579869083499073 -1.522379230184942 0
2624 1.562748792504384 -1.552999194566612 0
2625 1.931516114480659 1.126862867006562 0
2626 1.57986908349907 1.522379230184945 0
2627 1.56274879250438 1.552999194566613 0
2628 0.4560865980176949 -1.631546877222075 0
2629 0.3033643018971868 -0.5582399480610318 0
2630 0.3021159309552077 -0.6139792934341581 0
2631 0.5594180494291812 -1.653145461481406 0
2632 1.289866577750564 -1.549514820311009 0
2633 1.303416753384491 -1.587627683953272 0
2634 1.289828709211583 1.549496079437025 0
2635 1.304731425870705 1.588006707459356 0
2636 0.8113675843080298 1.900220454449296 0
2637 1.57813817810664 1.38633119797267 0
2638 1.605713818168754 1.361776360282022 0
2639 0.8063030644079758 1.768541669046202 0
2640 0.8553823745027 1.814805275542231 0
2641 1.903395372070033 -0.9027088333339264 0
2642 1.630060548492586 0.999462353580459 0
2643 1.519211127261076 0.4482655527080059 0
2644 1.511219909836415 0.4079028974704703 0
2645 1.402600267048348 -1.226503448173669 0
2646 1.099704654175488 0.5379297699951291 0
2647 1.131386776915636 0.5874334485075903 0
2648 1.190449058298919 0.5866529691332858 0
2649 1.556656221940536 -0.8775922002808905 0
2650 2.831167679582728 1.478986627001998 0
2651 1.797302723186598 -2.155365393990094 0
2652 0.8311538288834185 -0.9583453259576039 0
2653 0.8311538288436734 0.9583453261101553 0
2654 0.448274805346877 1.639213774814167 0
2655 1.364492189154953 0.2716853262663848 0
2656 1.294655871278964 0.2703542802369457 0
2657 0.1617159027764827 -1.704772722193028 0
2658 0.1234033916189775 -1.75661911393955 0
2659 1.399575291772314 1.030630900444113 0
2660 1.399575291772314 -1.030630900444115 0
2661 1.124547021377343 0.2411997019430182 0
2662 0.6199827539738038 -1.912477602756496 0
2663 0.6199827539738058 1.912477602756495 0
2664 2.719331957745905 -1.668570093998596 0
2665 1.978841859177852 -0.4281635690181522 0
2666 1.705631731523824 -1.330522757290035 0
2667 1.712242917253669 1.330612418533843 0
2668 1.767324384559516 1.300174909728178 0
2669 1.847087060566662 -2.264697568044626 0
2670 1.461323026092996 1.922101167174925 0
2671 1.461323026092997 -1.922101167174916 0
2672 1.382014565642693 0.1505254193200531 0
2673 1.846638845297331 2.26346545449457 0
2674 1.883250994640193 -2.36564363326706 0
2675 1.882802454163343 2.364537737081261 0
2676 2.037919698529139 -1.920295597488344 0
2677 2.017631630642921 -1.868883496219324 0
2678 2.048220082341286 -1.8052890624943 0
2679 2.045689528213654 1.920962886178814 0
2680 2.01771583248508 1.875625638213713 0
2681 2.047234474329049 1.811254767703483 0
2682 0.7461699181026593 -1.461920273681816 0
2683 0.6928945134024734 -1.484574489361501 0
2684 0.7021383649330644 -1.421779297549477 0
2685 0.1741094819154813 1.753544506226741 0
2686 0.1380100408353664 1.817928324883651 0
2687 0.7461043036385443 1.461892875858739 0
2688 0.6925833003070303 1.484614760615299 0
2689 0.7020560863887646 1.421750172707346 0
2690 2.809493775111019 -0.1271813368451725 0
2691 2.699416665269344 -0.327641267941288 0
2692 0.4627471446562169 -2.542152905263209 0
2693 0.4686333517541569 2.503361114055755 0
2694 1.397248470851166 -0.1810229800380562 0
2695 1.425465658730987 -0.124886312545575 0
2696 1.580472674386892 0.02394655123105748 0
2697 0.269344904081956 0.975075902779571 0
2698 0.2693449040819558 -0.975075902779571 0
2699 1.692812357976764 0.9262812114921306 0
2700 1.732239872235541 0.8886124875777397 0
2701 1.367219221555519 -1.253715503154387 0
2702 0.9881483897366515 1.964126058637614 0
2703 1.699995554317189 0.003126614426527104 0
2704 1.727573095962622 -0.05043477068041373 0
2705 0.1908876893651046 -1.662776034231941 0
2706 0.1938563729947398 -1.608706244001286 0
2707 0.169823157339422 -1.602063048735392 0
2708 0.1380414812365182 -1.655046388637518 0
2709 1.610062879017964 -1.964636900187731 0
2710 1.610060118211924 1.964602595396067 0
2711 1.161357570803113 0.6365990120494261 0
2712 1.221231495459073 0.6376571563498342 0
2713 1.106499421116318 0.6359143505915215 0
2714 1.845802638123012 1.906127922701125 0
2715 1.813388289281073 1.916099799137278 0
2716 1.772373754948485 1.892099983887838 0
2717 1.845738925598537 -1.90621571016853 0
2718 1.81533265411602 -1.918547096571703 0
2719 1.774739832047301 -1.894940532983433 0
2720 0.6988459280601892 -1.544363583872865 0
2721 0.6511249229479946 -0.1468964358685297 0
2722 1.148417766052987 1.463081011061333 0
2723 1.148421400268783 -1.463065627820027 0
2724 1.808490802532688 1.391502275877789 0
2725 1.860738011617343 1.434383630465592 0
2726 0.6986178526212846 1.544459875297599 0
2727 1.719458696925904 -0.592978013924264 0
2728 0.7451745755079155 0.6181299368032822 0
2729 0.6944039077580747 0.6496465302024442 0
2730 0.1532984611579647 -1.808437378154761 0
2731 1.441306890854552 -1.236949828223454 0
2732 0.6241207481471677 -1.602350682910965 0
2733 0.6213156016048038 1.608746299172451 0
2734 0.5742397117244832 -1.934905966224438 0
2735 0.5742397117244852 1.934905966224436 0
2736 0.600335361583064 1.678848187127188 0
2737 0.9613351362657484 1.437548229537571 0
2738 0.9613351362657472 -1.437548229537572 0
2739 0.7706456532660754 -1.925867019926002 0
2740 1.569702530056963 1.198840364550041 0
2741 1.55939574776442 1.231054269937785 0
2742 1.569702530056962 -1.198840364550041 0
2743 1.556099726232543 -1.234073209494648 0
2744 1.947558370879519 -1.986041742610324 0
2745 1.953434578507009 -2.014675860186198 0
2746 0.8581267680633736 -1.697631670672066 0
2747 1.032349207532782 2.109193866288729 0
2748 1.032662965615483 -2.109957445638413 0
2749 1.072493516224103 -1.244320955222417 0
2750 1.072521787037907 1.244303964855071 0
2751 1.417975359597231 -1.507455842326922 0
2752 1.956856575345087 1.986838212443699 0
2753 1.952966448255018 2.015436665246757 0
2754 1.023195347762209 -0.5419029440300025 0
2755 0.647827682823739 -0.318844759769475 0
2756 0.4656496205756947 -1.13183430155161 0
2757 0.4656496218326135 1.131834305243196 0
2758 0.6782411256643387 -1.307854404122092 0
2759 0.6782432222620779 1.307879624111389 0
2760 1.379436525417918 0.02613598141649483 0
2761 1.421879171835081 1.226517443301374 0
2762 1.461766789137195 1.221611845418437 0
2763 0.3438992255002921 0.9159313248145587 0
2764 0.305866637444993 0.8879349939980706 0
2765 1.40011963288525 -1.541845625121348 0
2766 1.230377976117334 0.2408430531652423 0
2767 0.7240246780538816 2.154179397561355 0
2768 0.7313283326706109 -2.156865030227881 0
2769 1.38312878441077 1.390292168537266 0
2770 1.363863372997306 1.351185713891308 0
2771 1.70846948227961 0.5063308604262022 0
2772 1.696381513473086 0.5525591462290317 0
2773 1.331783168901844 1.207313325712625 0
2774 2.144073600640553 1.390126342276123 0
2775 2.249366926950693 1.311868302877129 0
2776 0.4657472165090204 1.190462491686292 0
2777 0.4664996086640356 -1.192450632965339 0
2778 1.978544046503245 -0.9243324624230981 0
2779 1.064776127086426 2.060261428520789 0
2780 1.062837748219657 -2.050607492513787 0
2781 2.513024468494798 1.654157005451 0
2782 1.80840345941492 -0.3465122105843914 0
2783 0.3193668185730797 -1.873384074128639 0
2784 0.241122934710492 -1.88769793925046 0
2785 0.4592466955316299 -1.733076740582421 0
2786 2.316061582118892 -0.1336980761370535 0
2787 0.3371240552847614 -1.109201694365197 0
2788 0.3783412154905405 -1.140306974534267 0
2789 0.3371240552847606 1.109201694365197 0
2790 0.3783412154905377 1.140306974534268 0
2791 0.34832697577605 -0.8510343773277743 0
2792 0.3027596619424138 -0.8304070515727391 0
2793 2.51310212030388 1.935709626569115 0
2794 2.492532137372952 -1.952928449058039 0
2795 0.7458698789728693 0.6804889329447393 0
2796 1.654263232507494 1.3609238029443 0
2797 2.931280425107883 0.1393431374494079 0
2798 2.524416495886165 0.5582836156885893 0
2799 2.733375447520815 0.5972763220785127 0
2800 0.6248571250414446 -2.013125128246454 0
2801 0.6248571250414453 2.013125128246454 0
2802 0.8219888803486185 -0.4822603905012424 0
2803 0.892660619027117 -1.554869741365727 0
2804 0.8934912286556331 1.554868479481981 0
2805 1.781912425525445 0.5623056189157216 0
2806 1.881540941399735 -0.5787744872856561 0
2807 0.428935028128703 1.498099071813036 0
2808 0.4083383990369128 1.467603171327694 0
2809 0.3659749496868709 1.471512145138993 0
2810 0.3813658292513807 1.432634460807775 0
2811 0.3396135018543391 1.43800130454937 0
2812 0.3517175703463345 1.394402952691954 0
2813 0.3261235398249384 1.479279084424768 0
2814 0.4289350281287045 -1.498099071468622 0
2815 0.4083383990369131 -1.467603169947197 0
2816 0.3659749496868706 -1.47151213564725 0
2817 0.381365829251379 -1.432634458995735 0
2818 0.3396135018543384 -1.438001302665407 0
2819 0.3516170427271237 -1.394529574792261 0
2820 0.3261235398249354 -1.479279075995186 0
2821 1.18265292311864 -1.637203153905874 0
2822 1.13568267073221 -1.601824355303697 0
2823 1.182674009958346 1.637266195675377 0
2824 1.13568446383083 1.601829715998384 0
2825 1.593696531218032 1.490653375700473 0
2826 1.45129157680541 -1.44718138335486 0
2827 1.593703906084601 -1.490657409762582 0
2828 0.7371063749133927 -2.003346288369478 0
2829 0.7370708038295565 2.003281462222721 0
2830 0.8517983262639763 -1.470743711828337 0
2831 0.8517993940066316 1.470744295910508 0
2832 0.4495326776312586 -1.071209968193231 0
2833 0.4495326786935944 1.071209971313313 0
2834 0.4030620402413376 -0.9253555450213526 0
2835 0.3974563963226817 0.9159636708721355 0
2836 2.281271491477911 -1.25941077641137 0
2837 2.329711747881255 0.5183325216906389 0
2838 0.2794888881885577 1.417303867235712 0
2839 0.2794888881885578 -1.417303867235712 0
2840 0.5952485960665295 -1.673738051662868 0
2841 0.7757044933841667 1.920764837559559 0
2842 1.25421539098091 1.528953665045848 0
2843 1.254220800772192 -1.528956282168333 0
2844 1.797485062692166 2.154623807342753 0
2845 0.1428150944287123 2.243938693626405 0
2846 0.3063974646311407 2.30845381300675 0
2847 0.1738953614718335 -2.247449228134008 0
2848 1.904111003854803 0.2497772681978756 0
2849 1.976878618869556 0.2415050690546261 0
2850 1.660704474512242 -1.374326824360878 0
2851 1.61624983508801 -1.356650609333814 0
2852 0.3273447086133484 -2.326578185211273 0
2853 1.638132765187098 1.039393585216258 0
2854 0.05695581856613768 -1.442465547380157 0
2855 0.1045171997583157 -1.411660838299755 0
2856 0.05953977318044174 1.088187412213858 0
2857 0.1012541457226958 1.048737950103434 0
2858 0.1093096694659544 1.119548052633771 0
2859 0.06225484226992869 0.9470969309488243 0
2860 0.05990893050385769 -0.5096501926377209 0
2861 0.05989854986649158 0.2123582777794844 0
2862 0.05990260960087465 -0.1486459429821236 0
2863 0.05743316882046742 1.372981655386904 0
2864 0.05991752024224667 -0.870654472574997 0
2865 0.104972557792305 -0.8345936797519771 0
2866 0.05332682711912455 1.240434706529291 0
2867 0.1063592432870005 1.195651265788423 0
2868 0.05976386656895646 0.5737896944434809 0
2869 2.268981281772128 0.3475408858745031 0
2870 0.1048866982123998 1.403634669590828 0
2871 0.1048825959058436 -0.4735861680713074 0
2872 1.328622591627157 -1.186838471331247 0
2873 0.1048515787107478 0.9067898155580035 0
2874 0.3313051014034374 0.6135673928757026 0
2875 0.104802633890513 -0.1125790425462549 0
2876 0.3380148265239173 -1.16270480327598 0
2877 0.3726890976363436 -1.192819490988709 0
2878 0.3380148265239146 1.162704803275981 0
2879 0.3726890976363408 1.192819490988709 0
2880 0.1047326602920498 0.2484276972654995 0
2881 0.09892980922024901 0.6151439850306057 0
2882 1.211905930475502 -1.200272600242514 0
2883 1.213414319776803 1.200211874354572 0
2884 2.468939933489692 -1.256504338358484 0
2885 2.555640428564381 -1.099024887499612 0
2886 0.1138714982920102 -1.471208979947271 0
2887 1.951863843821977 -1.26814701200758 0
2888 1.953023170245099 -1.344075477421741 0
2889 2.03582490295681 -1.293026947603341 0
2890 2.134047395045561 -1.219179806942367 0
2891 2.142294766359218 -1.336562051472428 0
2892 1.815035022588371 0.8650220057344722 0
2893 1.744178926901244 0.9477757346872594 0
2894 0.4501965914416656 -1.002906575683774 0
2895 0.4501966042922844 1.002906613423219 0
2896 2.608354782382094 1.819962009837465 0
2897 0.06159086980820867 -1.589826724318849 0
2898 0.1005622574953041 -1.551205811589349 0
2899 0.1041301843935453 -0.9039176830607921 0
2900 1.50989449913927 -0.8700402568700512 0
2901 1.475529746575228 -0.9176462917171549 0
2902 0.2952139980730193 -1.953998479290209 0
2903 0.1066746757550299 1.346245379021486 0
2904 0.1041897059520781 -0.5433214477946504 0
2905 0.8057297341667718 -2.064016678294427 0
2906 0.8071804768086692 2.063996254495861 0
2907 0.1115585071456902 0.9579354896794934 0
2908 0.104250917927691 -0.182727623414994 0
2909 1.143516621852867 0.9549847962901283 0
2910 1.082858193896104 0.9458314922419802 0
2911 1.143507495807978 -0.9549923853080815 0
2912 1.082861444428516 -0.9458335528532713 0
2913 1.73964834418271 -1.023893524623162 0
2914 0.9207916428971358 -0.4868167418133354 0
2915 0.1590127400321483 -2.092804926897901 0
2916 0.1043139633924717 0.1778638700753591 0
2917 1.612821885221591 0.07350753655978483 0
2918 1.947234700978955 -0.5543791604989807 0
2919 0.1043599931888534 0.5385141384432685 0
2920 0.3262151139982817 -1.2085378735831 0
2921 0.3586332700864437 -1.245977186295761 0
2922 0.3239247774191391 1.213048251173391 0
2923 0.3650529688913454 1.245917953004221 0
2924 0.8827910670558926 1.633235400010817 0
2925 0.8937446831987031 1.68759188706354 0
2926 0.2548995787965464 1.483315005903639 0
2927 0.2548995787965479 -1.483315005903642 0
2928 0.1166749757144911 1.297049847073932 0
2929 0.163837998869637 -1.575823814293096 0
2930 0.1392912043990436 -1.606838986619802 0
2931 2.107472955423669 -1.747051997973447 0
2932 2.107601090981823 1.74826005814693 0
2933 1.016718504242117 -0.4770275392099186 0
2934 1.477710109838012 0.4334169595282899 0
2935 0.2922261106686298 0.5215262842681256 0
2936 0.2933043342638441 0.4692678348992702 0
2937 0.334890276420611 0.4404279072789382 0
2938 0.2834693957640818 0.4137191811776115 0
2939 0.3298435099682112 0.3854537059079972 0
2940 0.2822163764022242 0.359620011713446 0
2941 0.3285699796548215 0.331742724335959 0
2942 0.2826351624659734 0.3032931416858813 0
2943 0.3298894898902487 0.2778785680179447 0
2944 0.2868862119743906 0.2529843567192999 0
2945 0.3296743646207845 0.2254527064954174 0
2946 0.379672246779397 0.3017441974880171 0
2947 0.2853183930162417 0.5761659901318892 0
2948 1.828104241953883 0.5333266309001636 0
2949 1.246418999111811 -1.000354671271126 0
2950 1.215215544960619 -0.9837053491381903 0
2951 1.246418999111813 1.000354671271126 0
2952 1.215215544960621 0.9837053491381913 0
2953 1.396731090888187 -0.8864721813275667 0
2954 1.396615653204538 0.8822196103305684 0
2955 1.427602616533376 0.9005357625154387 0
2956 0.2832643078568034 0.2073195142356353 0
2957 0.3264470222829935 0.1757145205776054 0
2958 0.380889432489357 0.1939395864114031 0
2959 0.3700658062859061 0.1394862733185258 0
2960 0.3151034853334461 0.1217876011644025 0
2961 0.3627153255505536 0.08390724013448003 0
2962 0.3143239666863882 0.05999447761058349 0
2963 0.3588782009228079 0.02444814245499175 0
2964 0.3027109888426001 0.002633837772022223 0
2965 0.3542987057997659 -0.03229534938681188 0
2966 0.2980120480054941 -0.05953911109431628 0
2967 0.3489446981469161 -0.08956496845736858 0
2968 0.3020008319589513 -0.117010254313897 0
2969 0.3457781449759479 -0.1454019298236614 0
2970 0.2966424482791475 -0.1700718325891995 0
2971 0.3424714951301205 -0.2024261767427692 0
2972 0.3967346362055338 -0.1855186369937681 0
2973 0.2968987938845074 -0.2240916185489374 0
2974 0.3441117127531527 -0.2624038046766896 0
2975 0.2885663857509524 -0.278333214567812 0
2976 0.3394477495551427 -0.3140044301697993 0
2977 0.4035190686371277 -0.00808308912687242 0
2978 0.2879326956260717 -0.3353367170255206 0
2979 0.3299866064905475 -0.3653227322600107 0
2980 0.2849274447667625 -0.3891454185598791 0
2981 0.3841339624613293 -0.3438332169537756 0
2982 0.2612885091305873 -0.02653742005065314 0
2983 0.3756318031714724 -0.4003781214764231 0
2984 0.4342361281330487 1.421920367431252 0
2985 0.4345960280483423 -1.421145942241859 0
2986 0.5176249751078011 1.216583603659418 0
2987 0.5177221729140197 -1.216471154129916 0
2988 0.5501800079650868 -1.611276707842013 0
2989 0.3425153381903469 1.909042176017679 0
2990 0.2897902200937265 1.971364690896247 0
2991 0.4877764747674284 -1.615924945561761 0
2992 0.6644659783875404 1.843129034239168 0
2993 0.6645097980864036 -1.843230906965866 0
2994 0.7904861226297787 0.5883669201019512 0
2995 0.7952120814853451 0.5255892584226712 0
2996 0.1145569483109677 -0.7832552238449876 0
2997 0.07335331753738746 -0.7477299288923599 0
2998 1.669463926074281 -0.555049664257533 0
2999 1.682309371770222 -0.5065217595736502 0
3000 1.400688481390492 0.9974849118490495 0
3001 1.374070523090418 1.043553923029379 0
3002 1.401079350828587 -0.9970292263148268 0
3003 1.370775326761817 -1.042089044716745 0
3004 1.48922699678777 0.4840760227118207 0
3005 1.788249196129887 0.7986213022625693 0
3006 1.390353827401502 1.55330034997188 0
3007 1.559034463850665 -1.353226295222007 0
3008 1.066810910726759 1.152113597678413 0
3009 1.06681091072675 -1.152113597678393 0
3010 0.4324280412707776 1.671225228151863 0
3011 0.1144518684531857 -0.4224641885335939 0
3012 0.0734293924387258 -0.3867476969069659 0
3013 1.978767460643302 1.96358756771464 0
3014 0.1143583426459746 -0.9539982533571021 0
3015 0.07145216577489551 -0.986621303143368 0
3016 0.07057072735774826 -1.062382636364078 0
3017 1.928347388483953 0.1771242490886054 0
3018 1.344302153838107 -1.070121605158237 0
3019 1.34638563137803 1.06694520127034 0
3020 1.902891757108654 -1.497406261341693 0
3021 1.187298680662904 0.6942223161929452 0
3022 1.252106277696005 0.68950036522457 0
3023 0.1143512501689068 -0.06166653881655997 0
3024 0.07350819802587785 -0.0257587064031641 0
3025 0.1044097143232925 -0.5921808271521112 0
3026 0.0692624607026438 -0.6172391170031788 0
3027 0.9979839077513989 2.16832532422189 0
3028 0.9980126245372446 -2.168410256512483 0
3029 1.063046336897369 -1.053665014387659 0
3030 1.063046336897371 1.053665014387664 0
3031 0.1044797532421344 -0.2315628342968653 0
3032 0.06932347723659221 -0.2562964042712453 0
3033 0.1146397911092729 0.2989333140126256 0
3034 0.07358771641191923 0.3351156793561475 0
3035 0.7324393361804674 -1.613941233672421 0
3036 0.7305572826418536 1.612621796310284 0
3037 1.756860862548915 0.03059794945540267 0
3038 0.64079595005378 -2.113637155780753 0
3039 0.6429965909881847 2.11429456279907 0
3040 0.1045442899035798 0.1290491183548169 0
3041 0.06938266734465226 0.1046391429491685 0
3042 1.781674410396709 -0.02322525930513722 0
3043 0.2224770606662285 1.602165725660625 0
3044 0.2518962241326853 1.583169477923605 0
3045 0.115726361873708 0.6608061100780447 0
3046 0.0798456460779428 0.6985956911605973 0
3047 0.1046003841953854 0.4896654853388818 0
3048 0.06813412937016251 0.4597518596071817 0
3049 1.544567027804109 0.2850680025713338 0
3050 1.516318349572297 0.3029335780333081 0
3051 1.544853171097748 -0.2837458028455616 0
3052 1.515017966841228 -0.3074245467757197 0
3053 1.718689403952543 -0.4562589765914553 0
3054 1.90290945389334 1.496207175357271 0
3055 0.4243651049565301 0.1640562331056597 0
3056 0.1374299535394516 1.58192955697014 0
3057 0.09496839478659826 1.565253492373744 0
3058 0.5184555786171635 1.613303944365751 0
3059 0.5689652573238427 1.594750026068405 0
3060 1.311002332938103 -1.364602316205353 0
3061 1.350232366766231 -1.33421005599307 0
3062 0.055177829309666 1.503275083867999 0
3063 0.1079804033350199 1.479349453369009 0
3064 1.2831351687732 0.8489940968073997 0
3065 1.303922012576198 0.8191821094342653 0
3066 0.1700256780733699 2.627968763207627 0
3067 0.171463947205617 -2.640042420028871 0
3068 0.252884192989023 0.3883685094155725 0
3069 1.221736119454888 -0.9430859887123435 0
3070 1.22175733279549 0.9430732840763365 0
3071 0.652451914126209 -0.2084141353640772 0
3072 0.7345886123713726 3.056175712464789 0
3073 0.7346365812131138 -3.056092888051174 0
3074 0.7912802589773033 1.447259603024425 0
3075 0.791269025371386 -1.447275216459941 0
3076 0.05738850345240658 -1.30427889967541 0
3077 0.06031736589415392 -1.244343432713046 0
3078 0.09886312361442237 -1.330770318684405 0
3079 0.1018046383689926 -1.279954270377728 0
3080 0.1176456333316953 -1.232966640284134 0
3081 0.06062841348962193 0.8020360215740671 0
3082 0.1077924620760843 0.8286319601062726 0
3083 0.1179126432997689 0.784449495290418 0
3084 0.1316744708282042 2.075867474068571 0
3085 1.421853250191746 0.9403807715433784 0
3086 1.462242942519653 0.92644998136837 0
3087 0.2317271322745203 -1.657201042911974 0
3088 1.350518957651115 -1.592178213916039 0
3089 1.325776256892469 -1.634570141390838 0
3090 1.3563882353505 1.587403404869239 0
3091 1.325776256892474 1.634570141390837 0
3092 2.05933083341028 -0.4014138351038529 0
3093 1.884876085325585 2.633634013439405 0
3094 1.885167229595051 -2.63362856026346 0
3095 1.802668238632721 -1.513705806968343 0
3096 1.467694885079359 -1.213454853790215 0
3097 0.4095161894218075 0.6713968799961418 0
3098 1.343208272035219 1.253912429822468 0
3099 0.3835414254301914 0.4107578309379485 0
3100 2.11065671585139 0.7553422918707592 0
3101 1.580446704821404 -1.268548232854216 0
3102 1.582419747033395 1.26854776271157 0
3103 1.466292120962957 0.879464378000978 0
3104 0.4290100862599279 -1.703399800482796 0
3105 0.4172070637872113 -1.747629992428219 0
3106 0.405334476177728 -1.796383481433046 0
3107 1.452263473405805 -2.825668814084508 0
3108 1.452262338793613 2.825668265237829 0
3109 0.4155856126611206 -1.225188373692803 0
3110 0.4130971791169721 -1.290587613204229 0
3111 0.3578992269828926 -1.297790341662633 0
3112 0.4155054680344025 1.224951363143915 0
3113 0.4094960022493261 1.279358337294941 0
3114 0.3518854318890801 1.299436981691118 0
3115 2.033799875069293 -1.729701748694918 0
3116 1.387235708030714 0.2151892378459692 0
3117 2.033519223493053 1.733804476901553 0
3118 1.432346997072947 -0.9006315478715272 0
3119 1.425622150121004 -0.9378953347479133 0
3120 0.637034252916674 -1.513031953298408 0
3121 1.798936666047369 -1.052333055725239 0
3122 1.987257841753361 1.923012481756569 0
3123 1.967298298716733 1.885709889507192 0
3124 1.983646124017667 1.838837311921932 0
3125 1.876054395551398 0.484158697513022 0
3126 1.519470149563716 -1.407532283357424 0
3127 1.290499481699739 -1.405061771609462 0
3128 0.2977393622971131 -0.4997227818081516 0
3129 1.799344628185131 1.51316169744374 0
3130 1.78298069484853 1.583946404097513 0
3131 1.183628625680556 -0.7565806861736457 0
3132 1.186366299412177 -0.6981169467534086 0
3133 1.236117874573992 -0.7280439041319073 0
3134 1.230651622542697 -0.6657005791090174 0
3135 1.283414879697395 -0.6973056095935315 0
3136 1.132688907783014 -0.6573860367741992 0
3137 1.280591725320847 -0.7543565323663657 0
3138 0.649003528559304 -0.3844980821456747 0
3139 0.6969271838554324 -0.4060139198130827 0
3140 0.3161450904719313 -1.275535506483616 0
3141 0.3514739141906174 -0.6427998048133853 0
3142 0.2982929253290419 -0.6702821083830922 0
3143 0.7469600094204565 1.734386100079547 0
3144 1.459207029151417 -0.9659814567354802 0
3145 0.3022225116633289 0.796933489207886 0
3146 1.583214011752073 -1.68869765085725 0
3147 1.583232306517082 1.687129790601118 0
3148 1.804477342339364 1.028858314153493 0
3149 1.991111954099895 -1.910510743611206 0
3150 1.968428734601487 -1.869721080607287 0
3151 1.98838097823812 -1.818338609534253 0
3152 2.291277961969187 2.005050256004983 0
3153 2.288104640460145 -1.977684876324928 0
3154 0.7806708196321727 -1.116731953315812 0
3155 0.7806708201908698 1.116731953851124 0
3156 0.1274874521695507 -0.01212993509662299 0
3157 0.09990565608197931 0.02913497379201854 0
3158 0.6718656242099291 -1.186530392519385 0
3159 0.7288105017653611 -1.216993099473827 0
3160 0.6718663114133031 1.186542472945962 0
3161 0.7288102961886715 1.216994287969986 0
3162 1.285013631543585 -2.680011454072178 0
3163 1.08584685166228 -2.645565394769064 0
3164 1.283969804137937 2.681336245690345 0
3165 1.085846851662339 2.645565394769111 0
3166 0.2976280757513847 -0.4412458671153351 0
3167 0.3490263968828438 -0.6988141129093874 0
3168 0.305101541307196 -0.7229718628441545 0
3169 0.3499921839868154 -0.7556223747279488 0
3170 1.84113485292509 0.2622822624937652 0
3171 1.819828888434942 0.3120775351473925 0
3172 0.6358678198588019 1.513201668033836 0
3173 0.1246453848700817 1.709130938890274 0
3174 0.1269328052053556 0.3475318592963052 0
3175 0.09356059543837204 0.3741846476513427 0
3176 2.127959708607262 -0.4785780689309262 0
3177 1.639698088133715 0.5587471918102196 0
3178 1.405351544674217 -0.6312490630725851 0
3179 0.7663746907554897 -1.796688164485301 0
3180 1.096688917768684 1.489154739708563 0
3181 1.096689436942369 -1.489152542102661 0
3182 2.179603386200005 -2.428835277242977 0
3183 2.29304370607759 -2.326805141225323 0
3184 2.172674917592644 -2.296954382983643 0
3185 2.264775386037376 -2.205424464231668 0
3186 2.17580196540392 2.432756950801829 0
3187 2.284845200534196 2.332803042321216 0
3188 2.167870347002736 2.301805171063173 0
3189 2.240410311005339 2.205029325840566 0
3190 0.9644598803173251 1.865037801063975 0
3191 0.9092680080484296 1.854793416620776 0
3192 0.1237944757873403 -0.3773641348848838 0
3193 0.09904267314408147 -0.3366132669536792 0
3194 1.039849655398646 1.930256131873327 0
3195 0.1252959744724567 0.7061548132394687 0
3196 1.631133818277292 -0.9757190903005974 0
3197 1.776224533081256 -0.3844946086012904 0
3198 0.6372038926199627 -1.455781055013754 0
3199 0.5885901693673231 1.640723269757082 0
3200 0.7835486742188843 -1.890839254750761 0
3201 0.3047459413657274 -1.071466424622734 0
3202 0.3047459413657281 1.071466424622733 0
3203 0.6369114425881178 1.455815089421032 0
3204 1.403488507816671 -1.350575878916079 0
3205 1.544311189996385 -0.02960308594148236 0
3206 0.1282158988507511 -0.7317946885380336 0
3207 0.1000246258301156 -0.691989309493981 0
3208 1.772704869455185 0.3924871007892355 0
3209 1.785912746420527 0.354107050844872 0
3210 1.776202252982872 -0.3153017541029018 0
3211 1.522672602925255 -0.3913945375608763 0
3212 1.516088652160005 -0.3522624533367011 0
3213 1.478709130912925 -0.3773926848372066 0
3214 1.471891575757084 -0.3296392815459274 0
3215 1.429248168117074 -0.3587097285408878 0
3216 1.611052304009887 0.4754174683526084 0
3217 1.643676988880488 0.4836089850687277 0
3218 1.61267081762052 -0.2290855914147757 0
3219 1.649319548801186 -0.2183482514148723 0
3220 1.612670817620519 0.2290855914147769 0
3221 1.647098741196803 0.2189462357925932 0
3222 1.62732761282381 -1.056405410413909 0
3223 1.661164179220519 -1.040765000466866 0
3224 1.6326321686352 -1.096873569566784 0
3225 1.237878406837997 -1.661303462241793 0
3226 1.276135684731693 -1.71793130584672 0
3227 1.237903008150982 1.661377010972876 0
3228 1.27616087179023 1.718006605738067 0
3229 1.551395557004192 1.757462458058945 0
3230 1.551423428991491 -1.758000598492149 0
3231 0.9694670394197181 3.009483393171122 0
3232 0.9694876965675859 -3.009429889257818 0
3233 1.043919365049564 -1.932352538588462 0
3234 1.418666751676726 0.2725597967075157 0
3235 0.9496366538751486 1.398570909498613 0
3236 0.949636653875146 -1.398570909498615 0
3237 1.877843091188956 -0.1845345904692002 0
3238 1.956224450775487 -0.1629427041584302 0
3239 1.440912369013377 0.1788480395776075 0
3240 0.252095335398492 -0.3122527066510263 0
3241 0.2678381289652544 0.0947868726343835 0
3242 0.2697444111125862 0.1402987490763609 0
3243 0.2636292985608585 0.04233547020680823 0
3244 1.372215972433581 0.6871255314359141 0
3245 1.030333554408901 0.8425047143983289 0
3246 1.030411355781103 -0.8425539756690593 0
3247 1.932833285290556 1.424367353082019 0
3248 2.72104674456259 1.676964412702268 0
3249 2.007018945935587 0.1264850442863975 0
3250 0.7905891115290061 1.218077702717204 0
3251 0.7905890769955118 -1.218077602567784 0
3252 0.319299137534128 1.259659995561556 0
3253 0.2184315481594092 1.712932938819893 0
3254 1.958530244523918 1.013977561117615 0
3255 0.262581893475365 0.9064917875985582 0
3256 0.2678286643487264 -0.9123673898737664 0
3257 1.962227726519699 -0.8381831489359233 0
3258 0.2858461410799097 3.129657158934248 0
3259 0.2852119356436346 -3.13346407134398 0
3260 1.685569905905236 -0.0969425398986707 0
3261 1.706584763825894 -0.1452263495985598 0
3262 1.742588251709777 -0.1048265019312779 0
3263 1.766030655955678 -0.1562349762340791 0
3264 0.2575076378191201 -0.4663940149801085 0
3265 2.822798877462205 -1.470438705199229 0
3266 0.9470963365066675 1.726587796005082 0
3267 1.614786885083781 0.1848952875989665 0
3268 1.643239781660935 0.1304016178104577 0
3269 1.670735089845539 0.07902903797768782 0
3270 0.8816650697122074 2.005128198370188 0
3271 1.844460619485769 0.3639992851151886 0
3272 1.457079209712509 0.5310967448730016 0
3273 1.521572780334091 -0.6345851830636772 0
3274 2.319389207135324 -2.088968267901401 0
3275 1.182550374337625 1.252635897857723 0
3276 1.182141771046491 -1.252756162653737 0
3277 2.516695356131184 -1.654731903930462 0
3278 1.079848045804915 -0.6936041137610027 0
3279 0.08375851875297946 -1.826915961935189 0
3280 1.51887419510682 0.6343322124996735 0
3281 0.2614487363175176 0.7659546207465093 0
3282 1.31185898274481 0.6876198890420493 0
3283 1.747240401930381 -1.538428552450832 0
3284 1.74770762038777 -1.605444539007857 0
3285 1.932664928041324 -2.103250810532638 0
3286 1.890091215026033 -2.140112777354164 0
3287 2.09821203424571 1.154233930734091 0
3288 2.041613083905983 -1.408896469533367 0
3289 2.162310785541774 -1.461962646927401 0
3290 1.485001816657806 -1.245801725406674 0
3291 2.442357350533038 -2.074293053619666 0
3292 1.443550022904686 -0.5856272909625904 0
3293 1.579377189892819 0.6269594700967401 0
3294 1.581775911632059 -0.6379947733126545 0
3295 0.9679183289801241 -1.22231953435947 0
3296 0.9920018707323625 -1.276508861454458 0
3297 0.9679183339153545 1.222319531502109 0
3298 0.9920018726847836 1.27650886032762 0
3299 1.611478466241518 0.7863623681504762 0
3300 1.612408184101254 -0.7861176429648415 0
3301 0.6738052708754082 -1.2491836364283 0
3302 0.6183082511699638 -1.160185263365902 0
3303 0.6738110213366935 1.249223117329176 0
3304 0.618308981160351 1.160195553884743 0
3305 1.281149054175658 0.6369704105085716 0
3306 1.28109467725899 0.7343401378780893 0
3307 1.02426545258946 -0.6035126641578534 0
3308 1.023431311299966 0.6656782990962795 0
3309 0.9257765654704094 -0.7861250342675333 0
3310 0.9261222015839974 -0.8411218418053721 0
3311 0.9257404246667645 0.7861721991143175 0
3312 0.9261057607516138 0.8411458628319202 0
3313 0.8504279279475865 1.115425861469954 0
3314 0.8504279248076302 -1.11542586315741 0
3315 0.611018425620583 -0.6118789518666972 0
3316 1.703912478839425 0.6341895246686728 0
3317 0.7159049490524109 -0.6701782335332649 0
3318 0.6644389441810784 -0.7010205969136929 0
3319 0.6654161851951205 -0.7610126698471174 0
3320 0.6129729557436155 -0.7318630758791964 0
3321 1.732062017520144 -0.7855217610831836 0
3322 1.708654984531909 -0.8440572367874291 0
3323 0.8732408914173918 0.641460116437708 0
3324 0.7683483648345167 -0.6993279014147267 0
3325 1.310191286146851 0.5846192844005426 0
3326 0.8198151331417388 -0.6684847800503808 0
3327 1.03497672016281 0.5416904789323775 0
3328 1.394435574082692 0.4239580728191385 0
3329 0.9747793437076436 -0.6356052732519146 0
3330 0.9749753355086234 1.017866334535791 0
3331 0.9749754447296678 -1.017866332374946 0
3332 0.800757224507715 -1.006954999999599 0
3333 0.7704914504423231 -0.9498217552333259 0
3334 0.8007572245185797 1.006955000146652 0
3335 0.7704983447995915 0.9498357691703845 0
3336 0.8275476878846354 0.855377008787938 0
3337 0.8274550740367408 -0.8552050833021771 0
3338 0.8617350766916563 0.5202151686183285 0
3339 1.24830039066383 0.4816960838382261 0
3340 0.872020937540282 -0.5196942069340684 0
3341 0.8609403587492106 0.9084098921361587 0
3342 0.8609285419398057 -0.908381598980633 0
3343 1.274542725430784 0.3263980395007758 0
3344 1.017327784462452 0.4215451854834036 0
3345 0.767371196919472 -0.6393356492151756 0
3346 0.8674398746830821 0.3974901419469398 0
3347 0.8166380783539805 0.4271890923732853 0
3348 0.815061965099882 0.3682729543803717 0
3349 0.764397634220621 0.3976811356010125 0
3350 0.7626634417210147 0.3390522270508457 0
3351 0.7119956752091431 0.3684598183109956 0
3352 0.7102345635626485 0.3098786830088329 0
3353 0.7615082168459888 0.2793832370597871 0
3354 0.7111900722672968 0.250141543783844 0
3355 0.7608852654384383 0.2193758793315936 0
3356 0.71079601593202 0.1901861432493583 0
3357 0.7600643463132757 0.1593873909543295 0
3358 0.7078491195603442 0.1302348894402333 0
3359 0.7587849592318503 0.09940273859058156 0
3360 0.7068427537667205 0.07024518499069816 0
3361 0.8120706768471114 0.1885466536867133 0
3362 0.6611130813472953 0.2738124614011048 0
3363 0.6546675700626184 0.1010995412407043 0
3364 0.7646946897997856 0.4612968934270775 0
3365 0.7577525818387906 0.03941231713659117 0
3366 0.7058515446583186 0.01025380201630903 0
3367 0.8090912381763754 0.008572369312216048 0
3368 0.7053482840807134 -0.04974584435567618 0
3369 0.6537613341132122 -0.02567088545013625 0
3370 0.7169769038118213 -0.911615220414763 0
3371 0.7108580017351989 -0.9703003712753766 0
3372 0.7170074219941474 0.9116884197901285 0
3373 0.7108580014842273 0.9703003712792871 0
3374 0.7644391126228846 -0.4593597462555104 0
3375 1.127280530196604 0.3805955828101124 0
3376 1.099762399202932 0.3320877031978464 0
3377 1.067451967638758 0.3892713922475516 0
3378 0.8663946101243118 0.3376828468789487 0
3379 0.661785915072573 -0.5215097230738406 0
3380 0.6653334633127773 -0.4531572793279607 0
3381 0.6139276814778515 0.7919161906787537 0
3382 0.6129314708894584 0.7319786142901767 0
3383 0.561493832546361 0.7627310365125027 0
3384 0.5605205068069 0.7027368986212331 0
3385 0.5092309432603209 0.6754802097626953 0
3386 0.6110921125286015 0.6735114360479376 0
3387 0.5587030600340307 0.6444228836117835 0
3388 0.5071090778414751 0.6135718383649562 0
3389 0.8139664702131947 0.308498169093102 0
3390 1.333679406116697 -0.1800387999690744 0
3391 0.5114773377963395 0.9136928907453029 0
3392 1.01977297438639 0.2451603273021453 0
3393 1.250253449990066 0.5855330203745388 0
3394 0.6575544456523863 0.3375934378573873 0
3395 0.6595532038252484 0.4010597562405259 0
3396 0.5958797796463583 0.4132482067925766 0
3397 1.373208446638584 -0.2732622733172519 0
3398 1.223725718550315 -0.05818894873278487 0
3399 1.222748592216191 -0.1181809917395645 0
3400 0.4588470038121055 0.7059946506554859 0
3401 1.267996738320539 -0.5677978825334259 0
3402 1.063325279022493 -0.3852216166877786 0
3403 1.171282520563419 -0.08733875362243614 0
3404 0.8644306411636787 0.2176988252248051 0
3405 0.908088676481931 -0.2931260493995614 0
3406 0.9090656741608029 -0.2331031503632054 0
3407 0.403518425034963 -0.7338655745193322 0
3408 1.169323037917406 -0.2073315684513498 0
3409 0.8634679119198793 0.1577064418428678 0
3410 0.8111525698133571 0.1285537990197589 0
3411 1.282876659889995 0.2089185001044105 0
3412 1.221733977148503 -0.1782355911386642 0
3413 1.275332056756312 -0.1487945276129276 0
3414 1.168345039419641 -0.267325066252533 0
3415 0.5995239533048025 0.2848959707706205 0
3416 0.6211394971195319 0.2329062138397514 0
3417 0.4373939303913797 0.4375083895752788 0
3418 0.4543194780618569 -0.466350028003568 0
3419 0.9615095916635227 -0.2039405353241524 0
3420 0.5369389689597008 0.559485720634578 0
3421 0.448018131483758 -0.3432822283879224 0
3422 0.8585775842420541 -0.1422534969291599 0
3423 1.122749061938928 0.1234774016939293 0
3424 1.017860625433239 0.06518001687405083 0
3425 1.018836526340347 0.1251720798433278 0
3426 0.5114952901471624 -0.9136906442830277 0
3427 1.012975781627908 -0.234780638390191 0
3428 0.6092090672120835 -0.4900449565878807 0
3429 0.4357018418568125 0.3217072292188731 0
3430 0.9634639246036353 -0.08395388624410637 0
3431 1.376411797152072 -0.3897076772571375 0
3432 0.6438894583804803 0.6171833812817519 0
3433 1.174214106973867 0.09263700673275434 0
3434 1.219810964023846 -0.2981675468078982 0
3435 0.561504780111231 -0.7627011240204963 0
3436 0.4029886837172488 -0.6142362281898249 0
3437 0.7487670181126727 -0.3924768425515167 0
3438 1.014930043609625 -0.1147961251326603 0
3439 0.4496289328159006 -0.2224325436301571 0
3440 1.069327334222772 0.03433776837769852 0
3441 1.389218967850338 0.0871850309210723 0
3442 0.9100436660138493 -0.1730957352113519 0
3443 1.330517197146736 0.05923737697439092 0
3444 0.4071090914552801 0.8552327634704918 0
3445 1.070304636178466 0.09432980852352511 0
3446 0.9624868209914648 -0.14394635701673 0
3447 0.8051563649630751 -0.2314045378397321 0
3448 1.376971951679441 -0.08908815059830756 0
3449 1.426262752998945 -0.06191797511897162 0
3450 1.165466282342207 -0.4472133836412542 0
3451 0.7537159585783111 -0.2005565728004997 0
3452 1.322158562490239 -0.4196584137439421 0
3453 0.857600469375827 -0.2022455401229772 0
3454 1.072258889678832 0.2143138945235293 0
3455 1.071281762928649 0.1543218515235287 0
3456 0.5095128717670637 -1.034348108327907 0
3457 0.5095129461209901 1.034348326690413 0
3458 0.7033941600022593 -0.2313266844429173 0
3459 1.115103772995365 -0.4759136993745325 0
3460 0.8615125782529772 0.03772256604899618 0
3461 0.8130358541371723 0.2485324341502459 0
3462 0.810129757564657 0.0685630815298232 0
3463 1.219343395549116 0.5341980704611817 0
3464 0.6139364217754429 -0.7918319194320329 0
3465 0.5585751740678342 -0.5827293667874465 0
3466 0.6119956878187461 -0.6718710100405711 0
3467 0.5605298488133298 -0.7027125608120888 0
3468 0.6100411848363708 -0.5518869308879965 0
3469 1.472030801757068 -0.4520049340216214 0
3470 0.3981007761226021 -0.2462746828763324 0
3471 0.5816498443969733 1.375706764574213 0
3472 0.581691147722413 -1.375614520011112 0
3473 1.895787703242721 2.48667031469667 0
3474 0.9238345362596768 2.013001681901561 0
3475 1.830915480874831 -0.8893795481031028 0
3476 1.962647893687799 -2.065075371918458 0
3477 0.6643020575220285 0.7012670294078478 0
3478 0.2621322640792512 -0.8487883164058937 0
3479 0.7497745651051186 -1.728462608169974 0
3480 0.1299509351899699 1.540300337632216 0
3481 0.853147041809211 -0.4375230375366073 0
3482 1.768251967927939 2.328002472439647 0
3483 1.93242590557376 2.102409096138848 0
3484 1.889864714865229 2.13951839464598 0
3485 1.495332583679954 0.7872512938048307 0
3486 1.521647090362818 0.8406694941220473 0
3487 1.494499665146642 -0.7842148098956411 0
3488 1.181500834934152 0.2755608275403466 0
3489 0.40402016877723 -0.8621767637853055 0
3490 1.793685816282231 -1.97815106970048 0
3491 1.79474042695625 1.978344674067022 0
3492 0.2811758271021493 0.6308808727026267 0
3493 1.60735822161186 -0.5808751592913736 0
3494 1.072751229585683 0.2811796669762899 0
3495 0.4927768975013517 -1.753044402313206 0
3496 1.688100703492314 0.2240776709488587 0
3497 1.704539571644029 1.390988461411211 0
3498 1.853363828006466 -0.3065876808302398 0
3499 1.52708927780633 0.3375886554983554 0
3500 1.817592432849038 -1.64145386277604 0
3501 1.76940217027042 1.239223814197396 0
3502 1.824272607671593 1.270076019215579 0
3503 1.962074397082169 2.0638833766486 0
3504 0.1213508646684796 0.4503319682764159 0
3505 1.896185627149117 -2.487342660887241 0
3506 1.102226788245345 -1.55014479311834 0
3507 1.102226525851231 1.550145225044612 0
3508 0.251627357725539 1.622976423721705 0
3509 1.767679081686698 -2.32868165329786 0
3510 1.808683130300824 1.085955347609959 0
3511 1.339052281870373 -0.7289371012490404 0
3512 1.180388902528024 0.7567920203583467 0
3513 0.1172041853709083 0.08425226677735261 0
3514 1.3968672676817 1.259872630504181 0
3515 0.2470391842774777 -1.548196395893209 0
3516 0.2825239354405024 -1.55790873841772 0
3517 0.2729297037915964 -1.51670402952905 0
3518 0.2470391842774761 1.548196395893205 0
3519 0.2788951974203775 1.559254100106161 0
3520 0.2724113126458653 1.516896224055964 0
3521 0.2587742991606226 -0.5869785523372849 0
3522 0.8013223890952514 -1.849930154552587 0
3523 1.366180114852535 1.304525445209475 0
3524 1.613626892837172 -1.632645811744815 0
3525 0.457811228789722 -0.9455420227689295 0
3526 0.4537563444978789 0.9459788001189756 0
3527 0.117652815377729 -0.2777966482835768 0
3528 0.05578806669994207 1.646537577459052 0
3529 1.080265543951223 0.6882690696982517 0
3530 1.614501320038054 1.629344455248183 0
3531 0.1174370985126395 -0.6365191043152035 0
3532 0.6501153347230816 0.16580773078178 0
3533 0.9052955442215204 -2.030569621632472 0
3534 1.021445916350152 -1.538261239139173 0
3535 1.021445275452273 1.538260687176811 0
3536 0.1174207877621818 -0.9927130563988724 0
3537 0.262030670017058 -0.6335242499591407 0
3538 2.657726143529204 -1.287989666031936 0
3539 0.7181586668521874 0.7323167875514932 0
3540 0.3974301453721996 -1.856301077981178 0
3541 2.397608263036358 0.6812658192613151 0
3542 1.771647264937815 -1.240044423330013 0
3543 0.4447981572148483 -1.665343555036842 0
3544 0.9792116356017582 2.287651375189201 0
3545 0.9793933227555477 -2.289413096069048 0
3546 2.883086502619113 1.232742701955759 0
3547 2.773967023025863 1.039245872760667 0
3548 0.06230910262280953 -1.737712309845229 0
3549 3.072220068917825 -0.1344170197224134 0
3550 2.144558401264816 0.2635506750103022 0
3551 0.9231110805848883 2.357716820719988 0
3552 0.9068966244762603 -2.387355286203411 0
3553 1.756397098351078 -0.6305134235418688 0
3554 1.765652342246284 -1.300805607768769 0
3555 1.789362532801356 -0.7859628870065481 0
3556 0.708977821614339 1.767438798405563 0
3557 0.7092946249773271 -1.768706836461298 0
3558 1.6792447575704 1.615054937902896 0
3559 1.744381588755491 1.661937261123789 0
3560 0.9625741840039103 -0.4478700650086333 0
3561 1.826671250435745 1.643931431645015 0
3562 1.302172767874696 1.379574507130232 0
3563 1.538434815815583 1.381582650473097 0
3564 1.687531212546233 -1.956236869983669 0
3565 1.687369316622138 1.956006735043594 0
3566 1.455482992104251 -2.052454423868983 0
3567 1.513426419380712 -2.151046706675054 0
3568 1.455482992104274 2.052454423868977 0
3569 1.513435849569788 2.151018631718757 0
3570 0.4650761389811294 1.742409502564293 0
3571 0.418902824965621 1.72997070915463 0
3572 1.187712176225894 1.457797499599867 0
3573 1.139946989614384 1.420537890708431 0
3574 1.187712176225894 -1.457797499599867 0
3575 1.13995280435966 -1.420513277522341 0
3576 1.518053865491114 -0.4695463726436664 0
3577 1.718869532192808 -1.86483981149083 0
3578 1.71886953219281 1.86483981149083 0
3579 1.418054076512096 -1.467406551163861 0
3580 1.64252461801103 -0.8393604460319594 0
3581 2.315512278207568 2.121095477986007 0
3582 2.428916490141945 2.068435780847964 0
3583 1.426927688061155 -0.003611279590892654 0
3584 0.5983229442768677 0.1190115168442197 0
3585 0.9441548859233827 -1.832660761008496 0
3586 0.6889732352733867 -1.361526336901616 0
3587 1.820928468704353 1.32999539244756 0
3588 0.2567537828220194 -0.1942079350276623 0
3589 0.6889558695986765 1.361527504874596 0
3590 1.377700413825009 -1.637087827114376 0
3591 1.34296214700688 -1.693532052756751 0
3592 1.331167583195991 -1.775649361036069 0
3593 1.379535466020804 1.637613723804862 0
3594 1.343227895471786 1.693617937982719 0
3595 1.331189975295256 1.775688575447337 0
3596 1.564826634437469 1.347664299245067 0
3597 1.75979657464899 0.2822603099940703 0
3598 1.714179905885406 0.4610014370830294 0
3599 1.719850246699516 -0.2471249555490931 0
3600 1.695010950317836 -0.2228451333625208 0
3601 0.9115412151212801 -1.711791394044072 0
3602 0.1975119021890398 1.972061530968416 0
3603 1.473641955156207 0.3761863268872284 0
3604 1.340623813784774 0.7426294436854095 0
3605 1.862691051114163 0.4206740583550859 0
3606 1.637759159316429 -0.4857337150770266 0
3607 1.985372516240337 2.41519008147805 0
3608 1.51575358248161 0.2608929655446038 0
3609 1.660540814626203 2.538986483392393 0
3610 1.518897803929611 2.547141380507739 0
3611 1.659580785520447 -2.539156676999385 0
3612 1.518963777127772 -2.547071358910456 0
3613 0.2652937091865266 -0.6980269810755716 0
3614 2.103750823786916 -1.122498952653449 0
3615 1.324200820970181 -0.6586958360539104 0
3616 1.095005890125981 1.106089410606784 0
3617 1.095005890125975 -1.106089410606775 0
3618 0.790838615938361 2.105786219958618 0
3619 0.8192271194011856 -2.107270479365842 0
3620 0.25704772572438 -0.1407537082755757 0
3621 2.187508219399145 0.446989207039537 0
3622 0.8879754068631408 1.895144078246628 0
3623 1.984960641183912 -2.415969658946927 0
3624 0.0507544917272093 1.591714865385202 0
3625 1.065632186488198 -0.4459364979624237 0
3626 0.9049077092446938 1.326210616481246 0
3627 0.9049074662807651 -1.326210724981941 0
3628 1.261283718755962 0.8146828523086346 0
3629 0.6530454319543691 0.03322478276659396 0
3630 1.539244667728293 0.9683224640953019 0
3631 1.510418461438319 0.9460407574786907 0
3632 1.515216964220921 0.8959183748249617 0
3633 0.5652790843901094 1.816512859902711 0
3634 0.5652397134490158 -1.816535590726147 0
3635 1.521077001394632 1.549677376191618 0
3636 1.521161958149992 -1.549521064171712 0
3637 0.4485196531113844 -0.159444749503234 0
3638 0.3914509884015866 1.668208688375788 0
3639 0.4860045730274033 -1.574728207337785 0
3640 1.331594853091281 -0.8326995135585553 0
3641 1.297418517770438 -0.8212985866692644 0
3642 0.3858815161003666 0.4674997790908071 0
3643 0.1060618522672984 -1.694156634992949 0
3644 0.09886933293959167 -1.628550938410208 0
3645 3.017651250976245 -0.9667365411627972 0
3646 0.3171897459737337 1.609781122082273 0
3647 0.3175890963995556 -1.608930108620024 0
3648 0.3032979225753024 1.533998980227703 0
3649 0.3042180455096087 -1.533474817576626 0
3650 1.505573336769318 -0.9563636226833547 0
3651 1.480871533745431 -0.03092954084737186 0
3652 0.4008680652492927 -0.06573682194288841 0
3653 2.503916934476468 -0.3081700043589756 0
3654 2.588721827938904 -0.5167393391997516 0
3655 2.844160646732048 -0.5458423817887723 0
3656 2.664447145050335 -0.7187662906839143 0
3657 2.459469946713398 -0.7065299324673443 0
3658 0.2266580935267033 0.9749999999999991 0
3659 0.2266580935267021 -0.9750000000000008 0
3660 2.002846947974076 -1.952740629742068 0
3661 1.08880086070585 -1.302315265624788 0
3662 1.088885226422797 1.302264410037439 0
3663 1.285139691913054 1.196321117059879 0
3664 1.823675114920287 0.6343084953025847 0
3665 0.2531903411534009 -1.624015488124574 0
3666 0.3111476570217226 1.406908191621425 0
3667 0.3134627791256718 1.368190676833769 0
3668 0.3531574943825617 1.34982334489987 0
3669 0.3111309024185202 -1.406929294990816 0
3670 0.310396579167278 -1.359443388573906 0
3671 0.181267233303048 -1.975154008084394 0
3672 1.032081161556762 -0.902781548756592 0
3673 1.03206795662138 0.9027754845273251 0
3674 0.2609775138854264 -0.09818309852884174 0
3675 1.615774839683308 -0.1867441100163155 0
3676 1.731947240397628 0.790148876494162 0
3677 1.518479059963157 -0.9866434471137998 0
3678 0.6715217237964853 -1.793926659909599 0
3679 0.6714349727807331 1.793661702565943 0
3680 0.395379936670178 1.854910919143035 0
3681 0.3988087213641142 1.800478582864918 0
3682 0.1619193134856406 1.245106105334851 0
3683 0.1272561265164412 1.257071913266868 0
3684 0.1638484096541274 -1.034490496603603 0
3685 0.125386622941254 -1.054743669030497 0
3686 0.135100681567894 -1.091230691834467 0
3687 0.1620712636168627 -0.914925245838472 0
3688 0.2309815983815245 -0.914462613717747 0
3689 0.1618252166272313 -1.276589411762687 0
3690 0.162769237886467 1.544999999999999 0
3691 0.2267307621135331 -0.4950000000000017 0
3692 0.1616225852388551 -0.4949999999999992 0
3693 0.1289247417155613 -0.5093059617440756 0
3694 0.2274203928893187 0.5549999999999993 0
3695 0.162769237886467 0.7050000000000016 0
3696 0.226730762113534 0.735 0
3697 0.2621776112956561 0.7178666554771044 0
3698 0.2542944646123728 0.6693863094197786 0
3699 0.2267307621135329 0.9149999999999997 0
3700 0.1617157796154655 -0.6751757910999305 0
3701 0.1616910653083921 -1.215124713431318 0
3702 0.2234902258516888 -0.5853604565909432 0
3703 0.2267307621135338 0.4649999999999997 0
3704 0.1627692378864688 1.365 0
3705 0.1593724178318725 -0.2569326816106948 0
3706 0.1369865503713114 -0.3165186584997708 0
3707 0.2264325160259838 0.2249999999999992 0
3708 0.2312187100545749 0.07284729306991856 0
3709 0.2256516764157068 0.04450844523231824 0
3710 0.161577936823031 1.065000000000001 0
3711 0.2224938324092373 -0.4652788029960228 0
3712 0.2267307621135311 0.8550000000000009 0
3713 0.2653248870886373 0.8676015214885705 0
3714 0.2654809866045544 0.8305481956043577 0
3715 0.157113866704157 0.2852418474375175 0
3716 0.1674560875804127 -1.093954441700737 0
3717 0.1303085436280497 -1.132386820580918 0
3718 0.2228965047667202 -0.1950021544994186 0
3719 0.2267868462771996 0.2549999999999992 0
3720 0.1613194056789755 0.4048402122504162 0
3721 0.2271091470735063 -0.8560025766121788 0
3722 0.1605502878063869 -1.153488056208356 0
3723 0.1282651042929044 -1.170557128991309 0
3724 0.2229552933471924 -0.1363113091490012 0
3725 0.2263751690601991 -0.287042117775172 0
3726 0.1623253595944835 -0.194999999999999 0
3727 0.2295354073890377 -0.6473692400431071 0
3728 0.1624426716645642 0.5250000000000014 0
3729 0.1571263973188495 -0.07490151740000842 0
3730 0.2267307621135322 -0.7050000000000021 0
3731 0.2267307621135332 -0.01500000000000108 0
3732 0.2234133589574743 0.4950221521049475 0
3733 0.1615447316748216 0.8249293568367544 0
3734 0.1622591725440992 -0.5549999999999993 0
3735 0.1615739459951254 0.2250000000000012 0
3736 0.1633705419926913 -0.734749507740089 0
3737 0.2269623340233773 0.6151251286903178 0
3738 0.1615779914457351 1.425 0
3739 0.1293483093778933 1.440209074913894 0
3740 0.2299083539480585 0.1633831248460594 0
3741 0.2291196561350121 0.1336480106548497 0
3742 0.2274510838887305 -0.3745165024939756 0
3743 0.2267307621135331 -0.105000000000001 0
3744 0.1613915880755495 0.04481218677783845 0
3745 0.1615915186915569 -0.1349999999999989 0
3746 0.1615754682229061 0.885000000000001 0
3747 0.1252321977337613 0.869099297816637 0
3748 0.1623846746609026 0.1650000000000012 0
3749 0.1598948601418175 -0.3714387052101694 0
3750 0.226730762113533 -0.2250000000000012 0
3751 0.1573446787410067 0.6455957333368295 0
3752 0.1633370016781981 -0.01473305397126706 0
3753 0.1588218834754145 -0.4350637035803182 0
3754 0.2272895383588227 0.3149999999999992 0
3755 0.1633063369083638 0.345262892019409 0
3756 0.2295214589337921 -0.7640825454453246 0
3757 0.2581637134105086 -0.7784752618215264 0
3758 0.2293778254359971 -0.04465021163424424 0
3759 0.162769237886467 0.105000000000001 0
3760 0.2232820521089169 0.7651909241493018 0
3761 0.229892407886119 0.8216575856600933 0
3762 0.1627692378864672 -0.6149999999999989 0
3763 0.1623817066683031 -1.334046218359422 0
3764 0.1616055306831994 -1.395 0
3765 0.1321169297184777 -1.380908598710459 0
3766 0.2275844125169383 -0.4049194170823303 0
3767 0.1625054727202243 1.125 0
3768 0.1617539242121296 1.005 0
3769 0.131725975772934 1.02 0
3770 0.1627692378864668 0.4650000000000014 0
3771 0.2220421834077095 0.6744540951360277 0
3772 0.1616511674531578 -0.8549999999999994 0
3773 0.1289359650144867 -0.8696813984938138 0
3774 0.1615879705318366 0.5850000000000012 0
3775 0.1589039685567832 -0.7951963190450692 0
3776 0.1540622605716812 -0.9803964543482906 0
3777 0.2267307621135327 -0.5550000000000015 0
3778 0.2628865693820955 -0.5380136763445514 0
3779 0.1623095805223717 1.485 0
3780 0.1571976993879542 0.7645281765019377 0
3781 0.1621237608400297 -1.5149647208982 0
3782 0.1317259757729364 -1.500000000000004 0
3783 0.1627692378864674 0.9450000000000007 0
3784 0.2276904293433784 -0.8257538580692514 0
3785 0.1597792763502159 1.305987814977592 0
3786 0.1617613022483646 1.185 0
3787 0.1572432218134974 -1.455104690802536 0
3788 1.514562752571145 -0.2604372745041156 0
3789 1.743402999111193 -1.686958936331523 0
3790 0.5701347067180801 -1.192802670201574 0
3791 0.5701246446856132 1.192864474938487 0
3792 0.600781250346696 -0.004498384014624915 0
3793 1.842796731893308 -1.997697617219721 0
3794 1.839253405447065 1.990740669615871 0
3795 2.390423259269446 1.330891366449426 0
3796 2.557877469469599 1.342014946029642 0
3797 1.211379793850882 1.022223350109639 0
3798 1.429561781287426 -0.8630262013021888 0
3799 1.211379793850877 -1.022223350109636 0
3800 0.1289165512742519 -0.1489308409001741 0
3801 0.6660088235781024 -1.000750030362557 0
3802 0.6656345096626869 -0.9398230387247026 0
3803 0.6660088299025918 1.000750049113971 0
3804 0.665640972691267 0.939839707678791 0
3805 3.023883247751788 0.6681990242246543 0
3806 1.24473066210287 -1.792934843364629 0
3807 1.406270425611165 -1.830443276172844 0
3808 1.245037918087576 1.793563143407943 0
3809 1.406270425611176 1.830443276172818 0
3810 1.601475366863136 1.554555921753375 0
3811 1.309237837506347 1.054550334129262 0
3812 1.343362614982431 1.109058641456464 0
3813 1.309793479978502 -1.055518964276507 0
3814 0.3649454771178483 -1.758520114618549 0
3815 0.3531388891865402 -1.346872938745476 0
3816 3.074955184546092 -0.7067395035352372 0
3817 1.60147536686314 -1.554555921753372 0
3818 1.707787729707622 0.1365788633443616 0
3819 1.68199567969203 -1.003813696739757 0
3820 2.170356333077671 1.068288469861246 0
3821 1.698691267971582 0.9825212658585999 0
3822 0.7659202157799179 1.05066589583855 0
3823 0.7659202151537389 -1.050665894167534 0
3824 0.2577740242270662 -0.4200000000000009 0
3825 1.057713301608444 0.9996432481760416 0
3826 1.05771408289498 -0.999643657638311 0
3827 0.286172792559088 -1.210059132169075 0
3828 0.2837111175179267 1.270927575941298 0
3829 0.2790439298082485 -1.093117282913313 0
3830 0.2791937471380109 -1.152902369572512 0
3831 0.283627072518471 1.206030604973658 0
3832 0.2791937471380112 1.152902369572516 0
3833 0.2799658622530227 -1.265793817483519 0
3834 0.2796388956216956 1.351900345913177 0
3835 0.3090439043459293 1.326779905091826 0
3836 0.2789138434698415 -1.324717160000002 0
3837 0.3145802570525104 -1.31459763281806 0
3838 0.27904392980825 1.093117282913312 0
3839 0.2759286945137968 -1.354826662453594 0
3840 0.5643997817878827 1.784385167060457 0
3841 0.5644719329320245 -1.787270533560966 0
3842 0.5642448932304385 -1.683291782527177 0
3843 0.5658276522264617 1.676524982330948 0
3844 0.80576787790542 -1.925351074631306 0
3845 0.8064688345705199 2.034294442925141 0
3846 0.8067178950486786 1.930306288889201 0
3847 0.8065000799999992 -2.035283828149078 0
3848 1.519976311826376 -1.517146682991359 0
3849 1.519959320475304 1.51717794539534 0
3850 1.52132734030023 1.412914475387424 0
3851 0.9251058140492513 -1.546088121057379 0
3852 0.8924522547604402 -1.598332912791768 0
3853 0.9293538494089076 -1.435313615835261 0
3854 0.9293538494089089 1.435313615835262 0
3855 0.9255077578123855 1.545943075612741 0
3856 1.286083787813284 1.41253837948486 0
3857 1.28515718068716 -1.519853755809226 0
3858 1.285152764531011 1.519851789794185 0
3859 1.626533244530584 -1.257214057020469 0
3860 1.627075581235419 1.258865500294103 0
3861 1.608190614344568 1.31195589240175 0
3862 0.3567020665344161 1.503638310186348 0
3863 0.3567020665344146 -1.503638293498819 0
3864 0.3896481261080615 1.63653038030935 0
3865 0.3901657755456833 -1.641561868909582 0
3866 0.4067735954498523 -1.670566848681291 0
3867 0.4585548557446687 1.573164085801869 0
3868 0.4870119654006541 1.589980829518643 0
3869 0.4536898751388743 -1.572703368477598 0
3870 1.134281139052027 -0.8985053640221832 0
3871 1.13429871777471 0.8985090568956917 0
3872 0.2477159830936352 2.161123582529294 0
3873 2.145894780049667 0.6424832076355382 0
3874 2.016906913644386 0.7750003051073155 0
3875 0.9549460314086706 -2.013444677018641 0
3876 1.407621799559156 1.343482182899942 0
3877 1.865550138040005 1.107848134247702 0
3878 0.1289197508401282 0.2114439603221637 0
3879 1.585456214111728 0.8354618373053559 0
3880 0.6518988333264213 -0.08811456266818971 0
3881 1.352296608554474 1.482995221090538 0
3882 1.215703798065026 -1.446660310090241 0
3883 1.21566840819784 1.44681991562874 0
3884 0.6321953731181131 -1.749200027500005 0
3885 0.6321953731181112 1.749200027499998 0
3886 0.4962156561454506 1.75542752750665 0
3887 1.352957530230728 -1.487910217653964 0
3888 0.8760215090458504 -2.003080958176469 0
3889 0.9943448261097282 -1.513845979585743 0
3890 0.9943447192934149 1.51384588954187 0
3891 1.874731606620414 0.1316009478986394 0
3892 1.946426471256757 -1.831577227386436 0
3893 1.905998468459337 -1.810285649546247 0
3894 0.1291406219251812 1.082036769135978 0
3895 0.7838495214548593 -2.137554375943786 0
3896 0.724099302399311 -2.225153810342161 0
3897 0.7952925452295452 -2.268803932229914 0
3898 0.8272527977510239 -2.343572459886546 0
3899 1.957663762511795 -1.905635320621797 0
3900 1.280515096774375 -0.851089663870458 0
3901 1.5071062164949 0.5326263501128794 0
3902 1.392319275266286 1.129269667341708 0
3903 1.611587997755935 -0.8859908733677426 0
3904 0.2976996983240001 -0.7786361204488257 0
3905 0.2495639136495586 1.666408123623383 0
3906 1.232610492176637 -0.785808502274386 0
3907 1.344689516874138 -1.108377796679891 0
3908 1.814377316335445 -1.332059261205826 0
3909 0.4819297922584882 1.628598310432888 0
3910 2.766630536843494 -1.050985385348183 0
3911 2.03914944293044 0.2984116745904574 0
3912 0.1674630050605316 1.888797696076959 0
3913 1.271528321687421 -0.6274032426525744 0
3914 0.9345733468505718 -1.613717388101663 0
3915 0.887259662146192 -1.644206829336639 0
3916 0.1323689031651936 0.5677343575042085 0
3917 0.9830027536322582 -2.511955390763848 0
3918 1.777691087986175 -2.229313184436348 0
3919 1.777747116954926 2.228004667258869 0
3920 0.3984367008338855 -0.1243421121717241 0
3921 0.3279267537333532 -2.041285300461677 0
3922 0.266260724014757 -2.128840724149134 0
3923 1.334982077576695 0.8322963518959787 0
3924 0.3738229331571411 1.755941335421112 0
3925 0.450348514061833 -0.0393796044029916 0
3926 1.782754913608847 -1.8459675109652 0
3927 1.782754913608831 1.845967510965205 0
3928 0.4105647857314539 2.22218903566607 0
3929 0.4145582562866434 -2.208913381543231 0
3930 1.021857737092809 1.232819574842561 0
3931 1.021853024134188 -1.232822407239375 0
3932 1.82039581237394 -0.6182993833225849 0
3933 1.251289557999729 -0.9166429870000015 0
3934 1.251334869621934 0.9166429869999997 0
3935 1.074333674283772 -0.6334159007817899 0
3936 0.5975836792235646 -0.1305292493873877 0
3937 2.202595933529595 2.032899527052859 0
3938 2.212583831372393 -2.030347408019185 0
3939 0.3822365179081755 0.3549944391291689 0
3940 0.9066141982656025 -1.91310218919384 0
3941 1.482898812530538 -0.1321198196551391 0
3942 0.8983188199696629 1.5931320471902 0
3943 0.9321640431900449 1.613193741838749 0
3944 1.759793150017738 -1.360659046939287 0
3945 1.514230102627462 1.259993230133367 0
3946 1.395784571478442 -1.3986782793037 0
3947 1.478643847195156 -0.4980057227341816 0
3948 1.132284899648626 -1.665635398453244 0
3949 1.128183193997466 1.662215458748807 0
3950 1.761373750491808 1.360383377884657 0
3951 1.391815220378066 0.943414985 0
3952 1.251334869621938 -0.9434149849999997 0
3953 1.251334869621935 0.943414985 0
3954 1.391815220378062 -0.9434149850000018 0
3955 0.3869933819974208 0.2500427744187756 0
3956 1.230940639254285 0.7398907842059865 0
3957 0.3365884410009803 2.031020923060426 0
3958 0.2501200252402884 2.05545574003011 0
3959 2.598887419158817 -1.821232806599042 0
3960 1.063115199851444 2.491101349508185 0
3961 1.416610354557185 1.521758590912293 0
3962 2.403041918345154 -0.5210163226079969 0
3963 2.242055797559708 -0.4906587182696477 0
3964 0.8601646325151205 1.5822099135779 0
3965 0.07780424701063111 0.7447423762479358 0
3966 2.03178974810567 1.407909273553467 0
3967 2.088227745097381 1.493089272392313 0
3968 1.400887508285862 -1.739975491996728 0
3969 1.400920298541517 1.739995978795916 0
3970 0.8180647742433601 2.339243309924743 0
3971 0.2557222284196253 -0.06105473821257264 0
3972 0.9970589548072378 -2.820415943481099 0
3973 0.9970589548072596 2.820415943481112 0
3974 2.871710526362583 0.4051784754467039 0
3975 1.421994347397338 -0.3076039903554136 0
3976 1.07589231332982 0.5891366575791243 0
3977 1.703052138641005 0.8375772695713247 0
3978 1.186363096166289 -0.6435849472666867 0
3979 2.115204768377073 1.817150869099843 0
3980 1.559273682374321 0.08295371629103446 0
3981 2.118563114320984 -1.81699025135754 0
3982 0.8568408195514503 -1.58109701699678 0
3983 1.015215557383816 0.3652628889744479 0
3984 1.803165155573042 0.9699983818999613 0
3985 0.5991105077406936 -0.1896954457927038 0
3986 0.8214493666381152 0.4781690863654589 0
3987 1.461500089999995 1.194877892684309 0
3988 1.538500150000002 0.9964219073156997 0
3989 1.46231653787304 0.9935837966057639 0
3990 1.447905392049373 0.9657011874407901 0
3991 1.461500089999995 -0.9964219073156989 0
3992 1.541510021298287 1.199241592898152 0
3993 1.54021713771492 -1.199633695810027 0
3994 1.485178556918936 1.197365633342182 0
3995 1.497157530172707 1.225191784771188 0
3996 1.511697590198362 0.9871814316157672 0
3997 1.552779226354273 -0.3910174117461917 0
3998 1.746291911351998 -0.3887188151191731 0
3999 1.544989430557564 0.391494438225414 0
4000 1.749228016807172 -0.3649833691666664 0
4001 1.545934090426814 -0.3359032716040198 0
4002 1.753590518869346 0.3360390279359188 0
4003 1.746296324121815 0.3912359243918638 0
4004 1.553806505249567 0.3388529239738646 0
4005 1.747778096889796 -0.3139111979934511 0
4006 1.611515719637748 -0.2557818167728189 0
4007 1.611192016915621 0.4485588511806579 0
4008 1.668118004439207 -0.4617511598929706 0
4009 1.663990629192572 0.249296670655842 0
4010 1.613386972437212 -0.4558167315566943 0
4011 1.611515719637748 0.2557818167728195 0
4012 1.665995976157419 -0.2489138270178692 0
4013 1.6628333675 0.4513780239204164 0
4014 1.688352265016595 0.2547327645879994 0
4015 1.597220991563711 -1.05678253245307 0
4016 1.398551939704499 -1.110454915640516 0
4017 1.33314019409538 -1.145875423586153 0
4018 1.276836094099027 -1.196055544274214 0
4019 1.400772077522951 -1.134149895000002 0
4020 1.399184319772497 1.056957950541874 0
4021 1.599228162477046 -1.134149895000002 0
4022 1.668535894666545 -1.120375157547582 0
4023 1.599228162477049 1.057149905 0
4024 1.596620797004376 1.133707170035371 0
4025 1.398639568290639 -1.056396063165445 0
4026 1.60189721202881 1.110661810630501 0
4027 1.635912886757199 1.097606904204858 0
4028 1.665639960282598 1.129581165861412 0
4029 1.602634083559763 -1.110518624568324 0
4030 1.809952867219527 -0.2996697077633571 0
4031 1.419007774700338 1.420104176551449 0
4032 0.6374772074000556 -1.397960658943483 0
4033 1.709656364613236 -1.389375912212973 0
4034 0.6373806018745686 1.398000757089333 0
4035 2.628053053170363 -1.488701839044424 0
4036 1.992916306589347 1.784860276393884 0
4037 1.943711256255041 1.818453197832438 0
4038 1.061500181326262 1.521203385446467 0
4039 1.061500181326262 -1.521203385446474 0
4040 1.911723772268189 -0.4531977528301032 0
4041 1.032143552943227 1.113663335402839 0
4042 1.032143552895365 -1.113663335430803 0
4043 1.431353257431451 -0.5317085228876897 0
4044 0.2096034460512585 -1.631515828193531 0
4045 1.897534133168077 1.809952564895568 0
4046 1.657430844657493 0.9632004006196507 0
4047 1.807711541785253 0.2198142587519232 0
4048 1.643403746510359 0.8341984645430778 0
4049 1.822655292762752 -0.1590381804828902 0
4050 3.179267872929266 0.1403864950922764 0
4051 0.2547856160160367 -0.5046301167940155 0
4052 0.7319148754440015 -1.321871981877315 0
4053 0.7319121208766853 1.321871754239674 0
4054 1.949448906412889 1.962969312465221 0
4055 1.949942501918152 -1.963359296944631 0
4056 1.95238122359667 1.913795453704505 0
4057 1.940360272839928 1.862964429959101 0
4058 1.846408150748476 -1.936187616455639 0
4059 1.845364079233237 1.934935860931396 0
4060 1.743006712571176 1.53675206279764 0
4061 1.938233794650162 -1.424860608233645 0
4062 0.2568303976059197 -0.3589887244712261 0
4063 1.415324002177109 1.454815612944657 0
4064 1.16047825621583 -1.381238926174024 0
4065 1.126978436198274 -1.34471637937227 0
4066 1.160478256215835 1.38123892617402 0
4067 1.127068557919977 1.344727827616813 0
4068 0.2580635109422754 -0.7405135308961078 0
4069 0.8258883967598837 1.86248793938015 0
4070 0.1951174072250764 -2.890631329336423 0
4071 1.732114480762063 0.5845455530721646 0
4072 1.935737339773782 -1.869668098705284 0
4073 1.995365078598471 -1.004912273996339 0
4074 2.066097305526426 -0.9532692777412489 0
4075 1.443345600536213 -2.395421245363917 0
4076 1.4344122517814 2.391887552615533 0
4077 0.1336702623119575 1.171672946500137 0
4078 0.921304307344804 1.800700056789331 0
4079 2.073395590215507 -2.364320720777251 0
4080 0.7464426749353371 2.268843264224779 0
4081 1.672716121420085 -0.1819404679245477 0
4082 2.742659387827572 0.2446887834278805 0
4083 0.1971478600866708 1.669459053554505 0
4084 2.799772556064237 0.8192134911399885 0
4085 1.516520072641012 0.3721198241916633 0
4086 1.582488764722192 -0.8320138760333966 0
4087 1.084444006383359 1.618436347612831 0
4088 1.084444006383356 -1.618436347612836 0
4089 0.6622620905565031 -0.2602872136887089 0
4090 0.8640369295506912 1.742421648852046 0
4091 1.563760558257006 0.8839768283052745 0
4092 1.736783495094458 -0.4942451735556557 0
4093 0.7408335616433946 0.5090367342964282 0
4094 1.022798408778505 -2.004287886869772 0
4095 1.090543776616826 -1.980529808668605 0
4096 1.2699755866449 -1.6227362448734 0
4097 1.269975586644902 1.622736244873387 0
4098 0.1733582041409785 1.702042729315007 0
4099 1.918418439713296 2.023523495172963 0
4100 1.918486377595265 -2.023457704991603 0
4101 0.134250828511933 1.378795243882418 0
4102 0.1362696148562204 -0.6919942555902776 0
4103 0.5898284770936612 -1.629009201541731 0
4104 0.5820338234188894 -1.583134086370451 0
4105 1.258852815145497 -1.573799558485607 0
4106 1.25731393374768 1.573379429567305 0
4107 0.7826399323420433 1.875461946722018 0
4108 2.587612843859909 0.964062677931026 0
4109 0.2577740242270662 -0.240000000000001 0
4110 0.4688672887021067 1.668090381287729 0
4111 2.308748716528215 -0.7705076686859991 0
4112 0.4840951924034827 -1.653088161172385 0
4113 2.023011439179515 1.960597136559751 0
4114 0.4399449232810191 1.816317943787559 0
4115 1.728427609142495 -1.918782306229897 0
4116 1.725082487480656 1.917093874873595 0
4117 0.2121427865688339 -1.822295235709001 0
4118 0.1281959604114556 0.7469749722559522 0
4119 1.91300271890849 1.876746214989491 0
4120 0.9540681291564118 1.321178400228578 0
4121 0.9540681291564124 -1.321178400228575 0
4122 2.226808461173005 -0.04729586005120281 0
4123 0.1360647876115381 0.9307875508729166 0
4124 1.424270913038099 0.8604775057971907 0
4125 1.982391249644075 2.034813940387652 0
4126 0.06415954690875772 1.811776757213314 0
4127 0.09181781247936883 -1.098494600798604 0
4128 0.451766513508955 1.47095719165243 0
4129 0.4518630821721152 -1.470923853228789 0
4130 0.6632727087343954 -1.890184099667184 0
4131 0.6632689825695286 1.890175437020356 0
4132 1.364630408407776 -1.959870037676334 0
4133 1.364630408407781 1.959870037676296 0
4134 0.7098397286439107 2.030804187900208 0
4135 0.709821391652496 -2.030891443093724 0
4136 2.633719907367845 1.492756309101024 0
4137 0.9699559364107567 -1.724568468963314 0
4138 0.1347551684604646 0.02865481892584109 0
4139 0.6979962123212071 1.729174298734788 0
4140 0.698622484130737 -1.728243207964021 0
4141 1.076575654960192 0.4895339901903612 0
4142 2.593532425979047 -0.9003764200921134 0
4143 0.451448110259067 0.01870846994326596 0
4144 1.606949184188661 -1.309071506656648 0
4145 0.1349212087952146 -0.09482941975256426 0
4146 1.526181461692246 -1.262950845450522 0
4147 0.08908057641282949 1.263549848605044 0
4148 1.332747154898849 -0.8579480801119674 0
4149 1.333443383842249 0.857075703897666 0
4150 1.310324036614765 -1.029794346856265 0
4151 1.30950832961202 1.028514932226249 0
4152 0.1283865306629831 0.3904096658360938 0
4153 0.7725190100521434 2.143948639943204 0
4154 0.5911327972695988 -0.3139257214520238 0
4155 1.681614864766724 -1.62277982324095 0
4156 1.532194143729204 -1.977415680948578 0
4157 1.532193591568001 1.977408819990245 0
4158 1.81951698608683 -1.949999984999978 0
4159 0.7191207448094006 0.4191228829667322 0
4160 2.214455155063806 1.185818058079412 0
4161 0.5317271434120973 -1.90057027447879 0
4162 0.5217453403630771 -1.956497107384958 0
4163 0.5317012329122767 1.900577491805215 0
4164 0.5216295582028078 1.956434160540249 0
4165 1.895483844278559 -2.088206964177958 0
4166 2.007515132756682 1.146443590678463 0
4167 0.7475618134336131 -1.667582433339794 0
4168 0.5739066396552712 -1.991623295607696 0
4169 0.5739266535071119 1.991573792925674 0
4170 1.342368351833747 2.272692279430145 0
4171 1.344371300677393 -2.273930282849495 0
4172 1.588866229345799 -1.387135947264596 0
4173 0.9596821379212377 2.460669199093663 0
4174 1.949032231656523 1.349245013281686 0
4175 2.050100206542574 0.6010968221677404 0
4176 1.184338424986366 0.9603710753366373 0
4177 1.18433285448644 -0.9603754506700833 0
4178 1.814424739824003 2.102453458364255 0
4179 1.814427049627892 -2.102356679697694 0
4180 0.4073916182804154 -0.4388539819816812 0
4181 0.1325635856553985 0.268833968071411 0
4182 1.895459513627553 2.087964321188452 0
4183 1.327877020183759 -1.232082718674398 0
4184 1.819292766913039 0.4890738370756523 0
4185 1.088998655119376 -2.483085620302905 0
4186 0.3387994683230993 -0.8028471533051835 0
4187 0.3451065725878568 2.665195902715181 0
4188 0.2011436929062983 2.865105224874668 0
4189 0.7839387350612943 -2.097981162359792 0
4190 0.8283884712074489 2.098672109697759 0
4191 0.9453255665678362 -1.88397029329691 0
4192 1.046628349595837 1.995481538944545 0
4193 0.9742158029235358 2.012136533970144 0
4194 1.067211690842898 -1.408692139855989 0
4195 1.067211690842899 1.408692139855994 0
4196 0.7037389909937946 -1.652758114483095 0
4197 0.7035864701372142 1.650712211776393 0
4198 1.148589774358094 1.556271056351177 0
4199 1.148589555686022 -1.556270228833893 0
4200 0.2856015476339793 -1.59547473016605 0
4201 1.525666806666682 -1.224710928131162 0
4202 0.135331722404037 -0.4552228120370436 0
4203 0.9340528109937442 2.678453646608631 0
4204 0.9340528109937191 -2.678453646608646 0
4205 0.1656214769532068 -0.3154138905540037 0
4206 0.1336405868028613 -1.437242296841791 0
4207 0.941346384269573 2.153166973001158 0
4208 0.9413463842695682 -2.153166973001158 0
4209 0.6752674726197553 -2.172841757912113 0
4210 0.6759728985530273 2.154314076508545 0
4211 0.132017251140143 0.6300000000000023 0
4212 1.795161298311626 -1.571839735631698 0
4213 1.066188732770537 2.1773512224579 0
4214 1.066206300276817 -2.177549589662867 0
4215 0.8655397766520904 1.864685439725288 0
4216 1.332642312872749 0.2295378871042615 0
4217 1.070264786985501 -0.5061300427896058 0
4218 0.5998958913884014 -0.3651769015953563 0
4219 0.2247564882994954 1.479380441726367 0
4220 0.2247564882994959 -1.479380441726368 0
4221 1.445683006632741 1.260084417552194 0
4222 0.6375578454075753 0.4499552268047646 0
4223 1.150956166060686 1.299375512524973 0
4224 0.4000761710024681 0.9773812696743056 0
4225 0.3995760898391358 -0.9801068919731677 0
4226 1.150826803061312 -1.299291013685602 0
4227 0.0461950224248607 0.3773744237857635 0
4228 2.05400426788158 -0.3083499687910502 0
4229 2.014421149634964 -0.2264667923833497 0
4230 0.2542892935713398 0.6011953319208051 0
4231 0.750710080199204 1.678004661242137 0
4232 0.5817840619696359 1.485150874829655 0
4233 0.5832844399677477 -1.484948127106952 0
4234 0.2739481156423517 -1.066853092185171 0
4235 0.2739481156423522 1.066853092185171 0
4236 0.04674498708920893 0.01440220251854293 0
4237 2.451351279390992 -0.996782028185055 0
4238 0.2626516522433804 -0.8147286889338234 0
4239 0.4644111790094778 -2.292709031001646 0
4240 0.3135981622269086 -2.218370204299215 0
4241 0.4862367038484227 2.276227261769163 0
4242 0.7481042514469718 -1.560224382649803 0
4243 0.04661635747999742 -0.3469830725386572 0
4244 1.701664703002419 -0.6433306960863995 0
4245 1.23784568400639 -1.147911078065354 0
4246 1.238773802729806 1.149386722201473 0
4247 1.807474048724319 -1.707437612517972 0
4248 1.809389838971899 1.704662984437027 0
4249 1.47441766325565 1.758612149733258 0
4250 1.474420637279256 -1.75865154101561 0
4251 1.861585394909723 -0.4678164841032963 0
4252 0.04661940842959128 -0.70761314119695 0
4253 0.5800264801272134 -2.044397069242089 0
4254 0.5800858216654973 2.04432309187004 0
4255 2.389600903316875 1.709342807914658 0
4256 2.389104396286036 -1.709814764747173 0
4257 0.8117628639787824 -0.9107808426378972 0
4258 0.8117986420139751 0.9108511561510572 0
4259 0.4196189096836319 -1.166881562211996 0
4260 0.4186790734693032 1.168329719549965 0
4261 0.747668202224964 1.55998374397551 0
4262 1.429388740381005 -1.638306792254581 0
4263 1.430472918794726 1.640037127842588 0
4264 2.210804553064407 0.5550296866725293 0
4265 1.297047238047071 0.7792640338429141 0
4266 2.156474845271068 -2.180475101345946 0
4267 0.2538982897767732 0.3303303096506484 0
4268 1.92924774589357 -0.2294800640987283 0
4269 0.5147026088220255 -3.024950173737125 0
4270 0.5147026088220767 3.02495017373706 0
4271 0.1354199013886634 -0.815609044528407 0
4272 0.8192961182500678 2.260602819506664 0
4273 1.012584842618489 -1.860839075528123 0
4274 1.921200506284649 0.09499861698824597 0
4275 1.203371749382515 -1.296899346181773 0
4276 0.3580697996613982 0.658983632724752 0
4277 2.057446730919034 0.2154757474868262 0
4278 0.6227883499459298 -1.860268950361331 0
4279 0.622781557679682 1.860253159593686 0
4280 0.2871787808337752 -1.478224056093246 0
4281 0.3023684578660057 -1.445159952414465 0
4282 0.2871787808337731 1.478224056093241 0
4283 0.3023712502998729 1.445156436905156 0
4284 1.778576920662767 -0.1955841057251473 0
4285 0.2821960988232736 1.599641580869579 0
4286 1.024735597633735 1.866336245291342 0
4287 0.9289548500446282 -1.773811493995592 0
4288 1.690772701654088 2.055215357793529 0
4289 1.690768526304326 -2.055068155756878 0
4290 1.523462747520434 0.02746952831676673 0
4291 0.4128618401248891 0.1100106011095977 0
4292 1.428301725817697 0.1275972556320805 0
4293 2.153029470161258 2.209974406171661 0
4294 0.768466293032257 -1.173286384955264 0
4295 0.7684662596998285 1.17328664288122 0
4296 1.110077712050491 2.105299614339712 0
4297 1.109547285049696 -2.104111659733306 0
4298 1.069180168666614 -0.5696365523148306 0
4299 0.225151103960223 0.4046433272417529 0
4300 1.471842217081195 -2.253300920008893 0
4301 1.471842217081252 2.253300920008853 0
4302 0.08484530477500135 -1.191306737104751 0
4303 2.105509568833515 -2.126941087750992 0
4304 2.106336176168147 2.126307774479536 0
4305 1.203655376094217 1.297261712057283 0
4306 1.819792024168118 1.95056266934001 0
4307 2.159352044179925 -0.5682069048073505 0
4308 0.2574242476401907 0.4492557992581782 0
4309 1.425669582899399 -1.419031585276486 0
4310 2.085272604716178 -2.254953198360798 0
4311 0.803915385400558 1.71178472270048 0
4312 0.1347081884840737 -0.9252802961881151 0
4313 2.371644120585026 -0.2364151801153483 0
4314 0.9167846768424333 1.407505391836157 0
4315 0.9167846768424307 -1.407505391836153 0
4316 1.933357902067566 -1.196976253662427 0
4317 0.4071752763208025 0.0513103456778903 0
4318 1.663840832492246 0.5184243568222757 0
4319 1.876471440660517 -1.370763523426238 0
4320 0.696769263190657 2.209020483937174 0
4321 1.581580129988461 1.589021845032688 0
4322 1.582306376318799 -1.588845203935759 0
4323 0.6708708002778451 0.2225708186111677 0
4324 0.2491569055682042 0.4181241353885501 0
4325 0.3135434443318298 2.46239946887848 0
4326 1.666167418923419 1.069543402992873 0
4327 1.81371142879991 -0.8353843887561981 0
4328 1.610667161771965 -1.516720345616732 0
4329 0.8299295970999992 -1.439033980669598 0
4330 1.126708041105995 -2.034967937290638 0
4331 0.8299371936714538 1.43903184061006 0
4332 1.610618310859104 1.516741088393761 0
4333 0.2586601030401582 0.006641078151127822 0
4334 1.438971809653982 0.2287376837727445 0
4335 0.6172505696701284 -1.559350006786022 0
4336 1.325700216520857 1.150368187281826 0
4337 1.670861347219807 0.5938791413755434 0
4338 0.221324323315635 -0.3142787678780095 0
4339 2.598340302459188 0.7288943970665924 0
4340 0.1339993486028059 -0.5699999999999991 0
4341 1.849128280920387 -1.483578651329205 0
4342 0.2577812319483194 0.5404671724874587 0
4343 1.370282154509458 -0.2226707496815817 0
4344 1.371790968340414 -0.1385974659062018 0
4345 2.905144012513402 -0.3128593928325362 0
4346 0.5524564762285299 -2.440924322389723 0
4347 0.576482552734876 2.440859602349207 0
4348 1.498171442272239 -0.5937051329571379 0
4349 0.1338914078231731 -1.262216327403651 0
4350 1.323641721051769 1.341613258620034 0
4351 2.847172909941505 -0.8129815880841316 0
4352 1.659818059817358 0.1789746077088874 0
4353 0.4645589648031644 0.6556029178255613 0
4354 1.724863532407895 -0.1878502461798443 0
4355 2.072559288617884 2.370482721409057 0
4356 2.082620185959168 2.261264220530172 0
4357 0.9736371617592289 0.8658923401688077 0
4358 0.9736566873151743 -0.865891942989975 0
4359 1.3624228734184 -1.552290217558822 0
4360 1.377024898236449 -1.514420503047567 0
4361 0.445200556592993 0.208151404057114 0
4362 1.538465688877168 0.5848641060530715 0
4363 1.62518304528836 -0.9328036342784668 0
4364 0.3079571999557678 -1.140210647277881 0
4365 0.3079571999557682 1.140210647277881 0
4366 0.2459362898312652 -2.038416687776663 0
4367 1.244763042894342 0.2876053596177154 0
4368 0.136558828820552 0.8145173906507932 0
4369 2.040130314811308 -0.478563674241249 0
4370 0.3943130416725333 1.387542379200843 0
4371 0.3925293495248591 -1.38377567903727 0
4372 1.847797853380617 1.485198039242502 0
4373 1.968573699994912 -0.09820654174193449 0
4374 1.379407357539089 1.512964132507029 0
4375 0.133354336187221 1.501069474356659 0
4376 0.09721621527458749 1.521340769644944 0
4377 0.09477084091161726 -1.022783425051804 0
4378 0.1344657547760731 -0.2099999999999993 0
4379 1.85210926230417 1.05582957667274 0
4380 1.543056208083817 -1.582187717760648 0
4381 1.542857590061208 1.582352174667782 0
4382 1.781135564020557 -1.940031976374063 0
4383 0.1131364566924697 1.766906775187718 0
4384 0.4118191301307091 2.349525188301453 0
4385 2.182569214073187 1.504038365035406 0
4386 1.669136406789706 1.0136888195921 0
4387 1.62871152464494 1.492173193384141 0
4388 0.8151041049566435 1.469862017253128 0
4389 0.8151040461402383 -1.469861879696497 0
4390 1.628727097450208 -1.492167344408583 0
4391 1.480635706892013 0.9678561067468483 0
4392 0.04267486713348938 0.7078263203505771 0
4393 1.911252325332687 -0.7939450798755436 0
4394 2.663310252106213 1.177902414658328 0
4395 0.8031834988848124 -1.688915106397564 0
4396 1.129192353515584 2.035287235135921 0
4397 1.485837947200018 -1.192859711447346 0
4398 0.3294744875003819 -0.4110834450324153 0
4399 0.6268010422487565 2.062548250134179 0
4400 0.6265944780255075 -2.062509481968025 0
4401 0.318099502629593 -2.50685057134636 0
4402 2.222697806603679 -2.118223144466136 0
4403 0.2576803479054049 0.1809641974723034 0
4404 0.4808658532238986 0.5723568511146336 0
4405 1.69992951396659 -0.4757915589644857 0
4406 1.402413934487092 1.105589090490525 0
4407 0.3098122612953326 1.29267770065694 0
4408 0.8076631709689993 2.652414911321425 0
4409 0.8078844299721794 -2.64864765697889 0
4410 1.374838716879264 1.099686154845756 0
4411 0.2264646832973652 0.3745134235269815 0
4412 0.1349059599110892 0.1500000000000013 0
4413 1.372182354630432 -1.095649900000005 0
4414 1.542003631805031 -0.9967136971669204 0
4415 0.61221813561482 1.566673515811505 0
4416 0.1339194489759543 1.139267902057721 0
4417 0.1363756823919372 1.230000000000002 0
4418 0.2512432658090287 -0.2732325769991449 0
4419 0.1379293263544672 0.2417411251318153 0
4420 0.1319927592819487 0.4201048791367824 0
4421 0.1349532870834073 0.9873259379913952 0
4422 0.09924332313900204 0.9987731533608812 0
4423 0.1363756823919396 0.9000000000000006 0
4424 0.1363756823919404 -1.199999999999998 0
4425 0.1383841033075193 1.408527797677428 0
4426 0.1327121454027557 -1.531846643857987 0
4427 0.1065930099469889 -1.515756722155041 0
4428 0.1371110738466957 1.050154943847883 0
4429 0.2539444011007893 0.4950770347168541 0
4430 0.704018110987528 -1.993593728935682 0
4431 0.704015238638791 1.993568382045636 0
4432 0.1364162293694241 -0.119999999999999 0
4433 0.1305554991303411 0.5979533747235046 0
4434 1.975417995301978 -1.975729495953156 0
4435 1.985274903213811 -2.034498180472846 0
4436 0.1364732149689292 -1.41 0
4437 0.1364903127286356 -0.4799999999999991 0
4438 0.5810335430309632 -1.886125060040183 0
4439 0.5810296498445271 1.886124039392419 0
4440 0.311422239949427 0.8427792620146153 0
4441 1.126807595428555 0.2915004916894892 0
4442 0.1365555544423597 -0.8400000000000023 0
4443 0.1338036315158012 -1.566999518757864 0
4444 0.1401732782447803 1.199464842457712 0
4445 0.7604406338870443 -1.421705287447101 0
4446 0.2504615877545865 0.5715656989080303 0
4447 0.3590140167323038 -2.674605105928877 0
4448 1.378877954500872 1.070084612559686 0
4449 0.2589119364850959 0.7993973183562039 0
4450 0.7604144280540658 1.421682463729975 0
4451 1.132311488283906 0.6764191018071558 0
4452 1.778464037398984 0.3127416948796515 0
4453 1.234075594884568 -1.249906085418623 0
4454 1.954704398290007 -0.6149923443891105 0
4455 1.572581763995445 -2.050465359820351 0
4456 1.572582107860228 2.050461155712842 0
4457 0.4431463985254298 -2.409311217458936 0
4458 1.913263281064929 -1.879690230435325 0
4459 1.472991046806347 0.2772348711305855 0
4460 0.04440063598151817 -1.102086775485447 0
4461 1.219887632824677 0.9113742208571742 0
4462 0.8826454888140023 -0.8642153039240239 0
4463 0.8826308091216963 0.864213267589082 0
4464 1.909716745257578 1.064974800303636 0
4465 1.219845272544601 -0.9114139455737442 0
4466 1.419274239831983 -0.9695094342841963 0
4467 0.3976127562645076 1.328704098243894 0
4468 0.1605677741453313 -1.880692487779135 0
4469 0.1353213014147485 0.5100000000000011 0
4470 1.238406682397009 1.24928621836029 0
4471 2.255000778805151 -1.37432148084126 0
4472 1.966747136740641 -0.4948441715091557 0
4473 2.564215274843736 2.051911324720424 0
4474 1.780751168751893 -0.07065860243052098 0
4475 1.905286630804685 -0.2779884617308912 0
4476 1.957626759446607 0.7387252732614035 0
4477 1.054184596338517 -1.486069576757111 0
4478 1.054184558497862 1.486069736932467 0
4479 1.751591635260527 -1.075652843416675 0
4480 2.382903408985779 -1.372115544108028 0
4481 1.45004665921433 1.467699945000001 0
4482 1.879897382103621 -0.8436048248222359 0
4483 0.2751265128011388 1.325456543575268 0
4484 0.6629554430907219 -1.578545949889751 0
4485 2.636920422582959 -1.959481419758714 0
4486 0.3898847200770307 -1.332415894067086 0
4487 0.4279519995812461 1.771119579680227 0
4488 0.2203805609415631 1.001758423866458 0
4489 0.2203805609415628 -1.001758423866459 0
4490 1.680083581198307 0.4784668559569158 0
4491 1.628358103545758 1.06936730662296 0
4492 0.07443014725564802 1.692867351223586 0
4493 1.524034904406717 -0.826463496340588 0
4494 0.1367337153616014 1.324897577296144 0
4495 1.767384698949902 0.8482710670013367 0
4496 1.290119234918043 1.667472203559002 0
4497 1.290074158227125 -1.667438670152092 0
4498 2.067225039294333 -1.03212238618448 0
4499 0.4560007139107044 0.127792227915056 0
4500 0.4030835858263138 -0.3004521087600041 0
4501 0.0998110525735683 1.08462754602176 0
4502 0.2529495981497306 -0.9432041006511751 0
4503 0.2513666636261719 0.9423143979856821 0
4504 1.875595964928257 1.372456476176516 0
4505 2.042414970027945 -1.966243955652192 0
4506 1.826477215894781 0.5852808475051278 0
4507 2.233655596103918 2.104044739956388 0
4508 1.414835221195313 -1.266800676208474 0
4509 0.2535249211496944 0.2699999999999991 0
4510 1.784512831890289 -2.537433332034361 0
4511 1.760924174817178 -0.8247205397291343 0
4512 1.784363389847413 2.53736104233968 0
4513 0.376156707820573 -1.66646045887108 0
4514 0.4829949798978367 1.559210391423238 0
4515 1.480231856476049 1.252355481689005 0
4516 0.4153604986752102 -0.3791828140542501 0
4517 1.418310641850892 0.9709558789193122 0
4518 0.6628593346684216 1.579388841383677 0
4519 0.1334284531633357 -1.306850939566365 0
4520 0.09948905686064592 -0.869711808470395 0
4521 0.3631126753612681 -1.913067659056185 0
4522 0.4460399432967945 -1.818276971396281 0
4523 1.728299771171284 1.590775777887743 0
4524 1.097023041817648 1.952853034926374 0
4525 0.3016857395533249 1.107466997835825 0
4526 0.3016857395533246 -1.107466997835825 0
4527 0.09947649351933519 -0.5089659425619386 0
4528 0.1351961351102461 0.05438962384858252 0
4529 0.7771863677168313 0.7140760062270343 0
4530 1.271980654160464 1.387178213420249 0
4531 1.507378310830119 1.387712590998263 0
4532 0.09946817817333263 -0.1482208624608867 0
4533 0.3267862412728444 -1.513841558628972 0
4534 0.3266767028282885 1.513903961934706 0
4535 1.424071718969758 0.04386953579696613 0
4536 0.09946623109778531 0.2125234513606266 0
4537 1.49540698378744 -1.214341022291941 0
4538 0.04172178404131029 -1.025287402355994 0
4539 0.1317121223287506 -0.3459120397905849 0
4540 2.322042632911131 1.216956928998008 0
4541 1.803129834967163 -1.100746381911657 0
4542 2.645880333777069 1.954906811976703 0
4543 1.66872744472835 -1.078604029200893 0
4544 1.702218353765527 -1.053962288211851 0
4545 0.1048499063195778 -1.590335259886756 0
4546 0.1009447251171522 0.5767731324504972 0
4547 0.3312582635020109 2.205483313863653 0
4548 2.071077379186958 -1.505553995033338 0
4549 0.1711186262999189 -1.630375160768716 0
4550 1.257528727299804 0.7722235792755425 0
4551 1.980691814916094 -1.725757083635908 0
4552 2.003010808797161 -1.773686352664286 0
4553 1.490512731634971 0.3272881893423635 0
4554 1.977613101530231 1.731917503234363 0
4555 0.7530904360797496 -0.9970950407097356 0
4556 0.7530904362334859 0.9970950410436247 0
4557 1.155825781447107 -0.6118234010750727 0
4558 2.381958111984467 -1.998934236841425 0
4559 0.5846491551698343 1.848311661313241 0
4560 0.5846434180721525 -1.84831956976101 0
4561 0.6672280193703478 2.022835512355957 0
4562 0.6672110269469861 -2.022840728991746 0
4563 1.483572928523098 -0.4178684076282624 0
4564 0.9473300229638428 1.360850402370426 0
4565 0.9473300229638405 -1.360850402370432 0
4566 1.357796447173284 -0.6256545422497264 0
4567 0.4201433547651063 -1.119368375950405 0
4568 0.4199553879860907 1.119658008780333 0
4569 1.941645061928099 2.039853582513979 0
4570 1.940624852403487 -2.040123774594155 0
4571 1.778472305414431 1.936662201612967 0
4572 0.8405087391054172 -1.650974741682349 0
4573 0.1311078656314838 -1.347809678976248 0
4574 0.7855736206022997 0.636490431818759 0
4575 0.2194267997520336 -1.453588716109244 0
4576 0.2194267997520334 1.453588716109244 0
4577 1.841691424089356 2.135913929410254 0
4578 0.2525328783739865 0.2399999999999992 0
4579 2.036813227987646 -0.8716513940339998 0
4580 1.051708940489415 0.3386361779123905 0
4581 1.52787681256454 -1.374359362860989 0
4582 0.6390667350395216 1.816317671273695 0
4583 0.6393521145421145 -1.816974543776505 0
4584 0.4146539972435965 1.697261071071299 0
4585 1.614356883787468 0.5983713900584767 0
4586 0.8978973441653154 2.035790683069101 0
4587 1.842492140622316 -2.136893938459183 0
4588 1.012365348972036 2.222595175627339 0
4589 1.015790163838708 -2.226600320249337 0
4590 2.029744180200237 -2.222403151874267 0
4591 0.1359223418732442 -0.6659618867284254 0
4592 0.138200410596528 0.5396171934640295 0
4593 0.137572535771276 0.8395927741259097 0
4594 1.702786874298391 0.04669487300168912 0
4595 0.2514591555158653 0.3591982719651975 0
4596 0.3867137771030958 0.6276350684198222 0
4597 0.1371475213516128 0.1800000000000013 0
4598 0.1390004461884816 1.472125600527912 0
4599 0.1393768973741959 1.112170544765494 0
4600 1.438195228268573 0.4153163314188362 0
4601 0.5156739448315888 -1.597118406036792 0
4602 0.1372197911257569 -0.1799999999999989 0
4603 0.2501000691682708 0.1191957969316215 0
4604 1.903380794469045 0.4388343168551531 0
4605 1.550360072541168 -0.6007952502612477 0
4606 0.09997779901984764 1.230390198226408 0
4607 0.1372791773008662 -0.5399999999999994 0
4608 1.465476825727108 -0.8766124899150742 0
4609 0.7140771692979238 1.274438197478253 0
4610 0.7140767126573702 -1.274429312228737 0
4611 1.772656913597032 -0.3510550756135589 0
4612 0.1383721196343439 -0.8997609247162384 0
4613 0.09828692206780783 -1.153783562105306 0
4614 1.651349204300445 -1.331975810914601 0
4615 1.741920689497319 -0.01018810382589474 0
4616 2.444095458227339 -0.1006774214309267 0
4617 0.2512383675357168 -0.3896528660867736 0
4618 0.2488157347729594 0.3007246902673055 0
4619 0.7191681993410681 -0.442559533754491 0
4620 1.109744961359523 -1.392394593153051 0
4621 1.109754997904335 1.392398886180513 0
4622 1.79641142315102 0.9117243968794315 0
4623 1.797364504906535 0.2842914016924863 0
4624 1.668077029022281 -0.6023290748115369 0
4625 1.276830604302655 -0.7948082379461718 0
4626 2.026544274826081 2.221828444098025 0
4627 1.021990258075389 -1.023396860024619 0
4628 1.021990037159982 1.023396803738693 0
4629 0.13874836984946 -1.015238518723799 0
4630 0.09400765059388391 1.872088198504439 0
4631 0.2488815219243763 0.6328943617987779 0
4632 0.2206390664348359 -1.544764067508703 0
4633 0.2206390664348352 1.544764067508701 0
4634 1.529238919476512 1.227293276565699 0
4635 2.719285712713015 1.334732276049525 0
4636 1.341661417234486 -1.286067999968465 0
4637 0.5774984487924679 0.2276863177756685 0
4638 1.617901450574871 -1.469058866903651 0
4639 0.8272212272481716 -1.492537194191221 0
4640 0.8272215747400872 1.492538452598954 0
4641 1.617797722813918 1.469071598730519 0
4642 0.551586709266258 0.6018617197501313 0
4643 0.1010439163482561 1.160787731978763 0
4644 0.3278161152895875 1.543104149052313 0
4645 0.3279399800967266 -1.543766583333335 0
4646 0.03959723998737483 0.4240064205729172 0
4647 0.7999785016524178 -1.408580374028908 0
4648 0.06601147988959584 0.05232177845578904 0
4649 0.06584815016908299 -0.308683959283095 0
4650 0.06567200838483278 -0.6696888342727749 0
4651 1.847134390273264 -2.189054207665187 0
4652 0.7999758227887113 1.408568519459812 0
4653 1.273913429673345 -1.37768176909639 0
4654 1.104814988008345 1.444913684312295 0
4655 1.104814985040392 -1.444911667485066 0
4656 1.431266301681774 -2.670602460423402 0
4657 1.431086505507553 2.670747109662435 0
4658 1.354136275563568 1.031261056062379 0
4659 1.355381145007696 -1.02430794952084 0
4660 1.414490017531239 1.487726302687968 0
4661 1.594735534883561 -2.14563620218912 0
4662 1.594743101279503 2.145618538697331 0
4663 0.2713940713337989 -1.668464189070583 0
4664 0.8282812985547828 0.614026261226669 0
4665 1.871227104209916 0.5609527947098286 0
4666 0.3043075866483161 -1.178325553853831 0
4667 0.3013069795198072 1.1760715657845 0
4668 0.214874845 -1.036016994285715 0
4669 0.214874845 1.036016994285714 0
4670 1.652561881460917 -2.021185226037122 0
4671 1.652542455415581 2.021210970379181 0
4672 1.040521607287836 -1.277442514400777 0
4673 1.040545077576197 1.277428378505108 0
4674 1.887133319895721 -0.6343392636581354 0
4675 1.651853415391797 -0.5188007236151455 0
4676 1.661733725219419 -1.155941419548038 0
4677 0.08988816311916878 0.4137376949809282 0
4678 1.84672095993685 2.188354952327058 0
4679 1.465178591793723 -0.08680106743128112 0
4680 1.060088047495619 0.6359221710844887 0
4681 2.558089782231757 -2.10173478544992 0
4682 0.6430964699081817 1.775262373878935 0
4683 0.6443249060214432 -1.774706195314887 0
4684 1.053913003320363 -1.197165638644204 0
4685 1.053917644700187 1.197162851427153 0
4686 0.2493281624551424 0.2096567423415872 0
4687 0.9471876442619452 1.985569821496341 0
4688 1.452248022718416 -1.270765912874461 0
4689 0.1373685718256469 0.4819994907230603 0
4690 0.6013289340321941 0.6303719473103404 0
4691 1.823817020142805 -1.981319801544065 0
4692 1.376488500129602 -1.068974787753664 0
4693 0.3080348360359718 -1.239618784755866 0
4694 0.2513166868324201 -0.8829824997892812 0
4695 1.959226533215232 2.345599183296603 0
4696 2.283524067022326 0.6288467688651932 0
4697 1.05746435713441 0.4454402777745036 0
4698 2.174449033117956 2.146288679131211 0
4699 0.214874845 1.094785311428571 0
4700 0.214874845 -1.094785311428572 0
4701 0.9753806926897541 2.563324791614491 0
4702 0.8613365657290913 -1.615933307530988 0
4703 0.1364385821917022 0.1206602770264346 0
4704 1.461828598180893 -1.189925907055378 0
4705 1.358090094278243 1.54986766631459 0
4706 0.3013274797906467 -1.504106370381188 0
4707 0.3011695152473284 1.504185836596823 0
4708 0.1035648442007756 -1.368789825004518 0
4709 1.39961568689258 -1.684924756167058 0
4710 1.399615686892584 1.684924756167025 0
4711 0.8304285576517892 0.5618505396067718 0
4712 1.384842772430905 -1.299768027142576 0
4713 1.549064906476146 1.261270425737275 0
4714 0.3570268717145889 0.8720731939636057 0
4715 0.2904479148982468 0.1652169165052615 0
4716 0.8759316076387581 -0.4717513385126865 0
4717 0.875187178672432 2.430831906823102 0
4718 1.974011896996519 1.082132662652322 0
4719 0.214874845 -1.065401152857143 0
4720 0.214874845 1.065401152857143 0
4721 1.814565766579398 2.430426256931443 0
4722 0.1357479958228552 -0.2402584328382271 0
4723 0.2560750703392911 -0.6682289832952498 0
4724 0.6529652006537942 0.6602052201604478 0
4725 1.813961024453769 -2.431456194664467 0
4726 0.08375361732772964 -2.030437226502269 0
4727 2.059235646995077 1.956047809252774 0
4728 0.06942124348396449 1.193837488880307 0
4729 0.05560982321975195 1.549773691084977 0
4730 0.1416822035690746 0.9592097957087613 0
4731 0.3166742188406606 1.857564044858328 0
4732 2.532752970507017 -1.377774334048607 0
4733 0.1390016344097227 1.350000000000002 0
4734 0.1362769274423344 -0.5997399862934625 0
4735 1.965280284367341 -2.344608256413366 0
$EndNodes
$Elements
9468
1 1 2 1 1 1 96
2 1 2 1 1 96 97
3 1 2 1 1 97 98
4 1 2 1 1 98 99
5 1 2 1 1 99 100
6 1 2 1 1 100 101
7 1 2 1 1 101 102
8 1 2 1 1 102 103
9 1 2 1 1 103 104
10 1 2 1 1 104 105
11 1 2 1 1 105 106
12 1 2 1 1 106 107
13 1 2 1 1 107 108
14 1 2 1 1 108 109
15 1 2 1 1 109 110
16 1 2 1 1 110 111
17 1 2 1 1 111 112
18 1 2 1 1 112 113
19 1 2 1 1 113 114
20 1 2 1 1 114 115
21 1 2 1 1 115 2
22 1 2 2 2 1 116
23 1 2 2 2 116 117
24 1 2 2 2 117 118
25 1 2 2 2 118 119
26 1 2 2 2 119 120
27 1 2 2 2 120 121
28 1 2 2 2 121 122
29 1 2 2 2 122 123
30 1 2 2 2 123 124
31 1 2 2 2 124 125
32 1 2 2 2 125 126
33 1 2 2 2 126 127
34 1 2 2 2 127 128
35 1 2 2 2 128 129
36 1 2 2 2 129 130
37 1 2 2 2 130 131
38 1 2 2 2 131 132
39 1 2 2 2 132 133
40 1 2 2 2 133 134
41 1 2 2 2 134 135
42 1 2 2 2 135 136
43 1 2 2 2 136 137
44 1 2 2 2 137 138
45 1 2 2 2 138 139
46 1 2 2 2 139 140
47 1 2 2 2 140 141
48 1 2 2 2 141 142
49 1 2 2 2 142 143
50 1 2 2 2 143 144
51 1 2 2 2 144 145
52 1 2 2 2 145 146
53 1 2 2 2 146 147
54 1 2 2 2 147 148
55 1 2 2 2 148 149
56 1 2 2 2 149 150
57 1 2 2 2 150 151
58 1 2 2 2 151 152
59 1 2 2 2 152 153
60 1 2 2 2 153 154
61 1 2 2 2 154 155
62 1 2 2 2 155 156
63 1 2 2 2 156 157
64 1 2 2 2 157 158
65 1 2 2 2 158 159
66 1 2 2 2 159 160
67 1 2 2 2 160 161
68 1 2 2 2 161 162
69 1 2 2 2 162 163
70 1 2 2 2 163 164
71 1 2 2 2 164 165
72 1 2 2 2 165 166
73 1 2 2 2 166 167
74 1 2 2 2 167 168
75 1 2 2 2 168 169
76 1 2 2 2 169 170
77 1 2 2 2 170 171
78 1 2 2 2 171 172
79 1 2 2 2 172 173
80 1 2 2 2 173 174
81 1 2 2 2 174 175
82 1 2 2 2 175 176
83 1 2 2 2 176 177
84 1 2 2 2 177 178
85 1 2 2 2 178 179
86 1 2 2 2 179 3
87 1 2 1 3 2 180
88 1 2 1 3 180 181
89 1 2 1 3 181 182
90 1 2 1 3 182 183
91 1 2 1 3 183 184
92 1 2 1 3 184 185
93 1 2 1 3 185 186
94 1 2 1 3 186 187
95 1 2 1 3 187 188
96 1 2 1 3 188 189
97 1 2 1 3 189 190
98 1 2 1 3 190 191
99 1 2 1 3 191 192
100 1 2 1 3 192 193
101 1 2 1 3 193 194
102 1 2 1 3 194 195
103 1 2 1 3 195 196
104 1 2 1 3 196 197
105 1 2 1 3 197 198
106 1 2 1 3 198 199
107 1 2 1 3 199 3
108 2 2 10 2 48 49 326
109 2 2 10 2 535 48 326
110 2 2 10 2 50 51 431
111 2 2 10 2 50 431 430
112 2 2 10 2 535 326 327
113 2 2 10 2 534 327 328
114 2 2 10 2 535 327 534
115 2 2 10 2 533 328 329
116 2 2 10 2 534 328 533
117 2 2 10 2 532 329 330
118 2 2 10 2 533 329 532
119 2 2 10 2 531 330 331
120 2 2 10 2 532 330 531
121 2 2 10 2 530 331 332
122 2 2 10 2 531 331 530
123 2 2 10 2 529 332 333
124 2 2 10 2 530 332 529
125 2 2 10 2 333 334 528
126 2 2 10 2 529 333 528
127 2 2 10 2 527 334 335
128 2 2 10 2 528 334 527
129 2 2 10 2 335 336 526
130 2 2 10 2 527 335 526
131 2 2 10 2 336 337 525
132 2 2 10 2 526 336 525
133 2 2 10 2 524 337 338
134 2 2 10 2 525 337 524
135 2 2 10 2 523 338 339
136 2 2 10 2 524 338 523
137 2 2 10 2 522 339 340
138 2 2 10 2 523 339 522
139 2 2 10 2 340 341 521
140 2 2 10 2 522 340 521
141 2 2 10 2 341 342 520
142 2 2 10 2 521 341 520
143 2 2 10 2 342 343 519
144 2 2 10 2 520 342 519
145 2 2 10 2 343 344 518
146 2 2 10 2 519 343 518
147 2 2 10 2 344 345 517
148 2 2 10 2 518 344 517
149 2 2 10 2 345 346 516
150 2 2 10 2 517 345 516
151 2 2 10 2 346 347 515
152 2 2 10 2 516 346 515
153 2 2 10 2 347 348 514
154 2 2 10 2 515 347 514
155 2 2 10 2 348 349 513
156 2 2 10 2 514 348 513
157 2 2 10 2 349 350 512
158 2 2 10 2 513 349 512
159 2 2 10 2 350 351 511
160 2 2 10 2 512 350 511
161 2 2 10 2 510 351 352
162 2 2 10 2 511 351 510
163 2 2 10 2 509 352 353
164 2 2 10 2 510 352 509
165 2 2 10 2 508 353 354
166 2 2 10 2 509 353 508
167 2 2 10 2 507 354 355
168 2 2 10 2 508 354 507
169 2 2 10 2 506 355 356
170 2 2 10 2 507 355 506
171 2 2 10 2 505 356 357
172 2 2 10 2 506 356 505
173 2 2 10 2 504 357 358
174 2 2 10 2 505 357 504
175 2 2 10 2 503 358 359
176 2 2 10 2 504 358 503
177 2 2 10 2 502 359 360
178 2 2 10 2 503 359 502
179 2 2 10 2 501 360 361
180 2 2 10 2 502 360 501
181 2 2 10 2 500 361 362
182 2 2 10 2 501 361 500
183 2 2 10 2 499 362 363
184 2 2 10 2 500 362 499
185 2 2 10 2 498 363 364
186 2 2 10 2 499 363 498
187 2 2 10 2 497 364 365
188 2 2 10 2 498 364 497
189 2 2 10 2 496 365 366
190 2 2 10 2 497 365 496
191 2 2 10 2 495 366 367
192 2 2 10 2 496 366 495
193 2 2 10 2 494 367 368
194 2 2 10 2 495 367 494
195 2 2 10 2 493 368 369
196 2 2 10 2 494 368 493
197 2 2 10 2 492 369 370
198 2 2 10 2 493 369 492
199 2 2 10 2 491 370 371
200 2 2 10 2 492 370 491
201 2 2 10 2 490 371 372
202 2 2 10 2 491 371 490
203 2 2 10 2 489 372 373
204 2 2 10 2 490 372 489
205 2 2 10 2 488 373 374
206 2 2 10 2 489 373 488
207 2 2 10 2 487 374 375
208 2 2 10 2 488 374 487
209 2 2 10 2 486 375 376
210 2 2 10 2 487 375 486
211 2 2 10 2 485 376 377
212 2 2 10 2 486 376 485
213 2 2 10 2 484 377 378
214 2 2 10 2 485 377 484
215 2 2 10 2 483 378 379
216 2 2 10 2 484 378 483
217 2 2 10 2 482 379 380
218 2 2 10 2 483 379 482
219 2 2 10 2 481 380 381
220 2 2 10 2 482 380 481
221 2 2 10 2 381 382 480
222 2 2 10 2 481 381 480
223 2 2 10 2 382 383 479
224 2 2 10 2 480 382 479
225 2 2 10 2 383 384 478
226 2 2 10 2 479 383 478
227 2 2 10 2 384 385 477
228 2 2 10 2 478 384 477
229 2 2 10 2 385 386 476
230 2 2 10 2 477 385 476
231 2 2 10 2 386 387 475
232 2 2 10 2 476 386 475
233 2 2 10 2 387 388 474
234 2 2 10 2 475 387 474
235 2 2 10 2 388 389 473
236 2 2 10 2 474 388 473
237 2 2 10 2 389 390 472
238 2 2 10 2 473 389 472
239 2 2 10 2 390 391 471
240 2 2 10 2 472 390 471
241 2 2 10 2 391 392 470
242 2 2 10 2 471 391 470
243 2 2 10 2 392 393 469
244 2 2 10 2 470 392 469
245 2 2 10 2 393 394 468
246 2 2 10 2 469 393 468
247 2 2 10 2 394 395 467
248 2 2 10 2 468 394 467
249 2 2 10 2 395 396 466
250 2 2 10 2 467 395 466
251 2 2 10 2 396 397 465
252 2 2 10 2 466 396 465
253 2 2 10 2 397 398 464
254 2 2 10 2 465 397 464
255 2 2 10 2 398 399 463
256 2 2 10 2 464 398 463
257 2 2 10 2 399 400 462
258 2 2 10 2 463 399 462
259 2 2 10 2 400 401 461
260 2 2 10 2 462 400 461
261 2 2 10 2 401 402 460
262 2 2 10 2 461 401 460
263 2 2 10 2 402 403 459
264 2 2 10 2 460 402 459
265 2 2 10 2 403 404 458
266 2 2 10 2 459 403 458
267 2 2 10 2 404 405 457
268 2 2 10 2 458 404 457
269 2 2 10 2 405 406 456
270 2 2 10 2 457 405 456
271 2 2 10 2 406 407 455
272 2 2 10 2 456 406 455
273 2 2 10 2 407 408 454
274 2 2 10 2 455 407 454
275 2 2 10 2 408 409 453
276 2 2 10 2 454 408 453
277 2 2 10 2 409 410 452
278 2 2 10 2 453 409 452
279 2 2 10 2 410 411 451
280 2 2 10 2 452 410 451
281 2 2 10 2 411 412 450
282 2 2 10 2 451 411 450
283 2 2 10 2 412 413 449
284 2 2 10 2 450 412 449
285 2 2 10 2 414 448 413
286 2 2 10 2 413 448 449
287 2 2 10 2 415 447 414
288 2 2 10 2 447 448 414
289 2 2 10 2 416 446 415
290 2 2 10 2 446 447 415
291 2 2 10 2 417 445 416
292 2 2 10 2 445 446 416
293 2 2 10 2 418 444 417
294 2 2 10 2 444 445 417
295 2 2 10 2 419 443 418
296 2 2 10 2 443 444 418
297 2 2 10 2 420 442 419
298 2 2 10 2 442 443 419
299 2 2 10 2 421 441 420
300 2 2 10 2 441 442 420
301 2 2 10 2 422 440 421
302 2 2 10 2 440 441 421
303 2 2 10 2 423 439 422
304 2 2 10 2 439 440 422
305 2 2 10 2 424 438 423
306 2 2 10 2 438 439 423
307 2 2 10 2 425 437 424
308 2 2 10 2 437 438 424
309 2 2 10 2 426 436 425
310 2 2 10 2 436 437 425
311 2 2 10 2 427 435 426
312 2 2 10 2 435 436 426
313 2 2 10 2 428 434 427
314 2 2 10 2 434 435 427
315 2 2 10 2 429 433 428
316 2 2 10 2 433 434 428
317 2 2 10 2 430 432 429
318 2 2 10 2 432 433 429
319 2 2 10 2 431 432 430
320 2 2 11 3 553 667 552
321 2 2 11 3 554 673 553
322 2 2 11 3 558 669 557
323 2 2 11 3 556 671 555
324 2 2 11 3 557 670 556
325 2 2 11 3 537 675 536
326 2 2 11 3 539 666 538
327 2 2 11 3 550 662 549
328 2 2 11 3 551 668 550
329 2 2 11 3 52 664 561
330 2 2 11 3 54 663 548
331 2 2 11 3 548 662 547
332 2 2 11 3 561 675 560
333 2 2 11 3 536 664 53
334 2 2 11 3 547 668 546
335 2 2 11 3 546 674 545
336 2 2 11 3 559 666 558
337 2 2 11 3 541 670 540
338 2 2 11 3 542 671 541
339 2 2 11 3 540 669 539
340 2 2 11 3 544 673 543
341 2 2 11 3 545 667 544
342 2 2 11 3 555 672 554
343 2 2 11 3 552 674 551
344 2 2 11 3 538 665 537
345 2 2 11 3 549 663 55
346 2 2 11 3 560 665 559
347 2 2 11 3 543 672 542
348 2 2 11 3 558 666 539
349 2 2 11 3 539 669 558
350 2 2 11 3 540 670 557
351 2 2 11 3 541 671 556
352 2 2 11 3 543 673 554
353 2 2 11 3 544 667 553
354 2 2 11 3 546 668 551
355 2 2 11 3 560 675 537
356 2 2 11 3 542 672 555
357 2 2 11 3 53 664 52
358 2 2 11 3 55 663 54
359 2 2 11 3 545 674 552
360 2 2 11 3 561 664 536
361 2 2 11 3 559 665 538
362 2 2 11 3 557 669 540
363 2 2 11 3 556 670 541
364 2 2 11 3 555 671 542
365 2 2 11 3 554 672 543
366 2 2 11 3 553 673 544
367 2 2 11 3 551 674 546
368 2 2 11 3 550 668 547
369 2 2 11 3 549 662 548
370 2 2 11 3 538 666 559
371 2 2 11 3 552 667 545
372 2 2 11 3 547 662 550
373 2 2 11 3 536 675 561
374 2 2 11 3 537 665 560
375 2 2 11 3 548 663 549
376 2 2 12 4 231 681 230
377 2 2 12 4 232 687 231
378 2 2 12 4 236 683 235
379 2 2 12 4 234 685 233
380 2 2 12 4 235 684 234
381 2 2 12 4 215 689 214
382 2 2 12 4 217 680 216
383 2 2 12 4 228 676 227
384 2 2 12 4 14 677 226
385 2 2 12 4 12 678 239
386 2 2 12 4 226 676 225
387 2 2 12 4 239 689 238
388 2 2 12 4 214 678 13
389 2 2 12 4 225 682 224
390 2 2 12 4 224 688 223
391 2 2 12 4 237 680 236
392 2 2 12 4 219 684 218
393 2 2 12 4 220 685 219
394 2 2 12 4 218 683 217
395 2 2 12 4 222 687 221
396 2 2 12 4 223 681 222
397 2 2 12 4 233 686 232
398 2 2 12 4 230 688 229
399 2 2 12 4 216 679 215
400 2 2 12 4 229 682 228
401 2 2 12 4 227 677 15
402 2 2 12 4 238 679 237
403 2 2 12 4 221 686 220
404 2 2 12 4 223 688 230
405 2 2 12 4 217 683 236
406 2 2 12 4 218 684 235
407 2 2 12 4 219 685 234
408 2 2 12 4 221 687 232
409 2 2 12 4 222 681 231
410 2 2 12 4 224 682 229
411 2 2 12 4 239 678 214
412 2 2 12 4 238 689 215
413 2 2 12 4 236 680 217
414 2 2 12 4 220 686 233
415 2 2 12 4 237 679 216
416 2 2 12 4 235 683 218
417 2 2 12 4 234 684 219
418 2 2 12 4 233 685 220
419 2 2 12 4 232 686 221
420 2 2 12 4 231 687 222
421 2 2 12 4 228 682 225
422 2 2 12 4 227 676 226
423 2 2 12 4 15 677 14
424 2 2 12 4 216 680 237
425 2 2 12 4 230 681 223
426 2 2 12 4 225 676 228
427 2 2 12 4 226 677 227
428 2 2 12 4 13 678 12
429 2 2 12 4 229 688 224
430 2 2 12 4 214 689 239
431 2 2 12 4 215 679 238
432 2 2 13 5 690 693 691
433 2 2 13 5 691 692 690
434 2 2 13 5 565 690 564
435 2 2 13 5 569 691 568
436 2 2 13 5 563 692 562
437 2 2 13 5 567 693 566
438 2 2 13 5 562 694 56
439 2 2 13 5 566 695 58
440 2 2 13 5 57 696 563
441 2 2 13 5 59 697 567
442 2 2 13 5 56 694 569
443 2 2 13 5 58 695 565
444 2 2 13 5 564 696 57
445 2 2 13 5 568 697 59
446 2 2 13 5 690 696 564
447 2 2 13 5 565 695 690
448 2 2 13 5 569 694 691
449 2 2 13 5 691 697 568
450 2 2 13 5 563 696 692
451 2 2 13 5 567 697 693
452 2 2 13 5 692 694 562
453 2 2 13 5 693 695 566
454 2 2 13 5 690 695 693
455 2 2 13 5 691 694 692
456 2 2 13 5 692 696 690
457 2 2 13 5 693 697 691
458 2 2 14 6 698 701 699
459 2 2 14 6 699 700 698
460 2 2 14 6 203 698 202
461 2 2 14 6 207 699 206
462 2 2 14 6 201 700 200
463 2 2 14 6 205 701 204
464 2 2 14 6 200 702 4
465 2 2 14 6 204 703 6
466 2 2 14 6 5 704 201
467 2 2 14 6 7 705 205
468 2 2 14 6 4 702 207
469 2 2 14 6 6 703 203
470 2 2 14 6 202 704 5
471 2 2 14 6 206 705 7
472 2 2 14 6 698 704 202
473 2 2 14 6 203 703 698
474 2 2 14 6 207 702 699
475 2 2 14 6 699 705 206
476 2 2 14 6 201 704 700
477 2 2 14 6 205 705 701
478 2 2 14 6 700 702 200
479 2 2 14 6 701 703 204
480 2 2 14 6 698 703 701
481 2 2 14 6 699 702 700
482 2 2 14 6 700 704 698
483 2 2 14 6 701 705 699
484 2 2 15 7 571 706 570
485 2 2 15 7 706 707 570
486 2 2 15 7 571 708 706
487 2 2 15 7 574 706 573
488 2 2 15 7 60 707 575
489 2 2 15 7 572 708 61
490 2 2 15 7 61 708 571
491 2 2 15 7 570 707 60
492 2 2 15 7 706 709 573
493 2 2 15 7 574 710 706
494 2 2 15 7 706 710 707
495 2 2 15 7 708 709 706
496 2 2 15 7 63 710 574
497 2 2 15 7 573 709 62
498 2 2 15 7 62 709 572
499 2 2 15 7 575 710 63
500 2 2 15 7 707 710 575
501 2 2 15 7 572 709 708
502 2 2 16 8 209 711 208
503 2 2 16 8 711 712 208
504 2 2 16 8 209 713 711
505 2 2 16 8 212 711 211
506 2 2 16 8 8 712 213
507 2 2 16 8 210 713 9
508 2 2 16 8 9 713 209
509 2 2 16 8 208 712 8
510 2 2 16 8 711 714 211
511 2 2 16 8 212 715 711
512 2 2 16 8 711 715 712
513 2 2 16 8 713 714 711
514 2 2 16 8 11 715 212
515 2 2 16 8 211 714 10
516 2 2 16 8 10 714 210
517 2 2 16 8 213 715 11
518 2 2 16 8 712 715 213
519 2 2 16 8 210 714 713
520 2 2 17 9 583 716 582
521 2 2 17 9 583 718 716
522 2 2 17 9 716 717 582
523 2 2 17 9 586 716 585
524 2 2 17 9 68 717 587
525 2 2 17 9 584 718 69
526 2 2 17 9 69 718 583
527 2 2 17 9 582 717 68
528 2 2 17 9 586 720 716
529 2 2 17 9 716 719 585
530 2 2 17 9 718 719 716
531 2 2 17 9 716 720 717
532 2 2 17 9 585 719 70
533 2 2 17 9 71 720 586
534 2 2 17 9 70 719 584
535 2 2 17 9 587 720 71
536 2 2 17 9 584 719 718
537 2 2 17 9 717 720 587
538 2 2 18 10 241 721 240
539 2 2 18 10 241 723 721
540 2 2 18 10 721 722 240
541 2 2 18 10 244 721 243
542 2 2 18 10 16 722 245
543 2 2 18 10 242 723 17
544 2 2 18 10 17 723 241
545 2 2 18 10 240 722 16
546 2 2 18 10 244 725 721
547 2 2 18 10 721 724 243
548 2 2 18 10 723 724 721
549 2 2 18 10 721 725 722
550 2 2 18 10 243 724 18
551 2 2 18 10 19 725 244
552 2 2 18 10 18 724 242
553 2 2 18 10 245 725 19
554 2 2 18 10 242 724 723
555 2 2 18 10 722 725 245
556 2 2 19 11 577 726 576
557 2 2 19 11 726 727 576
558 2 2 19 11 577 728 726
559 2 2 19 11 580 726 579
560 2 2 19 11 64 727 581
561 2 2 19 11 578 728 65
562 2 2 19 11 576 727 64
563 2 2 19 11 65 728 577
564 2 2 19 11 726 729 579
565 2 2 19 11 580 730 726
566 2 2 19 11 728 729 726
567 2 2 19 11 726 730 727
568 2 2 19 11 67 730 580
569 2 2 19 11 579 729 66
570 2 2 19 11 66 729 578
571 2 2 19 11 581 730 67
572 2 2 19 11 578 729 728
573 2 2 19 11 727 730 581
574 2 2 20 12 247 731 246
575 2 2 20 12 731 732 246
576 2 2 20 12 247 733 731
577 2 2 20 12 250 731 249
578 2 2 20 12 20 732 251
579 2 2 20 12 248 733 21
580 2 2 20 12 246 732 20
581 2 2 20 12 21 733 247
582 2 2 20 12 731 734 249
583 2 2 20 12 250 735 731
584 2 2 20 12 733 734 731
585 2 2 20 12 731 735 732
586 2 2 20 12 23 735 250
587 2 2 20 12 249 734 22
588 2 2 20 12 22 734 248
589 2 2 20 12 251 735 23
590 2 2 20 12 248 734 733
591 2 2 20 12 732 735 251
592 2 2 21 13 656 736 655
593 2 2 21 13 660 737 659
594 2 2 21 13 654 740 92
595 2 2 21 13 658 741 94
596 2 2 21 13 92 740 661
597 2 2 21 13 94 741 657
598 2 2 21 13 93 743 654
599 2 2 21 13 95 742 658
600 2 2 21 13 736 738 737
601 2 2 21 13 737 739 736
602 2 2 21 13 740 743 736
603 2 2 21 13 741 742 737
604 2 2 21 13 656 738 736
605 2 2 21 13 660 739 737
606 2 2 21 13 736 743 655
607 2 2 21 13 737 742 659
608 2 2 21 13 657 738 656
609 2 2 21 13 661 739 660
610 2 2 21 13 655 743 93
611 2 2 21 13 659 742 95
612 2 2 21 13 739 740 736
613 2 2 21 13 738 741 737
614 2 2 21 13 654 743 740
615 2 2 21 13 658 742 741
616 2 2 21 13 657 741 738
617 2 2 21 13 661 740 739
618 2 2 22 14 260 744 259
619 2 2 22 14 264 745 263
620 2 2 22 14 258 748 28
621 2 2 22 14 262 749 30
622 2 2 22 14 28 748 265
623 2 2 22 14 30 749 261
624 2 2 22 14 29 750 258
625 2 2 22 14 31 751 262
626 2 2 22 14 744 746 745
627 2 2 22 14 745 747 744
628 2 2 22 14 748 750 744
629 2 2 22 14 749 751 745
630 2 2 22 14 260 746 744
631 2 2 22 14 264 747 745
632 2 2 22 14 744 750 259
633 2 2 22 14 745 751 263
634 2 2 22 14 261 746 260
635 2 2 22 14 265 747 264
636 2 2 22 14 259 750 29
637 2 2 22 14 263 751 31
638 2 2 22 14 747 748 744
639 2 2 22 14 746 749 745
640 2 2 22 14 258 750 748
641 2 2 22 14 262 751 749
642 2 2 22 14 261 749 746
643 2 2 22 14 265 748 747
644 2 2 23 15 626 752 625
645 2 2 23 15 752 754 625
646 2 2 23 15 626 753 752
647 2 2 23 15 623 752 622
648 2 2 23 15 82 754 624
649 2 2 23 15 627 753 83
650 2 2 23 15 625 754 82
651 2 2 23 15 83 753 626
652 2 2 23 15 752 755 622
653 2 2 23 15 623 756 752
654 2 2 23 15 753 755 752
655 2 2 23 15 752 756 754
656 2 2 23 15 81 756 623
657 2 2 23 15 622 755 80
658 2 2 23 15 624 756 81
659 2 2 23 15 80 755 627
660 2 2 23 15 627 755 753
661 2 2 23 15 754 756 624
662 2 2 24 16 256 757 255
663 2 2 24 16 757 759 255
664 2 2 24 16 256 758 757
665 2 2 24 16 253 757 252
666 2 2 24 16 26 759 254
667 2 2 24 16 257 758 27
668 2 2 24 16 255 759 26
669 2 2 24 16 27 758 256
670 2 2 24 16 757 760 252
671 2 2 24 16 253 761 757
672 2 2 24 16 758 760 757
673 2 2 24 16 757 761 759
674 2 2 24 16 25 761 253
675 2 2 24 16 252 760 24
676 2 2 24 16 254 761 25
677 2 2 24 16 24 760 257
678 2 2 24 16 257 760 758
679 2 2 24 16 759 761 254
680 2 2 25 17 652 762 651
681 2 2 25 17 652 764 762
682 2 2 25 17 762 763 651
683 2 2 25 17 649 762 648
684 2 2 25 17 90 763 650
685 2 2 25 17 653 764 91
686 2 2 25 17 651 763 90
687 2 2 25 17 91 764 652
688 2 2 25 17 649 766 762
689 2 2 25 17 762 765 648
690 2 2 25 17 762 766 763
691 2 2 25 17 764 765 762
692 2 2 25 17 648 765 88
693 2 2 25 17 89 766 649
694 2 2 25 17 88 765 653
695 2 2 25 17 650 766 89
696 2 2 25 17 653 765 764
697 2 2 25 17 763 766 650
698 2 2 26 18 270 767 269
699 2 2 26 18 270 769 767
700 2 2 26 18 767 768 269
701 2 2 26 18 267 767 266
702 2 2 26 18 34 768 268
703 2 2 26 18 271 769 35
704 2 2 26 18 269 768 34
705 2 2 26 18 35 769 270
706 2 2 26 18 267 771 767
707 2 2 26 18 767 770 266
708 2 2 26 18 767 771 768
709 2 2 26 18 769 770 767
710 2 2 26 18 266 770 32
711 2 2 26 18 33 771 267
712 2 2 26 18 32 770 271
713 2 2 26 18 268 771 33
714 2 2 26 18 271 770 769
715 2 2 26 18 768 771 268
716 2 2 27 19 781 788 785
717 2 2 27 19 785 789 781
718 2 2 27 19 789 790 787
719 2 2 27 19 783 790 789
720 2 2 27 19 787 791 789
721 2 2 27 19 789 791 781
722 2 2 27 19 785 792 789
723 2 2 27 19 789 792 783
724 2 2 27 19 785 788 784
725 2 2 27 19 787 790 786
726 2 2 27 19 774 792 785
727 2 2 27 19 775 791 787
728 2 2 27 19 773 790 783
729 2 2 27 19 781 791 780
730 2 2 27 19 783 792 782
731 2 2 27 19 784 788 776
732 2 2 27 19 774 793 792
733 2 2 27 19 775 794 791
734 2 2 27 19 773 796 790
735 2 2 27 19 786 790 777
736 2 2 27 19 780 791 778
737 2 2 27 19 782 792 779
738 2 2 27 19 630 780 629
739 2 2 27 19 631 772 630
740 2 2 27 19 640 782 639
741 2 2 27 19 641 773 640
742 2 2 27 19 629 778 628
743 2 2 27 19 639 779 638
744 2 2 27 19 634 776 633
745 2 2 27 19 635 784 634
746 2 2 27 19 636 774 635
747 2 2 27 19 644 777 643
748 2 2 27 19 645 786 644
749 2 2 27 19 646 775 645
750 2 2 27 19 772 788 781
751 2 2 27 19 772 781 780
752 2 2 27 19 773 783 782
753 2 2 27 19 774 785 784
754 2 2 27 19 775 787 786
755 2 2 27 19 791 794 778
756 2 2 27 19 792 793 779
757 2 2 27 19 790 796 777
758 2 2 27 19 632 795 631
759 2 2 27 19 642 796 641
760 2 2 27 19 637 793 636
761 2 2 27 19 647 794 646
762 2 2 27 19 772 795 788
763 2 2 27 19 85 797 632
764 2 2 27 19 87 798 642
765 2 2 27 19 633 797 85
766 2 2 27 19 643 798 87
767 2 2 27 19 628 799 84
768 2 2 27 19 638 800 86
769 2 2 27 19 84 799 647
770 2 2 27 19 86 800 637
771 2 2 27 19 772 780 630
772 2 2 27 19 773 782 640
773 2 2 27 19 629 780 778
774 2 2 27 19 639 782 779
775 2 2 27 19 634 784 776
776 2 2 27 19 644 786 777
777 2 2 27 19 774 784 635
778 2 2 27 19 775 786 645
779 2 2 27 19 788 795 776
780 2 2 27 19 631 795 772
781 2 2 27 19 641 796 773
782 2 2 27 19 636 793 774
783 2 2 27 19 646 794 775
784 2 2 27 19 778 799 628
785 2 2 27 19 779 800 638
786 2 2 27 19 776 797 633
787 2 2 27 19 777 798 643
788 2 2 27 19 632 797 795
789 2 2 27 19 642 798 796
790 2 2 27 19 637 800 793
791 2 2 27 19 647 799 794
792 2 2 27 19 794 799 778
793 2 2 27 19 793 800 779
794 2 2 27 19 795 797 776
795 2 2 27 19 796 798 777
796 2 2 28 20 810 817 814
797 2 2 28 20 814 818 810
798 2 2 28 20 818 819 816
799 2 2 28 20 812 819 818
800 2 2 28 20 816 820 818
801 2 2 28 20 818 820 810
802 2 2 28 20 814 821 818
803 2 2 28 20 818 821 812
804 2 2 28 20 814 817 813
805 2 2 28 20 816 819 815
806 2 2 28 20 803 821 814
807 2 2 28 20 804 820 816
808 2 2 28 20 802 819 812
809 2 2 28 20 810 820 809
810 2 2 28 20 812 821 811
811 2 2 28 20 813 817 805
812 2 2 28 20 803 822 821
813 2 2 28 20 804 823 820
814 2 2 28 20 802 825 819
815 2 2 28 20 815 819 806
816 2 2 28 20 809 820 807
817 2 2 28 20 811 821 808
818 2 2 28 20 274 809 273
819 2 2 28 20 275 801 274
820 2 2 28 20 284 811 283
821 2 2 28 20 285 802 284
822 2 2 28 20 273 807 272
823 2 2 28 20 283 808 282
824 2 2 28 20 278 805 277
825 2 2 28 20 279 813 278
826 2 2 28 20 280 803 279
827 2 2 28 20 288 806 287
828 2 2 28 20 289 815 288
829 2 2 28 20 290 804 289
830 2 2 28 20 801 817 810
831 2 2 28 20 801 810 809
832 2 2 28 20 802 812 811
833 2 2 28 20 803 814 813
834 2 2 28 20 804 816 815
835 2 2 28 20 820 823 807
836 2 2 28 20 821 822 808
837 2 2 28 20 819 825 806
838 2 2 28 20 276 824 275
839 2 2 28 20 286 825 285
840 2 2 28 20 281 822 280
841 2 2 28 20 291 823 290
842 2 2 28 20 801 824 817
843 2 2 28 20 37 826 276
844 2 2 28 20 39 827 286
845 2 2 28 20 277 826 37
846 2 2 28 20 287 827 39
847 2 2 28 20 272 828 36
848 2 2 28 20 282 829 38
849 2 2 28 20 36 828 291
850 2 2 28 20 38 829 281
851 2 2 28 20 801 809 274
852 2 2 28 20 802 811 284
853 2 2 28 20 273 809 807
854 2 2 28 20 283 811 808
855 2 2 28 20 278 813 805
856 2 2 28 20 288 815 806
857 2 2 28 20 803 813 279
858 2 2 28 20 804 815 289
859 2 2 28 20 817 824 805
860 2 2 28 20 275 824 801
861 2 2 28 20 285 825 802
862 2 2 28 20 280 822 803
863 2 2 28 20 290 823 804
864 2 2 28 20 807 828 272
865 2 2 28 20 808 829 282
866 2 2 28 20 805 826 277
867 2 2 28 20 806 827 287
868 2 2 28 20 276 826 824
869 2 2 28 20 286 827 825
870 2 2 28 20 281 829 822
871 2 2 28 20 291 828 823
872 2 2 28 20 823 828 807
873 2 2 28 20 822 829 808
874 2 2 28 20 824 826 805
875 2 2 28 20 825 827 806
876 2 2 29 21 841 846 843
877 2 2 29 21 843 847 841
878 2 2 29 21 847 848 845
879 2 2 29 21 839 848 847
880 2 2 29 21 845 850 847
881 2 2 29 21 847 850 841
882 2 2 29 21 843 849 847
883 2 2 29 21 847 849 839
884 2 2 29 21 843 846 842
885 2 2 29 21 845 848 844
886 2 2 29 21 832 849 843
887 2 2 29 21 833 850 845
888 2 2 29 21 831 848 839
889 2 2 29 21 841 850 840
890 2 2 29 21 839 849 838
891 2 2 29 21 842 846 835
892 2 2 29 21 832 851 849
893 2 2 29 21 833 852 850
894 2 2 29 21 831 853 848
895 2 2 29 21 844 848 834
896 2 2 29 21 838 849 836
897 2 2 29 21 840 850 837
898 2 2 29 21 608 836 607
899 2 2 29 21 618 837 617
900 2 2 29 21 609 838 608
901 2 2 29 21 610 831 609
902 2 2 29 21 619 840 618
903 2 2 29 21 620 830 619
904 2 2 29 21 603 835 602
905 2 2 29 21 613 834 612
906 2 2 29 21 614 844 613
907 2 2 29 21 604 842 603
908 2 2 29 21 605 832 604
909 2 2 29 21 615 833 614
910 2 2 29 21 830 846 841
911 2 2 29 21 831 839 838
912 2 2 29 21 830 841 840
913 2 2 29 21 833 845 844
914 2 2 29 21 832 843 842
915 2 2 29 21 849 851 836
916 2 2 29 21 850 852 837
917 2 2 29 21 848 853 834
918 2 2 29 21 611 853 610
919 2 2 29 21 621 854 620
920 2 2 29 21 606 851 605
921 2 2 29 21 616 852 615
922 2 2 29 21 830 854 846
923 2 2 29 21 78 855 611
924 2 2 29 21 76 856 621
925 2 2 29 21 602 856 76
926 2 2 29 21 612 855 78
927 2 2 29 21 617 858 79
928 2 2 29 21 607 857 77
929 2 2 29 21 77 857 606
930 2 2 29 21 79 858 616
931 2 2 29 21 618 840 837
932 2 2 29 21 831 838 609
933 2 2 29 21 830 840 619
934 2 2 29 21 608 838 836
935 2 2 29 21 832 842 604
936 2 2 29 21 603 842 835
937 2 2 29 21 613 844 834
938 2 2 29 21 833 844 614
939 2 2 29 21 846 854 835
940 2 2 29 21 620 854 830
941 2 2 29 21 610 853 831
942 2 2 29 21 605 851 832
943 2 2 29 21 615 852 833
944 2 2 29 21 837 858 617
945 2 2 29 21 836 857 607
946 2 2 29 21 835 856 602
947 2 2 29 21 834 855 612
948 2 2 29 21 621 856 854
949 2 2 29 21 611 855 853
950 2 2 29 21 616 858 852
951 2 2 29 21 606 857 851
952 2 2 29 21 851 857 836
953 2 2 29 21 852 858 837
954 2 2 29 21 853 855 834
955 2 2 29 21 854 856 835
956 2 2 30 22 870 875 872
957 2 2 30 22 872 876 870
958 2 2 30 22 876 877 874
959 2 2 30 22 868 877 876
960 2 2 30 22 874 879 876
961 2 2 30 22 876 879 870
962 2 2 30 22 872 878 876
963 2 2 30 22 876 878 868
964 2 2 30 22 872 875 871
965 2 2 30 22 874 877 873
966 2 2 30 22 861 878 872
967 2 2 30 22 862 879 874
968 2 2 30 22 860 877 868
969 2 2 30 22 870 879 869
970 2 2 30 22 868 878 867
971 2 2 30 22 871 875 864
972 2 2 30 22 861 880 878
973 2 2 30 22 862 881 879
974 2 2 30 22 860 882 877
975 2 2 30 22 873 877 863
976 2 2 30 22 867 878 865
977 2 2 30 22 869 879 866
978 2 2 30 22 312 865 311
979 2 2 30 22 322 866 321
980 2 2 30 22 313 867 312
981 2 2 30 22 314 860 313
982 2 2 30 22 323 869 322
983 2 2 30 22 324 859 323
984 2 2 30 22 307 864 306
985 2 2 30 22 317 863 316
986 2 2 30 22 318 873 317
987 2 2 30 22 308 871 307
988 2 2 30 22 309 861 308
989 2 2 30 22 319 862 318
990 2 2 30 22 859 875 870
991 2 2 30 22 860 868 867
992 2 2 30 22 859 870 869
993 2 2 30 22 862 874 873
994 2 2 30 22 861 872 871
995 2 2 30 22 878 880 865
996 2 2 30 22 879 881 866
997 2 2 30 22 877 882 863
998 2 2 30 22 315 882 314
999 2 2 30 22 325 883 324
1000 2 2 30 22 310 880 309
1001 2 2 30 22 320 881 319
1002 2 2 30 22 859 883 875
1003 2 2 30 22 46 884 315
1004 2 2 30 22 44 885 325
1005 2 2 30 22 306 885 44
1006 2 2 30 22 316 884 46
1007 2 2 30 22 321 887 47
1008 2 2 30 22 311 886 45
1009 2 2 30 22 45 886 310
1010 2 2 30 22 47 887 320
1011 2 2 30 22 322 869 866
1012 2 2 30 22 860 867 313
1013 2 2 30 22 859 869 323
1014 2 2 30 22 312 867 865
1015 2 2 30 22 861 871 308
1016 2 2 30 22 307 871 864
1017 2 2 30 22 317 873 863
1018 2 2 30 22 862 873 318
1019 2 2 30 22 875 883 864
1020 2 2 30 22 324 883 859
1021 2 2 30 22 314 882 860
1022 2 2 30 22 309 880 861
1023 2 2 30 22 319 881 862
1024 2 2 30 22 866 887 321
1025 2 2 30 22 865 886 311
1026 2 2 30 22 864 885 306
1027 2 2 30 22 863 884 316
1028 2 2 30 22 325 885 883
1029 2 2 30 22 315 884 882
1030 2 2 30 22 320 887 881
1031 2 2 30 22 310 886 880
1032 2 2 30 22 880 886 865
1033 2 2 30 22 881 887 866
1034 2 2 30 22 882 884 863
1035 2 2 30 22 883 885 864
1036 2 2 31 23 896 897 892
1037 2 2 31 23 894 895 891
1038 2 2 31 23 897 899 892
1039 2 2 31 23 891 898 894
1040 2 2 31 23 889 895 894
1041 2 2 31 23 890 897 896
1042 2 2 31 23 593 888 592
1043 2 2 31 23 599 890 598
1044 2 2 31 23 600 893 599
1045 2 2 31 23 601 889 600
1046 2 2 31 23 888 899 897
1047 2 2 31 23 894 898 888
1048 2 2 31 23 599 893 890
1049 2 2 31 23 889 893 600
1050 2 2 31 23 590 891 589
1051 2 2 31 23 596 892 595
1052 2 2 31 23 888 897 894
1053 2 2 31 23 592 898 591
1054 2 2 31 23 594 899 593
1055 2 2 31 23 589 895 588
1056 2 2 31 23 597 896 596
1057 2 2 31 23 889 894 893
1058 2 2 31 23 593 899 888
1059 2 2 31 23 888 898 592
1060 2 2 31 23 894 897 893
1061 2 2 31 23 893 897 890
1062 2 2 31 23 890 903 598
1063 2 2 31 23 601 900 889
1064 2 2 31 23 72 900 601
1065 2 2 31 23 74 902 594
1066 2 2 31 23 591 901 73
1067 2 2 31 23 598 903 75
1068 2 2 31 23 889 900 895
1069 2 2 31 23 896 903 890
1070 2 2 31 23 899 902 892
1071 2 2 31 23 891 901 898
1072 2 2 31 23 594 902 899
1073 2 2 31 23 898 901 591
1074 2 2 31 23 596 896 892
1075 2 2 31 23 891 895 589
1076 2 2 31 23 892 902 595
1077 2 2 31 23 590 901 891
1078 2 2 31 23 895 900 588
1079 2 2 31 23 597 903 896
1080 2 2 31 23 595 902 74
1081 2 2 31 23 75 903 597
1082 2 2 31 23 588 900 72
1083 2 2 31 23 73 901 590
1084 2 2 32 24 908 913 912
1085 2 2 32 24 907 911 910
1086 2 2 32 24 908 914 913
1087 2 2 32 24 910 915 907
1088 2 2 32 24 910 911 905
1089 2 2 32 24 912 913 906
1090 2 2 32 24 297 909 296
1091 2 2 32 24 304 904 303
1092 2 2 32 24 296 905 295
1093 2 2 32 24 298 906 297
1094 2 2 32 24 913 914 904
1095 2 2 32 24 904 915 910
1096 2 2 32 24 296 909 905
1097 2 2 32 24 906 909 297
1098 2 2 32 24 293 907 292
1099 2 2 32 24 301 908 300
1100 2 2 32 24 910 913 904
1101 2 2 32 24 303 914 302
1102 2 2 32 24 305 915 304
1103 2 2 32 24 300 912 299
1104 2 2 32 24 294 911 293
1105 2 2 32 24 909 910 905
1106 2 2 32 24 304 915 904
1107 2 2 32 24 904 914 303
1108 2 2 32 24 909 913 910
1109 2 2 32 24 906 913 909
1110 2 2 32 24 905 918 295
1111 2 2 32 24 298 917 906
1112 2 2 32 24 40 916 305
1113 2 2 32 24 42 917 298
1114 2 2 32 24 295 918 41
1115 2 2 32 24 302 919 43
1116 2 2 32 24 906 917 912
1117 2 2 32 24 911 918 905
1118 2 2 32 24 915 916 907
1119 2 2 32 24 908 919 914
1120 2 2 32 24 305 916 915
1121 2 2 32 24 914 919 302
1122 2 2 32 24 293 911 907
1123 2 2 32 24 908 912 300
1124 2 2 32 24 907 916 292
1125 2 2 32 24 301 919 908
1126 2 2 32 24 912 917 299
1127 2 2 32 24 294 918 911
1128 2 2 32 24 292 916 40
1129 2 2 32 24 41 918 294
1130 2 2 32 24 299 917 42
1131 2 2 32 24 43 919 301
1132 2 2 1 25 2240 4347 2693
1133 2 2 1 25 2481 2857 2856
1134 2 2 1 25 3029 4042 3617
1135 2 2 1 25 3616 4041 3030
1136 2 2 1 25 1771 3787 2886
1137 2 2 1 25 2854 2855 2517
1138 2 2 1 25 2693 4384 2240
1139 2 2 1 25 3685 4127 3686
1140 2 2 1 25 2101 3582 3152
1141 2 2 1 25 2835 3444 2266
1142 2 2 1 25 2689 3589 1964
1143 2 2 1 25 3082 3747 2507
1144 2 2 1 25 2864 2865 2462
1145 2 2 1 25 1804 3524 3146
1146 2 2 1 25 2508 3739 3063
1147 2 2 1 25 3147 3530 1805
1148 2 2 1 25 2863 2870 2508
1149 2 2 1 25 2860 2871 2466
1150 2 2 1 25 2507 2873 2859
1151 2 2 1 25 1963 3586 2684
1152 2 2 1 25 2265 3489 2834
1153 2 2 1 25 3014 3776 1762
1154 2 2 1 25 2862 2875 2471
1155 2 2 1 25 2531 3493 2532
1156 2 2 1 25 2861 2880 2476
1157 2 2 1 25 2999 4405 4008
1158 2 2 1 25 2868 2881 2479
1159 2 2 1 25 4037 4045 1887
1160 2 2 1 25 2971 3470 2972
1161 2 2 1 25 2499 2753 2752
1162 2 2 1 25 3530 3558 1805
1163 2 2 1 25 2897 2898 2464
1164 2 2 1 25 3191 4078 3190
1165 2 2 1 25 2311 3819 2913
1166 2 2 1 25 2049 3552 1848
1167 2 2 1 25 2795 3477 2729
1168 2 2 1 25 2795 3539 3477
1169 2 2 1 25 3205 4290 3651
1170 2 2 1 25 1608 3112 2776
1171 2 2 1 25 2777 3109 1609
1172 2 2 1 25 558 416 415
1173 2 2 1 25 230 341 340
1174 2 2 1 25 2534 3493 2531
1175 2 2 1 25 1518 4467 3113
1176 2 2 1 25 2366 4336 2587
1177 2 2 1 25 558 415 559
1178 2 2 1 25 229 341 230
1179 2 2 1 25 1584 3380 3138
1180 2 2 1 25 2449 3558 3530
1181 2 2 1 25 1301 3559 1236
1182 2 2 1 25 2976 4500 2974
1183 2 2 1 25 3571 4487 3924
1184 2 2 1 25 149 4648 3041
1185 2 2 1 25 2834 3489 2348
1186 2 2 1 25 2931 3115 2678
1187 2 2 1 25 3179 3522 2488
1188 2 2 1 25 2848 3170 1187
1189 2 2 1 25 3651 4290 2478
1190 2 2 1 25 2681 3117 2932
1191 2 2 1 25 2507 3747 2873
1192 2 2 1 25 4191 4273 3585
1193 2 2 1 25 1201 4028 1306
1194 2 2 1 25 1076 3675 1149
1195 2 2 1 25 1208 3267 1049
1196 2 2 1 25 2870 3739 2508
1197 2 2 1 25 2999 4008 3606
1198 2 2 1 25 3052 4001 921
1199 2 2 1 25 1923 4042 3029
1200 2 2 1 25 3030 4041 1922
1201 2 2 1 25 4055 4434 1153
1202 2 2 1 25 144 4649 3032
1203 2 2 1 25 1609 2987 2777
1204 2 2 1 25 2776 2986 1608
1205 2 2 1 25 3138 3380 3139
1206 2 2 1 25 2774 2775 1872
1207 2 2 1 25 3121 4541 1540
1208 2 2 1 25 3588 3620 929
1209 2 2 1 25 2591 3313 3155
1210 2 2 1 25 3154 3314 2592
1211 2 2 1 25 2933 3560 2562
1212 2 2 1 25 3394 3395 1591
1213 2 2 1 25 1872 4385 2774
1214 2 2 1 25 1716 4068 3730
1215 2 2 1 25 3612 4656 1313
1216 2 2 1 25 1314 4657 3610
1217 2 2 1 25 139 4650 3026
1218 2 2 1 25 1525 3486 3103
1219 2 2 1 25 1259 3126 1454
1220 2 2 1 25 2256 3791 2444
1221 2 2 1 25 2443 3790 2257
1222 2 2 1 25 3162 3163 1474
1223 2 2 1 25 1473 3165 3164
1224 2 2 1 25 3630 3996 3631
1225 2 2 1 25 2974 4500 3470
1226 2 2 1 25 3395 3396 1591
1227 2 2 1 25 2890 2891 2836
1228 2 2 1 25 1153 3660 3149
1229 2 2 1 25 1977 2832 1976
1230 2 2 1 25 1978 2833 1979
1231 2 2 1 25 2053 4142 3657
1232 2 2 1 25 2922 3252 1783
1233 2 2 1 25 2745 4434 2744
1234 2 2 1 25 3017 3249 2849
1235 2 2 1 25 993 3788 3051
1236 2 2 1 25 2622 4273 4191
1237 2 2 1 25 2766 3411 2656
1238 2 2 1 25 1518 3113 1608
1239 2 2 1 25 3258 4270 198
1240 2 2 1 25 97 4269 3259
1241 2 2 1 25 3053 4092 1167
1242 2 2 1 25 2480 2928 2903
1243 2 2 1 25 4008 4405 955
1244 2 2 1 25 1717 3537 3521
1245 2 2 1 25 4102 4591 3207
1246 2 2 1 25 2049 4204 3917
1247 2 2 1 25 2504 3821 2893
1248 2 2 1 25 923 4062 3240
1249 2 2 1 25 3148 3984 2328
1250 2 2 1 25 2294 4625 3641
1251 2 2 1 25 2515 4043 2123
1252 2 2 1 25 2667 2796 2314
1253 2 2 1 25 930 3628 3064
1254 2 2 1 25 2773 4336 2366
1255 2 2 1 25 3083 3780 1733
1256 2 2 1 25 2557 3875 2559
1257 2 2 1 25 3905 4083 2206
1258 2 2 1 25 1964 4450 2689
1259 2 2 1 25 3646 4285 1974
1260 2 2 1 25 3007 4144 2458
1261 2 2 1 25 1519 2986 2064
1262 2 2 1 25 2063 2987 1521
1263 2 2 1 25 2303 3572 2722
1264 2 2 1 25 2723 3574 2304
1265 2 2 1 25 2684 4445 1963
1266 2 2 1 25 3996 4391 3631
1267 2 2 1 25 3476 4570 2190
1268 2 2 1 25 2852 4239 3929
1269 2 2 1 25 2245 2890 2836
1270 2 2 1 25 3217 4318 2455
1271 2 2 1 25 1591 3415 3394
1272 2 2 1 25 3157 4528 3513
1273 2 2 1 25 3187 3189 1623
1274 2 2 1 25 557 417 416
1275 2 2 1 25 231 340 339
1276 2 2 1 25 2799 3974 3805
1277 2 2 1 25 2656 4367 2766
1278 2 2 1 25 3899 4072 30
1279 2 2 1 25 3207 4591 3531
1280 2 2 1 25 3193 3706 3527
1281 2 2 1 25 3122 3123 2680
1282 2 2 1 25 3536 3776 3014
1283 2 2 1 25 1601 3532 3416
1284 2 2 1 25 3615 3913 3135
1285 2 2 1 25 2394 3550 2869
1286 2 2 1 25 3394 3415 3362
1287 2 2 1 25 3045 3751 1735
1288 2 2 1 25 557 416 558
1289 2 2 1 25 230 340 231
1290 2 2 1 25 1642 3560 2933
1291 2 2 1 25 3795 4540 2321
1292 2 2 1 25 1819 3981 2060
1293 2 2 1 25 2543 4075 3612
1294 2 2 1 25 3610 4076 2541
1295 2 2 1 25 2725 4504 3247
1296 2 2 1 25 1382 3932 1380
1297 2 2 1 25 2826 4309 3579
1298 2 2 1 25 3033 3715 1741
1299 2 2 1 25 1077 3788 993
1300 2 2 1 25 2972 3470 3439
1301 2 2 1 25 3123 4056 93
1302 2 2 1 25 3163 3972 1474
1303 2 2 1 25 1473 3973 3165
1304 2 2 1 25 95 3794 659
1305 2 2 1 25 2279 4193 4192
1306 2 2 1 25 1611 4079 3623
1307 2 2 1 25 3805 4084 2799
1308 2 2 1 25 947 3628 930
1309 2 2 1 25 1767 3701 3080
1310 2 2 1 25 3023 3729 1747
1311 2 2 1 25 3212 4001 3052
1312 2 2 1 25 3657 3962 1430
1313 2 2 1 25 1167 4092 1628
1314 2 2 1 25 3195 4118 3965
1315 2 2 1 25 973 3608 1057
1316 2 2 1 25 3011 3753 1753
1317 2 2 1 25 1521 2987 1609
1318 2 2 1 25 1608 2986 1519
1319 2 2 1 25 126 2897 2464
1320 2 2 1 25 3794 4306 935
1321 2 2 1 25 2796 3861 2314
1322 2 2 1 25 2996 3775 1759
1323 2 2 1 25 2055 3979 1823
1324 2 2 1 25 3163 4185 3917
1325 2 2 1 25 2679 3122 2680
1326 2 2 1 25 179 3258 3
1327 2 2 1 25 1 3259 116
1328 2 2 1 25 2869 3550 1631
1329 2 2 1 25 3714 4440 3713
1330 2 2 1 25 3135 3913 3134
1331 2 2 1 25 2189 4569 3503
1332 2 2 1 25 3917 4204 3163
1333 2 2 1 25 2296 3605 3271
1334 2 2 1 25 3218 3675 1076
1335 2 2 1 25 1049 3267 3220
1336 2 2 1 25 2598 4028 1201
1337 2 2 1 25 3241 3708 3243
1338 2 2 1 25 3081 3082 2507
1339 2 2 1 25 3262 3263 1984
1340 2 2 1 25 2464 2886 2854
1341 2 2 1 25 2602 3492 2874
1342 2 2 1 25 3077 4302 131
1343 2 2 1 25 1791 3522 3179
1344 2 2 1 25 3571 3924 2197
1345 2 2 1 25 1430 4111 3657
1346 2 2 1 25 2832 2894 1976
1347 2 2 1 25 1978 2895 2833
1348 2 2 1 25 4266 4402 2144
1349 2 2 1 25 2015 3279 122
1350 2 2 1 25 3896 4209 1844
1351 2 2 1 25 3819 4544 2913
1352 2 2 1 25 3049 3608 973
1353 2 2 1 25 1291 3239 1209
1354 2 2 1 25 2480 2903 2863
1355 2 2 1 25 2924 3943 1391
1356 2 2 1 25 3170 4047 1187
1357 2 2 1 25 2144 4303 4266
1358 2 2 1 25 128 2854 2517
1359 2 2 1 25 2507 2859 160
1360 2 2 1 25 2481 2856 162
1361 2 2 1 25 167 2863 2508
1362 2 2 1 25 151 2861 2476
1363 2 2 1 25 146 2862 2471
1364 2 2 1 25 141 2860 2466
1365 2 2 1 25 136 2864 2462
1366 2 2 1 25 156 2868 2479
1367 2 2 1 25 1804 4155 3524
1368 2 2 1 25 2847 2915 120
1369 2 2 1 25 59 3646 568
1370 2 2 1 25 2296 3271 2529
1371 2 2 1 25 1194 3511 1083
1372 2 2 1 25 1139 3871 2910
1373 2 2 1 25 2912 3870 1138
1374 2 2 1 25 2016 3084 174
1375 2 2 1 25 2091 3897 2497
1376 2 2 1 25 1725 3785 2928
1377 2 2 1 25 3 3258 199
1378 2 2 1 25 96 3259 1
1379 2 2 1 25 2912 3672 2589
1380 2 2 1 25 2588 3673 2910
1381 2 2 1 25 1514 4031 2769
1382 2 2 1 25 2159 2679 2295
1383 2 2 1 25 2293 2676 2131
1384 2 2 1 25 3198 4233 3120
1385 2 2 1 25 1974 4285 3519
1386 2 2 1 25 2599 3897 2091
1387 2 2 1 25 2934 3603 2644
1388 2 2 1 25 2931 3981 1819
1389 2 2 1 25 3559 4248 1236
1390 2 2 1 25 119 2847 120
1391 2 2 1 25 1776 2869 1631
1392 2 2 1 25 2424 4075 2543
1393 2 2 1 25 2541 4076 2425
1394 2 2 1 25 2600 4320 2767
1395 2 2 1 25 2464 4427 2886
1396 2 2 1 25 2505 3975 2506
1397 2 2 1 25 1153 4434 3660
1398 2 2 1 25 3397 3975 2505
1399 2 2 1 25 2089 3121 1540
1400 2 2 1 25 1083 3511 2294
1401 2 2 1 25 2230 3204 1826
1402 2 2 1 25 2917 3268 2201
1403 2 2 1 25 2869 3621 2394
1404 2 2 1 25 2290 4594 3269
1405 2 2 1 25 2328 3984 1682
1406 2 2 1 25 2958 4361 3955
1407 2 2 1 25 1226 4551 3115
1408 2 2 1 25 1616 3429 2946
1409 2 2 1 25 2893 3821 2699
1410 2 2 1 25 3118 3119 2901
1411 2 2 1 25 2049 3917 3552
1412 2 2 1 25 46 3599 316
1413 2 2 1 25 78 3598 612
1414 2 2 1 25 77 3597 607
1415 2 2 1 25 2791 3489 1876
1416 2 2 1 25 1823 3979 2932
1417 2 2 1 25 3196 4363 2354
1418 2 2 1 25 1735 3195 3045
1419 2 2 1 25 3117 4554 1228
1420 2 2 1 25 1520 3110 2034
1421 2 2 1 25 1741 3174 3033
1422 2 2 1 25 1865 3437 3374
1423 2 2 1 25 556 418 417
1424 2 2 1 25 232 339 338
1425 2 2 1 25 2159 4727 2679
1426 2 2 1 25 3437 4619 3374
1427 2 2 1 25 1747 3156 3023
1428 2 2 1 25 3126 4581 1454
1429 2 2 1 25 3708 3709 3243
1430 2 2 1 25 3579 4309 2335
1431 2 2 1 25 2354 4363 2356
1432 2 2 1 25 2896 3248 186
1433 2 2 1 25 1588 3936 3880
1434 2 2 1 25 1844 4209 1842
1435 2 2 1 25 3880 3936 2721
1436 2 2 1 25 3183 3184 3182
1437 2 2 1 25 2034 2985 1480
1438 2 2 1 25 1479 2984 2033
1439 2 2 1 25 3197 3998 1166
1440 2 2 1 25 3364 3986 2995
1441 2 2 1 25 2995 4093 3364
1442 2 2 1 25 2835 4714 3444
1443 2 2 1 25 3740 3741 3242
1444 2 2 1 25 1646 3792 3629
1445 2 2 1 25 1876 4186 2791
1446 2 2 1 25 1601 3584 3532
1447 2 2 1 25 2769 3876 1514
1448 2 2 1 25 131 4302 2460
1449 2 2 1 25 1753 3192 3011
1450 2 2 1 25 556 417 557
1451 2 2 1 25 231 339 232
1452 2 2 1 25 3629 3792 3369
1453 2 2 1 25 1623 3582 188
1454 2 2 1 25 3532 4323 3416
1455 2 2 1 25 3532 3584 3363
1456 2 2 1 25 3552 3898 1848
1457 2 2 1 25 2785 3105 2020
1458 2 2 1 25 2293 2677 2676
1459 2 2 1 25 2883 4246 3663
1460 2 2 1 25 3279 4468 2730
1461 2 2 1 25 265 3793 28
1462 2 2 1 25 2679 2680 2295
1463 2 2 1 25 1815 4010 3606
1464 2 2 1 25 4108 4339 4084
1465 2 2 1 25 3042 4474 1421
1466 2 2 1 25 3182 4079 1611
1467 2 2 1 25 3776 4629 1763
1468 2 2 1 25 93 4057 3123
1469 2 2 1 25 1759 3206 2996
1470 2 2 1 25 3119 3144 2901
1471 2 2 1 25 4061 4319 2450
1472 2 2 1 25 1380 3932 3553
1473 2 2 1 25 2678 3981 2931
1474 2 2 1 25 1783 3831 2922
1475 2 2 1 25 1358 3005 1356
1476 2 2 1 25 2118 4339 4108
1477 2 2 1 25 1385 3257 1388
1478 2 2 1 25 3284 3789 3500
1479 2 2 1 25 2892 3005 1362
1480 2 2 1 25 2015 4468 3279
1481 2 2 1 25 2133 2494 2135
1482 2 2 1 25 2163 2499 2161
1483 2 2 1 25 1660 3939 3429
1484 2 2 1 25 2932 3979 2681
1485 2 2 1 25 2946 3955 1616
1486 2 2 1 25 35 2826 271
1487 2 2 1 25 650 2825 90
1488 2 2 1 25 33 2827 268
1489 2 2 1 25 584 3270 70
1490 2 2 1 25 71 2829 587
1491 2 2 1 25 245 2828 16
1492 2 2 1 25 23 2830 251
1493 2 2 1 25 581 2831 64
1494 2 2 1 25 2998 4675 2532
1495 2 2 1 25 3172 4232 3203
1496 2 2 1 25 2595 3974 2797
1497 2 2 1 25 3128 4051 3778
1498 2 2 1 25 1531 3289 1318
1499 2 2 1 25 207 3647 4
1500 2 2 1 25 6 2814 204
1501 2 2 1 25 563 2807 57
1502 2 2 1 25 3292 4043 2515
1503 2 2 1 25 3327 4141 2646
1504 2 2 1 25 2217 4663 3087
1505 2 2 1 25 2805 4506 1705
1506 2 2 1 25 26 2247 255
1507 2 2 1 25 34 2250 269
1508 2 2 1 25 580 2804 67
1509 2 2 1 25 20 2803 246
1510 2 2 1 25 1611 3094 103
1511 2 2 1 25 192 3093 1610
1512 2 2 1 25 199 3258 198
1513 2 2 1 25 97 3259 96
1514 2 2 1 25 3304 3791 2256
1515 2 2 1 25 2257 3790 3302
1516 2 2 1 25 1945 3958 3957
1517 2 2 1 25 4092 4405 2999
1518 2 2 1 25 3155 3313 1606
1519 2 2 1 25 1607 3314 3154
1520 2 2 1 25 2752 3013 2499
1521 2 2 1 25 2060 2293 2131
1522 2 2 1 25 3875 4094 2559
1523 2 2 1 25 2894 3456 2403
1524 2 2 1 25 2402 3457 2895
1525 2 2 1 25 2159 2295 2055
1526 2 2 1 25 1865 3374 2802
1527 2 2 1 25 1956 4286 3190
1528 2 2 1 25 2580 3322 2312
1529 2 2 1 25 1488 4286 1956
1530 2 2 1 25 2703 4594 2290
1531 2 2 1 25 148 4648 149
1532 2 2 1 25 159 3081 2507
1533 2 2 1 25 1142 3708 3241
1534 2 2 1 25 2755 4089 1585
1535 2 2 1 25 189 3187 1623
1536 2 2 1 25 1585 4154 2755
1537 2 2 1 25 4134 4561 4431
1538 2 2 1 25 4430 4562 4135
1539 2 2 1 25 1487 4472 2918
1540 2 2 1 25 3524 4155 2447
1541 2 2 1 25 143 4649 144
1542 2 2 1 25 4495 4622 2700
1543 2 2 1 25 1242 3266 1391
1544 2 2 1 25 2072 3304 1832
1545 2 2 1 25 1831 3302 2071
1546 2 2 1 25 2773 3098 2109
1547 2 2 1 25 301 3900 43
1548 2 2 1 25 72 3064 588
1549 2 2 1 25 2033 4467 1518
1550 2 2 1 25 2802 3481 1865
1551 2 2 1 25 3247 4504 4174
1552 2 2 1 25 1412 3060 1866
1553 2 2 1 25 1336 3266 1242
1554 2 2 1 25 138 4650 139
1555 2 2 1 25 2503 3962 3653
1556 2 2 1 25 2082 4088 3506
1557 2 2 1 25 3507 4087 2081
1558 2 2 1 25 2476 3034 152
1559 2 2 1 25 2019 3886 1129
1560 2 2 1 25 2304 3882 1092
1561 2 2 1 25 1091 3883 2303
1562 2 2 1 25 3533 3888 1675
1563 2 2 1 25 3534 3889 1095
1564 2 2 1 25 1093 3890 3535
1565 2 2 1 25 2471 3024 147
1566 2 2 1 25 2466 3012 142
1567 2 2 1 25 1099 2736 1836
1568 2 2 1 25 1835 2840 1098
1569 2 2 1 25 1919 2843 1534
1570 2 2 1 25 1535 2842 1921
1571 2 2 1 25 1264 2739 1624
1572 2 2 1 25 1625 2841 1265
1573 2 2 1 25 1234 2737 1937
1574 2 2 1 25 1939 2738 1235
1575 2 2 1 25 2462 2997 137
1576 2 2 1 25 2205 3851 2803
1577 2 2 1 25 2804 3855 2204
1578 2 2 1 25 555 419 418
1579 2 2 1 25 233 338 337
1580 2 2 1 25 548 2838 54
1581 2 2 1 25 13 2839 214
1582 2 2 1 25 3016 4127 3685
1583 2 2 1 25 1395 2984 1479
1584 2 2 1 25 1480 2985 1396
1585 2 2 1 25 3668 3835 3114
1586 2 2 1 25 2494 4434 2745
1587 2 2 1 25 1421 4474 1984
1588 2 2 1 25 2126 4328 3817
1589 2 2 1 25 3335 3372 1205
1590 2 2 1 25 1204 3370 3333
1591 2 2 1 25 3815 3837 3670
1592 2 2 1 25 1187 3017 2848
1593 2 2 1 25 3249 4277 2849
1594 2 2 1 25 1428 4373 3238
1595 2 2 1 25 1757 3762 3531
1596 2 2 1 25 3076 3079 3077
1597 2 2 1 25 1887 4045 1109
1598 2 2 1 25 2638 3861 2796
1599 2 2 1 25 1416 3615 3511
1600 2 2 1 25 2910 3871 2909
1601 2 2 1 25 2911 3870 2912
1602 2 2 1 25 2706 4549 4044
1603 2 2 1 25 204 2814 1292
1604 2 2 1 25 1293 2807 563
1605 2 2 1 25 1973 3647 207
1606 2 2 1 25 2517 3078 3076
1607 2 2 1 25 1977 4567 2832
1608 2 2 1 25 2833 4568 1979
1609 2 2 1 25 982 3893 1052
1610 2 2 1 25 1829 3906 949
1611 2 2 1 25 3667 3835 3668
1612 2 2 1 25 2907 4422 2859
1613 2 2 1 25 2851 4144 3007
1614 2 2 1 25 555 418 556
1615 2 2 1 25 232 338 233
1616 2 2 1 25 1919 4105 2843
1617 2 2 1 25 2842 4106 1921
1618 2 2 1 25 1835 4103 2840
1619 2 2 1 25 1625 4107 2841
1620 2 2 1 25 2707 4549 2706
1621 2 2 1 25 2502 4228 3092
1622 2 2 1 25 1984 4049 1511
1623 2 2 1 25 1797 4341 3095
1624 2 2 1 25 2056 2159 2055
1625 2 2 1 25 2414 4563 3213
1626 2 2 1 25 2060 2131 2061
1627 2 2 1 25 3648 4644 1974
1628 2 2 1 25 1973 4645 3649
1629 2 2 1 25 580 3855 2804
1630 2 2 1 25 2803 3851 246
1631 2 2 1 25 3511 3615 3135
1632 2 2 1 25 568 3646 1974
1633 2 2 1 25 1961 4518 3036
1634 2 2 1 25 3035 4484 1960
1635 2 2 1 25 3620 3743 3724
1636 2 2 1 25 2217 2705 2657
1637 2 2 1 25 271 2826 2239
1638 2 2 1 25 939 2825 650
1639 2 2 1 25 268 2827 938
1640 2 2 1 25 1079 2828 245
1641 2 2 1 25 941 3270 584
1642 2 2 1 25 587 2829 1080
1643 2 2 1 25 251 2830 1192
1644 2 2 1 25 1193 2831 581
1645 2 2 1 25 1392 3915 3601
1646 2 2 1 25 3810 4332 2127
1647 2 2 1 25 174 3084 175
1648 2 2 1 25 1213 3799 1345
1649 2 2 1 25 978 3798 1056
1650 2 2 1 25 1343 3797 1215
1651 2 2 1 25 3128 3778 2629
1652 2 2 1 25 3395 4159 1970
1653 2 2 1 25 2886 3782 1771
1654 2 2 1 25 1970 4222 3395
1655 2 2 1 25 2834 3525 2265
1656 2 2 1 25 2266 3526 2835
1657 2 2 1 25 2457 3861 3596
1658 2 2 1 25 2 3549 115
1659 2 2 1 25 1751 3705 3527
1660 2 2 1 25 4002 4452 3209
1661 2 2 1 25 1842 3038 1840
1662 2 2 1 25 1852 3039 1854
1663 2 2 1 25 3962 3963 1430
1664 2 2 1 25 2974 3470 2971
1665 2 2 1 25 3281 3760 3696
1666 2 2 1 25 105 3183 3182
1667 2 2 1 25 3202 4235 936
1668 2 2 1 25 937 4234 3201
1669 2 2 1 25 2248 3061 3060
1670 2 2 1 25 2160 2161 2159
1671 2 2 1 25 3140 3833 996
1672 2 2 1 25 2887 2889 2582
1673 2 2 1 25 1168 3197 1166
1674 2 2 1 25 2131 2133 2132
1675 2 2 1 25 4134 4431 2829
1676 2 2 1 25 2828 4430 4135
1677 2 2 1 25 1626 4233 3198
1678 2 2 1 25 1362 3005 1358
1679 2 2 1 25 3538 3910 2885
1680 2 2 1 25 213 3495 8
1681 2 2 1 25 1622 3185 3183
1682 2 2 1 25 3284 4155 3789
1683 2 2 1 25 937 3201 1334
1684 2 2 1 25 1331 3202 936
1685 2 2 1 25 3924 4487 3681
1686 2 2 1 25 2708 3644 3643
1687 2 2 1 25 2667 3497 2796
1688 2 2 1 25 1713 4359 3088
1689 2 2 1 25 310 3053 45
1690 2 2 1 25 621 3049 76
1691 2 2 1 25 47 3051 321
1692 2 2 1 25 2910 3673 1139
1693 2 2 1 25 1138 3672 2912
1694 2 2 1 25 2020 3495 2785
1695 2 2 1 25 3525 4225 2894
1696 2 2 1 25 2895 4224 3526
1697 2 2 1 25 3257 4579 1388
1698 2 2 1 25 3203 4232 1627
1699 2 2 1 25 2781 2896 2220
1700 2 2 1 25 186 3248 185
1701 2 2 1 25 2845 2846 1317
1702 2 2 1 25 2219 3959 3277
1703 2 2 1 25 2856 2858 2519
1704 2 2 1 25 2765 4359 1713
1705 2 2 1 25 305 2949 40
1706 2 2 1 25 73 2954 591
1707 2 2 1 25 298 2953 42
1708 2 2 1 25 75 2951 598
1709 2 2 1 25 3730 4068 3613
1710 2 2 1 25 1826 3204 1515
1711 2 2 1 25 3186 3188 3187
1712 2 2 1 25 3544 4588 2023
1713 2 2 1 25 2026 4589 3545
1714 2 2 1 25 3429 3939 2946
1715 2 2 1 25 3598 4490 956
1716 2 2 1 25 3060 3061 1866
1717 2 2 1 25 3046 4392 2479
1718 2 2 1 25 2917 3269 3268
1719 2 2 1 25 3663 4336 2773
1720 2 2 1 25 2054 2055 1823
1721 2 2 1 25 2677 3151 3150
1722 2 2 1 25 1819 2060 2059
1723 2 2 1 25 2321 3796 3795
1724 2 2 1 25 2051 4498 3614
1725 2 2 1 25 3271 3605 2463
1726 2 2 1 25 3600 4012 965
1727 2 2 1 25 104 3182 1611
1728 2 2 1 25 1745 3759 3513
1729 2 2 1 25 4455 4661 2158
1730 2 2 1 25 2186 4662 4456
1731 2 2 1 25 2834 4225 3525
1732 2 2 1 25 3526 4224 2835
1733 2 2 1 25 2949 3799 1213
1734 2 2 1 25 2953 3798 978
1735 2 2 1 25 1215 3797 2951
1736 2 2 1 25 554 420 419
1737 2 2 1 25 234 337 336
1738 2 2 1 25 2348 3489 2791
1739 2 2 1 25 3685 4377 3016
1740 2 2 1 25 1209 3239 1917
1741 2 2 1 25 3219 4012 3600
1742 2 2 1 25 2840 4103 2631
1743 2 2 1 25 2634 4106 2842
1744 2 2 1 25 2843 4105 2632
1745 2 2 1 25 2841 4107 2636
1746 2 2 1 25 4192 4193 2702
1747 2 2 1 25 2601 3697 2602
1748 2 2 1 25 3697 3698 2602
1749 2 2 1 25 2814 4129 2815
1750 2 2 1 25 2808 4128 2807
1751 2 2 1 25 2290 3269 2917
1752 2 2 1 25 980 2714 1702
1753 2 2 1 25 1701 2717 979
1754 2 2 1 25 2722 3573 2303
1755 2 2 1 25 2304 3575 2723
1756 2 2 1 25 1682 2892 1364
1757 2 2 1 25 3835 4407 3114
1758 2 2 1 25 3206 3736 1758
1759 2 2 1 25 2767 4153 2600
1760 2 2 1 25 2832 3456 2894
1761 2 2 1 25 2895 3457 2833
1762 2 2 1 25 1953 4352 3818
1763 2 2 1 25 3190 4078 1956
1764 2 2 1 25 3116 3234 2655
1765 2 2 1 25 3079 3080 3077
1766 2 2 1 25 3017 4274 3249
1767 2 2 1 25 4174 4504 2288
1768 2 2 1 25 3129 4372 1802
1769 2 2 1 25 3124 4057 4037
1770 2 2 1 25 3213 3215 2414
1771 2 2 1 25 1490 4286 1488
1772 2 2 1 25 1524 4608 2900
1773 2 2 1 25 2806 4674 4454
1774 2 2 1 25 255 3127 256
1775 2 2 1 25 269 3126 270
1776 2 2 1 25 2700 4622 2893
1777 2 2 1 25 3285 3476 2190
1778 2 2 1 25 2296 2529 2297
1779 2 2 1 25 1821 3289 1531
1780 2 2 1 25 2720 4484 3035
1781 2 2 1 25 3673 4357 3245
1782 2 2 1 25 3246 4358 3672
1783 2 2 1 25 554 419 555
1784 2 2 1 25 233 337 234
1785 2 2 1 25 1739 3770 3504
1786 2 2 1 25 2490 3179 2488
1787 2 2 1 25 2567 4120 3298
1788 2 2 1 25 3296 4121 2570
1789 2 2 1 25 3757 4238 3904
1790 2 2 1 25 2888 4319 4061
1791 2 2 1 25 1226 3115 1263
1792 2 2 1 25 2934 3004 2073
1793 2 2 1 25 3102 3861 2457
1794 2 2 1 25 1268 3117 1228
1795 2 2 1 25 3238 4229 1428
1796 2 2 1 25 2187 3893 982
1797 2 2 1 25 198 4270 3072
1798 2 2 1 25 3073 4269 97
1799 2 2 1 25 2555 4360 2751
1800 2 2 1 25 3155 3822 2591
1801 2 2 1 25 2592 3823 3154
1802 2 2 1 25 2681 4036 3117
1803 2 2 1 25 3363 3584 1646
1804 2 2 1 25 3607 4355 1610
1805 2 2 1 25 949 3906 958
1806 2 2 1 25 535 2929 48
1807 2 2 1 25 2310 3475 2580
1808 2 2 1 25 1498 4273 3233
1809 2 2 1 25 1705 4506 3664
1810 2 2 1 25 4138 4528 3157
1811 2 2 1 25 3508 3905 2206
1812 2 2 1 25 1313 3107 101
1813 2 2 1 25 194 3108 1314
1814 2 2 1 25 2518 2899 2864
1815 2 2 1 25 3503 4125 2163
1816 2 2 1 25 3787 4206 2886
1817 2 2 1 25 2376 3498 2439
1818 2 2 1 25 198 3072 197
1819 2 2 1 25 98 3073 97
1820 2 2 1 25 283 3677 284
1821 2 2 1 25 1823 2932 1532
1822 2 2 1 25 1530 2931 1819
1823 2 2 1 25 1646 3629 3363
1824 2 2 1 25 1765 3716 3686
1825 2 2 1 25 1804 3146 1667
1826 2 2 1 25 1666 3147 1805
1827 2 2 1 25 2514 2904 2860
1828 2 2 1 25 3696 3697 3281
1829 2 2 1 25 1610 4355 3186
1830 2 2 1 25 3269 3818 3268
1831 2 2 1 25 2599 3895 2768
1832 2 2 1 25 2508 3063 3062
1833 2 2 1 25 2135 4435 3476
1834 2 2 1 25 3223 4544 3819
1835 2 2 1 25 1313 4656 3107
1836 2 2 1 25 3108 4657 1314
1837 2 2 1 25 2308 2309 2089
1838 2 2 1 25 2513 2908 2862
1839 2 2 1 25 2359 2642 1042
1840 2 2 1 25 1696 2740 1200
1841 2 2 1 25 1202 2742 1697
1842 2 2 1 25 2368 2645 1147
1843 2 2 1 25 2373 2643 990
1844 2 2 1 25 1511 4049 3237
1845 2 2 1 25 2566 4120 2567
1846 2 2 1 25 2570 4121 2569
1847 2 2 1 25 2797 4050 2595
1848 2 2 1 25 3134 3913 2097
1849 2 2 1 25 2793 3582 2101
1850 2 2 1 25 2900 4493 1524
1851 2 2 1 25 3911 4277 3550
1852 2 2 1 25 3818 4352 3268
1853 2 2 1 25 1391 2925 2924
1854 2 2 1 25 3233 4095 1498
1855 2 2 1 25 2510 2916 2861
1856 2 2 1 25 1364 2892 1362
1857 2 2 1 25 2062 2869 1776
1858 2 2 1 25 425 55 426
1859 2 2 1 25 12 331 330
1860 2 2 1 25 3034 4227 152
1861 2 2 1 25 2109 3663 2773
1862 2 2 1 25 2509 2919 2868
1863 2 2 1 25 3110 4486 2034
1864 2 2 1 25 1893 3225 2821
1865 2 2 1 25 2823 3227 1894
1866 2 2 1 25 1805 3559 1301
1867 2 2 1 25 2394 3911 3550
1868 2 2 1 25 1762 4312 3014
1869 2 2 1 25 2914 3560 1786
1870 2 2 1 25 1610 3186 191
1871 2 2 1 25 2097 3978 3134
1872 2 2 1 25 3024 4236 147
1873 2 2 1 25 3115 4552 2678
1874 2 2 1 25 2874 4276 2602
1875 2 2 1 25 3152 3582 3581
1876 2 2 1 25 2839 4281 3669
1877 2 2 1 25 3666 4283 2838
1878 2 2 1 25 3125 4604 1796
1879 2 2 1 25 2562 3560 2914
1880 2 2 1 25 3670 3837 3836
1881 2 2 1 25 2189 3503 3483
1882 2 2 1 25 3513 4648 3157
1883 2 2 1 25 3012 4243 142
1884 2 2 1 25 3655 3816 1280
1885 2 2 1 25 2921 3111 3110
1886 2 2 1 25 2458 4144 3101
1887 2 2 1 25 1733 4368 3083
1888 2 2 1 25 3527 4649 3193
1889 2 2 1 25 2997 4252 137
1890 2 2 1 25 1609 3110 1520
1891 2 2 1 25 1758 4102 3206
1892 2 2 1 25 549 55 425
1893 2 2 1 25 239 331 12
1894 2 2 1 25 3936 3985 2721
1895 2 2 1 25 1539 4663 2217
1896 2 2 1 25 3531 4650 3207
1897 2 2 1 25 2032 3431 3215
1898 2 2 1 25 3891 4274 3017
1899 2 2 1 25 2545 3935 3136
1900 2 2 1 25 3663 4470 2883
1901 2 2 1 25 2135 3476 2137
1902 2 2 1 25 3233 4273 2622
1903 2 2 1 25 3929 4240 2852
1904 2 2 1 25 553 421 420
1905 2 2 1 25 235 336 335
1906 2 2 1 25 2837 2869 2062
1907 2 2 1 25 2721 3985 3071
1908 2 2 1 25 1306 4028 1405
1909 2 2 1 25 1149 3675 1401
1910 2 2 1 25 2201 3267 1208
1911 2 2 1 25 2165 3503 2163
1912 2 2 1 25 3036 4518 2726
1913 2 2 1 25 2302 4472 4040
1914 2 2 1 25 2821 3948 1893
1915 2 2 1 25 1894 3949 2823
1916 2 2 1 25 2162 2163 2161
1917 2 2 1 25 1382 4674 3932
1918 2 2 1 25 2918 4454 1487
1919 2 2 1 25 3078 3079 3076
1920 2 2 1 25 1622 3183 106
1921 2 2 1 25 1996 2897 125
1922 2 2 1 25 2677 3149 2676
1923 2 2 1 25 1813 4452 4002
1924 2 2 1 25 3137 4625 2294
1925 2 2 1 25 1151 2838 548
1926 2 2 1 25 214 2839 1150
1927 2 2 1 25 2133 2135 2134
1928 2 2 1 25 3152 4507 3937
1929 2 2 1 25 2312 3322 2493
1930 2 2 1 25 2589 3826 2912
1931 2 2 1 25 2910 3825 2588
1932 2 2 1 25 3536 4629 3776
1933 2 2 1 25 3149 3899 1153
1934 2 2 1 25 3717 3722 1765
1935 2 2 1 25 2410 3128 2629
1936 2 2 1 25 3676 4495 3977
1937 2 2 1 25 2532 3493 2998
1938 2 2 1 25 2852 4457 4239
1939 2 2 1 25 553 420 554
1940 2 2 1 25 234 336 235
1941 2 2 1 25 2220 4255 2781
1942 2 2 1 25 3195 3965 3046
1943 2 2 1 25 3170 4623 2058
1944 2 2 1 25 2337 3873 3100
1945 2 2 1 25 2646 3976 3327
1946 2 2 1 25 3277 4256 2219
1947 2 2 1 25 3582 4473 188
1948 2 2 1 25 2960 4715 3242
1949 2 2 1 25 594 3000 74
1950 2 2 1 25 41 3002 295
1951 2 2 1 25 3122 4113 3013
1952 2 2 1 25 2850 4033 2666
1953 2 2 1 25 2339 2698 1335
1954 2 2 1 25 1332 2697 2338
1955 2 2 1 25 2768 4209 3896
1956 2 2 1 25 2579 4357 3673
1957 2 2 1 25 3242 4403 3740
1958 2 2 1 25 3672 4358 2577
1959 2 2 1 25 1786 4716 2914
1960 2 2 1 25 1316 2847 119
1961 2 2 1 25 2247 3127 255
1962 2 2 1 25 2250 3126 269
1963 2 2 1 25 3589 4053 1964
1964 2 2 1 25 261 3899 30
1965 2 2 1 25 3521 3777 3702
1966 2 2 1 25 1963 4052 3586
1967 2 2 1 25 2079 3600 3599
1968 2 2 1 25 1158 3943 1094
1969 2 2 1 25 2235 3604 1084
1970 2 2 1 25 4192 4524 4396
1971 2 2 1 25 1314 3610 3609
1972 2 2 1 25 3611 3612 1313
1973 2 2 1 25 2859 4422 2481
1974 2 2 1 25 3093 3473 1610
1975 2 2 1 25 1846 3896 1844
1976 2 2 1 25 3606 4010 2530
1977 2 2 1 25 3055 4361 2958
1978 2 2 1 25 154 3048 2509
1979 2 2 1 25 149 3041 2510
1980 2 2 1 25 144 3032 2513
1981 2 2 1 25 139 3026 2514
1982 2 2 1 25 134 3015 2518
1983 2 2 1 25 2966 3971 3674
1984 2 2 1 25 3609 4512 1314
1985 2 2 1 25 1313 4510 3611
1986 2 2 1 25 3086 3632 3631
1987 2 2 1 25 3076 3077 130
1988 2 2 1 25 1611 3505 3094
1989 2 2 1 25 3657 4142 3656
1990 2 2 1 25 1274 3650 3144
1991 2 2 1 25 1984 4474 3262
1992 2 2 1 25 2705 2708 2657
1993 2 2 1 25 653 4481 88
1994 2 2 1 25 91 4481 653
1995 2 2 1 25 4239 4457 2241
1996 2 2 1 25 3506 4088 2822
1997 2 2 1 25 2824 4087 3507
1998 2 2 1 25 1205 4258 3335
1999 2 2 1 25 3333 4257 1204
2000 2 2 1 25 1104 4141 3327
2001 2 2 1 25 2517 4708 3078
2002 2 2 1 25 158 3965 3081
2003 2 2 1 25 2928 3683 1725
2004 2 2 1 25 2454 4362 3901
2005 2 2 1 25 1796 2296 2223
2006 2 2 1 25 3176 3963 2502
2007 2 2 1 25 3240 4338 923
2008 2 2 1 25 3186 3187 190
2009 2 2 1 25 1735 3695 3195
2010 2 2 1 25 1084 3604 1195
2011 2 2 1 25 3078 4519 3079
2012 2 2 1 25 3521 3778 3777
2013 2 2 1 25 1832 3304 2256
2014 2 2 1 25 2257 3302 1831
2015 2 2 1 25 3215 3431 2414
2016 2 2 1 25 2803 3852 2205
2017 2 2 1 25 1316 2852 2847
2018 2 2 1 25 2464 2854 127
2019 2 2 1 25 2517 3076 129
2020 2 2 1 25 163 2856 2519
2021 2 2 1 25 2518 2864 135
2022 2 2 1 25 2510 2861 150
2023 2 2 1 25 2514 2860 140
2024 2 2 1 25 2513 2862 145
2025 2 2 1 25 161 2859 2481
2026 2 2 1 25 165 2866 2480
2027 2 2 1 25 2480 2863 166
2028 2 2 1 25 2509 2868 155
2029 2 2 1 25 2763 4714 2835
2030 2 2 1 25 2680 3124 2681
2031 2 2 1 25 3059 4415 2733
2032 2 2 1 25 3485 3486 1525
2033 2 2 1 25 1846 3897 3896
2034 2 2 1 25 2250 4172 3007
2035 2 2 1 25 110 3265 2664
2036 2 2 1 25 4284 4354 2079
2037 2 2 1 25 659 3794 935
2038 2 2 1 25 3123 4057 3124
2039 2 2 1 25 3188 3189 3187
2040 2 2 1 25 3189 3581 1623
2041 2 2 1 25 3713 4440 2764
2042 2 2 1 25 2235 4265 3604
2043 2 2 1 25 1096 3914 1160
2044 2 2 1 25 3035 4242 2720
2045 2 2 1 25 996 3837 3140
2046 2 2 1 25 3836 3839 3670
2047 2 2 1 25 2708 4549 2930
2048 2 2 1 25 2115 3145 2601
2049 2 2 1 25 2845 3872 2846
2050 2 2 1 25 2909 3871 2003
2051 2 2 1 25 2002 3870 2911
2052 2 2 1 25 1700 3517 2927
2053 2 2 1 25 2926 3520 1699
2054 2 2 1 25 2506 3214 3052
2055 2 2 1 25 3160 3304 2072
2056 2 2 1 25 2071 3302 3158
2057 2 2 1 25 2308 3475 2310
2058 2 2 1 25 2987 3790 2443
2059 2 2 1 25 2444 3791 2986
2060 2 2 1 25 2666 4614 2850
2061 2 2 1 25 2736 3843 3199
2062 2 2 1 25 2739 3844 3200
2063 2 2 1 25 2737 3854 3235
2064 2 2 1 25 3236 3853 2738
2065 2 2 1 25 3264 3824 1146
2066 2 2 1 25 3491 4306 3794
2067 2 2 1 25 3183 3185 3184
2068 2 2 1 25 934 3793 265
2069 2 2 1 25 4349 4519 3689
2070 2 2 1 25 2511 3301 3158
2071 2 2 1 25 3052 3788 2506
2072 2 2 1 25 3160 3303 2512
2073 2 2 1 25 3486 3632 3103
2074 2 2 1 25 2011 4115 3577
2075 2 2 1 25 3578 4116 2013
2076 2 2 1 25 2964 2982 2966
2077 2 2 1 25 3701 4424 3080
2078 2 2 1 25 2161 4727 2159
2079 2 2 1 25 3105 3106 2020
2080 2 2 1 25 2922 4667 2878
2081 2 2 1 25 2876 4666 2920
2082 2 2 1 25 2201 3980 2917
2083 2 2 1 25 2854 2886 2855
2084 2 2 1 25 2308 2310 2309
2085 2 2 1 25 2930 3644 2708
2086 2 2 1 25 552 422 421
2087 2 2 1 25 236 335 334
2088 2 2 1 25 3191 4215 2640
2089 2 2 1 25 552 421 553
2090 2 2 1 25 235 335 236
2091 2 2 1 25 2798 2837 2062
2092 2 2 1 25 41 3003 2660
2093 2 2 1 25 2659 3001 74
2094 2 2 1 25 3974 4082 2797
2095 2 2 1 25 1636 4529 2795
2096 2 2 1 25 3107 3162 1474
2097 2 2 1 25 1473 3164 3108
2098 2 2 1 25 2795 4574 1636
2099 2 2 1 25 2736 3199 1836
2100 2 2 1 25 2737 3235 1937
2101 2 2 1 25 1939 3236 2738
2102 2 2 1 25 2739 3200 1624
2103 2 2 1 25 3240 4062 2978
2104 2 2 1 25 3955 4361 1616
2105 2 2 1 25 1094 3943 2204
2106 2 2 1 25 193 3093 192
2107 2 2 1 25 103 3094 102
2108 2 2 1 25 3080 4349 1767
2109 2 2 1 25 2217 3087 2705
2110 2 2 1 25 2751 3579 2555
2111 2 2 1 25 2934 4600 3603
2112 2 2 1 25 2455 4318 3177
2113 2 2 1 25 3252 3828 1783
2114 2 2 1 25 4302 4424 3723
2115 2 2 1 25 2058 4047 3170
2116 2 2 1 25 3124 4037 4036
2117 2 2 1 25 3762 4734 3531
2118 2 2 1 25 3369 3792 1588
2119 2 2 1 25 4018 4245 2882
2120 2 2 1 25 2337 4175 3873
2121 2 2 1 25 2205 3914 1096
2122 2 2 1 25 3045 4211 3751
2123 2 2 1 25 1741 3755 3174
2124 2 2 1 25 3081 3083 3082
2125 2 2 1 25 2054 2056 2055
2126 2 2 1 25 118 3067 1316
2127 2 2 1 25 2966 3674 2968
2128 2 2 1 25 2945 3955 2943
2129 2 2 1 25 1955 3991 3144
2130 2 2 1 25 2060 2061 2059
2131 2 2 1 25 3238 4268 4229
2132 2 2 1 25 4192 4396 2779
2133 2 2 1 25 1314 4512 3093
2134 2 2 1 25 2962 3243 2964
2135 2 2 1 25 3094 4510 1313
2136 2 2 1 25 1588 3880 3369
2137 2 2 1 25 2016 3602 3084
2138 2 2 1 25 2675 4695 3607
2139 2 2 1 25 1106 3638 1439
2140 2 2 1 25 1170 3639 1220
2141 2 2 1 25 2037 4601 2988
2142 2 2 1 25 2452 4092 2999
2143 2 2 1 25 4154 4218 2755
2144 2 2 1 25 2815 4129 2985
2145 2 2 1 25 2984 4128 2808
2146 2 2 1 25 3216 3217 2455
2147 2 2 1 25 3208 3209 2463
2148 2 2 1 25 2675 3607 3473
2149 2 2 1 25 643 3902 644
2150 2 2 1 25 3007 4581 2250
2151 2 2 1 25 1910 3596 3563
2152 2 2 1 25 4431 4561 1905
2153 2 2 1 25 1909 4562 4430
2154 2 2 1 25 2500 4228 2502
2155 2 2 1 25 3069 4465 2002
2156 2 2 1 25 3714 4449 3145
2157 2 2 1 25 2755 4218 3138
2158 2 2 1 25 1956 3266 1336
2159 2 2 1 25 1622 4681 3291
2160 2 2 1 25 2003 4461 3070
2161 2 2 1 25 1416 3511 1194
2162 2 2 1 25 3243 4333 2964
2163 2 2 1 25 176 2845 1317
2164 2 2 1 25 3547 4108 4084
2165 2 2 1 25 2733 3199 3059
2166 2 2 1 25 2714 2715 1702
2167 2 2 1 25 1701 2718 2717
2168 2 2 1 25 4187 4325 2693
2169 2 2 1 25 1775 4122 2786
2170 2 2 1 25 1128 3634 1004
2171 2 2 1 25 1003 3633 1130
2172 2 2 1 25 1120 2905 1676
2173 2 2 1 25 1902 2906 1904
2174 2 2 1 25 1456 3636 951
2175 2 2 1 25 952 3635 1458
2176 2 2 1 25 4037 4057 2188
2177 2 2 1 25 2109 4470 3663
2178 2 2 1 25 1655 3125 1796
2179 2 2 1 25 2426 4601 2991
2180 2 2 1 25 1366 1682 1364
2181 2 2 1 25 130 3077 131
2182 2 2 1 25 2248 3204 3061
2183 2 2 1 25 2529 3171 3170
2184 2 2 1 25 3606 4008 1815
2185 2 2 1 25 3243 3709 924
2186 2 2 1 25 3156 3752 1746
2187 2 2 1 25 2110 4636 4183
2188 2 2 1 25 2726 4261 3036
2189 2 2 1 25 2743 4146 3101
2190 2 2 1 25 2725 3247 3054
2191 2 2 1 25 2863 2903 2870
2192 2 2 1 25 3567 4455 3566
2193 2 2 1 25 3568 4456 3569
2194 2 2 1 25 3109 3110 1609
2195 2 2 1 25 3033 4181 3715
2196 2 2 1 25 2232 3876 3523
2197 2 2 1 25 2313 3819 2311
2198 2 2 1 25 3587 3950 2668
2199 2 2 1 25 2970 3620 3588
2200 2 2 1 25 2874 3492 2947
2201 2 2 1 25 2204 3942 2804
2202 2 2 1 25 2685 3253 1882
2203 2 2 1 25 2508 3062 168
2204 2 2 1 25 100 1474 99
2205 2 2 1 25 196 1473 195
2206 2 2 1 25 2873 2907 2859
2207 2 2 1 25 2245 3614 2890
2208 2 2 1 25 1622 3274 3185
2209 2 2 1 25 1709 3090 3006
2210 2 2 1 25 3178 3292 2515
2211 2 2 1 25 3653 4616 4313
2212 2 2 1 25 3103 3632 3086
2213 2 2 1 25 3200 3522 1791
2214 2 2 1 25 2640 4078 3191
2215 2 2 1 25 237 334 333
2216 2 2 1 25 551 423 422
2217 2 2 1 25 236 334 237
2218 2 2 1 25 551 422 552
2219 2 2 1 25 2642 2853 1042
2220 2 2 1 25 2643 2644 990
2221 2 2 1 25 1696 2741 2740
2222 2 2 1 25 2742 2743 1697
2223 2 2 1 25 2645 2731 1147
2224 2 2 1 25 2933 3625 1642
2225 2 2 1 25 2288 3502 2100
2226 2 2 1 25 2745 4435 2494
2227 2 2 1 25 1608 3113 3112
2228 2 2 1 25 3580 4086 3903
2229 2 2 1 25 102 3094 1313
2230 2 2 1 25 1314 3093 193
2231 2 2 1 25 1421 1984 1511
2232 2 2 1 25 2534 4605 3493
2233 2 2 1 25 2051 3614 2245
2234 2 2 1 25 1679 4296 1494
2235 2 2 1 25 1502 4297 1674
2236 2 2 1 25 2660 3002 41
2237 2 2 1 25 74 3000 2659
2238 2 2 1 25 3027 4588 2482
2239 2 2 1 25 2483 4589 3028
2240 2 2 1 25 122 3279 123
2241 2 2 1 25 107 1622 106
2242 2 2 1 25 189 1623 188
2243 2 2 1 25 3158 3301 3159
2244 2 2 1 25 3161 3303 3160
2245 2 2 1 25 2403 3525 2894
2246 2 2 1 25 2895 3526 2402
2247 2 2 1 25 3689 4519 1768
2248 2 2 1 25 2938 3068 2940
2249 2 2 1 25 1747 3752 3156
2250 2 2 1 25 1876 3407 3169
2251 2 2 1 25 1682 4622 2892
2252 2 2 1 25 192 1610 191
2253 2 2 1 25 104 1611 103
2254 2 2 1 25 3023 4145 3729
2255 2 2 1 25 2131 4505 2133
2256 2 2 1 25 3705 4722 3527
2257 2 2 1 25 3601 3915 2746
2258 2 2 1 25 2232 3523 3514
2259 2 2 1 25 2056 2160 2159
2260 2 2 1 25 3083 4118 3780
2261 2 2 1 25 2394 3621 2000
2262 2 2 1 25 2872 4017 2492
2263 2 2 1 25 156 2479 157
2264 2 2 1 25 161 2481 162
2265 2 2 1 25 163 2519 164
2266 2 2 1 25 165 2480 166
2267 2 2 1 25 128 2517 129
2268 2 2 1 25 141 2466 142
2269 2 2 1 25 158 3081 159
2270 2 2 1 25 159 2507 160
2271 2 2 1 25 167 2508 168
2272 2 2 1 25 154 2509 155
2273 2 2 1 25 131 2460 132
2274 2 2 1 25 136 2462 137
2275 2 2 1 25 139 2514 140
2276 2 2 1 25 144 2513 145
2277 2 2 1 25 146 2471 147
2278 2 2 1 25 149 2510 150
2279 2 2 1 25 151 2476 152
2280 2 2 1 25 126 2464 127
2281 2 2 1 25 134 2518 135
2282 2 2 1 25 2131 2132 2061
2283 2 2 1 25 2572 3544 2023
2284 2 2 1 25 2026 3545 2573
2285 2 2 1 25 2003 4176 2909
2286 2 2 1 25 2911 4177 2002
2287 2 2 1 25 4296 4396 1494
2288 2 2 1 25 3153 3938 3274
2289 2 2 1 25 1146 3711 3264
2290 2 2 1 25 2299 2947 2935
2291 2 2 1 25 2705 4549 2708
2292 2 2 1 25 3263 4049 1984
2293 2 2 1 25 3439 3637 2972
2294 2 2 1 25 3199 3843 2327
2295 2 2 1 25 3200 3844 2484
2296 2 2 1 25 3653 3962 3654
2297 2 2 1 25 3686 3717 1765
2298 2 2 1 25 2567 3662 2568
2299 2 2 1 25 2571 3661 2570
2300 2 2 1 25 3491 3794 2175
2301 2 2 1 25 101 3107 100
2302 2 2 1 25 195 3108 194
2303 2 2 1 25 3255 3699 1140
2304 2 2 1 25 983 4631 3698
2305 2 2 1 25 3174 3755 1740
2306 2 2 1 25 124 1996 125
2307 2 2 1 25 3674 3743 3620
2308 2 2 1 25 2086 3059 2038
2309 2 2 1 25 2499 4125 2753
2310 2 2 1 25 1746 4138 3156
2311 2 2 1 25 3011 4202 3753
2312 2 2 1 25 1913 2628 5
2313 2 2 1 25 1915 2654 58
2314 2 2 1 25 3505 3623 2674
2315 2 2 1 25 550 424 423
2316 2 2 1 25 238 333 332
2317 2 2 1 25 2034 4371 2985
2318 2 2 1 25 2984 4370 2033
2319 2 2 1 25 2865 2996 2462
2320 2 2 1 25 3038 4400 1840
2321 2 2 1 25 1852 4399 3039
2322 2 2 1 25 105 3182 104
2323 2 2 1 25 3067 4401 1316
2324 2 2 1 25 176 1317 177
2325 2 2 1 25 118 1316 119
2326 2 2 1 25 3056 3690 1719
2327 2 2 1 25 316 3599 965
2328 2 2 1 25 612 3598 956
2329 2 2 1 25 607 3597 1813
2330 2 2 1 25 2771 4490 3598
2331 2 2 1 25 1705 4071 2805
2332 2 2 1 25 550 423 551
2333 2 2 1 25 237 333 238
2334 2 2 1 25 1263 3115 2931
2335 2 2 1 25 3617 4042 3009
2336 2 2 1 25 3008 4041 3616
2337 2 2 1 25 1502 4330 4297
2338 2 2 1 25 2935 2936 2300
2339 2 2 1 25 3586 4032 2684
2340 2 2 1 25 2782 3197 1985
2341 2 2 1 25 61 2736 1099
2342 2 2 1 25 60 2267 1527
2343 2 2 1 25 1098 2840 10
2344 2 2 1 25 1534 2843 24
2345 2 2 1 25 83 2842 1535
2346 2 2 1 25 81 2249 2111
2347 2 2 1 25 18 2272 1014
2348 2 2 1 25 1265 2841 68
2349 2 2 1 25 19 2739 1264
2350 2 2 1 25 89 2251 1123
2351 2 2 1 25 1235 2738 22
2352 2 2 1 25 65 2737 1234
2353 2 2 1 25 2986 3791 2064
2354 2 2 1 25 2063 3790 2987
2355 2 2 1 25 2975 3240 2978
2356 2 2 1 25 2932 3117 1268
2357 2 2 1 25 102 1313 101
2358 2 2 1 25 194 1314 193
2359 2 2 1 25 110 2664 109
2360 2 2 1 25 1129 3886 63
2361 2 2 1 25 11 2268 1399
2362 2 2 1 25 1092 3882 27
2363 2 2 1 25 80 3883 1091
2364 2 2 1 25 82 3881 2195
2365 2 2 1 25 2193 3887 25
2366 2 2 1 25 32 2239 1455
2367 2 2 1 25 69 2269 941
2368 2 2 1 25 1675 3888 17
2369 2 2 1 25 1095 3889 21
2370 2 2 1 25 66 3890 1093
2371 2 2 1 25 2494 4435 2135
2372 2 2 1 25 2961 4317 4291
2373 2 2 1 25 2163 4125 2499
2374 2 2 1 25 2677 3150 3149
2375 2 2 1 25 4454 4674 1384
2376 2 2 1 25 2996 4271 3775
2377 2 2 1 25 4371 4486 3815
2378 2 2 1 25 3872 4547 2846
2379 2 2 1 25 1621 4521 2902
2380 2 2 1 25 125 2897 126
2381 2 2 1 25 2871 3011 2466
2382 2 2 1 25 2664 3959 109
2383 2 2 1 25 3169 4186 1876
2384 2 2 1 25 549 425 424
2385 2 2 1 25 239 332 331
2386 2 2 1 25 2689 4034 3589
2387 2 2 1 25 3655 4351 3816
2388 2 2 1 25 3935 4298 3307
2389 2 2 1 25 3528 4492 171
2390 2 2 1 25 3116 4334 3234
2391 2 2 1 25 1657 3201 2787
2392 2 2 1 25 2789 3202 1659
2393 2 2 1 25 115 3549 1280
2394 2 2 1 25 2889 2890 2582
2395 2 2 1 25 2575 4731 2989
2396 2 2 1 25 3789 4155 1804
2397 2 2 1 25 3005 4495 3676
2398 2 2 1 25 2230 4712 3204
2399 2 2 1 25 2086 4415 3059
2400 2 2 1 25 1753 3749 3192
2401 2 2 1 25 2992 4582 3679
2402 2 2 1 25 3678 4583 2993
2403 2 2 1 25 3020 4061 2450
2404 2 2 1 25 2002 4177 3069
2405 2 2 1 25 3070 4176 2003
2406 2 2 1 25 3195 3695 1734
2407 2 2 1 25 1894 3808 1489
2408 2 2 1 25 1497 3806 1893
2409 2 2 1 25 3145 3281 2601
2410 2 2 1 25 3253 4083 3905
2411 2 2 1 25 3145 4440 3714
2412 2 2 1 25 3004 3272 2073
2413 2 2 1 25 3066 4325 4187
2414 2 2 1 25 2921 3140 3111
2415 2 2 1 25 2450 4341 3020
2416 2 2 1 25 920 3049 621
2417 2 2 1 25 321 3051 921
2418 2 2 1 25 955 3053 310
2419 2 2 1 25 932 3760 3281
2420 2 2 1 25 1985 3197 1168
2421 2 2 1 25 1966 3910 3538
2422 2 2 1 25 2875 3023 2471
2423 2 2 1 25 549 424 550
2424 2 2 1 25 238 332 239
2425 2 2 1 25 2719 3926 3577
2426 2 2 1 25 3578 3927 2716
2427 2 2 1 25 1057 3608 1291
2428 2 2 1 25 2629 2630 2415
2429 2 2 1 25 4241 4384 3928
2430 2 2 1 25 1334 3201 1657
2431 2 2 1 25 1659 3202 1331
2432 2 2 1 25 3021 3512 1315
2433 2 2 1 25 1295 3042 1421
2434 2 2 1 25 4085 4553 3499
2435 2 2 1 25 2981 4500 2976
2436 2 2 1 25 3668 4467 4370
2437 2 2 1 25 4080 4320 2600
2438 2 2 1 25 2917 3980 2696
2439 2 2 1 25 2202 3964 2924
2440 2 2 1 25 2892 4622 4495
2441 2 2 1 25 2846 4547 3928
2442 2 2 1 25 3717 3723 3722
2443 2 2 1 25 2952 3797 2467
2444 2 2 1 25 2469 3799 2950
2445 2 2 1 25 1275 4391 3996
2446 2 2 1 25 3478 3784 3721
2447 2 2 1 25 185 2650 184
2448 2 2 1 25 2880 3033 2476
2449 2 2 1 25 3099 3939 1660
2450 2 2 1 25 1619 3920 3637
2451 2 2 1 25 171 2065 172
2452 2 2 1 25 3151 3892 3150
2453 2 2 1 25 3005 3676 1356
2454 2 2 1 25 3759 4703 3513
2455 2 2 1 25 2601 2602 2277
2456 2 2 1 25 2988 4104 2037
2457 2 2 1 25 2126 3817 2447
2458 2 2 1 25 191 3186 190
2459 2 2 1 25 3072 3231 197
2460 2 2 1 25 98 3232 3073
2461 2 2 1 25 2768 3896 2599
2462 2 2 1 25 2024 3960 2572
2463 2 2 1 25 2109 3098 1867
2464 2 2 1 25 3521 3537 2630
2465 2 2 1 25 3500 4212 3284
2466 2 2 1 25 1740 4152 3174
2467 2 2 1 25 2449 3810 2127
2468 2 2 1 25 100 3107 1474
2469 2 2 1 25 1473 3108 195
2470 2 2 1 25 1660 3417 3099
2471 2 2 1 25 1651 3628 947
2472 2 2 1 25 2000 3621 2001
2473 2 2 1 25 2186 4671 4288
2474 2 2 1 25 4289 4670 2158
2475 2 2 1 25 2881 3045 2479
2476 2 2 1 25 2567 4673 3662
2477 2 2 1 25 3661 4672 2570
2478 2 2 1 25 2310 2311 2309
2479 2 2 1 25 3904 4238 2792
2480 2 2 1 25 178 4188 179
2481 2 2 1 25 1419 3804 3803
2482 2 2 1 25 3801 3802 1417
2483 2 2 1 25 3612 4075 2435
2484 2 2 1 25 2437 4076 3610
2485 2 2 1 25 2280 4094 3875
2486 2 2 1 25 3980 4290 2696
2487 2 2 1 25 3619 4189 3895
2488 2 2 1 25 2837 3621 2869
2489 2 2 1 25 2518 3014 2899
2490 2 2 1 25 2411 4180 2983
2491 2 2 1 25 1582 3396 1586
2492 2 2 1 25 3388 4353 2292
2493 2 2 1 25 4137 4287 1957
2494 2 2 1 25 3020 4341 1797
2495 2 2 1 25 3928 4384 2846
2496 2 2 1 25 1759 3736 3206
2497 2 2 1 25 4125 4569 2753
2498 2 2 1 25 2676 4505 2131
2499 2 2 1 25 1397 2949 305
2500 2 2 1 25 591 2954 1508
2501 2 2 1 25 1507 2953 298
2502 2 2 1 25 598 2951 1398
2503 2 2 1 25 3003 4659 2040
2504 2 2 1 25 2292 4404 3388
2505 2 2 1 25 3241 4603 1142
2506 2 2 1 25 3830 4666 4364
2507 2 2 1 25 4365 4667 3832
2508 2 2 1 25 3144 4466 1955
2509 2 2 1 25 2529 2848 2297
2510 2 2 1 25 2309 3121 2089
2511 2 2 1 25 1395 4128 2984
2512 2 2 1 25 2985 4129 1396
2513 2 2 1 25 4440 4714 2764
2514 2 2 1 25 3570 3886 2019
2515 2 2 1 25 3574 3882 2304
2516 2 2 1 25 2303 3883 3572
2517 2 2 1 25 2556 3888 3533
2518 2 2 1 25 2560 3889 3534
2519 2 2 1 25 3535 3890 2561
2520 2 2 1 25 2809 3862 2813
2521 2 2 1 25 2820 3863 2816
2522 2 2 1 25 2790 2878 2789
2523 2 2 1 25 2787 2876 2788
2524 2 2 1 25 117 3067 118
2525 2 2 1 25 2339 4502 2698
2526 2 2 1 25 2697 4503 2338
2527 2 2 1 25 2514 3025 2904
2528 2 2 1 25 2160 2162 2161
2529 2 2 1 25 2294 3641 3640
2530 2 2 1 25 1802 4372 3054
2531 2 2 1 25 3092 3176 2502
2532 2 2 1 25 3569 4662 2333
2533 2 2 1 25 2331 4661 3567
2534 2 2 1 25 1263 2931 1530
2535 2 2 1 25 3335 3373 3372
2536 2 2 1 25 3370 3371 3333
2537 2 2 1 25 3862 4534 2813
2538 2 2 1 25 2820 4533 3863
2539 2 2 1 25 2693 4347 1958
2540 2 2 1 25 1959 4346 2692
2541 2 2 1 25 3637 3920 2972
2542 2 2 1 25 3007 4172 2851
2543 2 2 1 25 2879 2922 2878
2544 2 2 1 25 2876 2920 2877
2545 2 2 1 25 2133 2134 2132
2546 2 2 1 25 2921 3110 3109
2547 2 2 1 25 1532 2932 1268
2548 2 2 1 25 1502 1674 1672
2549 2 2 1 25 1677 1679 1494
2550 2 2 1 25 2745 4570 4435
2551 2 2 1 25 3601 4287 4137
2552 2 2 1 25 2296 2297 2223
2553 2 2 1 25 2123 4043 2413
2554 2 2 1 25 3390 4343 2694
2555 2 2 1 25 2694 4344 3390
2556 2 2 1 25 2430 3605 3125
2557 2 2 1 25 3111 3837 3815
2558 2 2 1 25 2614 4031 1451
2559 2 2 1 25 4308 4429 3703
2560 2 2 1 25 2054 3152 2056
2561 2 2 1 25 2479 4392 157
2562 2 2 1 25 3161 3250 1289
2563 2 2 1 25 1287 3251 3159
2564 2 2 1 25 2090 2308 2089
2565 2 2 1 25 111 3265 110
2566 2 2 1 25 3663 4246 2491
2567 2 2 1 25 1399 3495 213
2568 2 2 1 25 2513 3031 2908
2569 2 2 1 25 2552 3541 1789
2570 2 2 1 25 185 3248 2650
2571 2 2 1 25 2438 4584 3010
2572 2 2 1 25 175 2845 176
2573 2 2 1 25 2411 3128 2410
2574 2 2 1 25 3938 4402 3274
2575 2 2 1 25 3488 4367 2254
2576 2 2 1 25 3107 4656 3162
2577 2 2 1 25 3164 4657 3108
2578 2 2 1 25 2038 3059 3058
2579 2 2 1 25 2695 3449 3448
2580 2 2 1 25 2609 3056 2106
2581 2 2 1 25 2874 2947 2299
2582 2 2 1 25 3120 4233 2085
2583 2 2 1 25 3567 4300 2331
2584 2 2 1 25 2333 4301 3569
2585 2 2 1 25 2995 3986 3338
2586 2 2 1 25 2279 4192 2779
2587 2 2 1 25 3054 4372 2725
2588 2 2 1 25 3058 3868 2038
2589 2 2 1 25 4114 4487 2019
2590 2 2 1 25 2410 2629 2415
2591 2 2 1 25 3567 4661 4455
2592 2 2 1 25 4456 4662 3569
2593 2 2 1 25 2918 4472 2302
2594 2 2 1 25 3139 4619 3437
2595 2 2 1 25 3519 3648 1974
2596 2 2 1 25 1973 3649 3516
2597 2 2 1 25 1796 4604 2296
2598 2 2 1 25 3872 3958 1945
2599 2 2 1 25 2510 3040 2916
2600 2 2 1 25 2684 4032 3198
2601 2 2 1 25 986 3278 998
2602 2 2 1 25 3564 4115 2011
2603 2 2 1 25 2013 4116 3565
2604 2 2 1 25 3533 3875 2556
2605 2 2 1 25 2467 4176 2952
2606 2 2 1 25 2950 4177 2469
2607 2 2 1 25 1699 4219 2926
2608 2 2 1 25 2927 4220 1700
2609 2 2 1 25 3341 4258 3336
2610 2 2 1 25 3337 4257 3342
2611 2 2 1 25 1822 1823 1532
2612 2 2 1 25 3703 4429 3732
2613 2 2 1 25 1530 1819 1818
2614 2 2 1 25 925 4429 4342
2615 2 2 1 25 3136 4557 2545
2616 2 2 1 25 170 3528 171
2617 2 2 1 25 3770 4689 3504
2618 2 2 1 25 3221 4352 3496
2619 2 2 1 25 1440 3905 2461
2620 2 2 1 25 2087 3900 301
2621 2 2 1 25 588 3064 2039
2622 2 2 1 25 3203 4034 2689
2623 2 2 1 25 2509 3047 2919
2624 2 2 1 25 2411 3166 3128
2625 2 2 1 25 2347 3627 1070
2626 2 2 1 25 1072 3626 2346
2627 2 2 1 25 2529 3170 2848
2628 2 2 1 25 1888 3892 3151
2629 2 2 1 25 2819 3670 3669
2630 2 2 1 25 3666 3667 2812
2631 2 2 1 25 2460 4613 4127
2632 2 2 1 25 3194 4286 1490
2633 2 2 1 25 3167 3407 1879
2634 2 2 1 25 2587 4410 3902
2635 2 2 1 25 2115 2601 2277
2636 2 2 1 25 1140 3713 3255
2637 2 2 1 25 3158 3302 2511
2638 2 2 1 25 2512 3304 3160
2639 2 2 1 25 2 4050 3549
2640 2 2 1 25 127 2854 128
2641 2 2 1 25 162 2856 163
2642 2 2 1 25 166 2863 167
2643 2 2 1 25 164 2866 165
2644 2 2 1 25 160 2859 161
2645 2 2 1 25 135 2864 136
2646 2 2 1 25 145 2862 146
2647 2 2 1 25 150 2861 151
2648 2 2 1 25 140 2860 141
2649 2 2 1 25 155 2868 156
2650 2 2 1 25 129 3076 130
2651 2 2 1 25 2978 2980 2979
2652 2 2 1 25 1070 3627 1162
2653 2 2 1 25 1164 3626 1072
2654 2 2 1 25 1498 4095 1500
2655 2 2 1 25 256 3127 1068
2656 2 2 1 25 270 3126 1259
2657 2 2 1 25 190 3187 189
2658 2 2 1 25 3732 4429 925
2659 2 2 1 25 3623 4735 2674
2660 2 2 1 25 2866 4147 2480
2661 2 2 1 25 3122 4056 3123
2662 2 2 1 25 1802 3130 3129
2663 2 2 1 25 2253 3145 2115
2664 2 2 1 25 3060 3127 2247
2665 2 2 1 25 2989 2990 2575
2666 2 2 1 25 1575 4361 3055
2667 2 2 1 25 1668 4041 3008
2668 2 2 1 25 3009 4042 1669
2669 2 2 1 25 2924 3964 3942
2670 2 2 1 25 2440 3270 941
2671 2 2 1 25 1227 3020 1797
2672 2 2 1 25 106 3183 105
2673 2 2 1 25 3185 4402 4266
2674 2 2 1 25 1882 3253 1537
2675 2 2 1 25 2177 3491 2175
2676 2 2 1 25 2893 3984 2504
2677 2 2 1 25 1366 2328 1682
2678 2 2 1 25 1524 4493 3487
2679 2 2 1 25 2753 4099 94
2680 2 2 1 25 29 4100 2745
2681 2 2 1 25 2452 2999 2998
2682 2 2 1 25 2164 2165 2163
2683 2 2 1 25 1802 3054 1229
2684 2 2 1 25 1987 3498 2782
2685 2 2 1 25 3292 4348 2535
2686 2 2 1 25 1522 3818 3269
2687 2 2 1 25 3698 3771 983
2688 2 2 1 25 3817 4322 2447
2689 2 2 1 25 2135 2137 2136
2690 2 2 1 25 3029 4627 1923
2691 2 2 1 25 1922 4628 3030
2692 2 2 1 25 2923 3252 2922
2693 2 2 1 25 121 2015 122
2694 2 2 1 25 173 2016 174
2695 2 2 1 25 3209 3271 2463
2696 2 2 1 25 2786 4616 1775
2697 2 2 1 25 2449 4321 3810
2698 2 2 1 25 2936 2938 2937
2699 2 2 1 25 2678 3151 2677
2700 2 2 1 25 2975 2978 2976
2701 2 2 1 25 3618 4190 1994
2702 2 2 1 25 3643 3644 1996
2703 2 2 1 25 2580 4511 3322
2704 2 2 1 25 1852 1854 1853
2705 2 2 1 25 1841 1842 1840
2706 2 2 1 25 2502 3963 2503
2707 2 2 1 25 3037 3042 1295
2708 2 2 1 25 1106 3864 3638
2709 2 2 1 25 1170 3869 3639
2710 2 2 1 25 3071 3985 1585
2711 2 2 1 25 3515 3517 1700
2712 2 2 1 25 1699 3520 3518
2713 2 2 1 25 1996 3644 2897
2714 2 2 1 25 2770 3876 2769
2715 2 2 1 25 186 4542 2896
2716 2 2 1 25 2299 2935 2300
2717 2 2 1 25 2938 2940 2939
2718 2 2 1 25 2942 2944 2943
2719 2 2 1 25 2940 2942 2941
2720 2 2 1 25 8 3495 1127
2721 2 2 1 25 175 3084 2845
2722 2 2 1 25 3052 3214 3212
2723 2 2 1 25 2589 3672 2577
2724 2 2 1 25 2579 3673 2588
2725 2 2 1 25 2492 4018 2872
2726 2 2 1 25 1888 3893 3892
2727 2 2 1 25 2250 4581 3126
2728 2 2 1 25 1717 3727 3537
2729 2 2 1 25 4346 4457 2692
2730 2 2 1 25 3585 4273 1957
2731 2 2 1 25 3785 4494 2928
2732 2 2 1 25 4291 4317 1629
2733 2 2 1 25 2696 4290 3205
2734 2 2 1 25 4115 4382 2719
2735 2 2 1 25 2291 3488 2254
2736 2 2 1 25 2718 4058 2717
2737 2 2 1 25 2714 4059 2715
2738 2 2 1 25 3228 3808 1894
2739 2 2 1 25 1893 3806 3226
2740 2 2 1 25 3150 4072 3899
2741 2 2 1 25 3188 4293 3189
2742 2 2 1 25 2954 4124 2955
2743 2 2 1 25 3144 3991 1274
2744 2 2 1 25 3521 3702 1717
2745 2 2 1 25 2973 2975 2974
2746 2 2 1 25 3634 3841 1004
2747 2 2 1 25 1003 3840 3633
2748 2 2 1 25 2631 3842 2840
2749 2 2 1 25 2842 3858 2634
2750 2 2 1 25 1902 3845 2906
2751 2 2 1 25 2636 3846 2841
2752 2 2 1 25 3636 3848 951
2753 2 2 1 25 952 3849 3635
2754 2 2 1 25 2632 3857 2843
2755 2 2 1 25 1120 3847 2905
2756 2 2 1 25 2640 4215 4069
2757 2 2 1 25 2983 4398 2411
2758 2 2 1 25 1585 4089 3071
2759 2 2 1 25 1363 3874 1365
2760 2 2 1 25 1280 4345 3655
2761 2 2 1 25 2704 4474 3042
2762 2 2 1 25 168 3062 169
2763 2 2 1 25 2217 2657 2218
2764 2 2 1 25 2651 4179 2151
2765 2 2 1 25 2179 4178 2844
2766 2 2 1 25 53 2495 1330
2767 2 2 1 25 1333 2496 14
2768 2 2 1 25 3527 3706 1751
2769 2 2 1 25 1524 3487 1117
2770 2 2 1 25 1116 3485 1525
2771 2 2 1 25 2457 3596 1910
2772 2 2 1 25 3546 4394 3547
2773 2 2 1 25 1117 3487 1233
2774 2 2 1 25 1232 3485 1116
2775 2 2 1 25 2272 3940 2274
2776 2 2 1 25 2992 3679 2584
2777 2 2 1 25 2583 3678 2993
2778 2 2 1 25 2381 4575 4220
2779 2 2 1 25 4219 4576 2383
2780 2 2 1 25 1569 4143 3925
2781 2 2 1 25 3185 4266 3184
2782 2 2 1 25 2935 4429 2936
2783 2 2 1 25 1960 4196 3035
2784 2 2 1 25 3036 4197 1961
2785 2 2 1 25 2326 4110 3909
2786 2 2 1 25 158 4392 3965
2787 2 2 1 25 2970 2973 2971
2788 2 2 1 25 3342 4462 3337
2789 2 2 1 25 3336 4463 3341
2790 2 2 1 25 2696 3205 1975
2791 2 2 1 25 1866 4636 2110
2792 2 2 1 25 3556 3679 2067
2793 2 2 1 25 2066 3678 3557
2794 2 2 1 25 179 4188 3258
2795 2 2 1 25 2781 3248 2896
2796 2 2 1 25 1674 2026 1868
2797 2 2 1 25 1869 2023 1679
2798 2 2 1 25 92 2714 980
2799 2 2 1 25 979 2717 31
2800 2 2 1 25 1987 2782 1985
2801 2 2 1 25 2614 4063 4031
2802 2 2 1 25 2602 3698 3492
2803 2 2 1 25 3171 4623 3170
2804 2 2 1 25 2197 4584 3571
2805 2 2 1 25 2973 4109 2975
2806 2 2 1 25 1302 3578 2013
2807 2 2 1 25 2011 3577 1304
2808 2 2 1 25 4086 4493 2649
2809 2 2 1 25 2957 4715 2960
2810 2 2 1 25 2679 4113 3122
2811 2 2 1 25 3159 4610 1287
2812 2 2 1 25 1289 4609 3161
2813 2 2 1 25 3279 3548 123
2814 2 2 1 25 2852 4240 2847
2815 2 2 1 25 3480 3690 3056
2816 2 2 1 25 2683 3198 3120
2817 2 2 1 25 2775 3795 1872
2818 2 2 1 25 2307 4112 3543
2819 2 2 1 25 3125 4184 2430
2820 2 2 1 25 1317 4325 3066
2821 2 2 1 25 1276 3037 1295
2822 2 2 1 25 1290 3788 1077
2823 2 2 1 25 9 4683 3884
2824 2 2 1 25 3885 4682 62
2825 2 2 1 25 2088 2089 1540
2826 2 2 1 25 133 4460 3016
2827 2 2 1 25 2968 2970 2969
2828 2 2 1 25 2886 4206 2855
2829 2 2 1 25 998 3278 1046
2830 2 2 1 25 3136 3935 3278
2831 2 2 1 25 4210 4320 1854
2832 2 2 1 25 3253 3905 1537
2833 2 2 1 25 3143 4139 1780
2834 2 2 1 25 2891 4471 2836
2835 2 2 1 25 1979 2789 1659
2836 2 2 1 25 1657 2787 1977
2837 2 2 1 25 3897 3898 2497
2838 2 2 1 25 2640 4069 2586
2839 2 2 1 25 3469 3576 2372
2840 2 2 1 25 3060 4653 3127
2841 2 2 1 25 2741 3992 2740
2842 2 2 1 25 2742 3993 2743
2843 2 2 1 25 2853 4023 1042
2844 2 2 1 25 2644 3999 990
2845 2 2 1 25 3805 3974 2595
2846 2 2 1 25 1112 1888 1196
2847 2 2 1 25 1198 1887 1109
2848 2 2 1 25 1591 3396 1582
2849 2 2 1 25 1586 3396 1645
2850 2 2 1 25 1850 1852 1851
2851 2 2 1 25 1839 1840 1838
2852 2 2 1 25 2613 4362 2454
2853 2 2 1 25 3493 4624 2998
2854 2 2 1 25 2198 3105 3104
2855 2 2 1 25 3608 4459 1291
2856 2 2 1 25 3277 3959 2664
2857 2 2 1 25 2582 4316 2887
2858 2 2 1 25 3546 4635 4394
2859 2 2 1 25 3473 4721 2675
2860 2 2 1 25 2475 3491 2177
2861 2 2 1 25 112 1966 111
2862 2 2 1 25 2545 4298 3935
2863 2 2 1 25 2809 2813 2811
2864 2 2 1 25 2818 2820 2816
2865 2 2 1 25 2073 4600 2934
2866 2 2 1 25 1481 3542 2611
2867 2 2 1 25 2783 3540 2540
2868 2 2 1 25 1052 3893 1112
2869 2 2 1 25 2966 2968 2967
2870 2 2 1 25 1628 4092 1962
2871 2 2 1 25 4127 4613 3717
2872 2 2 1 25 1291 4459 4334
2873 2 2 1 25 3125 4665 2948
2874 2 2 1 25 1455 2751 1710
2875 2 2 1 25 2269 3622 2271
2876 2 2 1 25 3265 4035 2664
2877 2 2 1 25 3055 4499 1575
2878 2 2 1 25 1931 4033 1929
2879 2 2 1 25 2687 3074 2283
2880 2 2 1 25 1227 1797 1197
2881 2 2 1 25 2858 4643 2519
2882 2 2 1 25 1123 2637 1924
2883 2 2 1 25 3959 4485 109
2884 2 2 1 25 2944 2956 2945
2885 2 2 1 25 107 4681 1622
2886 2 2 1 25 2358 3819 3196
2887 2 2 1 25 3169 3407 3167
2888 2 2 1 25 2288 3587 3502
2889 2 2 1 25 3166 3264 3128
2890 2 2 1 25 2857 4501 2856
2891 2 2 1 25 1994 4153 3618
2892 2 2 1 25 3669 4281 2818
2893 2 2 1 25 2811 4283 3666
2894 2 2 1 25 3113 3114 2923
2895 2 2 1 25 3172 3203 2688
2896 2 2 1 25 3166 3824 3264
2897 2 2 1 25 2664 4035 3277
2898 2 2 1 25 1291 4334 3239
2899 2 2 1 25 3581 4507 3152
2900 2 2 1 25 3750 4109 3588
2901 2 2 1 25 1199 3561 1802
2902 2 2 1 25 2004 2054 1823
2903 2 2 1 25 3198 4032 1626
2904 2 2 1 25 2629 3521 2630
2905 2 2 1 25 2281 3075 2682
2906 2 2 1 25 3667 3668 2812
2907 2 2 1 25 3114 3252 2923
2908 2 2 1 25 1819 2059 2005
2909 2 2 1 25 2947 4342 2935
2910 2 2 1 25 1424 4373 1428
2911 2 2 1 25 2964 2966 2965
2912 2 2 1 25 2630 3142 3141
2913 2 2 1 25 4325 4384 2693
2914 2 2 1 25 134 4538 3015
2915 2 2 1 25 2791 2792 2565
2916 2 2 1 25 3604 4265 3306
2917 2 2 1 25 1506 3244 1878
2918 2 2 1 25 3474 4193 1949
2919 2 2 1 25 3090 4705 3006
2920 2 2 1 25 3095 4212 1797
2921 2 2 1 25 1627 4034 3203
2922 2 2 1 25 3142 3168 3167
2923 2 2 1 25 3364 4093 1970
2924 2 2 1 25 3073 3232 2520
2925 2 2 1 25 2521 3231 3072
2926 2 2 1 25 1635 3246 997
2927 2 2 1 25 999 3245 1634
2928 2 2 1 25 2669 3509 2674
2929 2 2 1 25 2724 3950 3587
2930 2 2 1 25 4078 4090 3266
2931 2 2 1 25 4142 4351 3656
2932 2 2 1 25 1893 3948 1339
2933 2 2 1 25 1337 3949 1894
2934 2 2 1 25 3293 4362 2613
2935 2 2 1 25 2609 3057 3056
2936 2 2 1 25 3554 3944 3908
2937 2 2 1 25 3523 3876 2770
2938 2 2 1 25 2792 3478 2565
2939 2 2 1 25 1930 2126 2036
2940 2 2 1 25 953 4666 3830
2941 2 2 1 25 3832 4667 954
2942 2 2 1 25 3050 4553 4459
2943 2 2 1 25 2882 4453 4018
2944 2 2 1 25 3698 4631 3492
2945 2 2 1 25 1613 4516 4180
2946 2 2 1 25 2962 2964 2963
2947 2 2 1 25 1879 3436 3141
2948 2 2 1 25 1618 3278 986
2949 2 2 1 25 2970 3588 2973
2950 2 2 1 25 2515 4566 3178
2951 2 2 1 25 2035 2127 1926
2952 2 2 1 25 1112 3893 1888
2953 2 2 1 25 2902 4521 2783
2954 2 2 1 25 2853 4386 4326
2955 2 2 1 25 1970 4159 3364
2956 2 2 1 25 2901 3650 2357
2957 2 2 1 25 2960 3242 3241
2958 2 2 1 25 2086 4232 3172
2959 2 2 1 25 171 4492 2065
2960 2 2 1 25 2267 2326 1527
2961 2 2 1 25 2249 2423 2111
2962 2 2 1 25 2272 2274 1014
2963 2 2 1 25 2251 2637 1123
2964 2 2 1 25 984 3730 3613
2965 2 2 1 25 4018 4183 2872
2966 2 2 1 25 2013 3565 2710
2967 2 2 1 25 2709 3564 2011
2968 2 2 1 25 2268 2307 1399
2969 2 2 1 25 2239 2751 1455
2970 2 2 1 25 2269 2271 941
2971 2 2 1 25 2535 4043 3292
2972 2 2 1 25 2258 3234 2427
2973 2 2 1 25 2258 2427 2400
2974 2 2 1 25 177 3066 178
2975 2 2 1 25 1913 3543 2628
2976 2 2 1 25 2980 3824 3166
2977 2 2 1 25 1662 3797 1343
2978 2 2 1 25 1056 3798 1524
2979 2 2 1 25 1345 3799 1663
2980 2 2 1 25 2312 2313 2311
2981 2 2 1 25 1199 1802 1229
2982 2 2 1 25 3377 4697 3344
2983 2 2 1 25 1328 3250 1606
2984 2 2 1 25 1607 3251 1326
2985 2 2 1 25 2771 3598 2057
2986 2 2 1 25 1973 4200 3647
2987 2 2 1 25 2294 3511 3137
2988 2 2 1 25 2751 2765 1710
2989 2 2 1 25 3338 4711 2995
2990 2 2 1 25 2960 2962 2961
2991 2 2 1 25 2943 3955 2946
2992 2 2 1 25 3803 3804 3373
2993 2 2 1 25 3371 3802 3801
2994 2 2 1 25 1229 3054 1267
2995 2 2 1 25 2576 4358 3310
2996 2 2 1 25 3312 4357 2578
2997 2 2 1 25 3124 4036 2681
2998 2 2 1 25 2612 4319 2888
2999 2 2 1 25 2958 3955 2945
3000 2 2 1 25 2856 4501 2858
3001 2 2 1 25 3104 3866 2198
3002 2 2 1 25 2667 3950 3497
3003 2 2 1 25 2611 3908 2612
3004 2 2 1 25 2293 2678 2677
3005 2 2 1 25 2215 4683 9
3006 2 2 1 25 62 4682 2216
3007 2 2 1 25 1262 3020 1227
3008 2 2 1 25 2766 4367 3488
3009 2 2 1 25 3793 4691 2147
3010 2 2 1 25 1915 3909 2654
3011 2 2 1 25 2680 2681 2295
3012 2 2 1 25 2920 4693 2921
3013 2 2 1 25 3416 4637 1601
3014 2 2 1 25 3023 3156 3024
3015 2 2 1 25 3133 3137 3135
3016 2 2 1 25 2338 3255 2764
3017 2 2 1 25 2565 3256 2339
3018 2 2 1 25 3150 3899 3149
3019 2 2 1 25 123 3548 124
3020 2 2 1 25 2149 3490 2473
3021 2 2 1 25 2209 4017 3907
3022 2 2 1 25 2921 4693 3140
3023 2 2 1 25 2675 3482 2673
3024 2 2 1 25 3914 3915 1392
3025 2 2 1 25 2590 4697 3377
3026 2 2 1 25 1962 2452 2451
3027 2 2 1 25 3035 4196 4167
3028 2 2 1 25 430 1476 50
3029 2 2 1 25 49 1475 326
3030 2 2 1 25 51 1719 431
3031 2 2 1 25 2505 4343 3397
3032 2 2 1 25 3244 3282 1878
3033 2 2 1 25 3854 4314 3235
3034 2 2 1 25 3236 4315 3853
3035 2 2 1 25 2832 4567 2756
3036 2 2 1 25 2757 4568 2833
3037 2 2 1 25 3281 3697 2601
3038 2 2 1 25 1975 3205 1830
3039 2 2 1 25 4456 4671 2186
3040 2 2 1 25 2158 4670 4455
3041 2 2 1 25 3478 4238 3784
3042 2 2 1 25 2988 4601 2426
3043 2 2 1 25 2928 4494 2903
3044 2 2 1 25 2155 4735 4079
3045 2 2 1 25 1335 2698 1333
3046 2 2 1 25 1330 2697 1332
3047 2 2 1 25 2903 4101 2870
3048 2 2 1 25 1315 4451 3021
3049 2 2 1 25 3033 3174 3034
3050 2 2 1 25 3087 4044 2705
3051 2 2 1 25 3415 3416 3362
3052 2 2 1 25 2955 4124 3103
3053 2 2 1 25 2787 4364 2876
3054 2 2 1 25 2878 4365 2789
3055 2 2 1 25 2311 2913 2309
3056 2 2 1 25 2310 2312 2311
3057 2 2 1 25 2434 4185 3163
3058 2 2 1 25 2630 3537 3142
3059 2 2 1 25 2447 4322 3524
3060 2 2 1 25 2235 3923 3065
3061 2 2 1 25 1366 3254 2328
3062 2 2 1 25 4070 4447 3067
3063 2 2 1 25 2193 4360 3887
3064 2 2 1 25 3006 4374 3961
3065 2 2 1 25 2658 3548 3279
3066 2 2 1 25 3659 4502 2114
3067 2 2 1 25 2113 4503 3658
3068 2 2 1 25 1412 4653 3060
3069 2 2 1 25 4355 4695 2183
3070 2 2 1 25 2873 4123 2907
3071 2 2 1 25 3530 4321 2449
3072 2 2 1 25 2819 3815 3670
3073 2 2 1 25 2202 2924 2538
3074 2 2 1 25 3011 3192 3012
3075 2 2 1 25 2228 2278 2255
3076 2 2 1 25 2224 3261 3260
3077 2 2 1 25 1439 3638 2197
3078 2 2 1 25 1220 3639 2037
3079 2 2 1 25 2574 2685 1882
3080 2 2 1 25 2960 3241 2962
3081 2 2 1 25 3050 4459 3608
3082 2 2 1 25 2674 4725 3505
3083 2 2 1 25 2519 4728 164
3084 2 2 1 25 4036 4037 1887
3085 2 2 1 25 2814 2815 1292
3086 2 2 1 25 1293 2808 2807
3087 2 2 1 25 1152 3122 3013
3088 2 2 1 25 1408 3542 1410
3089 2 2 1 25 3045 3195 3046
3090 2 2 1 25 1911 3007 2458
3091 2 2 1 25 997 3246 985
3092 2 2 1 25 987 3245 999
3093 2 2 1 25 3657 4111 2053
3094 2 2 1 25 3133 3906 3137
3095 2 2 1 25 3756 4068 1716
3096 2 2 1 25 3741 4603 3242
3097 2 2 1 25 2370 3576 2371
3098 2 2 1 25 2029 3634 1128
3099 2 2 1 25 1130 3633 2030
3100 2 2 1 25 1712 3636 1456
3101 2 2 1 25 1458 3635 1708
3102 2 2 1 25 154 4646 3048
3103 2 2 1 25 1312 3244 1506
3104 2 2 1 25 1311 3178 1416
3105 2 2 1 25 2292 4353 3097
3106 2 2 1 25 3301 4610 3159
3107 2 2 1 25 3161 4609 3303
3108 2 2 1 25 2127 4387 1926
3109 2 2 1 25 3101 4146 2458
3110 2 2 1 25 3008 4685 1668
3111 2 2 1 25 1669 4684 3009
3112 2 2 1 25 1842 4209 3038
3113 2 2 1 25 3039 4210 1854
3114 2 2 1 25 164 4728 2866
3115 2 2 1 25 1380 3553 1378
3116 2 2 1 25 2957 2960 2959
3117 2 2 1 25 1481 2611 1941
3118 2 2 1 25 2864 4520 2865
3119 2 2 1 25 2461 3905 3508
3120 2 2 1 25 2117 3260 2704
3121 2 2 1 25 1274 3677 3650
3122 2 2 1 25 3553 4244 1378
3123 2 2 1 25 3322 3580 2493
3124 2 2 1 25 2968 3620 2970
3125 2 2 1 25 2490 3479 3179
3126 2 2 1 25 1288 3250 1328
3127 2 2 1 25 1326 3251 1286
3128 2 2 1 25 3131 3132 1618
3129 2 2 1 25 3441 4535 2259
3130 2 2 1 25 2287 2288 2100
3131 2 2 1 25 2822 4199 3506
3132 2 2 1 25 3507 4198 2824
3133 2 2 1 25 4369 4472 1487
3134 2 2 1 25 2936 4308 2938
3135 2 2 1 25 3421 4500 2981
3136 2 2 1 25 2886 4427 3782
3137 2 2 1 25 1454 4581 1911
3138 2 2 1 25 3261 3263 3262
3139 2 2 1 25 88 4481 2614
3140 2 2 1 25 2238 4481 91
3141 2 2 1 25 3263 4354 4284
3142 2 2 1 25 3546 3547 1273
3143 2 2 1 25 1655 1796 1695
3144 2 2 1 25 3074 4388 2283
3145 2 2 1 25 1517 3471 1472
3146 2 2 1 25 1471 3472 1516
3147 2 2 1 25 2668 3950 2667
3148 2 2 1 25 3018 3813 2209
3149 2 2 1 25 2210 3811 3019
3150 2 2 1 25 3083 4368 3082
3151 2 2 1 25 2996 3206 2997
3152 2 2 1 25 3789 4247 3500
3153 2 2 1 25 3496 4009 3221
3154 2 2 1 25 3224 4029 2597
3155 2 2 1 25 1734 4118 3195
3156 2 2 1 25 2978 4062 2980
3157 2 2 1 25 3042 4615 2704
3158 2 2 1 25 2860 4527 2871
3159 2 2 1 25 2281 4389 3075
3160 2 2 1 25 3260 3262 2704
3161 2 2 1 25 1185 1522 1276
3162 2 2 1 25 1337 1894 1489
3163 2 2 1 25 1497 1893 1339
3164 2 2 1 25 4180 4516 2983
3165 2 2 1 25 2162 2164 2163
3166 2 2 1 25 2942 4509 2944
3167 2 2 1 25 2111 2769 2336
3168 2 2 1 25 1934 3280 1505
3169 2 2 1 25 3266 4090 2925
3170 2 2 1 25 924 4333 3243
3171 2 2 1 25 2135 2136 2134
3172 2 2 1 25 3903 4086 2649
3173 2 2 1 25 3925 4143 2977
3174 2 2 1 25 2335 3946 2112
3175 2 2 1 25 38 2353 1210
3176 2 2 1 25 1200 2740 86
3177 2 2 1 25 37 2742 1202
3178 2 2 1 25 1955 3002 39
3179 2 2 1 25 36 2368 1147
3180 2 2 1 25 84 3000 1954
3181 2 2 1 25 87 2365 1082
3182 2 2 1 25 85 2359 1042
3183 2 2 1 25 79 2373 990
3184 2 2 1 25 44 2370 991
3185 2 2 1 25 284 3677 1274
3186 2 2 1 25 3140 3837 3111
3187 2 2 1 25 1840 4253 1838
3188 2 2 1 25 1850 4254 1852
3189 2 2 1 25 3196 3819 2313
3190 2 2 1 25 2577 4358 2576
3191 2 2 1 25 2764 4714 2763
3192 2 2 1 25 1496 4273 1498
3193 2 2 1 25 2578 4357 2579
3194 2 2 1 25 1966 3265 111
3195 2 2 1 25 3491 4571 4306
3196 2 2 1 25 2312 2493 2313
3197 2 2 1 25 2023 4213 1679
3198 2 2 1 25 1674 4214 2026
3199 2 2 1 25 2112 3946 2248
3200 2 2 1 25 2847 3922 2915
3201 2 2 1 25 1930 4390 2126
3202 2 2 1 25 960 3512 1651
3203 2 2 1 25 196 3231 1473
3204 2 2 1 25 1474 3232 99
3205 2 2 1 25 2756 4259 2777
3206 2 2 1 25 2776 4260 2757
3207 2 2 1 25 1626 4032 3472
3208 2 2 1 25 2034 4486 4371
3209 2 2 1 25 48 2929 2707
3210 2 2 1 25 3021 3956 3512
3211 2 2 1 25 3471 4034 1627
3212 2 2 1 25 1778 4140 3479
3213 2 2 1 25 4201 4537 3290
3214 2 2 1 25 2862 4532 2875
3215 2 2 1 25 2892 4495 3005
3216 2 2 1 25 2068 2874 2299
3217 2 2 1 25 4164 4169 1850
3218 2 2 1 25 1838 4168 4162
3219 2 2 1 25 2940 4267 2942
3220 2 2 1 25 4420 4677 4152
3221 2 2 1 25 2913 3121 2309
3222 2 2 1 25 2310 2580 2312
3223 2 2 1 25 3620 3724 929
3224 2 2 1 25 172 4126 173
3225 2 2 1 25 2268 4112 2307
3226 2 2 1 25 1854 4320 1856
3227 2 2 1 25 3282 3305 1878
3228 2 2 1 25 3022 3305 3282
3229 2 2 1 25 1305 3860 1696
3230 2 2 1 25 1697 3859 1307
3231 2 2 1 25 3080 4424 4302
3232 2 2 1 25 2900 2901 2357
3233 2 2 1 25 3498 4475 2439
3234 2 2 1 25 3141 3167 1879
3235 2 2 1 25 929 3718 3588
3236 2 2 1 25 3909 4110 2654
3237 2 2 1 25 2241 4457 4346
3238 2 2 1 25 183 1273 182
3239 2 2 1 25 2505 2506 1290
3240 2 2 1 25 1405 2228 1997
3241 2 2 1 25 1465 2227 1409
3242 2 2 1 25 1401 2224 1862
3243 2 2 1 25 2068 2299 1993
3244 2 2 1 25 1370 3273 1504
3245 2 2 1 25 1505 3280 1347
3246 2 2 1 25 2350 3275 2594
3247 2 2 1 25 2259 4292 3441
3248 2 2 1 25 2226 2467 1662
3249 2 2 1 25 1663 2469 2225
3250 2 2 1 25 2352 3276 2882
3251 2 2 1 25 3132 3136 1618
3252 2 2 1 25 3131 3133 3132
3253 2 2 1 25 3619 3895 1995
3254 2 2 1 25 3142 3613 3168
3255 2 2 1 25 3144 3650 2901
3256 2 2 1 25 2079 4354 3600
3257 2 2 1 25 3654 3657 3656
3258 2 2 1 25 2125 4616 3653
3259 2 2 1 25 1620 2990 2989
3260 2 2 1 25 2925 4090 2538
3261 2 2 1 25 3494 4580 1126
3262 2 2 1 25 1522 3037 1276
3263 2 2 1 25 2299 2300 1993
3264 2 2 1 25 4018 4453 2110
3265 2 2 1 25 4229 4268 2607
3266 2 2 1 25 2861 4536 2880
3267 2 2 1 25 3138 4218 1584
3268 2 2 1 25 3282 3306 3022
3269 2 2 1 25 1862 3260 2117
3270 2 2 1 25 1538 3814 2198
3271 2 2 1 25 2882 4245 2069
3272 2 2 1 25 2070 4246 2883
3273 2 2 1 25 1195 3604 3244
3274 2 2 1 25 2649 4493 2900
3275 2 2 1 25 2110 4183 4018
3276 2 2 1 25 3178 4566 1416
3277 2 2 1 25 3291 4681 2794
3278 2 2 1 25 3299 4048 3879
3279 2 2 1 25 124 3548 1996
3280 2 2 1 25 2228 2255 1997
3281 2 2 1 25 2224 3260 1862
3282 2 2 1 25 3133 3134 3132
3283 2 2 1 25 3136 3278 1618
3284 2 2 1 25 2964 4333 2982
3285 2 2 1 25 2826 3579 2239
3286 2 2 1 25 1351 3293 1798
3287 2 2 1 25 1799 3294 1374
3288 2 2 1 25 1436 3295 1669
3289 2 2 1 25 1668 3297 1438
3290 2 2 1 25 1349 3293 1351
3291 2 2 1 25 1374 3294 1372
3292 2 2 1 25 3133 3135 3134
3293 2 2 1 25 1327 3295 1436
3294 2 2 1 25 1438 3297 1329
3295 2 2 1 25 2666 3944 3554
3296 2 2 1 25 2396 3310 3309
3297 2 2 1 25 1634 3312 3311
3298 2 2 1 25 1478 3299 1352
3299 2 2 1 25 1375 3300 1477
3300 2 2 1 25 1017 3311 1062
3301 2 2 1 25 1066 3309 1041
3302 2 2 1 25 1800 3314 1468
3303 2 2 1 25 1469 3313 1801
3304 2 2 1 25 2396 3309 1066
3305 2 2 1 25 1062 3311 2395
3306 2 2 1 25 2592 3314 1800
3307 2 2 1 25 1801 3313 2591
3308 2 2 1 25 1352 3299 1350
3309 2 2 1 25 1373 3300 1375
3310 2 2 1 25 1007 3311 1017
3311 2 2 1 25 1041 3309 1005
3312 2 2 1 25 1468 3314 1435
3313 2 2 1 25 1437 3313 1469
3314 2 2 1 25 3305 3325 1878
3315 2 2 1 25 3307 3329 1046
3316 2 2 1 25 1972 3308 1019
3317 2 2 1 25 2379 3303 2759
3318 2 2 1 25 2377 3301 2511
3319 2 2 1 25 1878 3325 1593
3320 2 2 1 25 1046 3329 1006
3321 2 2 1 25 1019 3308 1008
3322 2 2 1 25 3311 3312 2395
3323 2 2 1 25 1584 3428 3380
3324 2 2 1 25 3465 3468 1553
3325 2 2 1 25 3435 3464 3320
3326 2 2 1 25 1131 3319 1178
3327 2 2 1 25 3380 3428 3379
3328 2 2 1 25 3325 3393 1683
3329 2 2 1 25 1020 3323 2428
3330 2 2 1 25 1355 3316 1705
3331 2 2 1 25 1886 3329 2397
3332 2 2 1 25 3320 3464 3319
3333 2 2 1 25 3317 3318 1133
3334 2 2 1 25 1980 3467 3466
3335 2 2 1 25 1133 3319 1131
3336 2 2 1 25 3305 3393 3325
3337 2 2 1 25 1018 3323 1020
3338 2 2 1 25 1133 3324 3317
3339 2 2 1 25 2397 3329 3307
3340 2 2 1 25 3318 3319 1133
3341 2 2 1 25 3315 3465 1980
3342 2 2 1 25 3466 3467 3320
3343 2 2 1 25 3319 3464 1178
3344 2 2 1 25 1980 3466 3315
3345 2 2 1 25 1353 3316 1355
3346 2 2 1 25 1595 3325 1683
3347 2 2 1 25 1058 3329 1886
3348 2 2 1 25 3315 3468 3465
3349 2 2 1 25 1100 3324 1133
3350 2 2 1 25 1075 3324 1100
3351 2 2 1 25 1075 3326 3324
3352 2 2 1 25 1785 3328 1598
3353 2 2 1 25 3324 3345 3317
3354 2 2 1 25 1889 3331 2107
3355 2 2 1 25 2108 3330 1890
3356 2 2 1 25 3321 3555 1379
3357 2 2 1 25 1065 3326 1075
3358 2 2 1 25 3326 3345 3324
3359 2 2 1 25 2400 3328 1785
3360 2 2 1 25 3318 3320 3319
3361 2 2 1 25 2588 3330 2108
3362 2 2 1 25 2107 3331 2589
3363 2 2 1 25 1377 3321 1379
3364 2 2 1 25 1598 3328 1596
3365 2 2 1 25 1670 3331 1889
3366 2 2 1 25 1890 3330 1671
3367 2 2 1 25 1599 3339 1933
3368 2 2 1 25 3393 3463 1683
3369 2 2 1 25 1061 3323 1018
3370 2 2 1 25 1683 3463 3339
3371 2 2 1 25 1933 3339 2401
3372 2 2 1 25 1597 3339 1599
3373 2 2 1 25 1104 3327 1023
3374 2 2 1 25 1067 3326 1065
3375 2 2 1 25 1023 3327 1021
3376 2 2 1 25 2275 3340 2802
3377 2 2 1 25 1103 3336 1205
3378 2 2 1 25 1204 3337 1101
3379 2 2 1 25 1024 3338 1063
3380 2 2 1 25 2042 3340 2275
3381 2 2 1 25 3334 3335 2653
3382 2 2 1 25 1088 3336 1103
3383 2 2 1 25 1101 3337 1087
3384 2 2 1 25 1022 3338 1024
3385 2 2 1 25 2104 3334 2653
3386 2 2 1 25 2102 3332 2592
3387 2 2 1 25 2006 3343 2656
3388 2 2 1 25 1600 3343 2006
3389 2 2 1 25 2043 3345 3326
3390 2 2 1 25 2105 3341 2578
3391 2 2 1 25 2103 3342 2652
3392 2 2 1 25 2244 3340 2042
3393 2 2 1 25 3365 3462 3359
3394 2 2 1 25 1643 3367 1899
3395 2 2 1 25 3366 3368 2212
3396 2 2 1 25 3365 3366 2212
3397 2 2 1 25 3359 3410 3357
3398 2 2 1 25 1899 3367 2212
3399 2 2 1 25 3355 3461 3353
3400 2 2 1 25 3357 3410 3361
3401 2 2 1 25 3361 3409 3404
3402 2 2 1 25 3317 3345 2399
3403 2 2 1 25 1643 3460 3367
3404 2 2 1 25 1784 3343 1600
3405 2 2 1 25 3359 3462 3410
3406 2 2 1 25 3361 3410 3409
3407 2 2 1 25 2211 3368 2546
3408 2 2 1 25 2212 3368 2211
3409 2 2 1 25 3350 3389 3348
3410 2 2 1 25 3367 3462 3365
3411 2 2 1 25 2212 3367 3365
3412 2 2 1 25 3353 3461 3389
3413 2 2 1 25 3366 3369 3368
3414 2 2 1 25 1025 3344 1104
3415 2 2 1 25 2399 3345 2276
3416 2 2 1 25 3353 3389 3350
3417 2 2 1 25 3348 3389 3378
3418 2 2 1 25 1030 3378 1113
3419 2 2 1 25 1028 3378 1030
3420 2 2 1 25 3375 3377 3376
3421 2 2 1 25 2590 3375 2264
3422 2 2 1 25 3361 3461 3355
3423 2 2 1 25 3346 3378 1028
3424 2 2 1 25 2590 3377 3375
3425 2 2 1 25 3378 3389 1113
3426 2 2 1 25 1026 3346 1028
3427 2 2 1 25 1135 3372 1182
3428 2 2 1 25 2343 3374 2398
3429 2 2 1 25 2264 3375 2044
3430 2 2 1 25 1132 3370 1204
3431 2 2 1 25 3383 3384 3382
3432 2 2 1 25 3404 3461 3361
3433 2 2 1 25 3381 3383 3382
3434 2 2 1 25 1637 3381 1218
3435 2 2 1 25 1837 3385 3384
3436 2 2 1 25 1837 3384 3383
3437 2 2 1 25 1040 3460 1643
3438 2 2 1 25 1885 3400 1641
3439 2 2 1 25 1637 3383 3381
3440 2 2 1 25 2344 3379 2419
3441 2 2 1 25 1218 3381 1180
3442 2 2 1 25 3384 3386 3382
3443 2 2 1 25 1641 3400 1837
3444 2 2 1 25 3097 3400 1885
3445 2 2 1 25 3385 3387 3384
3446 2 2 1 25 3384 3387 3386
3447 2 2 1 25 1837 3400 3385
3448 2 2 1 25 1639 3383 1637
3449 2 2 1 25 1837 3383 1639
3450 2 2 1 25 3385 3388 3387
3451 2 2 1 25 2405 3413 3390
3452 2 2 1 25 1283 3426 2403
3453 2 2 1 25 1898 3392 1033
3454 2 2 1 25 2402 3391 1285
3455 2 2 1 25 2617 3434 2119
3456 2 2 1 25 1285 3391 1284
3457 2 2 1 25 1281 3426 1283
3458 2 2 1 25 1402 3452 1603
3459 2 2 1 25 3414 3434 2617
3460 2 2 1 25 1033 3392 1031
3461 2 2 1 25 1272 3414 1255
3462 2 2 1 25 1319 3402 1321
3463 2 2 1 25 1323 3414 1272
3464 2 2 1 25 2404 3413 2405
3465 2 2 1 25 2547 3458 3451
3466 2 2 1 25 3441 3443 2760
3467 2 2 1 25 3352 3394 3362
3468 2 2 1 25 3430 3446 3438
3469 2 2 1 25 1255 3408 1253
3470 2 2 1 25 1284 3391 1638
3471 2 2 1 25 2031 3397 2130
3472 2 2 1 25 3390 3413 2406
3473 2 2 1 25 2097 3401 1932
3474 2 2 1 25 1271 3427 1320
3475 2 2 1 25 1463 3402 1319
3476 2 2 1 25 1321 3402 2418
3477 2 2 1 25 3423 3455 3445
3478 2 2 1 25 1255 3414 3408
3479 2 2 1 25 1879 3407 1545
3480 2 2 1 25 3399 3403 1981
3481 2 2 1 25 1981 3412 3399
3482 2 2 1 25 3451 3458 2077
3483 2 2 1 25 2712 3393 3305
3484 2 2 1 25 3430 3438 1086
3485 2 2 1 25 2617 3412 3408
3486 2 2 1 25 1545 3407 1543
3487 2 2 1 25 2406 3413 3412
3488 2 2 1 25 1698 3420 1589
3489 2 2 1 25 1035 3425 1898
3490 2 2 1 25 1036 3409 1064
3491 2 2 1 25 1788 3405 2407
3492 2 2 1 25 1470 3398 2404
3493 2 2 1 25 2120 3446 3430
3494 2 2 1 25 1086 3438 1119
3495 2 2 1 25 1278 3403 3398
3496 2 2 1 25 1774 3411 2766
3497 2 2 1 25 2672 3239 3116
3498 2 2 1 25 1037 3425 1035
3499 2 2 1 25 3398 3399 2404
3500 2 2 1 25 3398 3403 3399
3501 2 2 1 25 1897 3419 3406
3502 2 2 1 25 2444 2986 2776
3503 2 2 1 25 1034 3409 1036
3504 2 2 1 25 1615 3405 1788
3505 2 2 1 25 1632 3452 1402
3506 2 2 1 25 1653 1936 1832
3507 2 2 1 25 3352 3362 3354
3508 2 2 1 25 1603 3452 3431
3509 2 2 1 25 1936 2324 2072
3510 2 2 1 25 2122 3401 2516
3511 2 2 1 25 1932 3401 1895
3512 2 2 1 25 2406 3412 2617
3513 2 2 1 25 1557 3421 1613
3514 2 2 1 25 1638 3391 2266
3515 2 2 1 25 1895 2122 1896
3516 2 2 1 25 1897 3406 3405
3517 2 2 1 25 2444 2776 2757
3518 2 2 1 25 1252 1253 1251
3519 2 2 1 25 1324 1393 1323
3520 2 2 1 25 1614 1642 1463
3521 2 2 1 25 1633 1895 1632
3522 2 2 1 25 2414 3431 2412
3523 2 2 1 25 1251 3403 1250
3524 2 2 1 25 1346 3433 1279
3525 2 2 1 25 1321 1324 1323
3526 2 2 1 25 2760 3443 1612
3527 2 2 1 25 2076 3437 1863
3528 2 2 1 25 3409 3410 1064
3529 2 2 1 25 1253 3408 1981
3530 2 2 1 25 1278 3398 1294
3531 2 2 1 25 1294 1470 1448
3532 2 2 1 25 1470 2045 1612
3533 2 2 1 25 1774 2459 2408
3534 2 2 1 25 2404 2405 2045
3535 2 2 1 25 2712 3305 3022
3536 2 2 1 25 1880 3432 2080
3537 2 2 1 25 2071 3158 2549
3538 2 2 1 25 1642 3402 1463
3539 2 2 1 25 1559 3421 1557
3540 2 2 1 25 1589 3420 1590
3541 2 2 1 25 1653 1832 1828
3542 2 2 1 25 1831 1935 1654
3543 2 2 1 25 1119 3438 1252
3544 2 2 1 25 3404 3409 1034
3545 2 2 1 25 1402 1602 1393
3546 2 2 1 25 1543 3407 1876
3547 2 2 1 25 1803 1880 1698
3548 2 2 1 25 2115 2277 1885
3549 2 2 1 25 2277 3097 1885
3550 2 2 1 25 1983 2096 1932
3551 2 2 1 25 3358 3360 3359
3552 2 2 1 25 1254 3427 1271
3553 2 2 1 25 1271 1320 1319
3554 2 2 1 25 1615 1787 1786
3555 2 2 1 25 1644 3422 2120
3556 2 2 1 25 3408 3412 1981
3557 2 2 1 25 2549 3154 2322
3558 2 2 1 25 1510 3435 1544
3559 2 2 1 25 3424 3425 1037
3560 2 2 1 25 1320 3427 1897
3561 2 2 1 25 2080 3420 1698
3562 2 2 1 25 2032 3397 2031
3563 2 2 1 25 2071 2549 2322
3564 2 2 1 25 2711 2713 2647
3565 2 2 1 25 2712 3021 2711
3566 2 2 1 25 3352 3353 3350
3567 2 2 1 25 1039 3424 1037
3568 2 2 1 25 1542 2265 1509
3569 2 2 1 25 1550 1552 1551
3570 2 2 1 25 1551 3418 2409
3571 2 2 1 25 1580 1591 1582
3572 2 2 1 25 2618 3422 1982
3573 2 2 1 25 1032 3404 1034
3574 2 2 1 25 2548 3160 2072
3575 2 2 1 25 2122 2516 2515
3576 2 2 1 25 2755 3138 2616
3577 2 2 1 25 2192 2995 2994
3578 2 2 1 25 2459 2619 2408
3579 2 2 1 25 1250 1260 1118
3580 2 2 1 25 1271 1319 1272
3581 2 2 1 25 1464 1614 1463
3582 2 2 1 25 1572 1573 1571
3583 2 2 1 25 1576 1577 1575
3584 2 2 1 25 1578 1579 1577
3585 2 2 1 25 1580 3415 1591
3586 2 2 1 25 1586 1587 1583
3587 2 2 1 25 1583 3417 1660
3588 2 2 1 25 1880 2080 1698
3589 2 2 1 25 1773 3411 1774
3590 2 2 1 25 2385 2443 2257
3591 2 2 1 25 2324 3155 2548
3592 2 2 1 25 3354 3356 3355
3593 2 2 1 25 1981 3403 1251
3594 2 2 1 25 1510 1543 1542
3595 2 2 1 25 1544 1545 1543
3596 2 2 1 25 1546 1548 1547
3597 2 2 1 25 1554 1555 1552
3598 2 2 1 25 1556 1557 1555
3599 2 2 1 25 1560 1561 1559
3600 2 2 1 25 1617 3421 1559
3601 2 2 1 25 1564 1566 1565
3602 2 2 1 25 2191 3432 1880
3603 2 2 1 25 1895 3401 2122
3604 2 2 1 25 2211 2546 2417
3605 2 2 1 25 2256 2444 2386
3606 2 2 1 25 2409 2411 2410
3607 2 2 1 25 1320 1897 1464
3608 2 2 1 25 1543 1876 1542
3609 2 2 1 25 1561 1617 1559
3610 2 2 1 25 1566 1588 1568
3611 2 2 1 25 1936 2072 1832
3612 2 2 1 25 1877 2115 1885
3613 2 2 1 25 3447 3451 2077
3614 2 2 1 25 2546 2721 2547
3615 2 2 1 25 3358 3363 3360
3616 2 2 1 25 1034 1035 1033
3617 2 2 1 25 1035 1898 1033
3618 2 2 1 25 1036 1037 1035
3619 2 2 1 25 1038 1039 1037
3620 2 2 1 25 1040 1078 1039
3621 2 2 1 25 1085 3424 1039
3622 2 2 1 25 1078 1086 1085
3623 2 2 1 25 2416 3427 1254
3624 2 2 1 25 1470 2404 2045
3625 2 2 1 25 1581 3429 1579
3626 2 2 1 25 1615 1788 1787
3627 2 2 1 25 1982 3422 1644
3628 2 2 1 25 1788 1864 1863
3629 2 2 1 25 1864 2077 2076
3630 2 2 1 25 2417 2618 1982
3631 2 2 1 25 3405 3406 2407
3632 2 2 1 25 3138 3139 2616
3633 2 2 1 25 1323 3434 3414
3634 2 2 1 25 1553 1554 1552
3635 2 2 1 25 1558 1560 1559
3636 2 2 1 25 1573 1629 1571
3637 2 2 1 25 1579 1616 1577
3638 2 2 1 25 1578 3415 1580
3639 2 2 1 25 1583 1660 1581
3640 2 2 1 25 1660 3429 1581
3641 2 2 1 25 1587 3417 1583
3642 2 2 1 25 1586 1645 1589
3643 2 2 1 25 1661 3417 1587
3644 2 2 1 25 2119 3434 1602
3645 2 2 1 25 1895 1896 1632
3646 2 2 1 25 1645 1803 1698
3647 2 2 1 25 2616 3437 2076
3648 2 2 1 25 2406 2617 2119
3649 2 2 1 25 1419 1653 1420
3650 2 2 1 25 1470 1612 1448
3651 2 2 1 25 1613 3418 1555
3652 2 2 1 25 1570 1646 1572
3653 2 2 1 25 1604 1773 1605
3654 2 2 1 25 1969 2192 2191
3655 2 2 1 25 3351 3394 3352
3656 2 2 1 25 3356 3358 3357
3657 2 2 1 25 3360 3366 3365
3658 2 2 1 25 1031 3392 1126
3659 2 2 1 25 1320 1463 1319
3660 2 2 1 25 1321 2418 1324
3661 2 2 1 25 1551 1875 1549
3662 2 2 1 25 1562 1564 1563
3663 2 2 1 25 1570 1572 1571
3664 2 2 1 25 1774 2408 1605
3665 2 2 1 25 2045 2285 1612
3666 2 2 1 25 1118 3440 1085
3667 2 2 1 25 1253 1981 1251
3668 2 2 1 25 1321 1323 1272
3669 2 2 1 25 1278 1294 1279
3670 2 2 1 25 1394 1402 1393
3671 2 2 1 25 1586 1589 1587
3672 2 2 1 25 1645 1698 1589
3673 2 2 1 25 1781 1993 1661
3674 2 2 1 25 1788 2407 1864
3675 2 2 1 25 2410 2415 1875
3676 2 2 1 25 2123 2413 2412
3677 2 2 1 25 1279 3433 2121
3678 2 2 1 25 1547 1879 1545
3679 2 2 1 25 1554 1584 1556
3680 2 2 1 25 1574 1576 1575
3681 2 2 1 25 1578 1580 1579
3682 2 2 1 25 1579 3429 1616
3683 2 2 1 25 1638 1639 1637
3684 2 2 1 25 1877 1885 1641
3685 2 2 1 25 1774 2766 2459
3686 2 2 1 25 1781 2068 1993
3687 2 2 1 25 1788 1863 1787
3688 2 2 1 25 1864 2076 1863
3689 2 2 1 25 2031 2130 2119
3690 2 2 1 25 2385 2832 2756
3691 2 2 1 25 2721 3071 2547
3692 2 2 1 25 3352 3354 3353
3693 2 2 1 25 1546 1547 1545
3694 2 2 1 25 1548 1549 1547
3695 2 2 1 25 1550 1551 1549
3696 2 2 1 25 1552 3418 1551
3697 2 2 1 25 1551 2409 1875
3698 2 2 1 25 1568 1570 1569
3699 2 2 1 25 1590 1781 1661
3700 2 2 1 25 1638 2266 1640
3701 2 2 1 25 1641 1837 1639
3702 2 2 1 25 2648 2712 2711
3703 2 2 1 25 2712 3022 3021
3704 2 2 1 25 3351 3352 3350
3705 2 2 1 25 1252 2416 1254
3706 2 2 1 25 1282 1509 1281
3707 2 2 1 25 1402 1603 1602
3708 2 2 1 25 1544 1546 1545
3709 2 2 1 25 1546 1980 1548
3710 2 2 1 25 1547 3436 1879
3711 2 2 1 25 1550 1553 1552
3712 2 2 1 25 1560 1585 1562
3713 2 2 1 25 1580 1582 1581
3714 2 2 1 25 1899 1982 1644
3715 2 2 1 25 2233 2234 1773
3716 2 2 1 25 2324 2548 2072
3717 2 2 1 25 2564 2648 2647
3718 2 2 1 25 1034 1036 1035
3719 2 2 1 25 1038 1040 1039
3720 2 2 1 25 1078 1085 1039
3721 2 2 1 25 1119 1250 1118
3722 2 2 1 25 1252 1254 1253
3723 2 2 1 25 1282 3435 1510
3724 2 2 1 25 1448 1604 1346
3725 2 2 1 25 1554 1556 1555
3726 2 2 1 25 1556 1558 1557
3727 2 2 1 25 1566 1568 1567
3728 2 2 1 25 1572 1574 1573
3729 2 2 1 25 1574 1601 1576
3730 2 2 1 25 1590 1661 1587
3731 2 2 1 25 1633 1932 1895
3732 2 2 1 25 1640 1877 1641
3733 2 2 1 25 1863 3437 1865
3734 2 2 1 25 2211 2417 1982
3735 2 2 1 25 2192 2994 2728
3736 2 2 1 25 2672 3116 2234
3737 2 2 1 25 2546 2547 2417
3738 2 2 1 25 2615 2755 2616
3739 2 2 1 25 3445 3455 3425
3740 2 2 1 25 1036 1038 1037
3741 2 2 1 25 1294 1448 1346
3742 2 2 1 25 1320 1464 1463
3743 2 2 1 25 1464 1615 1614
3744 2 2 1 25 2285 2760 1612
3745 2 2 1 25 2619 3423 2408
3746 2 2 1 25 2648 2711 2647
3747 2 2 1 25 3354 3355 3353
3748 2 2 1 25 1036 1064 1038
3749 2 2 1 25 1040 1097 1078
3750 2 2 1 25 1040 1643 1097
3751 2 2 1 25 1419 1420 1285
3752 2 2 1 25 1418 1654 1417
3753 2 2 1 25 1653 1828 1420
3754 2 2 1 25 1567 1619 1565
3755 2 2 1 25 1827 1831 1654
3756 2 2 1 25 1831 2071 1935
3757 2 2 1 25 2121 3433 3423
3758 2 2 1 25 2729 3432 2191
3759 2 2 1 25 2233 2672 2234
3760 2 2 1 25 2233 3443 3441
3761 2 2 1 25 2548 3161 3160
3762 2 2 1 25 3356 3357 3355
3763 2 2 1 25 3358 3359 3357
3764 2 2 1 25 1032 1034 1033
3765 2 2 1 25 1283 1418 1417
3766 2 2 1 25 1897 3405 1464
3767 2 2 1 25 1555 3418 1552
3768 2 2 1 25 1863 1865 1787
3769 2 2 1 25 1936 2325 2324
3770 2 2 1 25 2192 2728 2191
3771 2 2 1 25 2728 2795 2729
3772 2 2 1 25 3360 3365 3359
3773 2 2 1 25 1643 1644 1097
3774 2 2 1 25 1582 1586 1583
3775 2 2 1 25 1603 2031 1602
3776 2 2 1 25 1827 2385 2257
3777 2 2 1 25 2077 2615 2076
3778 2 2 1 25 2728 2729 2191
3779 2 2 1 25 1030 1113 1032
3780 2 2 1 25 1509 3426 1281
3781 2 2 1 25 1548 1550 1549
3782 2 2 1 25 1557 1613 1555
3783 2 2 1 25 1558 1559 1557
3784 2 2 1 25 1562 1563 1561
3785 2 2 1 25 1564 1565 1563
3786 2 2 1 25 1566 1567 1565
3787 2 2 1 25 1568 1569 1567
3788 2 2 1 25 1570 1571 1569
3789 2 2 1 25 1574 1575 1573
3790 2 2 1 25 1576 1578 1577
3791 2 2 1 25 1580 1581 1579
3792 2 2 1 25 1582 1583 1581
3793 2 2 1 25 1589 1590 1587
3794 2 2 1 25 1603 3431 2032
3795 2 2 1 25 1615 1786 1614
3796 2 2 1 25 1643 1899 1644
3797 2 2 1 25 1803 1970 1969
3798 2 2 1 25 2256 2386 1828
3799 2 2 1 25 1877 2253 2115
3800 2 2 1 25 2096 2097 1932
3801 2 2 1 25 2130 3390 2406
3802 2 2 1 25 1282 1510 1509
3803 2 2 1 25 2409 2410 1875
3804 2 2 1 25 1271 1272 1255
3805 2 2 1 25 1324 1394 1393
3806 2 2 1 25 1464 3405 1615
3807 2 2 1 25 1549 3436 1547
3808 2 2 1 25 2031 2119 1602
3809 2 2 1 25 1781 2292 2068
3810 2 2 1 25 1803 1969 1880
3811 2 2 1 25 1899 2212 2211
3812 2 2 1 25 2130 2406 2119
3813 2 2 1 25 2122 2515 2123
3814 2 2 1 25 1032 1033 1031
3815 2 2 1 25 1086 1119 1118
3816 2 2 1 25 1644 2120 1097
3817 2 2 1 25 1260 3440 1118
3818 2 2 1 25 1119 1251 1250
3819 2 2 1 25 1250 3403 1278
3820 2 2 1 25 1252 3438 2416
3821 2 2 1 25 1254 1255 1253
3822 2 2 1 25 1279 2121 1260
3823 2 2 1 25 1319 1321 1272
3824 2 2 1 25 1283 2403 1418
3825 2 2 1 25 1284 1638 1637
3826 2 2 1 25 1394 1632 1402
3827 2 2 1 25 1560 1562 1561
3828 2 2 1 25 1638 1640 1639
3829 2 2 1 25 2234 3411 1773
3830 2 2 1 25 1827 2257 1831
3831 2 2 1 25 1983 2098 2096
3832 2 2 1 25 2648 3393 2712
3833 2 2 1 25 3357 3361 3355
3834 2 2 1 25 3419 3442 3406
3835 2 2 1 25 1604 1605 1346
3836 2 2 1 25 1510 1542 1509
3837 2 2 1 25 1773 1774 1605
3838 2 2 1 25 1864 3447 2077
3839 2 2 1 25 1899 2211 1982
3840 2 2 1 25 2615 2616 2076
3841 2 2 1 25 3423 3433 2408
3842 2 2 1 25 2459 2661 2619
3843 2 2 1 25 1219 1419 1285
3844 2 2 1 25 2098 2545 2096
3845 2 2 1 25 2233 3441 2672
3846 2 2 1 25 2408 3433 1605
3847 2 2 1 25 1640 1641 1639
3848 2 2 1 25 1969 2191 1880
3849 2 2 1 25 3442 3446 2120
3850 2 2 1 25 2444 2757 2386
3851 2 2 1 25 1510 1544 1543
3852 2 2 1 25 2777 2987 2443
3853 2 2 1 25 1113 3404 1032
3854 2 2 1 25 1254 1271 1255
3855 2 2 1 25 1603 2032 2031
3856 2 2 1 25 2415 3436 1875
3857 2 2 1 25 2122 2123 1896
3858 2 2 1 25 2123 2412 1896
3859 2 2 1 25 2413 2414 2412
3860 2 2 1 25 1119 1252 1251
3861 2 2 1 25 1281 1283 1217
3862 2 2 1 25 1278 1279 1260
3863 2 2 1 25 1563 3439 1561
3864 2 2 1 25 2071 2322 1935
3865 2 2 1 25 2756 2777 2443
3866 2 2 1 25 3419 3446 3442
3867 2 2 1 25 3422 3453 3442
3868 2 2 1 25 1633 1983 1932
3869 2 2 1 25 3139 3437 2616
3870 2 2 1 25 3351 3395 3394
3871 2 2 1 25 1031 1126 1029
3872 2 2 1 25 2385 2756 2443
3873 2 2 1 25 1605 3433 1346
3874 2 2 1 25 1283 1417 1217
3875 2 2 1 25 1294 3398 1470
3876 2 2 1 25 1832 2256 1828
3877 2 2 1 25 3349 3351 3350
3878 2 2 1 25 1294 1346 1279
3879 2 2 1 25 1420 2402 1285
3880 2 2 1 25 2121 3440 1260
3881 2 2 1 25 1554 3428 1584
3882 2 2 1 25 1898 3454 3392
3883 2 2 1 25 2564 2647 2646
3884 2 2 1 25 2661 3454 2619
3885 2 2 1 25 3442 3453 3406
3886 2 2 1 25 1250 1278 1260
3887 2 2 1 25 1418 1827 1654
3888 2 2 1 25 1561 3439 1617
3889 2 2 1 25 2322 2323 1935
3890 2 2 1 25 1085 3440 3424
3891 2 2 1 25 1216 1282 1281
3892 2 2 1 25 1553 3428 1554
3893 2 2 1 25 3419 3427 2416
3894 2 2 1 25 2416 3446 3419
3895 2 2 1 25 1086 1118 1085
3896 2 2 1 25 1875 3436 1549
3897 2 2 1 25 3422 3442 2120
3898 2 2 1 25 1394 1633 1632
3899 2 2 1 25 1604 2233 1773
3900 2 2 1 25 3347 3364 3349
3901 2 2 1 25 3158 3159 2549
3902 2 2 1 25 3408 3414 2617
3903 2 2 1 25 1219 1285 1284
3904 2 2 1 25 3423 3445 2121
3905 2 2 1 25 1030 1032 1031
3906 2 2 1 25 3349 3350 3348
3907 2 2 1 25 1284 1637 1218
3908 2 2 1 25 2265 3426 1509
3909 2 2 1 25 2619 3455 3423
3910 2 2 1 25 1633 3450 1983
3911 2 2 1 25 1897 3427 3419
3912 2 2 1 25 2120 3430 1097
3913 2 2 1 25 2420 3318 3317
3914 2 2 1 25 2386 3457 1828
3915 2 2 1 25 2407 3447 1864
3916 2 2 1 25 1877 3444 2253
3917 2 2 1 25 2757 2833 2386
3918 2 2 1 25 3399 3413 2404
3919 2 2 1 25 3071 3458 2547
3920 2 2 1 25 2618 3453 3422
3921 2 2 1 25 3412 3413 3399
3922 2 2 1 25 2403 3456 1418
3923 2 2 1 25 1640 3444 1877
3924 2 2 1 25 3424 3445 3425
3925 2 2 1 25 1078 3430 1086
3926 2 2 1 25 3438 3446 2416
3927 2 2 1 25 1394 3450 1633
3928 2 2 1 25 1896 3452 1632
3929 2 2 1 25 2266 3444 1640
3930 2 2 1 25 2407 3453 3447
3931 2 2 1 25 1324 3450 1394
3932 2 2 1 25 3406 3453 2407
3933 2 2 1 25 1828 3457 1420
3934 2 2 1 25 1612 3443 1448
3935 2 2 1 25 3425 3455 1898
3936 2 2 1 25 3447 3453 2618
3937 2 2 1 25 1448 3443 1604
3938 2 2 1 25 2618 3451 3447
3939 2 2 1 25 1604 3443 2233
3940 2 2 1 25 2405 3448 2045
3941 2 2 1 25 1097 3430 1078
3942 2 2 1 25 2418 3450 1324
3943 2 2 1 25 2417 3451 2618
3944 2 2 1 25 1420 3457 2402
3945 2 2 1 25 1393 3434 1323
3946 2 2 1 25 2833 3457 2386
3947 2 2 1 25 2077 3458 2615
3948 2 2 1 25 2547 3451 2417
3949 2 2 1 25 3448 3449 2285
3950 2 2 1 25 1827 3456 2385
3951 2 2 1 25 3450 3459 1983
3952 2 2 1 25 1418 3456 1827
3953 2 2 1 25 2418 3459 3450
3954 2 2 1 25 1983 3459 2098
3955 2 2 1 25 2412 3452 1896
3956 2 2 1 25 2121 3445 3440
3957 2 2 1 25 1602 3434 1393
3958 2 2 1 25 2045 3448 2285
3959 2 2 1 25 3431 3452 2412
3960 2 2 1 25 3440 3445 3424
3961 2 2 1 25 3454 3455 2619
3962 2 2 1 25 2385 3456 2832
3963 2 2 1 25 1219 1284 1218
3964 2 2 1 25 1030 1031 1029
3965 2 2 1 25 1898 3455 3454
3966 2 2 1 25 2420 3317 2399
3967 2 2 1 25 1216 1281 1217
3968 2 2 1 25 3347 3349 3348
3969 2 2 1 25 3348 3378 3346
3970 2 2 1 25 2419 3315 2420
3971 2 2 1 25 2564 2646 2563
3972 2 2 1 25 3347 3348 3346
3973 2 2 1 25 1182 1219 1218
3974 2 2 1 25 2419 2420 2399
3975 2 2 1 25 2401 2564 2563
3976 2 2 1 25 3381 3382 1181
3977 2 2 1 25 1028 1030 1029
3978 2 2 1 25 1216 1217 1179
3979 2 2 1 25 2398 3380 3379
3980 2 2 1 25 2563 2590 2264
3981 2 2 1 25 3375 3376 2291
3982 2 2 1 25 1063 3347 3346
3983 2 2 1 25 2398 3379 2344
3984 2 2 1 25 2344 2419 2399
3985 2 2 1 25 1182 1218 1180
3986 2 2 1 25 1178 1216 1179
3987 2 2 1 25 1180 3381 1181
3988 2 2 1 25 1179 3370 1132
3989 2 2 1 25 1028 1029 1027
3990 2 2 1 25 2044 3375 2291
3991 2 2 1 25 2401 2563 2264
3992 2 2 1 25 1027 3344 1025
3993 2 2 1 25 1180 1181 1134
3994 2 2 1 25 1178 1179 1132
3995 2 2 1 25 2344 2399 2276
3996 2 2 1 25 1205 3372 1135
3997 2 2 1 25 1063 3346 1026
3998 2 2 1 25 1135 1182 1180
3999 2 2 1 25 2343 2398 2344
4000 2 2 1 25 1026 1028 1027
4001 2 2 1 25 2802 3374 2343
4002 2 2 1 25 2254 3343 1784
4003 2 2 1 25 2006 2656 2655
4004 2 2 1 25 2655 3234 2258
4005 2 2 1 25 2044 2291 2254
4006 2 2 1 25 1933 2401 2264
4007 2 2 1 25 1038 3460 1040
4008 2 2 1 25 2107 2589 2577
4009 2 2 1 25 2579 2588 2108
4010 2 2 1 25 2397 3307 2754
4011 2 2 1 25 2275 2802 2343
4012 2 2 1 25 1131 1178 1132
4013 2 2 1 25 1103 1205 1135
4014 2 2 1 25 1024 1063 1026
4015 2 2 1 25 2914 3340 2244
4016 2 2 1 25 1026 1027 1025
4017 2 2 1 25 2343 2344 2276
4018 2 2 1 25 2754 2933 2562
4019 2 2 1 25 1135 1180 1134
4020 2 2 1 25 1132 1204 1101
4021 2 2 1 25 2044 2254 1784
4022 2 2 1 25 2006 2655 2258
4023 2 2 1 25 2258 2400 1785
4024 2 2 1 25 1933 2264 2044
4025 2 2 1 25 1064 3460 1038
4026 2 2 1 25 2652 3333 3332
4027 2 2 1 25 2107 2577 2576
4028 2 2 1 25 2576 3342 2103
4029 2 2 1 25 2578 2579 2108
4030 2 2 1 25 1113 3461 3404
4031 2 2 1 25 2397 2754 2562
4032 2 2 1 25 1024 1026 1025
4033 2 2 1 25 1100 1133 1131
4034 2 2 1 25 2276 3345 2043
4035 2 2 1 25 1025 1104 1023
4036 2 2 1 25 1103 1135 1134
4037 2 2 1 25 1131 1132 1101
4038 2 2 1 25 2275 2343 2276
4039 2 2 1 25 2562 2914 2244
4040 2 2 1 25 2006 2258 1785
4041 2 2 1 25 1933 2044 1784
4042 2 2 1 25 3389 3461 1113
4043 2 2 1 25 1064 3462 3460
4044 2 2 1 25 3460 3462 3367
4045 2 2 1 25 3410 3462 1064
4046 2 2 1 25 2653 3341 2105
4047 2 2 1 25 2652 3332 2102
4048 2 2 1 25 2107 2576 2103
4049 2 2 1 25 2105 2578 2108
4050 2 2 1 25 1024 1025 1023
4051 2 2 1 25 1100 1131 1101
4052 2 2 1 25 2275 2276 2043
4053 2 2 1 25 1103 1134 1102
4054 2 2 1 25 2397 2562 2244
4055 2 2 1 25 1600 2006 1785
4056 2 2 1 25 1599 1933 1784
4057 2 2 1 25 1889 2107 2103
4058 2 2 1 25 2103 2652 2102
4059 2 2 1 25 2591 3334 2104
4060 2 2 1 25 2104 2653 2105
4061 2 2 1 25 2105 2108 1890
4062 2 2 1 25 2043 3326 1067
4063 2 2 1 25 2395 3336 1088
4064 2 2 1 25 1088 1103 1102
4065 2 2 1 25 1100 1101 1087
4066 2 2 1 25 1886 2397 2244
4067 2 2 1 25 2042 2275 2043
4068 2 2 1 25 1022 1024 1023
4069 2 2 1 25 2428 3338 1022
4070 2 2 1 25 1087 3337 2396
4071 2 2 1 25 1600 1785 1598
4072 2 2 1 25 1599 1784 1600
4073 2 2 1 25 1801 2591 2104
4074 2 2 1 25 2104 2105 1890
4075 2 2 1 25 1889 2103 2102
4076 2 2 1 25 2102 2592 1800
4077 2 2 1 25 1021 3327 1972
4078 2 2 1 25 1062 2395 1088
4079 2 2 1 25 1636 3323 1061
4080 2 2 1 25 1020 2428 1022
4081 2 2 1 25 1075 1100 1087
4082 2 2 1 25 1886 2244 2042
4083 2 2 1 25 2042 2043 1067
4084 2 2 1 25 1087 2396 1066
4085 2 2 1 25 1088 1102 1074
4086 2 2 1 25 1022 1023 1021
4087 2 2 1 25 1355 1705 1357
4088 2 2 1 25 1599 1600 1598
4089 2 2 1 25 1801 2104 1890
4090 2 2 1 25 1889 2102 1800
4091 2 2 1 25 1886 2042 1067
4092 2 2 1 25 1074 1636 1061
4093 2 2 1 25 1021 1972 1019
4094 2 2 1 25 1062 1088 1074
4095 2 2 1 25 1075 1087 1066
4096 2 2 1 25 1020 1022 1021
4097 2 2 1 25 1597 1599 1598
4098 2 2 1 25 1355 1357 1356
4099 2 2 1 25 1379 1380 1378
4100 2 2 1 25 1683 3339 1597
4101 2 2 1 25 1477 3322 3321
4102 2 2 1 25 3339 3463 2401
4103 2 2 1 25 2401 3463 2564
4104 2 2 1 25 2648 3463 3393
4105 2 2 1 25 1923 3331 1670
4106 2 2 1 25 1670 1889 1800
4107 2 2 1 25 1671 3330 1922
4108 2 2 1 25 1801 1890 1671
4109 2 2 1 25 1553 3468 3428
4110 2 2 1 25 1058 1886 1067
4111 2 2 1 25 1020 1021 1019
4112 2 2 1 25 1062 1074 1061
4113 2 2 1 25 1065 1075 1066
4114 2 2 1 25 1355 1356 1354
4115 2 2 1 25 1477 3321 1377
4116 2 2 1 25 1597 1598 1596
4117 2 2 1 25 1595 1683 1597
4118 2 2 1 25 1596 3328 2073
4119 2 2 1 25 1377 1379 1378
4120 2 2 1 25 2564 3463 2648
4121 2 2 1 25 1178 3464 1216
4122 2 2 1 25 1282 3464 3435
4123 2 2 1 25 3320 3467 3435
4124 2 2 1 25 1670 1800 1468
4125 2 2 1 25 1650 1923 1670
4126 2 2 1 25 1469 1801 1671
4127 2 2 1 25 1671 1922 1649
4128 2 2 1 25 1065 1066 1041
4129 2 2 1 25 1017 1062 1061
4130 2 2 1 25 1018 1020 1019
4131 2 2 1 25 1058 1067 1065
4132 2 2 1 25 1354 1478 1352
4133 2 2 1 25 1353 1355 1354
4134 2 2 1 25 1595 1597 1596
4135 2 2 1 25 1377 1378 1376
4136 2 2 1 25 1798 3316 1353
4137 2 2 1 25 1596 2073 1594
4138 2 2 1 25 1375 1477 1377
4139 2 2 1 25 1216 3464 1282
4140 2 2 1 25 1980 3465 1548
4141 2 2 1 25 1550 3465 1553
4142 2 2 1 25 3315 3466 2420
4143 2 2 1 25 1548 3465 1550
4144 2 2 1 25 3428 3468 3379
4145 2 2 1 25 3318 3466 3320
4146 2 2 1 25 1649 1668 1438
4147 2 2 1 25 1469 1671 1649
4148 2 2 1 25 1436 1669 1650
4149 2 2 1 25 1650 1670 1468
4150 2 2 1 25 1546 3467 1980
4151 2 2 1 25 3435 3467 1544
4152 2 2 1 25 1017 1061 1018
4153 2 2 1 25 1058 1065 1041
4154 2 2 1 25 1006 3329 1058
4155 2 2 1 25 1018 1019 1008
4156 2 2 1 25 1351 1798 1353
4157 2 2 1 25 1376 1799 1374
4158 2 2 1 25 1595 1596 1594
4159 2 2 1 25 1353 1354 1352
4160 2 2 1 25 1593 3325 1595
4161 2 2 1 25 1375 1377 1376
4162 2 2 1 25 2420 3466 3318
4163 2 2 1 25 2758 3301 2377
4164 2 2 1 25 3379 3468 2419
4165 2 2 1 25 1544 3467 1546
4166 2 2 1 25 2419 3468 3315
4167 2 2 1 25 1436 1650 1468
4168 2 2 1 25 1469 1649 1438
4169 2 2 1 25 3309 3310 1635
4170 2 2 1 25 1017 1018 1008
4171 2 2 1 25 1006 1058 1041
4172 2 2 1 25 1375 1376 1374
4173 2 2 1 25 1593 1595 1594
4174 2 2 1 25 1351 1353 1352
4175 2 2 1 25 2378 2758 2377
4176 2 2 1 25 2512 3303 2379
4177 2 2 1 25 2379 2759 2380
4178 2 2 1 25 1606 3313 1437
4179 2 2 1 25 1436 1468 1435
4180 2 2 1 25 1435 3314 1607
4181 2 2 1 25 1437 1469 1438
4182 2 2 1 25 1692 3296 3295
4183 2 2 1 25 3297 3298 1693
4184 2 2 1 25 998 1046 1006
4185 2 2 1 25 1006 1041 1005
4186 2 2 1 25 1007 1017 1008
4187 2 2 1 25 1005 3309 1635
4188 2 2 1 25 1634 3311 1007
4189 2 2 1 25 1008 3308 1000
4190 2 2 1 25 1593 1594 1592
4191 2 2 1 25 1350 3299 2237
4192 2 2 1 25 1351 1352 1350
4193 2 2 1 25 1506 1878 1593
4194 2 2 1 25 1373 1375 1374
4195 2 2 1 25 2236 3300 1373
4196 2 2 1 25 2008 2378 2377
4197 2 2 1 25 2064 2512 2379
4198 2 2 1 25 2379 2380 2009
4199 2 2 1 25 2377 2511 2063
4200 2 2 1 25 2117 2704 2703
4201 2 2 1 25 2290 2917 2696
4202 2 2 1 25 1329 3297 1693
4203 2 2 1 25 1437 1438 1329
4204 2 2 1 25 1328 1606 1437
4205 2 2 1 25 1327 1436 1435
4206 2 2 1 25 1435 1607 1326
4207 2 2 1 25 1692 3295 1327
4208 2 2 1 25 115 1280 114
4209 2 2 1 25 181 2595 180
4210 2 2 1 25 998 1006 1005
4211 2 2 1 25 1005 1635 997
4212 2 2 1 25 1007 1008 1000
4213 2 2 1 25 999 1634 1007
4214 2 2 1 25 1350 2237 1348
4215 2 2 1 25 1371 2236 1373
4216 2 2 1 25 1506 1593 1592
4217 2 2 1 25 1349 1351 1350
4218 2 2 1 25 1373 1374 1372
4219 2 2 1 25 1592 1934 1505
4220 2 2 1 25 1372 3294 3273
4221 2 2 1 25 3280 3293 1349
4222 2 2 1 25 2008 2377 2063
4223 2 2 1 25 2064 2379 2009
4224 2 2 1 25 2290 2696 1975
4225 2 2 1 25 2117 2703 2290
4226 2 2 1 25 3906 4625 3137
4227 2 2 1 25 1310 1692 1327
4228 2 2 1 25 1327 1435 1326
4229 2 2 1 25 1329 1693 1309
4230 2 2 1 25 1328 1437 1329
4231 2 2 1 25 2528 2749 2593
4232 2 2 1 25 2593 3276 2352
4233 2 2 1 25 2594 2750 2527
4234 2 2 1 25 999 1007 1000
4235 2 2 1 25 998 1005 997
4236 2 2 1 25 1504 3292 3178
4237 2 2 1 25 1371 1373 1372
4238 2 2 1 25 1347 3280 1349
4239 2 2 1 25 1349 1350 1348
4240 2 2 1 25 1506 1592 1505
4241 2 2 1 25 1372 3273 1370
4242 2 2 1 25 2008 2063 1521
4243 2 2 1 25 1519 2064 2009
4244 2 2 1 25 2117 2290 1975
4245 2 2 1 25 3146 3230 1667
4246 2 2 1 25 1666 3229 3147
4247 2 2 1 25 3261 3262 3260
4248 2 2 1 25 2278 2504 2255
4249 2 2 1 25 3327 3976 1972
4250 2 2 1 25 1328 1329 1309
4251 2 2 1 25 1310 1327 1326
4252 2 2 1 25 3376 4580 3494
4253 2 2 1 25 2527 3008 2349
4254 2 2 1 25 2351 3009 2528
4255 2 2 1 25 2883 3275 2350
4256 2 2 1 25 2528 2593 2352
4257 2 2 1 25 2350 2594 2527
4258 2 2 1 25 999 1000 988
4259 2 2 1 25 986 998 997
4260 2 2 1 25 1504 3178 1311
4261 2 2 1 25 1371 1372 1370
4262 2 2 1 25 1347 1349 1348
4263 2 2 1 25 1312 1506 1505
4264 2 2 1 25 1516 2008 1521
4265 2 2 1 25 1518 1608 1519
4266 2 2 1 25 1521 1609 1520
4267 2 2 1 25 1519 2009 1517
4268 2 2 1 25 4080 4272 3970
4269 2 2 1 25 2982 3971 2966
4270 2 2 1 25 1516 3472 2008
4271 2 2 1 25 2009 3471 1517
4272 2 2 1 25 1415 3542 1408
4273 2 2 1 25 1862 2117 1975
4274 2 2 1 25 3918 4651 2651
4275 2 2 1 25 1937 3235 2566
4276 2 2 1 25 2569 3236 1939
4277 2 2 1 25 1624 3200 1791
4278 2 2 1 25 1836 3199 2733
4279 2 2 1 25 2526 4447 4070
4280 2 2 1 25 2540 3540 3106
4281 2 2 1 25 3439 3470 1617
4282 2 2 1 25 3559 4523 3130
4283 2 2 1 25 2216 4682 4582
4284 2 2 1 25 4583 4683 2215
4285 2 2 1 25 2868 4546 2881
4286 2 2 1 25 2008 3472 2378
4287 2 2 1 25 2380 3471 2009
4288 2 2 1 25 3386 3477 3382
4289 2 2 1 25 2506 3975 3214
4290 2 2 1 25 120 4726 121
4291 2 2 1 25 4370 4467 2033
4292 2 2 1 25 2930 4549 2707
4293 2 2 1 25 2637 2638 1924
4294 2 2 1 25 1310 1326 1286
4295 2 2 1 25 1289 3250 1288
4296 2 2 1 25 1288 1328 1309
4297 2 2 1 25 1286 3251 1287
4298 2 2 1 25 2688 3203 2689
4299 2 2 1 25 2010 2011 1304
4300 2 2 1 25 1302 2013 2012
4301 2 2 1 25 2259 2478 2095
4302 2 2 1 25 2352 2882 2069
4303 2 2 1 25 2350 2527 2349
4304 2 2 1 25 2351 2528 2352
4305 2 2 1 25 2070 2883 2350
4306 2 2 1 25 988 1315 969
4307 2 2 1 25 986 997 985
4308 2 2 1 25 985 3246 1138
4309 2 2 1 25 1139 3245 987
4310 2 2 1 25 987 999 988
4311 2 2 1 25 967 1618 986
4312 2 2 1 25 1233 1371 1370
4313 2 2 1 25 1347 1348 1232
4314 2 2 1 25 1370 1504 1311
4315 2 2 1 25 1312 1505 1347
4316 2 2 1 25 3577 3926 1239
4317 2 2 1 25 1237 3927 3578
4318 2 2 1 25 2641 3475 2308
4319 2 2 1 25 2684 3198 2683
4320 2 2 1 25 1520 2034 1480
4321 2 2 1 25 1518 1519 1517
4322 2 2 1 25 1516 1521 1520
4323 2 2 1 25 1479 2033 1518
4324 2 2 1 25 2556 3875 2557
4325 2 2 1 25 1338 1957 1496
4326 2 2 1 25 1488 1956 1336
4327 2 2 1 25 1647 4132 3807
4328 2 2 1 25 3809 4133 1648
4329 2 2 1 25 1865 3481 1787
4330 2 2 1 25 3481 4716 1786
4331 2 2 1 25 2137 3285 2139
4332 2 2 1 25 3241 3243 2962
4333 2 2 1 25 2448 2449 2127
4334 2 2 1 25 1472 3471 1627
4335 2 2 1 25 1626 3472 1471
4336 2 2 1 25 2459 3488 2661
4337 2 2 1 25 1702 3927 1053
4338 2 2 1 25 1051 3926 1701
4339 2 2 1 25 1846 3898 3897
4340 2 2 1 25 1862 1975 1830
4341 2 2 1 25 1830 3205 1965
4342 2 2 1 25 2499 4113 2161
4343 2 2 1 25 3100 3874 2337
4344 2 2 1 25 3382 3477 1181
4345 2 2 1 25 1876 3489 1542
4346 2 2 1 25 1151 3666 2838
4347 2 2 1 25 2839 3669 1150
4348 2 2 1 25 1539 2217 1884
4349 2 2 1 25 988 3529 1315
4350 2 2 1 25 3098 3523 1867
4351 2 2 1 25 2482 4588 3544
4352 2 2 1 25 3545 4589 2483
4353 2 2 1 25 1127 3495 2020
4354 2 2 1 25 3281 4449 932
4355 2 2 1 25 2631 4103 2988
4356 2 2 1 25 2632 4105 2633
4357 2 2 1 25 2635 4106 2634
4358 2 2 1 25 2636 4107 4069
4359 2 2 1 25 3392 3494 1126
4360 2 2 1 25 2661 3494 3454
4361 2 2 1 25 4374 4660 3961
4362 2 2 1 25 3242 4603 3241
4363 2 2 1 25 3212 3214 3213
4364 2 2 1 25 958 3906 3131
4365 2 2 1 25 2126 2447 2446
4366 2 2 1 25 2944 4578 2956
4367 2 2 1 25 3668 4370 2812
4368 2 2 1 25 2147 3490 2149
4369 2 2 1 25 1714 3698 3697
4370 2 2 1 25 1787 3481 1786
4371 2 2 1 25 4335 4484 3120
4372 2 2 1 25 1406 3501 1404
4373 2 2 1 25 1929 4033 2850
4374 2 2 1 25 3426 3525 2403
4375 2 2 1 25 2402 3526 3391
4376 2 2 1 25 3308 3529 1000
4377 2 2 1 25 2700 2893 2699
4378 2 2 1 25 1414 2668 2667
4379 2 2 1 25 3173 4098 2685
4380 2 2 1 25 3016 4538 133
4381 2 2 1 25 3417 3642 3099
4382 2 2 1 25 2766 3488 2459
4383 2 2 1 25 2905 3619 1676
4384 2 2 1 25 2906 3618 1904
4385 2 2 1 25 3209 4452 3171
4386 2 2 1 25 3723 4613 4302
4387 2 2 1 25 1687 4586 1949
4388 2 2 1 25 2345 2771 2057
4389 2 2 1 25 1542 3489 2265
4390 2 2 1 25 3296 4672 3931
4391 2 2 1 25 3930 4673 3298
4392 2 2 1 25 3036 4231 4197
4393 2 2 1 25 2937 3642 2300
4394 2 2 1 25 3358 3532 3363
4395 2 2 1 25 2197 3924 1536
4396 2 2 1 25 2348 2565 2339
4397 2 2 1 25 2338 2764 2763
4398 2 2 1 25 1843 1844 1842
4399 2 2 1 25 1854 1856 1855
4400 2 2 1 25 3509 4725 2674
4401 2 2 1 25 2613 4585 3293
4402 2 2 1 25 3152 3937 2056
4403 2 2 1 25 1134 3539 1102
4404 2 2 1 25 2365 2761 2367
4405 2 2 1 25 2358 3196 2353
4406 2 2 1 25 3099 3642 2937
4407 2 2 1 25 2316 3095 2318
4408 2 2 1 25 2583 2993 1790
4409 2 2 1 25 1792 2992 2584
4410 2 2 1 25 1162 1310 1286
4411 2 2 1 25 1286 1287 1163
4412 2 2 1 25 1288 1309 1164
4413 2 2 1 25 1165 1289 1288
4414 2 2 1 25 2183 4356 4355
4415 2 2 1 25 2271 3622 2442
4416 2 2 1 25 2688 2689 2687
4417 2 2 1 25 2167 3483 2165
4418 2 2 1 25 2516 3913 3615
4419 2 2 1 25 1789 3541 2118
4420 2 2 1 25 2960 2961 2959
4421 2 2 1 25 2371 3576 2533
4422 2 2 1 25 1630 3249 1425
4423 2 2 1 25 3454 3494 3392
4424 2 2 1 25 2481 4422 2857
4425 2 2 1 25 3904 4068 3757
4426 2 2 1 25 2806 4454 2918
4427 2 2 1 25 116 4070 117
4428 2 2 1 25 2225 3617 2018
4429 2 2 1 25 2017 3616 2226
4430 2 2 1 25 1917 2259 2095
4431 2 2 1 25 969 3512 960
4432 2 2 1 25 2070 2350 2349
4433 2 2 1 25 2351 2352 2069
4434 2 2 1 25 3062 4729 169
4435 2 2 1 25 4044 4549 2705
4436 2 2 1 25 3718 3750 3588
4437 2 2 1 25 967 986 985
4438 2 2 1 25 985 1138 966
4439 2 2 1 25 968 1139 987
4440 2 2 1 25 987 988 969
4441 2 2 1 25 3477 3539 1181
4442 2 2 1 25 3388 4404 3420
4443 2 2 1 25 2026 2573 2027
4444 2 2 1 25 2024 2572 2023
4445 2 2 1 25 1528 1655 1529
4446 2 2 1 25 1391 3943 1158
4447 2 2 1 25 1233 1370 1311
4448 2 2 1 25 1195 3244 1312
4449 2 2 1 25 1312 1347 1232
4450 2 2 1 25 1311 1416 1194
4451 2 2 1 25 4127 4460 2460
4452 2 2 1 25 2349 3616 2017
4453 2 2 1 25 2018 3617 2351
4454 2 2 1 25 2819 4371 3815
4455 2 2 1 25 2682 2684 2683
4456 2 2 1 25 1365 3874 1368
4457 2 2 1 25 1516 1520 1480
4458 2 2 1 25 1479 1518 1517
4459 2 2 1 25 2341 2342 2340
4460 2 2 1 25 3120 4484 2720
4461 2 2 1 25 967 3131 1618
4462 2 2 1 25 2629 3778 3521
4463 2 2 1 25 3910 4351 4142
4464 2 2 1 25 1414 3501 2668
4465 2 2 1 25 2316 2318 2317
4466 2 2 1 25 1710 2765 1713
4467 2 2 1 25 1786 3560 1614
4468 2 2 1 25 3411 4216 2656
4469 2 2 1 25 2774 4385 3967
4470 2 2 1 25 55 4576 426
4471 2 2 1 25 330 4575 12
4472 2 2 1 25 1686 2695 2694
4473 2 2 1 25 2447 4155 2446
4474 2 2 1 25 2962 2963 2961
4475 2 2 1 25 3492 4230 2947
4476 2 2 1 25 2341 2724 2342
4477 2 2 1 25 3496 4352 1953
4478 2 2 1 25 2318 2319 2317
4479 2 2 1 25 3166 4398 2980
4480 2 2 1 25 1477 3580 3322
4481 2 2 1 25 2798 3541 2837
4482 2 2 1 25 2090 2641 2308
4483 2 2 1 25 1927 2341 2340
4484 2 2 1 25 2901 4608 3118
4485 2 2 1 25 1451 4031 1514
4486 2 2 1 25 3022 3956 3021
4487 2 2 1 25 2265 3525 3426
4488 2 2 1 25 3391 3526 2266
4489 2 2 1 25 3498 4030 2782
4490 2 2 1 25 2633 4105 4096
4491 2 2 1 25 4097 4106 2635
4492 2 2 1 25 2285 3583 2760
4493 2 2 1 25 2585 3556 3143
4494 2 2 1 25 1574 3584 1601
4495 2 2 1 25 1646 3584 1572
4496 2 2 1 25 2844 4678 3919
4497 2 2 1 25 2807 4128 1173
4498 2 2 1 25 1171 4129 2814
4499 2 2 1 25 3665 4663 2465
4500 2 2 1 25 1799 4624 3493
4501 2 2 1 25 3019 3812 2210
4502 2 2 1 25 1000 3529 988
4503 2 2 1 25 1401 1862 1830
4504 2 2 1 25 1830 1965 1325
4505 2 2 1 25 1405 1997 1406
4506 2 2 1 25 1410 1465 1409
4507 2 2 1 25 2492 4017 2209
4508 2 2 1 25 2504 3148 2255
4509 2 2 1 25 2376 4030 3498
4510 2 2 1 25 1903 4134 2829
4511 2 2 1 25 2828 4135 1907
4512 2 2 1 25 1457 3961 2238
4513 2 2 1 25 2683 3120 2720
4514 2 2 1 25 1592 3272 1934
4515 2 2 1 25 2073 3272 1594
4516 2 2 1 25 2698 4502 3659
4517 2 2 1 25 3658 4503 2697
4518 2 2 1 25 2274 3940 2486
4519 2 2 1 25 2316 2317 1931
4520 2 2 1 25 2915 4726 120
4521 2 2 1 25 3356 3532 3358
4522 2 2 1 25 4040 4251 2302
4523 2 2 1 25 2731 3096 1147
4524 2 2 1 25 1467 3100 2552
4525 2 2 1 25 2147 4691 3490
4526 2 2 1 25 1852 1853 1851
4527 2 2 1 25 1839 1841 1840
4528 2 2 1 25 2439 4268 3237
4529 2 2 1 25 3262 4474 2704
4530 2 2 1 25 4109 4418 2975
4531 2 2 1 25 3542 3554 2611
4532 2 2 1 25 1333 2698 2496
4533 2 2 1 25 2495 2697 1330
4534 2 2 1 25 2226 3616 3030
4535 2 2 1 25 3029 3617 2225
4536 2 2 1 25 2964 2965 2963
4537 2 2 1 25 3172 4518 4415
4538 2 2 1 25 2865 4271 2996
4539 2 2 1 25 2320 3820 1652
4540 2 2 1 25 3079 4349 3080
4541 2 2 1 25 1181 3539 1134
4542 2 2 1 25 3316 4337 4071
4543 2 2 1 25 1153 3899 261
4544 2 2 1 25 2013 2710 2214
4545 2 2 1 25 2213 2709 2011
4546 2 2 1 25 1796 2223 2000
4547 2 2 1 25 2727 4244 3553
4548 2 2 1 25 2979 2983 2981
4549 2 2 1 25 3594 3595 3228
4550 2 2 1 25 3226 3592 3591
4551 2 2 1 25 2088 2090 2089
4552 2 2 1 25 2669 4651 3918
4553 2 2 1 25 1381 3555 1386
4554 2 2 1 25 2295 3979 2055
4555 2 2 1 25 2060 3981 2293
4556 2 2 1 25 2040 3018 3003
4557 2 2 1 25 3206 4102 3207
4558 2 2 1 25 2651 4587 4179
4559 2 2 1 25 2899 4520 2864
4560 2 2 1 25 2190 4165 3285
4561 2 2 1 25 197 3231 196
4562 2 2 1 25 99 3232 98
4563 2 2 1 25 4178 4577 2844
4564 2 2 1 25 2342 3129 2340
4565 2 2 1 25 3054 3247 1267
4566 2 2 1 25 2521 3973 3231
4567 2 2 1 25 3232 3972 2520
4568 2 2 1 25 3088 3590 1713
4569 2 2 1 25 1709 3593 3090
4570 2 2 1 25 2790 2879 2878
4571 2 2 1 25 2876 2877 2788
4572 2 2 1 25 1415 3554 3542
4573 2 2 1 25 3118 4608 3798
4574 2 2 1 25 2751 4360 2765
4575 2 2 1 25 1642 3625 3402
4576 2 2 1 25 2418 3625 3459
4577 2 2 1 25 3603 4553 4085
4578 2 2 1 25 2529 3271 3171
4579 2 2 1 25 3366 3629 3369
4580 2 2 1 25 3363 3629 3360
4581 2 2 1 25 1619 3637 1565
4582 2 2 1 25 1563 3637 3439
4583 2 2 1 25 2267 4110 2326
4584 2 2 1 25 3531 4591 1757
4585 2 2 1 25 2300 3642 1993
4586 2 2 1 25 1661 3642 3417
4587 2 2 1 25 3103 4124 1525
4588 2 2 1 25 2010 3230 2524
4589 2 2 1 25 2523 3229 2012
4590 2 2 1 25 1233 3487 1371
4591 2 2 1 25 1348 3485 1232
4592 2 2 1 25 3370 3802 3371
4593 2 2 1 25 3371 3801 2323
4594 2 2 1 25 3373 3804 3372
4595 2 2 1 25 2325 3803 3373
4596 2 2 1 25 1428 2500 1429
4597 2 2 1 25 2630 3141 2415
4598 2 2 1 25 1410 3542 1481
4599 2 2 1 25 2670 4133 3809
4600 2 2 1 25 3807 4132 2671
4601 2 2 1 25 2959 3055 2958
4602 2 2 1 25 4027 4326 4028
4603 2 2 1 25 1674 1868 1672
4604 2 2 1 25 1677 1869 1679
4605 2 2 1 25 2452 2998 2727
4606 2 2 1 25 2966 2967 2965
4607 2 2 1 25 1911 4581 3007
4608 2 2 1 25 2871 4202 3011
4609 2 2 1 25 1709 3006 1706
4610 2 2 1 25 3249 4274 1423
4611 2 2 1 25 2920 2921 2877
4612 2 2 1 25 2879 2923 2922
4613 2 2 1 25 1797 3500 1197
4614 2 2 1 25 1999 3501 1406
4615 2 2 1 25 1388 4579 1411
4616 2 2 1 25 3130 3561 3559
4617 2 2 1 25 2474 2475 2177
4618 2 2 1 25 2149 2473 2472
4619 2 2 1 25 2094 2798 2062
4620 2 2 1 25 3543 4112 2628
4621 2 2 1 25 3583 3651 2478
4622 2 2 1 25 1404 3501 1414
4623 2 2 1 25 1802 3561 3130
4624 2 2 1 25 2996 2997 2462
4625 2 2 1 25 3171 3271 3209
4626 2 2 1 25 1416 4566 3615
4627 2 2 1 25 3067 4447 4401
4628 2 2 1 25 3656 4351 3655
4629 2 2 1 25 2469 2911 2470
4630 2 2 1 25 2468 2909 2467
4631 2 2 1 25 2491 4336 3663
4632 2 2 1 25 2644 4085 3999
4633 2 2 1 25 3057 3480 3056
4634 2 2 1 25 3037 4594 2703
4635 2 2 1 25 3065 4265 2235
4636 2 2 1 25 1614 3560 1642
4637 2 2 1 25 2650 3546 184
4638 2 2 1 25 295 3002 2621
4639 2 2 1 25 2620 3000 594
4640 2 2 1 25 3215 3975 2032
4641 2 2 1 25 2036 3283 2316
4642 2 2 1 25 3141 3436 2415
4643 2 2 1 25 3026 4650 3531
4644 2 2 1 25 2675 4721 3482
4645 2 2 1 25 1979 2790 2789
4646 2 2 1 25 2787 2788 1977
4647 2 2 1 25 3032 4649 3527
4648 2 2 1 25 3041 4648 3513
4649 2 2 1 25 3586 4052 2758
4650 2 2 1 25 1356 3676 1354
4651 2 2 1 25 3011 3012 2466
4652 2 2 1 25 2442 3191 3190
4653 2 2 1 25 2968 2969 2967
4654 2 2 1 25 2759 4053 3589
4655 2 2 1 25 2875 4145 3023
4656 2 2 1 25 2904 4527 2860
4657 2 2 1 25 1299 4522 3540
4658 2 2 1 25 2356 4363 3903
4659 2 2 1 25 1588 3792 1568
4660 2 2 1 25 1570 3792 1646
4661 2 2 1 25 2255 3510 1997
4662 2 2 1 25 2436 3960 2024
4663 2 2 1 25 3014 4312 2899
4664 2 2 1 25 3486 4091 3632
4665 2 2 1 25 1160 3914 1392
4666 2 2 1 25 3123 3124 2680
4667 2 2 1 25 2666 3554 1415
4668 2 2 1 25 2198 3814 3105
4669 2 2 1 25 1528 4665 1655
4670 2 2 1 25 2334 3482 2542
4671 2 2 1 25 2602 4276 2277
4672 2 2 1 25 1966 3538 3265
4673 2 2 1 25 3013 4054 1152
4674 2 2 1 25 2752 4054 3013
4675 2 2 1 25 4519 4573 3763
4676 2 2 1 25 2898 4427 2464
4677 2 2 1 25 2166 2167 2165
4678 2 2 1 25 1883 3814 1538
4679 2 2 1 25 2544 3509 2332
4680 2 2 1 25 3625 4217 3459
4681 2 2 1 25 3300 3580 1477
4682 2 2 1 25 2761 3514 2367
4683 2 2 1 25 1273 4084 3805
4684 2 2 1 25 2153 2651 2151
4685 2 2 1 25 2179 2844 2181
4686 2 2 1 25 3023 3024 2471
4687 2 2 1 25 3475 4482 4327
4688 2 2 1 25 2137 2139 2138
4689 2 2 1 25 2427 3603 2400
4690 2 2 1 25 2467 3797 1662
4691 2 2 1 25 1663 3799 2469
4692 2 2 1 25 1410 1466 1465
4693 2 2 1 25 1997 1998 1406
4694 2 2 1 25 1179 3802 3370
4695 2 2 1 25 1654 3801 1417
4696 2 2 1 25 2323 3801 1935
4697 2 2 1 25 1417 3802 1217
4698 2 2 1 25 3372 3804 1182
4699 2 2 1 25 1419 3803 1653
4700 2 2 1 25 1936 3803 2325
4701 2 2 1 25 1219 3804 1419
4702 2 2 1 25 2559 4094 3233
4703 2 2 1 25 2207 2693 1958
4704 2 2 1 25 1959 2692 2208
4705 2 2 1 25 3931 4672 2749
4706 2 2 1 25 2750 4673 3930
4707 2 2 1 25 3551 3970 2498
4708 2 2 1 25 2201 3268 3267
4709 2 2 1 25 3654 3656 3655
4710 2 2 1 25 2610 2700 2699
4711 2 2 1 25 1414 2667 2314
4712 2 2 1 25 2315 2666 1415
4713 2 2 1 25 3879 4048 2456
4714 2 2 1 25 2227 4022 1409
4715 2 2 1 25 3148 3510 2255
4716 2 2 1 25 975 3597 77
4717 2 2 1 25 1807 3598 78
4718 2 2 1 25 1809 3599 46
4719 2 2 1 25 3344 3983 3377
4720 2 2 1 25 2324 3822 3155
4721 2 2 1 25 3154 3823 2322
4722 2 2 1 25 977 4124 2954
4723 2 2 1 25 2645 4508 2731
4724 2 2 1 25 1822 2004 1823
4725 2 2 1 25 3482 3919 2673
4726 2 2 1 25 3142 3167 3141
4727 2 2 1 25 3033 3034 2476
4728 2 2 1 25 1338 4137 1957
4729 2 2 1 25 4374 4705 2195
4730 2 2 1 25 3449 3583 2285
4731 2 2 1 25 1819 2005 1818
4732 2 2 1 25 1572 3584 1574
4733 2 2 1 25 2970 2971 2969
4734 2 2 1 25 2586 4107 1793
4735 2 2 1 25 3571 4584 2438
4736 2 2 1 25 3106 3814 2540
4737 2 2 1 25 4071 4337 2772
4738 2 2 1 25 1999 3502 3501
4739 2 2 1 25 1073 1964 1165
4740 2 2 1 25 1163 1963 1071
4741 2 2 1 25 3168 3169 3167
4742 2 2 1 25 3105 3814 3106
4743 2 2 1 25 2482 4207 3027
4744 2 2 1 25 3028 4208 2483
4745 2 2 1 25 2378 3586 2758
4746 2 2 1 25 3299 3879 2237
4747 2 2 1 25 2347 4565 3627
4748 2 2 1 25 3626 4564 2346
4749 2 2 1 25 2880 4181 3033
4750 2 2 1 25 1498 1500 1499
4751 2 2 1 25 1491 1492 1490
4752 2 2 1 25 1276 1295 1277
4753 2 2 1 25 2452 2727 2451
4754 2 2 1 25 2537 4311 4231
4755 2 2 1 25 4306 4571 2715
4756 2 2 1 25 2442 3622 3191
4757 2 2 1 25 3045 3046 2479
4758 2 2 1 25 3535 4038 2081
4759 2 2 1 25 2082 4039 3534
4760 2 2 1 25 3369 3880 3368
4761 2 2 1 25 2546 3880 2721
4762 2 2 1 25 1405 4028 2228
4763 2 2 1 25 1401 3675 2224
4764 2 2 1 25 2782 4030 3210
4765 2 2 1 25 2759 3589 2380
4766 2 2 1 25 2500 2502 2501
4767 2 2 1 25 3228 4496 3594
4768 2 2 1 25 3591 4497 3226
4769 2 2 1 25 2100 3502 1999
4770 2 2 1 25 2137 3476 3285
4771 2 2 1 25 1474 3972 3232
4772 2 2 1 25 3231 3973 1473
4773 2 2 1 25 2468 2910 2909
4774 2 2 1 25 2911 2912 2470
4775 2 2 1 25 3025 4340 2904
4776 2 2 1 25 1403 3860 1305
4777 2 2 1 25 1307 3859 1407
4778 2 2 1 25 2902 3921 1621
4779 2 2 1 25 3146 3524 2387
4780 2 2 1 25 2908 4532 2862
4781 2 2 1 25 2965 2977 2963
4782 2 2 1 25 2981 4516 3421
4783 2 2 1 25 3380 4619 3139
4784 2 2 1 25 1953 3818 1089
4785 2 2 1 25 2041 4658 3019
4786 2 2 1 25 3237 3238 1511
4787 2 2 1 25 1247 3646 59
4788 2 2 1 25 1705 3664 1357
4789 2 2 1 25 1594 3272 1592
4790 2 2 1 25 4260 4568 2757
4791 2 2 1 25 2756 4567 4259
4792 2 2 1 25 2726 3172 2688
4793 2 2 1 25 3919 4678 2673
4794 2 2 1 25 3214 3215 3213
4795 2 2 1 25 2936 2937 2300
4796 2 2 1 25 1427 1630 1425
4797 2 2 1 25 1821 4471 3289
4798 2 2 1 25 1266 1268 1228
4799 2 2 1 25 1379 3555 1381
4800 2 2 1 25 1379 1381 1380
4801 2 2 1 25 1357 1358 1356
4802 2 2 1 25 2390 3530 3147
4803 2 2 1 25 3245 4357 1634
4804 2 2 1 25 2454 3901 2375
4805 2 2 1 25 1635 4358 3246
4806 2 2 1 25 2973 2974 2971
4807 2 2 1 25 3287 4166 1694
4808 2 2 1 25 1892 2062 1776
4809 2 2 1 25 2978 2979 2976
4810 2 2 1 25 3483 4182 2189
4811 2 2 1 25 3480 4375 1720
4812 2 2 1 25 2610 2699 2364
4813 2 2 1 25 1414 2314 1403
4814 2 2 1 25 1407 2315 1415
4815 2 2 1 25 2133 4505 2494
4816 2 2 1 25 1694 3254 1367
4817 2 2 1 25 2237 3486 3485
4818 2 2 1 25 3513 4528 1745
4819 2 2 1 25 2097 3913 3401
4820 2 2 1 25 3503 4569 4125
4821 2 2 1 25 2335 4309 3946
4822 2 2 1 25 2888 4061 3288
4823 2 2 1 25 2492 4245 4018
4824 2 2 1 25 2051 2245 2052
4825 2 2 1 25 3063 4376 3062
4826 2 2 1 25 2226 3030 2468
4827 2 2 1 25 2470 3029 2225
4828 2 2 1 25 2703 4615 3037
4829 2 2 1 25 1411 2051 1447
4830 2 2 1 25 2855 4708 2517
4831 2 2 1 25 3297 3930 3298
4832 2 2 1 25 3296 3931 3295
4833 2 2 1 25 2245 2836 2246
4834 2 2 1 25 1567 3925 1619
4835 2 2 1 25 958 3131 967
4836 2 2 1 25 2726 4518 3172
4837 2 2 1 25 1082 3902 643
4838 2 2 1 25 183 3546 1273
4839 2 2 1 25 1162 3627 1310
4840 2 2 1 25 1309 3626 1164
4841 2 2 1 25 1162 1286 1163
4842 2 2 1 25 1165 1288 1164
4843 2 2 1 25 1287 4052 1163
4844 2 2 1 25 1165 4053 1289
4845 2 2 1 25 1619 3925 3652
4846 2 2 1 25 1226 1263 1261
4847 2 2 1 25 3264 3711 3691
4848 2 2 1 25 1303 1804 1667
4849 2 2 1 25 1666 1805 1301
4850 2 2 1 25 2168 4304 4293
4851 2 2 1 25 2003 3871 959
4852 2 2 1 25 957 3870 2002
4853 2 2 1 25 2375 3901 3004
4854 2 2 1 25 3031 4378 2908
4855 2 2 1 25 1566 3936 1588
4856 2 2 1 25 3161 4295 3250
4857 2 2 1 25 3251 4294 3159
4858 2 2 1 25 1768 4519 3763
4859 2 2 1 25 3288 3289 2891
4860 2 2 1 25 2948 4184 3125
4861 2 2 1 25 3255 3713 2764
4862 2 2 1 25 2139 3286 2142
4863 2 2 1 25 2975 2976 2974
4864 2 2 1 25 2353 2354 1210
4865 2 2 1 25 2365 2366 1082
4866 2 2 1 25 2370 2371 991
4867 2 2 1 25 4031 4063 2336
4868 2 2 1 25 3097 4596 2292
4869 2 2 1 25 2957 2959 2958
4870 2 2 1 25 3164 3165 2436
4871 2 2 1 25 2434 3163 3162
4872 2 2 1 25 3048 3504 3047
4873 2 2 1 25 1997 3510 1998
4874 2 2 1 25 1537 3905 1440
4875 2 2 1 25 2226 2468 2467
4876 2 2 1 25 2469 2470 2225
4877 2 2 1 25 4327 4482 1386
4878 2 2 1 25 1363 1364 1362
4879 2 2 1 25 1365 1366 1364
4880 2 2 1 25 3336 4258 1205
4881 2 2 1 25 1204 4257 3337
4882 2 2 1 25 4435 4570 3476
4883 2 2 1 25 3119 4466 3144
4884 2 2 1 25 3504 4420 1739
4885 2 2 1 25 3827 4693 2920
4886 2 2 1 25 2881 4211 3045
4887 2 2 1 25 3156 3157 3024
4888 2 2 1 25 4090 4311 2538
4889 2 2 1 25 2916 4536 2861
4890 2 2 1 25 2170 3484 2167
4891 2 2 1 25 3040 4412 2916
4892 2 2 1 25 3283 4212 3095
4893 2 2 1 25 2938 2939 2937
4894 2 2 1 25 3757 4068 3756
4895 2 2 1 25 3041 3513 3040
4896 2 2 1 25 2460 4460 132
4897 2 2 1 25 2316 3283 3095
4898 2 2 1 25 2944 2945 2943
4899 2 2 1 25 2942 2943 2941
4900 2 2 1 25 2940 2941 2939
4901 2 2 1 25 2695 4679 3449
4902 2 2 1 25 2348 2791 2565
4903 2 2 1 25 1359 3664 1528
4904 2 2 1 25 3780 4118 1734
4905 2 2 1 25 2413 3469 2414
4906 2 2 1 25 3047 4469 2919
4907 2 2 1 25 2655 4216 3116
4908 2 2 1 25 3035 4167 2536
4909 2 2 1 25 184 3546 183
4910 2 2 1 25 1322 1532 1268
4911 2 2 1 25 3812 4410 2587
4912 2 2 1 25 1998 1999 1406
4913 2 2 1 25 1410 1481 1466
4914 2 2 1 25 1487 4454 1387
4915 2 2 1 25 3032 3527 3031
4916 2 2 1 25 3184 4079 3182
4917 2 2 1 25 3174 3175 3034
4918 2 2 1 25 2713 3976 2647
4919 2 2 1 25 3008 3616 2349
4920 2 2 1 25 2351 3617 3009
4921 2 2 1 25 2101 3152 2054
4922 2 2 1 25 1389 1487 1387
4923 2 2 1 25 2538 4311 2537
4924 2 2 1 25 1263 1530 1318
4925 2 2 1 25 4348 4605 2534
4926 2 2 1 25 2518 3015 3014
4927 2 2 1 25 2804 3964 1240
4928 2 2 1 25 1917 2095 1523
4929 2 2 1 25 1317 3066 177
4930 2 2 1 25 3026 3531 3025
4931 2 2 1 25 2669 3918 3509
4932 2 2 1 25 1027 3983 3344
4933 2 2 1 25 1126 3983 1029
4934 2 2 1 25 1585 3985 1562
4935 2 2 1 25 1858 4080 3970
4936 2 2 1 25 3044 3508 3043
4937 2 2 1 25 2070 2349 2017
4938 2 2 1 25 2018 2351 2069
4939 2 2 1 25 1673 3567 3566
4940 2 2 1 25 3568 3569 1678
4941 2 2 1 25 3338 3986 1063
4942 2 2 1 25 3347 3986 3364
4943 2 2 1 25 3015 3536 3014
4944 2 2 1 25 3596 3861 2638
4945 2 2 1 25 2328 4379 3148
4946 2 2 1 25 3524 4322 2387
4947 2 2 1 25 1391 3266 2925
4948 2 2 1 25 1295 1421 1296
4949 2 2 1 25 4069 4107 2586
4950 2 2 1 25 2514 3026 3025
4951 2 2 1 25 3501 3502 2668
4952 2 2 1 25 3688 4694 1143
4953 2 2 1 25 2894 4225 1976
4954 2 2 1 25 1978 4224 2895
4955 2 2 1 25 3332 3823 2592
4956 2 2 1 25 2591 3822 3334
4957 2 2 1 25 2889 3288 2891
4958 2 2 1 25 1369 1694 1367
4959 2 2 1 25 1649 4041 1668
4960 2 2 1 25 1669 4042 1650
4961 2 2 1 25 968 987 969
4962 2 2 1 25 967 985 966
4963 2 2 1 25 3402 3625 2418
4964 2 2 1 25 2512 3791 3304
4965 2 2 1 25 3302 3790 2511
4966 2 2 1 25 2007 2320 1652
4967 2 2 1 25 2639 2640 2586
4968 2 2 1 25 3483 3503 2165
4969 2 2 1 25 1381 1386 1383
4970 2 2 1 25 1360 1362 1358
4971 2 2 1 25 2390 4321 3530
4972 2 2 1 25 1673 3566 1503
4973 2 2 1 25 1495 3568 1678
4974 2 2 1 25 1053 3927 1107
4975 2 2 1 25 1110 3926 1051
4976 2 2 1 25 2897 4545 2898
4977 2 2 1 25 2367 3514 3098
4978 2 2 1 25 3156 4138 3157
4979 2 2 1 25 3360 3629 3366
4980 2 2 1 25 1359 1528 1361
4981 2 2 1 25 2513 3032 3031
4982 2 2 1 25 2085 4335 3120
4983 2 2 1 25 3258 4188 2525
4984 2 2 1 25 2783 4521 3540
4985 2 2 1 25 1424 1428 1426
4986 2 2 1 25 1848 3898 1846
4987 2 2 1 25 3224 4543 3222
4988 2 2 1 25 1496 1498 1497
4989 2 2 1 25 1489 1490 1488
4990 2 2 1 25 1565 3637 1563
4991 2 2 1 25 1944 4044 3665
4992 2 2 1 25 1714 3771 3698
4993 2 2 1 25 3603 4085 2644
4994 2 2 1 25 2727 3553 2451
4995 2 2 1 25 2796 3497 1925
4996 2 2 1 25 3192 3193 3012
4997 2 2 1 25 1720 3690 3480
4998 2 2 1 25 3600 4081 3219
4999 2 2 1 25 1195 1312 1232
5000 2 2 1 25 1233 1311 1194
5001 2 2 1 25 3134 3978 3132
5002 2 2 1 25 2510 3041 3040
5003 2 2 1 25 1421 1511 1422
5004 2 2 1 25 1993 3642 1661
5005 2 2 1 25 112 3645 1966
5006 2 2 1 25 2919 4546 2868
5007 2 2 1 25 1388 1411 1390
5008 2 2 1 25 1241 3982 2803
5009 2 2 1 25 1413 4350 3562
5010 2 2 1 25 2615 4089 2755
5011 2 2 1 25 3071 4089 3458
5012 2 2 1 25 2509 3048 3047
5013 2 2 1 25 2209 3907 3018
5014 2 2 1 25 3186 4355 3188
5015 2 2 1 25 2125 3653 2691
5016 2 2 1 25 2192 4093 2995
5017 2 2 1 25 1970 4093 1969
5018 2 2 1 25 1368 3100 1467
5019 2 2 1 25 1467 2552 1789
5020 2 2 1 25 1371 3487 2236
5021 2 2 1 25 2237 3485 1348
5022 2 2 1 25 2317 4033 1931
5023 2 2 1 25 1471 1516 1480
5024 2 2 1 25 1479 1517 1472
5025 2 2 1 25 2125 2691 2690
5026 2 2 1 25 1428 4229 2500
5027 2 2 1 25 1185 1276 1186
5028 2 2 1 25 2440 3474 3270
5029 2 2 1 25 4059 4306 2715
5030 2 2 1 25 2331 4300 2424
5031 2 2 1 25 2425 4301 2333
5032 2 2 1 25 3977 4495 2700
5033 2 2 1 25 2321 4394 3796
5034 2 2 1 25 3820 4160 3287
5035 2 2 1 25 3568 4133 2670
5036 2 2 1 25 2671 4132 3566
5037 2 2 1 25 2574 2686 2685
5038 2 2 1 25 2718 4158 4058
5039 2 2 1 25 2769 4031 2336
5040 2 2 1 25 1500 1502 1501
5041 2 2 1 25 1493 1494 1492
5042 2 2 1 25 3879 4091 3486
5043 2 2 1 25 3580 3903 2493
5044 2 2 1 25 3282 3604 3306
5045 2 2 1 25 3562 4350 2423
5046 2 2 1 25 2848 3017 2849
5047 2 2 1 25 2760 4535 3441
5048 2 2 1 25 2239 3579 2751
5049 2 2 1 25 1799 3493 3294
5050 2 2 1 25 3149 3660 2676
5051 2 2 1 25 3540 4522 3106
5052 2 2 1 25 2971 2972 2969
5053 2 2 1 25 2563 4141 2590
5054 2 2 1 25 1752 4539 3749
5055 2 2 1 25 3205 3651 1965
5056 2 2 1 25 2933 4217 3625
5057 2 2 1 25 1571 4143 1569
5058 2 2 1 25 2489 2746 2490
5059 2 2 1 25 2741 4634 3992
5060 2 2 1 25 1989 3498 1987
5061 2 2 1 25 1560 4154 1585
5062 2 2 1 25 3206 3207 2997
5063 2 2 1 25 3784 4238 933
5064 2 2 1 25 3288 4061 1262
5065 2 2 1 25 3364 4159 3349
5066 2 2 1 25 3351 4159 3395
5067 2 2 1 25 3280 4362 3293
5068 2 2 1 25 3541 4339 2118
5069 2 2 1 25 2956 2957 2945
5070 2 2 1 25 1187 3891 3017
5071 2 2 1 25 2381 4220 2927
5072 2 2 1 25 2926 4219 2383
5073 2 2 1 25 1630 4277 3249
5074 2 2 1 25 3650 3677 2355
5075 2 2 1 25 2334 2542 2541
5076 2 2 1 25 2543 2544 2332
5077 2 2 1 25 2278 3821 2504
5078 2 2 1 25 1780 4231 3143
5079 2 2 1 25 2372 4563 3469
5080 2 2 1 25 1686 2694 2505
5081 2 2 1 25 2217 2218 1884
5082 2 2 1 25 2409 4180 2411
5083 2 2 1 25 1613 4180 3418
5084 2 2 1 25 2749 3661 2593
5085 2 2 1 25 2594 3662 2750
5086 2 2 1 25 3175 4677 4227
5087 2 2 1 25 2920 4666 3827
5088 2 2 1 25 3831 4667 2922
5089 2 2 1 25 2465 4200 3665
5090 2 2 1 25 2989 3680 1443
5091 2 2 1 25 1315 3512 969
5092 2 2 1 25 2320 4160 3820
5093 2 2 1 25 2611 2612 1941
5094 2 2 1 25 3051 3788 3052
5095 2 2 1 25 3174 4152 3175
5096 2 2 1 25 2327 3843 1527
5097 2 2 1 25 2249 3856 3562
5098 2 2 1 25 2484 3844 1014
5099 2 2 1 25 2251 3850 3563
5100 2 2 1 25 3685 4629 4377
5101 2 2 1 25 2857 4422 3769
5102 2 2 1 25 2585 2586 1793
5103 2 2 1 25 2229 4146 3290
5104 2 2 1 25 2171 3794 95
5105 2 2 1 25 2585 3143 2639
5106 2 2 1 25 3613 4723 984
5107 2 2 1 25 2446 3283 2036
5108 2 2 1 25 3681 4487 4114
5109 2 2 1 25 1584 4218 1556
5110 2 2 1 25 3665 4044 3087
5111 2 2 1 25 1962 4092 2452
5112 2 2 1 25 976 3209 3208
5113 2 2 1 25 1811 3212 3211
5114 2 2 1 25 1814 3217 3216
5115 2 2 1 25 1992 3219 3218
5116 2 2 1 25 3220 3221 1991
5117 2 2 1 25 4026 4027 2598
5118 2 2 1 25 1817 3224 3222
5119 2 2 1 25 3497 3950 2341
5120 2 2 1 25 1803 4222 1970
5121 2 2 1 25 2912 3826 2470
5122 2 2 1 25 2468 3825 2910
5123 2 2 1 25 2066 4683 3678
5124 2 2 1 25 3679 4682 2067
5125 2 2 1 25 2035 2448 2127
5126 2 2 1 25 1504 4348 3292
5127 2 2 1 25 1949 4193 2279
5128 2 2 1 25 3908 3944 2319
5129 2 2 1 25 1376 4244 1799
5130 2 2 1 25 2413 3947 3469
5131 2 2 1 25 3416 4323 3362
5132 2 2 1 25 3335 4258 2653
5133 2 2 1 25 2652 4257 3333
5134 2 2 1 25 1891 2125 2124
5135 2 2 1 25 3479 3557 3179
5136 2 2 1 25 3129 4060 2340
5137 2 2 1 25 3112 3113 2923
5138 2 2 1 25 2064 3791 2512
5139 2 2 1 25 2511 3790 2063
5140 2 2 1 25 2965 3652 2977
5141 2 2 1 25 1139 3673 3245
5142 2 2 1 25 3246 3672 1138
5143 2 2 1 25 2126 2446 2036
5144 2 2 1 25 2719 4382 2718
5145 2 2 1 25 1536 3924 1881
5146 2 2 1 25 3516 4200 1973
5147 2 2 1 25 3539 4529 1102
5148 2 2 1 25 1354 3676 1478
5149 2 2 1 25 3475 4327 2580
5150 2 2 1 25 2600 4153 1994
5151 2 2 1 25 1368 3874 3100
5152 2 2 1 25 2578 4463 3312
5153 2 2 1 25 3553 3932 2451
5154 2 2 1 25 3310 4462 2576
5155 2 2 1 25 3159 4294 2549
5156 2 2 1 25 2548 4295 3161
5157 2 2 1 25 2657 2658 2218
5158 2 2 1 25 3332 4555 3823
5159 2 2 1 25 3822 4556 3334
5160 2 2 1 25 2853 4491 4023
5161 2 2 1 25 3308 4680 3529
5162 2 2 1 25 3165 3960 2436
5163 2 2 1 25 3699 4503 2113
5164 2 2 1 25 2114 4502 3688
5165 2 2 1 25 1949 4586 3474
5166 2 2 1 25 2473 4382 4115
5167 2 2 1 25 4578 4686 2956
5168 2 2 1 25 4146 4201 3290
5169 2 2 1 25 4322 4380 2387
5170 2 2 1 25 1568 3792 1570
5171 2 2 1 25 3519 4285 3044
5172 2 2 1 25 2390 4381 4321
5173 2 2 1 25 2794 4681 4485
5174 2 2 1 25 3053 4405 4092
5175 2 2 1 25 2129 2540 1883
5176 2 2 1 25 1881 2539 2128
5177 2 2 1 25 1655 4665 3125
5178 2 2 1 25 1267 3967 1266
5179 2 2 1 25 3298 4120 1693
5180 2 2 1 25 1692 4121 3296
5181 2 2 1 25 4396 4524 1492
5182 2 2 1 25 1173 4128 1223
5183 2 2 1 25 1221 4129 1171
5184 2 2 1 25 1055 4124 977
5185 2 2 1 25 3362 4323 3354
5186 2 2 1 25 2643 3004 2934
5187 2 2 1 25 3137 3511 3135
5188 2 2 1 25 1907 4135 2074
5189 2 2 1 25 2075 4134 1903
5190 2 2 1 25 1706 3961 1457
5191 2 2 1 25 1845 1846 1844
5192 2 2 1 25 1856 1858 1857
5193 2 2 1 25 3828 4407 995
5194 2 2 1 25 1927 3497 2341
5195 2 2 1 25 2657 3643 2658
5196 2 2 1 25 2280 3875 1952
5197 2 2 1 25 169 3624 170
5198 2 2 1 25 3214 3975 3215
5199 2 2 1 25 3087 4663 3665
5200 2 2 1 25 4167 4196 1778
5201 2 2 1 25 2130 4343 3390
5202 2 2 1 25 3390 4344 2405
5203 2 2 1 25 2754 4217 2933
5204 2 2 1 25 2819 3669 2818
5205 2 2 1 25 2811 3666 2812
5206 2 2 1 25 3006 3961 1706
5207 2 2 1 25 2012 3229 1666
5208 2 2 1 25 1667 3230 2010
5209 2 2 1 25 3130 4060 3129
5210 2 2 1 25 2506 3788 1290
5211 2 2 1 25 3097 4353 3400
5212 2 2 1 25 3385 4353 3388
5213 2 2 1 25 1401 1830 1325
5214 2 2 1 25 1408 1410 1409
5215 2 2 1 25 1405 1406 1404
5216 2 2 1 25 1924 2796 1925
5217 2 2 1 25 3449 3651 3583
5218 2 2 1 25 1577 4361 1575
5219 2 2 1 25 1273 3805 182
5220 2 2 1 25 3647 4200 2465
5221 2 2 1 25 2698 3659 2496
5222 2 2 1 25 2495 3658 2697
5223 2 2 1 25 3881 4374 2195
5224 2 2 1 25 3343 4367 2656
5225 2 2 1 25 3807 4250 3968
5226 2 2 1 25 3969 4249 3809
5227 2 2 1 25 1397 2950 2949
5228 2 2 1 25 2954 2955 1508
5229 2 2 1 25 1507 3118 2953
5230 2 2 1 25 2951 2952 1398
5231 2 2 1 25 2378 4032 3586
5232 2 2 1 25 3965 4118 3083
5233 2 2 1 25 1893 3226 3225
5234 2 2 1 25 3227 3228 1894
5235 2 2 1 25 2979 2981 2976
5236 2 2 1 25 3006 4705 4374
5237 2 2 1 25 3677 4414 2355
5238 2 2 1 25 2284 2688 2687
5239 2 2 1 25 188 4473 187
5240 2 2 1 25 1935 3801 1654
5241 2 2 1 25 1217 3802 1179
5242 2 2 1 25 1653 3803 1936
5243 2 2 1 25 1182 3804 1219
5244 2 2 1 25 1838 4253 4168
5245 2 2 1 25 4169 4254 1850
5246 2 2 1 25 2391 4249 2392
5247 2 2 1 25 2389 4250 2388
5248 2 2 1 25 3589 4034 2380
5249 2 2 1 25 1491 1648 1493
5250 2 2 1 25 1501 1647 1499
5251 2 2 1 25 152 4227 153
5252 2 2 1 25 1955 4466 3002
5253 2 2 1 25 3993 4201 2743
5254 2 2 1 25 1952 3533 1689
5255 2 2 1 25 1137 3535 2081
5256 2 2 1 25 2082 3534 1136
5257 2 2 1 25 1781 4404 2292
5258 2 2 1 25 3420 4404 1590
5259 2 2 1 25 1854 1855 1853
5260 2 2 1 25 1841 1843 1842
5261 2 2 1 25 1471 1480 1396
5262 2 2 1 25 1395 1479 1472
5263 2 2 1 25 3286 4165 2433
5264 2 2 1 25 1840 4400 4253
5265 2 2 1 25 4254 4399 1852
5266 2 2 1 25 4103 4104 2988
5267 2 2 1 25 1046 3935 3307
5268 2 2 1 25 2682 2683 2282
5269 2 2 1 25 2238 4660 4481
5270 2 2 1 25 3300 4086 3580
5271 2 2 1 25 3415 4637 3416
5272 2 2 1 25 3021 4451 2711
5273 2 2 1 25 3529 4680 2713
5274 2 2 1 25 147 4236 148
5275 2 2 1 25 2068 4596 2874
5276 2 2 1 25 3337 4462 2396
5277 2 2 1 25 1016 3923 2235
5278 2 2 1 25 2395 4463 3336
5279 2 2 1 25 2185 3919 3482
5280 2 2 1 25 2357 3650 2355
5281 2 2 1 25 2537 4231 3036
5282 2 2 1 25 3092 4369 3176
5283 2 2 1 25 114 3816 113
5284 2 2 1 25 182 3805 181
5285 2 2 1 25 3479 4167 1778
5286 2 2 1 25 181 3805 2595
5287 2 2 1 25 1280 3816 114
5288 2 2 1 25 4508 4688 2731
5289 2 2 1 25 2795 4529 3539
5290 2 2 1 25 3177 4318 2772
5291 2 2 1 25 3566 4156 2671
5292 2 2 1 25 2670 4157 3568
5293 2 2 1 25 142 4243 143
5294 2 2 1 25 1990 4228 2607
5295 2 2 1 25 2754 4298 4217
5296 2 2 1 25 2325 3822 2324
5297 2 2 1 25 2322 3823 2323
5298 2 2 1 25 3653 3654 2691
5299 2 2 1 25 2032 3975 3397
5300 2 2 1 25 113 3645 112
5301 2 2 1 25 3328 4600 2073
5302 2 2 1 25 1444 1850 1664
5303 2 2 1 25 1665 1838 1446
5304 2 2 1 25 3219 4081 3675
5305 2 2 1 25 2815 2816 1292
5306 2 2 1 25 1293 2809 2808
5307 2 2 1 25 2750 4685 2527
5308 2 2 1 25 2528 4684 2749
5309 2 2 1 25 2683 2720 2282
5310 2 2 1 25 2535 4348 2534
5311 2 2 1 25 1262 4061 3020
5312 2 2 1 25 1617 4500 3421
5313 2 2 1 25 1782 4693 3827
5314 2 2 1 25 3340 4716 2802
5315 2 2 1 25 1794 2109 1867
5316 2 2 1 25 1866 2110 1795
5317 2 2 1 25 2708 3643 2657
5318 2 2 1 25 137 4252 138
5319 2 2 1 25 2036 2316 1931
5320 2 2 1 25 2939 3099 2937
5321 2 2 1 25 3441 4292 2672
5322 2 2 1 25 1074 4529 1636
5323 2 2 1 25 1927 2340 2035
5324 2 2 1 25 2096 4557 2097
5325 2 2 1 25 3261 4354 3263
5326 2 2 1 25 1578 4637 3415
5327 2 2 1 25 1601 4637 1576
5328 2 2 1 25 2728 4574 2795
5329 2 2 1 25 2588 4628 3330
5330 2 2 1 25 3331 4627 2589
5331 2 2 1 25 2398 4619 3380
5332 2 2 1 25 3934 3953 3070
5333 2 2 1 25 1620 2989 1443
5334 2 2 1 25 3910 4142 2885
5335 2 2 1 25 1340 1626 1471
5336 2 2 1 25 1472 1627 1341
5337 2 2 1 25 1107 1237 1236
5338 2 2 1 25 1238 1239 1110
5339 2 2 1 25 3473 3607 1610
5340 2 2 1 25 2761 4221 3514
5341 2 2 1 25 4266 4303 2140
5342 2 2 1 25 3252 4407 3828
5343 2 2 1 25 1967 2339 1335
5344 2 2 1 25 1332 2338 1968
5345 2 2 1 25 3069 3952 3933
5346 2 2 1 25 3833 4693 1782
5347 2 2 1 25 132 4460 133
5348 2 2 1 25 2026 2027 1868
5349 2 2 1 25 1869 2024 2023
5350 2 2 1 25 2802 4716 3481
5351 2 2 1 25 1687 1949 1947
5352 2 2 1 25 2605 2606 2075
5353 2 2 1 25 2074 2604 2603
5354 2 2 1 25 1950 1952 1689
5355 2 2 1 25 1137 2081 1159
5356 2 2 1 25 1161 2082 1136
5357 2 2 1 25 1340 1396 1221
5358 2 2 1 25 1223 1395 1341
5359 2 2 1 25 3316 4071 1705
5360 2 2 1 25 1431 2202 2200
5361 2 2 1 25 2850 2851 1928
5362 2 2 1 25 2199 2203 1433
5363 2 2 1 25 3274 4402 3185
5364 2 2 1 25 1411 4074 2051
5365 2 2 1 25 3652 3920 1619
5366 2 2 1 25 3951 4517 2620
5367 2 2 1 25 960 1651 947
5368 2 2 1 25 927 4465 3933
5369 2 2 1 25 1143 4694 3721
5370 2 2 1 25 1492 4524 1490
5371 2 2 1 25 3502 3587 2668
5372 2 2 1 25 2497 3552 3545
5373 2 2 1 25 3356 4323 3532
5374 2 2 1 25 3479 4395 4167
5375 2 2 1 25 3934 4461 928
5376 2 2 1 25 4401 4447 2692
5377 2 2 1 25 1686 2505 1290
5378 2 2 1 25 3556 4139 3143
5379 2 2 1 25 1444 4164 1850
5380 2 2 1 25 1838 4162 1446
5381 2 2 1 25 1628 1962 1916
5382 2 2 1 25 1057 1291 1209
5383 2 2 1 25 1169 1290 1077
5384 2 2 1 25 2355 4414 1210
5385 2 2 1 25 2164 2166 2165
5386 2 2 1 25 3368 3880 2546
5387 2 2 1 25 2640 4090 4078
5388 2 2 1 25 2137 2138 2136
5389 2 2 1 25 1152 4056 3122
5390 2 2 1 25 1141 3743 3674
5391 2 2 1 25 2774 3967 3966
5392 2 2 1 25 1188 2019 1129
5393 2 2 1 25 1127 2020 1190
5394 2 2 1 25 1689 3533 1675
5395 2 2 1 25 1136 3534 1095
5396 2 2 1 25 1093 3535 1137
5397 2 2 1 25 1177 2304 1092
5398 2 2 1 25 1091 2303 1175
5399 2 2 1 25 2174 2175 2171
5400 2 2 1 25 1051 1701 979
5401 2 2 1 25 2143 2147 2146
5402 2 2 1 25 980 1702 1053
5403 2 2 1 25 1246 2465 1442
5404 2 2 1 25 1440 2461 1247
5405 2 2 1 25 3307 4298 2754
5406 2 2 1 25 1229 1267 1266
5407 2 2 1 25 1777 1835 1098
5408 2 2 1 25 1918 1919 1534
5409 2 2 1 25 1535 1921 1920
5410 2 2 1 25 1099 1836 1779
5411 2 2 1 25 1234 1937 1703
5412 2 2 1 25 1704 1939 1235
5413 2 2 1 25 1264 1624 1484
5414 2 2 1 25 1486 1625 1265
5415 2 2 1 25 1345 1663 1460
5416 2 2 1 25 1462 1662 1343
5417 2 2 1 25 1056 1524 1117
5418 2 2 1 25 1116 1525 1055
5419 2 2 1 25 2061 3153 2059
5420 2 2 1 25 3237 4268 3238
5421 2 2 1 25 2943 2946 2941
5422 2 2 1 25 3289 4548 1318
5423 2 2 1 25 3680 4114 1297
5424 2 2 1 25 1443 3680 1297
5425 2 2 1 25 2470 3826 3029
5426 2 2 1 25 3030 3825 2468
5427 2 2 1 25 41 4659 3003
5428 2 2 1 25 1089 3818 1185
5429 2 2 1 25 3691 4051 3264
5430 2 2 1 25 931 1829 949
5431 2 2 1 25 1261 1262 1227
5432 2 2 1 25 2847 4240 3922
5433 2 2 1 25 3019 4658 3001
5434 2 2 1 25 2763 2835 1968
5435 2 2 1 25 1967 2834 2348
5436 2 2 1 25 1262 4548 3288
5437 2 2 1 25 4022 4676 1409
5438 2 2 1 25 1186 1187 1090
5439 2 2 1 25 3680 4731 2539
5440 2 2 1 25 3285 3286 2139
5441 2 2 1 25 3823 4555 2323
5442 2 2 1 25 2325 4556 3822
5443 2 2 1 25 3278 3935 1046
5444 2 2 1 25 3420 4642 3388
5445 2 2 1 25 2140 4310 4266
5446 2 2 1 25 920 3050 3049
5447 2 2 1 25 3051 3052 921
5448 2 2 1 25 1962 2451 2301
5449 2 2 1 25 2361 2642 2359
5450 2 2 1 25 2078 2079 1809
5451 2 2 1 25 2046 2057 1807
5452 2 2 1 25 2375 2643 2373
5453 2 2 1 25 1048 2058 975
5454 2 2 1 25 2393 2645 2368
5455 2 2 1 25 1202 1697 1307
5456 2 2 1 25 1305 1696 1200
5457 2 2 1 25 1502 1672 1503
5458 2 2 1 25 1495 1677 1494
5459 2 2 1 25 3908 4319 2612
5460 2 2 1 25 1663 2225 2018
5461 2 2 1 25 2017 2226 1662
5462 2 2 1 25 2540 3814 1883
5463 2 2 1 25 2037 4104 2085
5464 2 2 1 25 1151 3667 3666
5465 2 2 1 25 3669 3670 1150
5466 2 2 1 25 1304 3577 1239
5467 2 2 1 25 1237 3578 1302
5468 2 2 1 25 1239 3926 1110
5469 2 2 1 25 1107 3927 1237
5470 2 2 1 25 1367 3254 1366
5471 2 2 1 25 2694 4343 2505
5472 2 2 1 25 1655 1695 1529
5473 2 2 1 25 2004 2101 2054
5474 2 2 1 25 3514 3523 3098
5475 2 2 1 25 2494 4505 3660
5476 2 2 1 25 2059 2093 2005
5477 2 2 1 25 2106 3056 1721
5478 2 2 1 25 2851 4172 1928
5479 2 2 1 25 3509 3918 2157
5480 2 2 1 25 2961 4291 2959
5481 2 2 1 25 926 4051 3691
5482 2 2 1 25 2067 4139 3556
5483 2 2 1 25 3557 4140 2066
5484 2 2 1 25 2237 3879 3486
5485 2 2 1 25 976 4002 3209
5486 2 2 1 25 1811 4001 3212
5487 2 2 1 25 1992 4012 3219
5488 2 2 1 25 3221 4009 1991
5489 2 2 1 25 1814 4013 3217
5490 2 2 1 25 1817 4029 3224
5491 2 2 1 25 1816 4027 4026
5492 2 2 1 25 2490 4395 3479
5493 2 2 1 25 1631 3550 1630
5494 2 2 1 25 2503 3963 3962
5495 2 2 1 25 2889 2891 2890
5496 2 2 1 25 2967 3652 2965
5497 2 2 1 25 1611 3623 3505
5498 2 2 1 25 2338 4503 3255
5499 2 2 1 25 3256 4502 2339
5500 2 2 1 25 2837 4264 3621
5501 2 2 1 25 3274 4558 3153
5502 2 2 1 25 1887 4554 4036
5503 2 2 1 25 173 4630 2016
5504 2 2 1 25 3210 4611 2782
5505 2 2 1 25 959 3871 968
5506 2 2 1 25 966 3870 957
5507 2 2 1 25 2685 4098 3253
5508 2 2 1 25 1276 1277 1186
5509 2 2 1 25 1533 1822 1532
5510 2 2 1 25 2169 2170 2167
5511 2 2 1 25 1462 2070 2017
5512 2 2 1 25 2018 2069 1460
5513 2 2 1 25 2139 2142 2141
5514 2 2 1 25 3469 4563 2414
5515 2 2 1 25 1530 1818 1531
5516 2 2 1 25 3204 3946 1515
5517 2 2 1 25 3285 4165 3286
5518 2 2 1 25 3401 3913 2516
5519 2 2 1 25 3994 3995 2762
5520 2 2 1 25 2924 2925 2538
5521 2 2 1 25 1647 3807 3592
5522 2 2 1 25 3595 3809 1648
5523 2 2 1 25 2315 4614 2666
5524 2 2 1 25 1240 3964 1431
5525 2 2 1 25 2957 2958 2945
5526 2 2 1 25 1796 2000 1695
5527 2 2 1 25 2972 3920 2969
5528 2 2 1 25 1073 1165 1164
5529 2 2 1 25 1162 1163 1071
5530 2 2 1 25 2284 2726 2688
5531 2 2 1 25 2777 4259 3109
5532 2 2 1 25 3112 4260 2776
5533 2 2 1 25 1913 3866 3543
5534 2 2 1 25 2209 3813 1344
5535 2 2 1 25 1342 3811 2210
5536 2 2 1 25 2451 3932 2301
5537 2 2 1 25 2307 2785 1399
5538 2 2 1 25 2271 2440 941
5539 2 2 1 25 2678 4552 3151
5540 2 2 1 25 1606 4295 3155
5541 2 2 1 25 3154 4294 1607
5542 2 2 1 25 2817 2819 2818
5543 2 2 1 25 2811 2812 2810
5544 2 2 1 25 2326 2327 1527
5545 2 2 1 25 2249 3562 2423
5546 2 2 1 25 2274 2484 1014
5547 2 2 1 25 2251 3563 2637
5548 2 2 1 25 1569 3925 1567
5549 2 2 1 25 3901 4362 1934
5550 2 2 1 25 1668 3930 3297
5551 2 2 1 25 3295 3931 1669
5552 2 2 1 25 3653 4313 2503
5553 2 2 1 25 2484 3522 3200
5554 2 2 1 25 2053 4237 4142
5555 2 2 1 25 4204 4409 2520
5556 2 2 1 25 2521 4408 4203
5557 2 2 1 25 2955 3085 1508
5558 2 2 1 25 1397 3069 2950
5559 2 2 1 25 1507 3119 3118
5560 2 2 1 25 2952 3070 1398
5561 2 2 1 25 1829 4625 3906
5562 2 2 1 25 3079 4519 4349
5563 2 2 1 25 939 4641 2825
5564 2 2 1 25 1193 4640 2831
5565 2 2 1 25 2830 4639 1192
5566 2 2 1 25 4079 4735 3623
5567 2 2 1 25 2827 4638 938
5568 2 2 1 25 1149 1401 1325
5569 2 2 1 25 1523 2201 1208
5570 2 2 1 25 1408 1409 1308
5571 2 2 1 25 1306 1405 1404
5572 2 2 1 25 2689 4450 2687
5573 2 2 1 25 3868 3909 1915
5574 2 2 1 25 3244 3604 3282
5575 2 2 1 25 2846 4325 1317
5576 2 2 1 25 170 3624 3528
5577 2 2 1 25 2595 4050 180
5578 2 2 1 25 2081 4038 3507
5579 2 2 1 25 3506 4039 2082
5580 2 2 1 25 2798 4339 3541
5581 2 2 1 25 3322 4511 3321
5582 2 2 1 25 1433 3982 1241
5583 2 2 1 25 1079 4430 2828
5584 2 2 1 25 2829 4431 1080
5585 2 2 1 25 1564 3936 1566
5586 2 2 1 25 1425 3249 1423
5587 2 2 1 25 3127 4653 1068
5588 2 2 1 25 3172 4415 2086
5589 2 2 1 25 1169 3941 1686
5590 2 2 1 25 1686 3941 2695
5591 2 2 1 25 3674 3971 1141
5592 2 2 1 25 2980 4398 2979
5593 2 2 1 25 109 4485 108
5594 2 2 1 25 1266 3967 1322
5595 2 2 1 25 2778 3257 2641
5596 2 2 1 25 3557 3678 2583
5597 2 2 1 25 2584 3679 3556
5598 2 2 1 25 3341 4463 2578
5599 2 2 1 25 2576 4462 3342
5600 2 2 1 25 1926 4641 1124
5601 2 2 1 25 2283 4640 1270
5602 2 2 1 25 1269 4639 2281
5603 2 2 1 25 1125 4638 1930
5604 2 2 1 25 3518 3520 3519
5605 2 2 1 25 3516 3517 3515
5606 2 2 1 25 2445 4182 3484
5607 2 2 1 25 2234 4216 3411
5608 2 2 1 25 2781 4255 1824
5609 2 2 1 25 1940 2571 2570
5610 2 2 1 25 2567 2568 1938
5611 2 2 1 25 1825 2232 2231
5612 2 2 1 25 2229 2230 1826
5613 2 2 1 25 2608 2609 2106
5614 2 2 1 25 1310 3627 1692
5615 2 2 1 25 1693 3626 1309
5616 2 2 1 25 3010 4110 2438
5617 2 2 1 25 1820 4256 3277
5618 2 2 1 25 3396 4222 1645
5619 2 2 1 25 3395 4222 3396
5620 2 2 1 25 2682 4445 2684
5621 2 2 1 25 2059 3153 2093
5622 2 2 1 25 3259 4070 116
5623 2 2 1 25 2319 3944 2317
5624 2 2 1 25 2991 4112 2426
5625 2 2 1 25 2621 4466 3954
5626 2 2 1 25 2594 4223 3662
5627 2 2 1 25 2489 3601 2746
5628 2 2 1 25 3576 3947 2533
5629 2 2 1 25 3059 3199 2327
5630 2 2 1 25 2341 3950 2724
5631 2 2 1 25 1381 1382 1380
5632 2 2 1 25 1357 1359 1358
5633 2 2 1 25 2313 4363 3196
5634 2 2 1 25 2188 4045 4037
5635 2 2 1 25 2817 2818 2816
5636 2 2 1 25 2809 2811 2810
5637 2 2 1 25 4278 4583 2550
5638 2 2 1 25 2551 4582 4279
5639 2 2 1 25 1495 4133 3568
5640 2 2 1 25 3566 4132 1503
5641 2 2 1 25 2013 2214 2012
5642 2 2 1 25 2010 2213 2011
5643 2 2 1 25 4197 4231 1780
5644 2 2 1 25 932 4449 3761
5645 2 2 1 25 3000 4517 1954
5646 2 2 1 25 2456 2610 2364
5647 2 2 1 25 1209 1917 1523
5648 2 2 1 25 1407 1415 1408
5649 2 2 1 25 1404 1414 1403
5650 2 2 1 25 1573 4499 1629
5651 2 2 1 25 4582 4682 3679
5652 2 2 1 25 3678 4683 4583
5653 2 2 1 25 2724 2725 2342
5654 2 2 1 25 3140 4693 3833
5655 2 2 1 25 3603 4600 2400
5656 2 2 1 25 2318 2450 2319
5657 2 2 1 25 4046 4386 2642
5658 2 2 1 25 4066 4621 4067
5659 2 2 1 25 4065 4620 4064
5660 2 2 1 25 1965 3941 1325
5661 2 2 1 25 402 3696 403
5662 2 2 1 25 347 3688 348
5663 2 2 1 25 513 3687 514
5664 2 2 1 25 393 3703 394
5665 2 2 1 25 358 3702 359
5666 2 2 1 25 385 3707 386
5667 2 2 1 25 373 3724 374
5668 2 2 1 25 327 1700 328
5669 2 2 1 25 432 1720 433
5670 2 2 1 25 438 1724 439
5671 2 2 1 25 440 1725 441
5672 2 2 1 25 446 1728 447
5673 2 2 1 25 519 3716 520
5674 2 2 1 25 521 3722 522
5675 2 2 1 25 507 3736 508
5676 2 2 1 25 397 1718 398
5677 2 2 1 25 428 1699 429
5678 2 2 1 25 500 1755 501
5679 2 2 1 25 502 1756 503
5680 2 2 1 25 514 1762 515
5681 2 2 1 25 526 1768 527
5682 2 2 1 25 528 1769 529
5683 2 2 1 25 530 1770 531
5684 2 2 1 25 517 3684 518
5685 2 2 1 25 349 3721 350
5686 2 2 1 25 395 925 396
5687 2 2 1 25 409 2113 410
5688 2 2 1 25 380 3708 381
5689 2 2 1 25 392 1144 393
5690 2 2 1 25 485 3729 486
5691 2 2 1 25 490 1750 491
5692 2 2 1 25 399 983 400
5693 2 2 1 25 407 1140 408
5694 2 2 1 25 466 1738 467
5695 2 2 1 25 472 1741 473
5696 2 2 1 25 478 1744 479
5697 2 2 1 25 504 1757 505
5698 2 2 1 25 512 1761 513
5699 2 2 1 25 516 1763 517
5700 2 2 1 25 524 1767 525
5701 2 2 1 25 489 3726 490
5702 2 2 1 25 497 3753 498
5703 2 2 1 25 361 3691 362
5704 2 2 1 25 346 2114 347
5705 2 2 1 25 376 3758 377
5706 2 2 1 25 452 1731 453
5707 2 2 1 25 454 1732 455
5708 2 2 1 25 459 3695 460
5709 2 2 1 25 356 3727 357
5710 2 2 1 25 360 926 361
5711 2 2 1 25 363 1146 364
5712 2 2 1 25 365 3742 366
5713 2 2 1 25 369 1145 370
5714 2 2 1 25 374 3743 375
5715 2 2 1 25 382 3741 383
5716 2 2 1 25 387 1715 388
5717 2 2 1 25 450 1730 451
5718 2 2 1 25 468 1739 469
5719 2 2 1 25 470 1740 471
5720 2 2 1 25 474 1742 475
5721 2 2 1 25 491 3705 492
5722 2 2 1 25 492 1751 493
5723 2 2 1 25 388 3754 389
5724 2 2 1 25 465 3728 466
5725 2 2 1 25 487 3745 488
5726 2 2 1 25 371 3718 372
5727 2 2 1 25 476 1743 477
5728 2 2 1 25 351 933 352
5729 2 2 1 25 456 1733 457
5730 2 2 1 25 523 3701 524
5731 2 2 1 25 377 3731 378
5732 2 2 1 25 378 924 379
5733 2 2 1 25 479 3759 480
5734 2 2 1 25 481 3744 482
5735 2 2 1 25 482 1746 483
5736 2 2 1 25 483 3752 484
5737 2 2 1 25 348 1143 349
5738 2 2 1 25 362 3711 363
5739 2 2 1 25 366 923 367
5740 2 2 1 25 368 3725 369
5741 2 2 1 25 372 929 373
5742 2 2 1 25 379 3709 380
5743 2 2 1 25 383 3740 384
5744 2 2 1 25 384 950 385
5745 2 2 1 25 389 922 390
5746 2 2 1 25 400 3771 401
5747 2 2 1 25 467 3770 468
5748 2 2 1 25 473 3715 474
5749 2 2 1 25 477 3748 478
5750 2 2 1 25 484 1747 485
5751 2 2 1 25 488 1749 489
5752 2 2 1 25 494 1752 495
5753 2 2 1 25 496 1753 497
5754 2 2 1 25 370 3750 371
5755 2 2 1 25 396 3694 397
5756 2 2 1 25 357 1717 358
5757 2 2 1 25 462 1736 463
5758 2 2 1 25 505 3700 506
5759 2 2 1 25 353 1716 354
5760 2 2 1 25 355 984 356
5761 2 2 1 25 364 3766 365
5762 2 2 1 25 375 1141 376
5763 2 2 1 25 381 1142 382
5764 2 2 1 25 386 3719 387
5765 2 2 1 25 398 3737 399
5766 2 2 1 25 401 1714 402
5767 2 2 1 25 404 932 405
5768 2 2 1 25 431 3690 432
5769 2 2 1 25 434 1722 435
5770 2 2 1 25 448 1729 449
5771 2 2 1 25 458 1734 459
5772 2 2 1 25 460 1735 461
5773 2 2 1 25 464 1737 465
5774 2 2 1 25 469 3720 470
5775 2 2 1 25 475 3735 476
5776 2 2 1 25 480 1745 481
5777 2 2 1 25 486 1748 487
5778 2 2 1 25 498 1754 499
5779 2 2 1 25 499 3692 500
5780 2 2 1 25 506 1758 507
5781 2 2 1 25 508 1759 509
5782 2 2 1 25 510 1760 511
5783 2 2 1 25 518 1764 519
5784 2 2 1 25 522 1766 523
5785 2 2 1 25 532 1771 533
5786 2 2 1 25 534 1772 535
5787 2 2 1 25 461 3751 462
5788 2 2 1 25 408 3699 409
5789 2 2 1 25 436 1723 437
5790 2 2 1 25 442 1726 443
5791 2 2 1 25 444 1727 445
5792 2 2 1 25 503 3762 504
5793 2 2 1 25 449 3768 450
5794 2 2 1 25 451 3783 452
5795 2 2 1 25 529 3764 530
5796 2 2 1 25 520 1765 521
5797 2 2 1 25 471 3755 472
5798 2 2 1 25 359 3777 360
5799 2 2 1 25 394 3732 395
5800 2 2 1 25 463 3774 464
5801 2 2 1 25 441 3682 442
5802 2 2 1 25 501 3734 502
5803 2 2 1 25 495 3749 496
5804 2 2 1 25 455 3733 456
5805 2 2 1 25 352 3756 353
5806 2 2 1 25 354 3730 355
5807 2 2 1 25 453 3746 454
5808 2 2 1 25 511 3772 512
5809 2 2 1 25 405 3761 406
5810 2 2 1 25 403 3760 404
5811 2 2 1 25 509 3775 510
5812 2 2 1 25 531 3787 532
5813 2 2 1 25 406 3712 407
5814 2 2 1 25 437 3704 438
5815 2 2 1 25 350 3784 351
5816 2 2 1 25 515 3776 516
5817 2 2 1 25 457 3780 458
5818 2 2 1 25 433 3779 434
5819 2 2 1 25 525 3689 526
5820 2 2 1 25 447 3710 448
5821 2 2 1 25 435 3738 436
5822 2 2 1 25 533 3781 534
5823 2 2 1 25 527 3763 528
5824 2 2 1 25 439 3785 440
5825 2 2 1 25 445 3767 446
5826 2 2 1 25 443 3786 444
5827 2 2 1 25 226 937 14
5828 2 2 1 25 53 936 536
5829 2 2 1 25 2461 3646 1247
5830 2 2 1 25 4094 4095 3233
5831 2 2 1 25 1942 3043 2206
5832 2 2 1 25 3004 3901 3272
5833 2 2 1 25 1482 1540 1466
5834 2 2 1 25 4221 4515 2231
5835 2 2 1 25 3573 4066 2303
5836 2 2 1 25 2304 4064 3575
5837 2 2 1 25 1407 3859 2315
5838 2 2 1 25 2314 3860 1403
5839 2 2 1 25 1495 1678 1677
5840 2 2 1 25 1672 1673 1503
5841 2 2 1 25 1752 4205 3706
5842 2 2 1 25 3706 4205 1751
5843 2 2 1 25 1499 3806 1497
5844 2 2 1 25 1489 3808 1491
5845 2 2 1 25 4126 4630 173
5846 2 2 1 25 2185 3482 2334
5847 2 2 1 25 2597 4022 3224
5848 2 2 1 25 4016 4413 2596
5849 2 2 1 25 2921 3109 2877
5850 2 2 1 25 2879 3112 2923
5851 2 2 1 25 958 967 966
5852 2 2 1 25 968 969 960
5853 2 2 1 25 410 3658 411
5854 2 2 1 25 345 3659 346
5855 2 2 1 25 1564 3985 3936
5856 2 2 1 25 2294 3640 1015
5857 2 2 1 25 3469 3947 3576
5858 2 2 1 25 2803 3982 3852
5859 2 2 1 25 3662 4223 4067
5860 2 2 1 25 2167 3484 3483
5861 2 2 1 25 3977 4048 1478
5862 2 2 1 25 2248 3946 3204
5863 2 2 1 25 1647 3806 1499
5864 2 2 1 25 1491 3808 1648
5865 2 2 1 25 2785 3495 1399
5866 2 2 1 25 3731 4333 924
5867 2 2 1 25 1047 3496 1953
5868 2 2 1 25 2374 3216 2455
5869 2 2 1 25 1971 3208 2463
5870 2 2 1 25 2360 3630 2363
5871 2 2 1 25 2423 4350 2770
5872 2 2 1 25 1881 3924 2539
5873 2 2 1 25 3661 4226 2593
5874 2 2 1 25 2539 3681 3680
5875 2 2 1 25 1498 1499 1497
5876 2 2 1 25 1489 1491 1490
5877 2 2 1 25 3577 4115 2719
5878 2 2 1 25 2716 4116 3578
5879 2 2 1 25 1847 1848 1846
5880 2 2 1 25 1858 1860 1859
5881 2 2 1 25 2699 4046 2364
5882 2 2 1 25 2366 2587 1082
5883 2 2 1 25 2354 2355 1210
5884 2 2 1 25 2371 2530 991
5885 2 2 1 25 3211 4563 2372
5886 2 2 1 25 2848 2849 2297
5887 2 2 1 25 1856 4080 1858
5888 2 2 1 25 1160 1392 1244
5889 2 2 1 25 1242 1391 1158
5890 2 2 1 25 1690 1995 1951
5891 2 2 1 25 1948 1994 1688
5892 2 2 1 25 3600 4354 4081
5893 2 2 1 25 1925 3497 1927
5894 2 2 1 25 1108 1109 1054
5895 2 2 1 25 1052 1112 1111
5896 2 2 1 25 1073 4652 1964
5897 2 2 1 25 1117 1233 1194
5898 2 2 1 25 1195 1232 1116
5899 2 2 1 25 2289 3287 2553
5900 2 2 1 25 1963 4647 1071
5901 2 2 1 25 2099 2625 2286
5902 2 2 1 25 2413 4043 3947
5903 2 2 1 25 1115 3561 1199
5904 2 2 1 25 1850 1851 1664
5905 2 2 1 25 1665 1839 1838
5906 2 2 1 25 2666 4033 3944
5907 2 2 1 25 2730 4468 4117
5908 2 2 1 25 4 3647 1246
5909 2 2 1 25 57 2807 1173
5910 2 2 1 25 1171 2814 6
5911 2 2 1 25 2332 3509 2157
5912 2 2 1 25 2647 3976 2646
5913 2 2 1 25 2610 4048 3977
5914 2 2 1 25 3132 3978 3136
5915 2 2 1 25 1791 2583 1790
5916 2 2 1 25 1792 2584 1793
5917 2 2 1 25 3528 3624 2609
5918 2 2 1 25 2094 2799 2798
5919 2 2 1 25 2525 4270 3258
5920 2 2 1 25 3259 4269 2526
5921 2 2 1 25 3630 3631 2363
5922 2 2 1 25 2554 4660 4374
5923 2 2 1 25 3189 4507 3581
5924 2 2 1 25 4326 4386 2278
5925 2 2 1 25 2774 3966 2453
5926 2 2 1 25 3019 4448 4410
5927 2 2 1 25 1303 3789 1804
5928 2 2 1 25 3512 3956 1651
5929 2 2 1 25 1226 1227 1197
5930 2 2 1 25 3549 4050 2797
5931 2 2 1 25 4079 4310 2155
5932 2 2 1 25 3654 3962 3657
5933 2 2 1 25 1911 2458 2229
5934 2 2 1 25 2231 2457 1910
5935 2 2 1 25 2153 3918 2651
5936 2 2 1 25 2555 3579 2335
5937 2 2 1 25 1457 2238 91
5938 2 2 1 25 90 2825 2626
5939 2 2 1 25 2623 2827 33
5940 2 2 1 25 1453 2826 35
5941 2 2 1 25 88 2614 1451
5942 2 2 1 25 70 3270 1680
5943 2 2 1 25 16 2828 1907
5944 2 2 1 25 1903 2829 71
5945 2 2 1 25 64 2831 971
5946 2 2 1 25 970 2830 23
5947 2 2 1 25 1892 2094 2062
5948 2 2 1 25 1029 3983 1027
5949 2 2 1 25 3247 4174 3966
5950 2 2 1 25 1541 2088 1540
5951 2 2 1 25 1562 3985 1564
5952 2 2 1 25 1303 1304 1239
5953 2 2 1 25 1237 1302 1301
5954 2 2 1 25 3825 4628 2588
5955 2 2 1 25 2589 4627 3826
5956 2 2 1 25 3866 4513 2198
5957 2 2 1 25 3868 4514 2038
5958 2 2 1 25 3607 4695 4355
5959 2 2 1 25 1325 3941 1169
5960 2 2 1 25 4355 4356 3188
5961 2 2 1 25 3222 4543 3223
5962 2 2 1 25 2112 2247 26
5963 2 2 1 25 1122 2250 34
5964 2 2 1 25 67 2804 1240
5965 2 2 1 25 1241 2803 20
5966 2 2 1 25 4152 4677 3175
5967 2 2 1 25 4443 4545 2930
5968 2 2 1 25 262 964 31
5969 2 2 1 25 28 1183 258
5970 2 2 1 25 658 1184 95
5971 2 2 1 25 92 963 654
5972 2 2 1 25 94 4099 658
5973 2 2 1 25 258 4100 29
5974 2 2 1 25 1622 3291 3274
5975 2 2 1 25 3043 3508 2206
5976 2 2 1 25 2909 4176 2467
5977 2 2 1 25 2469 4177 2911
5978 2 2 1 25 1063 3986 3347
5979 2 2 1 25 3084 3872 2845
5980 2 2 1 25 933 4238 3757
5981 2 2 1 25 2967 3920 3652
5982 2 2 1 25 1540 4541 1466
5983 2 2 1 25 108 4681 107
5984 2 2 1 25 3064 3065 2039
5985 2 2 1 25 2047 2521 2431
5986 2 2 1 25 2432 2520 2048
5987 2 2 1 25 2411 4398 3166
5988 2 2 1 25 3566 4455 4156
5989 2 2 1 25 4157 4456 3568
5990 2 2 1 25 2770 4350 3523
5991 2 2 1 25 1246 3647 2465
5992 2 2 1 25 1342 2210 1461
5993 2 2 1 25 1459 2209 1344
5994 2 2 1 25 1083 2294 1015
5995 2 2 1 25 1016 2235 1084
5996 2 2 1 25 2500 2501 1429
5997 2 2 1 25 2182 2673 2170
5998 2 2 1 25 2014 2781 1824
5999 2 2 1 25 4065 4226 3661
6000 2 2 1 25 1820 3277 2252
6001 2 2 1 25 1047 1953 1089
6002 2 2 1 25 2374 2455 2454
6003 2 2 1 25 1971 2463 2430
6004 2 2 1 25 1691 1985 1168
6005 2 2 1 25 2360 2363 2362
6006 2 2 1 25 2142 2669 2154
6007 2 2 1 25 2345 2772 2771
6008 2 2 1 25 4359 4360 2193
6009 2 2 1 25 2129 2783 2540
6010 2 2 1 25 1357 3664 1359
6011 2 2 1 25 1266 1322 1268
6012 2 2 1 25 3550 4277 1630
6013 2 2 1 25 2520 4409 2048
6014 2 2 1 25 2047 4408 2521
6015 2 2 1 25 2607 4475 1989
6016 2 2 1 25 946 2003 959
6017 2 2 1 25 957 2002 948
6018 2 2 1 25 1621 3921 1665
6019 2 2 1 25 1269 2281 1434
6020 2 2 1 25 1925 1926 1124
6021 2 2 1 25 1432 2283 1270
6022 2 2 1 25 1125 1930 1929
6023 2 2 1 25 1873 1909 1483
6024 2 2 1 25 1485 1905 1874
6025 2 2 1 25 1685 2723 2261
6026 2 2 1 25 2260 2722 1684
6027 2 2 1 25 1427 1631 1630
6028 2 2 1 25 1231 2038 1222
6029 2 2 1 25 1220 2037 1230
6030 2 2 1 25 1439 2197 1536
6031 2 2 1 25 1538 2198 1441
6032 2 2 1 25 1225 1413 1174
6033 2 2 1 25 1176 1412 1224
6034 2 2 1 25 1072 2346 1011
6035 2 2 1 25 1009 2347 1070
6036 2 2 1 25 1711 1712 1456
6037 2 2 1 25 1458 1708 1707
6038 2 2 1 25 1825 1910 1452
6039 2 2 1 25 1454 1911 1826
6040 2 2 1 25 1130 2030 1189
6041 2 2 1 25 1191 2029 1128
6042 2 2 1 25 3930 4685 2750
6043 2 2 1 25 2749 4684 3931
6044 2 2 1 25 3472 4032 2378
6045 2 2 1 25 3306 3956 3022
6046 2 2 1 25 2340 4060 2035
6047 2 2 1 25 1263 1318 1261
6048 2 2 1 25 2142 4651 2669
6049 2 2 1 25 3131 3906 3133
6050 2 2 1 25 2095 4290 3980
6051 2 2 1 25 1334 1657 1656
6052 2 2 1 25 1658 1659 1331
6053 2 2 1 25 3289 4471 2891
6054 2 2 1 25 2380 4034 3471
6055 2 2 1 25 3588 4109 2973
6056 2 2 1 25 187 4542 186
6057 2 2 1 25 2058 3597 975
6058 2 2 1 25 2057 3598 1807
6059 2 2 1 25 2079 3599 1809
6060 2 2 1 25 1199 1229 1228
6061 2 2 1 25 3545 3552 2573
6062 2 2 1 25 2504 3984 3148
6063 2 2 1 25 1922 4041 1649
6064 2 2 1 25 1650 4042 1923
6065 2 2 1 25 1340 1471 1396
6066 2 2 1 25 1395 1472 1341
6067 2 2 1 25 4304 4698 4293
6068 2 2 1 25 3599 3600 965
6069 2 2 1 25 4621 4654 4195
6070 2 2 1 25 4194 4655 4620
6071 2 2 1 25 3257 4482 2641
6072 2 2 1 25 1478 4048 3299
6073 2 2 1 25 1187 4047 1090
6074 2 2 1 25 2610 3977 2700
6075 2 2 1 25 3484 4182 3483
6076 2 2 1 25 1295 1296 1277
6077 2 2 1 25 3255 4503 3699
6078 2 2 1 25 3688 4502 3256
6079 2 2 1 25 3652 3925 2977
6080 2 2 1 25 3168 4068 3904
6081 2 2 1 25 2160 2172 2162
6082 2 2 1 25 3547 4084 1273
6083 2 2 1 25 1412 1866 1795
6084 2 2 1 25 1794 1867 1413
6085 2 2 1 25 2685 4383 3173
6086 2 2 1 25 920 3499 3050
6087 2 2 1 25 113 3816 3645
6088 2 2 1 25 2134 2144 2132
6089 2 2 1 25 3256 4694 3688
6090 2 2 1 25 1930 2036 1931
6091 2 2 1 25 3493 4605 3294
6092 2 2 1 25 3641 3900 2087
6093 2 2 1 25 3640 3641 2087
6094 2 2 1 25 2582 3614 2581
6095 2 2 1 25 3081 3965 3083
6096 2 2 1 25 2253 4440 3145
6097 2 2 1 25 2281 2682 2282
6098 2 2 1 25 2701 4712 4508
6099 2 2 1 25 1829 3900 3641
6100 2 2 1 25 2423 2769 2111
6101 2 2 1 25 1775 4616 1891
6102 2 2 1 25 2263 2280 1952
6103 2 2 1 25 1949 2279 2262
6104 2 2 1 25 2007 2321 2320
6105 2 2 1 25 2202 2538 2537
6106 2 2 1 25 2284 2687 2283
6107 2 2 1 25 3554 3908 2611
6108 2 2 1 25 2722 3572 1684
6109 2 2 1 25 1685 3574 2723
6110 2 2 1 25 2051 2052 1447
6111 2 2 1 25 3654 3655 2691
6112 2 2 1 25 4377 4629 3536
6113 2 2 1 25 2245 2246 2052
6114 2 2 1 25 2474 3565 2475
6115 2 2 1 25 2473 3564 2472
6116 2 2 1 25 2836 2884 2246
6117 2 2 1 25 1858 3970 1860
6118 2 2 1 25 948 4465 927
6119 2 2 1 25 1994 4190 1688
6120 2 2 1 25 1528 1529 1361
6121 2 2 1 25 2095 3980 1523
6122 2 2 1 25 3091 4097 2635
6123 2 2 1 25 2633 4096 3089
6124 2 2 1 25 3510 3877 1998
6125 2 2 1 25 2526 4070 3259
6126 2 2 1 25 1112 1196 1114
6127 2 2 1 25 1115 1198 1109
6128 2 2 1 25 3449 4679 3651
6129 2 2 1 25 1995 2599 2091
6130 2 2 1 25 2092 2600 1994
6131 2 2 1 25 1411 1447 1390
6132 2 2 1 25 2939 3939 3099
6133 2 2 1 25 3681 4114 3680
6134 2 2 1 25 928 4461 946
6135 2 2 1 25 3116 4216 2234
6136 2 2 1 25 3019 4410 3812
6137 2 2 1 25 2658 3643 3548
6138 2 2 1 25 3852 3914 2205
6139 2 2 1 25 1185 3818 1522
6140 2 2 1 25 8 1004 208
6141 2 2 1 25 10 2840 211
6142 2 2 1 25 60 1527 570
6143 2 2 1 25 62 1901 573
6144 2 2 1 25 209 1900 9
6145 2 2 1 25 212 1526 11
6146 2 2 1 25 571 2736 61
6147 2 2 1 25 574 1003 63
6148 2 2 1 25 68 2841 582
6149 2 2 1 25 32 951 266
6150 2 2 1 25 88 1258 648
6151 2 2 1 25 90 2329 651
6152 2 2 1 25 16 1906 240
6153 2 2 1 25 18 1014 243
6154 2 2 1 25 70 1121 585
6155 2 2 1 25 241 1120 17
6156 2 2 1 25 244 2739 19
6157 2 2 1 25 583 1013 69
6158 2 2 1 25 586 1902 71
6159 2 2 1 25 267 2330 33
6160 2 2 1 25 270 1259 35
6161 2 2 1 25 649 2251 89
6162 2 2 1 25 652 952 91
6163 2 2 1 25 247 1001 21
6164 2 2 1 25 250 942 23
6165 2 2 1 25 577 2737 65
6166 2 2 1 25 22 2738 249
6167 2 2 1 25 64 943 576
6168 2 2 1 25 66 1002 579
6169 2 2 1 25 24 2843 252
6170 2 2 1 25 253 944 25
6171 2 2 1 25 256 1068 27
6172 2 2 1 25 80 1069 622
6173 2 2 1 25 623 2249 81
6174 2 2 1 25 82 945 625
6175 2 2 1 25 626 2842 83
6176 2 2 1 25 1363 1365 1364
6177 2 2 1 25 1050 4611 3210
6178 2 2 1 25 3731 3758 2982
6179 2 2 1 25 1365 1367 1366
6180 2 2 1 25 3749 4539 3192
6181 2 2 1 25 1299 3540 1445
6182 2 2 1 25 3548 3643 1996
6183 2 2 1 25 1967 2348 2339
6184 2 2 1 25 2338 2763 1968
6185 2 2 1 25 2596 4017 2369
6186 2 2 1 25 1360 1363 1362
6187 2 2 1 25 1927 2035 1926
6188 2 2 1 25 542 1783 543
6189 2 2 1 25 214 1150 215
6190 2 2 1 25 221 953 222
6191 2 2 1 25 224 3829 225
6192 2 2 1 25 540 954 541
6193 2 2 1 25 546 3834 547
6194 2 2 1 25 547 1151 548
6195 2 2 1 25 217 996 218
6196 2 2 1 25 219 1782 220
6197 2 2 1 25 223 2083 224
6198 2 2 1 25 220 3827 221
6199 2 2 1 25 216 3836 217
6200 2 2 1 25 538 2084 539
6201 2 2 1 25 544 995 545
6202 2 2 1 25 543 3828 544
6203 2 2 1 25 218 3833 219
6204 2 2 1 25 539 3832 540
6205 2 2 1 25 537 3838 538
6206 2 2 1 25 541 3831 542
6207 2 2 1 25 222 3830 223
6208 2 2 1 25 215 3839 216
6209 2 2 1 25 1500 4330 1502
6210 2 2 1 25 2991 3639 1914
6211 2 2 1 25 3010 3638 1912
6212 2 2 1 25 2203 3982 1433
6213 2 2 1 25 1998 2099 1999
6214 2 2 1 25 1481 1482 1466
6215 2 2 1 25 1690 3619 1995
6216 2 2 1 25 1867 4350 1413
6217 2 2 1 25 1978 1979 1659
6218 2 2 1 25 1657 1977 1976
6219 2 2 1 25 1849 2049 1848
6220 2 2 1 25 1860 2050 1861
6221 2 2 1 25 1154 2067 1059
6222 2 2 1 25 1833 2555 2335
6223 2 2 1 25 1400 3570 2438
6224 2 2 1 25 1060 2066 1155
6225 2 2 1 25 1256 3574 1685
6226 2 2 1 25 1684 3572 1257
6227 2 2 1 25 2336 2554 1834
6228 2 2 1 25 1207 2560 1450
6229 2 2 1 25 1449 2561 1206
6230 2 2 1 25 940 2556 2273
6231 2 2 1 25 944 2632 2194
6232 2 2 1 25 2196 2634 945
6233 2 2 1 25 1526 2631 2426
6234 2 2 1 25 2551 3633 1901
6235 2 2 1 25 1900 3634 2550
6236 2 2 1 25 1094 2204 1002
6237 2 2 1 25 1001 2205 1096
6238 2 2 1 25 2330 3636 2624
6239 2 2 1 25 2627 3635 2329
6240 2 2 1 25 1013 2636 2270
6241 2 2 1 25 1908 2905 1906
6242 2 2 1 25 1681 2906 1121
6243 2 2 1 25 3181 3506 2261
6244 2 2 1 25 2260 3507 3180
6245 2 2 1 25 2184 2186 2180
6246 2 2 1 25 2152 2158 2156
6247 2 2 1 25 3239 4292 1917
6248 2 2 1 25 573 3840 574
6249 2 2 1 25 208 3841 209
6250 2 2 1 25 651 3849 652
6251 2 2 1 25 266 3848 267
6252 2 2 1 25 582 3846 583
6253 2 2 1 25 585 3845 586
6254 2 2 1 25 648 3850 649
6255 2 2 1 25 579 3855 580
6256 2 2 1 25 625 3858 626
6257 2 2 1 25 1494 4396 1492
6258 2 2 1 25 205 3863 7
6259 2 2 1 25 201 1913 5
6260 2 2 1 25 567 1106 59
6261 2 2 1 25 4 1105 200
6262 2 2 1 25 56 3862 562
6263 2 2 1 25 58 1912 566
6264 2 2 1 25 566 3864 567
6265 2 2 1 25 562 1293 563
6266 2 2 1 25 200 3865 201
6267 2 2 1 25 204 1292 205
6268 2 2 1 25 211 3842 212
6269 2 2 1 25 570 3843 571
6270 2 2 1 25 206 1973 207
6271 2 2 1 25 568 1974 569
6272 2 2 1 25 5 1914 202
6273 2 2 1 25 57 1172 564
6274 2 2 1 25 243 3844 244
6275 2 2 1 25 240 3847 241
6276 2 2 1 25 203 1170 6
6277 2 2 1 25 565 1915 58
6278 2 2 1 25 564 3867 565
6279 2 2 1 25 202 3869 203
6280 2 2 1 25 246 3851 247
6281 2 2 1 25 249 3853 250
6282 2 2 1 25 252 3857 253
6283 2 2 1 25 576 3854 577
6284 2 2 1 25 622 3856 623
6285 2 2 1 25 1431 3964 2202
6286 2 2 1 25 1428 1429 1426
6287 2 2 1 25 3581 3582 1623
6288 2 2 1 25 2446 3284 3283
6289 2 2 1 25 2224 4081 3261
6290 2 2 1 25 2455 3177 2613
6291 2 2 1 25 1169 1686 1290
6292 2 2 1 25 1843 1845 1844
6293 2 2 1 25 1856 1857 1855
6294 2 2 1 25 2448 3558 2449
6295 2 2 1 25 1986 1987 1985
6296 2 2 1 25 2236 4086 3300
6297 2 2 1 25 2477 3516 3515
6298 2 2 1 25 3518 3519 3044
6299 2 2 1 25 3458 4089 2615
6300 2 2 1 25 3176 4369 1487
6301 2 2 1 25 1049 3220 972
6302 2 2 1 25 974 3496 1047
6303 2 2 1 25 992 3218 1076
6304 2 2 1 25 994 3216 2374
6305 2 2 1 25 1806 3208 1971
6306 2 2 1 25 1808 3210 1810
6307 2 2 1 25 989 3211 2372
6308 2 2 1 25 1081 2596 2369
6309 2 2 1 25 1043 2598 1201
6310 2 2 1 25 1203 2597 1045
6311 2 2 1 25 1044 3222 2358
6312 2 2 1 25 1211 3630 2360
6313 2 2 1 25 1148 2762 2761
6314 2 2 1 25 2228 4326 2278
6315 2 2 1 25 2649 2900 2357
6316 2 2 1 25 1871 2387 1712
6317 2 2 1 25 1708 2390 1870
6318 2 2 1 25 1905 2801 2422
6319 2 2 1 25 2421 2800 1909
6320 2 2 1 25 3180 4478 2022
6321 2 2 1 25 2021 4477 3181
6322 2 2 1 25 1481 1941 1482
6323 2 2 1 25 2099 2100 1999
6324 2 2 1 25 3239 4334 3116
6325 2 2 1 25 2584 2585 1793
6326 2 2 1 25 1791 3179 2583
6327 2 2 1 25 4313 4616 2786
6328 2 2 1 25 1223 4128 1395
6329 2 2 1 25 1396 4129 1221
6330 2 2 1 25 3651 4679 1965
6331 2 2 1 25 4236 4648 148
6332 2 2 1 25 133 4538 134
6333 2 2 1 25 2145 2190 1183
6334 2 2 1 25 1184 2189 2173
6335 2 2 1 25 981 2188 963
6336 2 2 1 25 964 2187 982
6337 2 2 1 25 1385 4393 3257
6338 2 2 1 25 2532 3606 2530
6339 2 2 1 25 1969 4093 2192
6340 2 2 1 25 3229 4249 2391
6341 2 2 1 25 2388 4250 3230
6342 2 2 1 25 2544 4725 3509
6343 2 2 1 25 2074 4135 2604
6344 2 2 1 25 2606 4134 2075
6345 2 2 1 25 2097 4557 3978
6346 2 2 1 25 1421 1422 1296
6347 2 2 1 25 2890 3614 2582
6348 2 2 1 25 3068 4595 2940
6349 2 2 1 25 3942 3964 2804
6350 2 2 1 25 3448 4344 2695
6351 2 2 1 25 1988 1989 1987
6352 2 2 1 25 3812 4336 2210
6353 2 2 1 25 2537 3036 2200
6354 2 2 1 25 2199 3035 2536
6355 2 2 1 25 2612 2888 2887
6356 2 2 1 25 2446 4155 3284
6357 2 2 1 25 2844 3919 2181
6358 2 2 1 25 2600 4272 4080
6359 2 2 1 25 2232 4221 2231
6360 2 2 1 25 1990 2607 1989
6361 2 2 1 25 3179 3557 2583
6362 2 2 1 25 2584 3556 2585
6363 2 2 1 25 2673 4678 2170
6364 2 2 1 25 1942 2206 1943
6365 2 2 1 25 2223 2394 2000
6366 2 2 1 25 1228 4554 1198
6367 2 2 1 25 1196 4551 1226
6368 2 2 1 25 3323 4664 2428
6369 2 2 1 25 4195 4654 2022
6370 2 2 1 25 2021 4655 4194
6371 2 2 1 25 3558 3559 1805
6372 2 2 1 25 2010 2524 2213
6373 2 2 1 25 2214 2523 2012
6374 2 2 1 25 1500 1501 1499
6375 2 2 1 25 1491 1493 1492
6376 2 2 1 25 3168 3904 3169
6377 2 2 1 25 2274 2486 2485
6378 2 2 1 25 2388 3146 2387
6379 2 2 1 25 2390 3147 2391
6380 2 2 1 25 1197 3500 1114
6381 2 2 1 25 2271 2442 2441
6382 2 2 1 25 3892 3893 2187
6383 2 2 1 25 624 3881 82
6384 2 2 1 25 627 3883 80
6385 2 2 1 25 9 3884 210
6386 2 2 1 25 210 1060 10
6387 2 2 1 25 11 1399 213
6388 2 2 1 25 575 1400 60
6389 2 2 1 25 61 1059 572
6390 2 2 1 25 257 1256 24
6391 2 2 1 25 25 3887 254
6392 2 2 1 25 254 1833 26
6393 2 2 1 25 27 3882 257
6394 2 2 1 25 81 1834 624
6395 2 2 1 25 83 1257 627
6396 2 2 1 25 63 3886 575
6397 2 2 1 25 572 3885 62
6398 2 2 1 25 17 3888 242
6399 2 2 1 25 19 1079 245
6400 2 2 1 25 65 1206 578
6401 2 2 1 25 67 1193 581
6402 2 2 1 25 69 941 584
6403 2 2 1 25 89 939 650
6404 2 2 1 25 242 940 18
6405 2 2 1 25 251 1192 20
6406 2 2 1 25 248 1207 22
6407 2 2 1 25 271 2239 32
6408 2 2 1 25 268 938 34
6409 2 2 1 25 587 1080 68
6410 2 2 1 25 21 3889 248
6411 2 2 1 25 578 3890 66
6412 2 2 1 25 2946 3939 2941
6413 2 2 1 25 1663 2018 1460
6414 2 2 1 25 1462 2017 1662
6415 2 2 1 25 3523 4350 1867
6416 2 2 1 25 1541 2582 2581
6417 2 2 1 25 4293 4356 2168
6418 2 2 1 25 2888 3288 2889
6419 2 2 1 25 2125 2690 2124
6420 2 2 1 25 3192 4539 3193
6421 2 2 1 25 2915 4366 3671
6422 2 2 1 25 1525 4124 1055
6423 2 2 1 25 2772 4337 3177
6424 2 2 1 25 1523 3980 2201
6425 2 2 1 25 1109 4045 1054
6426 2 2 1 25 4243 4649 143
6427 2 2 1 25 1138 3870 966
6428 2 2 1 25 968 3871 1139
6429 2 2 1 25 2947 4446 4342
6430 2 2 1 25 180 4050 2
6431 2 2 1 25 493 4205 494
6432 2 2 1 25 3627 4565 4121
6433 2 2 1 25 4120 4564 3626
6434 2 2 1 25 2176 2177 2175
6435 2 2 1 25 2147 2149 2148
6436 2 2 1 25 4364 4666 2876
6437 2 2 1 25 2878 4667 4365
6438 2 2 1 25 1891 4616 2125
6439 2 2 1 25 2175 3794 2171
6440 2 2 1 25 3272 3901 1934
6441 2 2 1 25 1836 2733 1961
6442 2 2 1 25 1960 2732 1835
6443 2 2 1 25 1921 2306 2222
6444 2 2 1 25 2221 2305 1919
6445 2 2 1 25 1937 2566 1938
6446 2 2 1 25 1940 2569 1939
6447 2 2 1 25 1624 1791 1790
6448 2 2 1 25 1792 1793 1625
6449 2 2 1 25 3534 4039 2560
6450 2 2 1 25 2561 4038 3535
6451 2 2 1 25 3529 4451 1315
6452 2 2 1 25 4305 4470 1794
6453 2 2 1 25 4076 4301 2425
6454 2 2 1 25 2424 4300 4075
6455 2 2 1 25 3972 4204 2520
6456 2 2 1 25 2521 4203 3973
6457 2 2 1 25 1476 3518 3044
6458 2 2 1 25 2477 3515 1475
6459 2 2 1 25 654 4119 93
6460 2 2 1 25 3288 4548 3289
6461 2 2 1 25 2533 2535 2534
6462 2 2 1 25 4326 4491 2853
6463 2 2 1 25 2428 4711 3338
6464 2 2 1 25 3070 4461 3934
6465 2 2 1 25 2969 3920 2967
6466 2 2 1 25 3250 4295 1606
6467 2 2 1 25 1607 4294 3251
6468 2 2 1 25 2695 4344 2694
6469 2 2 1 25 2116 2345 2057
6470 2 2 1 25 2371 2533 2531
6471 2 2 1 25 1196 1226 1197
6472 2 2 1 25 1199 1228 1198
6473 2 2 1 25 1226 1261 1227
6474 2 2 1 25 3488 4441 2661
6475 2 2 1 25 3100 3873 2552
6476 2 2 1 25 954 4667 3831
6477 2 2 1 25 3827 4666 953
6478 2 2 1 25 4334 4459 3234
6479 2 2 1 25 2646 4141 2563
6480 2 2 1 25 4166 4718 1694
6481 2 2 1 25 2502 2503 2501
6482 2 2 1 25 2286 2287 2100
6483 2 2 1 25 3645 3910 1966
6484 2 2 1 25 4636 4712 2701
6485 2 2 1 25 3933 4465 3069
6486 2 2 1 25 1229 1266 1228
6487 2 2 1 25 3892 4072 3150
6488 2 2 1 25 3807 3968 3592
6489 2 2 1 25 3595 3969 3809
6490 2 2 1 25 3551 4717 3970
6491 2 2 1 25 2289 2453 2287
6492 2 2 1 25 4664 4711 2428
6493 2 2 1 25 3878 4419 2880
6494 2 2 1 25 2553 2774 2453
6495 2 2 1 25 4252 4650 138
6496 2 2 1 25 1629 4143 1571
6497 2 2 1 25 2716 3927 1702
6498 2 2 1 25 1701 3926 2719
6499 2 2 1 25 2782 4611 3197
6500 2 2 1 25 3002 4466 2621
6501 2 2 1 25 2585 2639 2586
6502 2 2 1 25 28 3793 2143
6503 2 2 1 25 1302 2012 1666
6504 2 2 1 25 1667 2010 1304
6505 2 2 1 25 2715 2716 1702
6506 2 2 1 25 1701 2719 2718
6507 2 2 1 25 2116 2948 2805
6508 2 2 1 25 3101 3859 1697
6509 2 2 1 25 1696 3860 3102
6510 2 2 1 25 2353 3196 2354
6511 2 2 1 25 2365 2367 2366
6512 2 2 1 25 3118 3798 2953
6513 2 2 1 25 2950 3799 2949
6514 2 2 1 25 2951 3797 2952
6515 2 2 1 25 3863 4533 7
6516 2 2 1 25 56 4534 3862
6517 2 2 1 25 3563 4531 1910
6518 2 2 1 25 3562 4530 1413
6519 2 2 1 25 2530 4010 991
6520 2 2 1 25 328 4220 329
6521 2 2 1 25 427 4219 428
6522 2 2 1 25 3254 4464 2328
6523 2 2 1 25 2874 4596 4276
6524 2 2 1 25 1694 3820 3287
6525 2 2 1 25 3966 4174 2453
6526 2 2 1 25 2989 4731 3680
6527 2 2 1 25 2643 2934 2644
6528 2 2 1 25 2743 3101 1697
6529 2 2 1 25 1696 3102 2741
6530 2 2 1 25 1558 4154 1560
6531 2 2 1 25 2690 3549 2797
6532 2 2 1 25 1620 3957 2990
6533 2 2 1 25 2273 3940 2272
6534 2 2 1 25 4170 4301 4076
6535 2 2 1 25 4075 4300 4171
6536 2 2 1 25 2289 4166 3287
6537 2 2 1 25 3778 4051 926
6538 2 2 1 25 3349 4159 3351
6539 2 2 1 25 2143 3793 2147
6540 2 2 1 25 3096 4704 1147
6541 2 2 1 25 1185 1186 1090
6542 2 2 1 25 3798 4608 1524
6543 2 2 1 25 93 4119 4057
6544 2 2 1 25 2475 4571 3491
6545 2 2 1 25 1988 2665 1990
6546 2 2 1 25 3482 4721 2542
6547 2 2 1 25 3960 4173 2572
6548 2 2 1 25 2291 4441 3488
6549 2 2 1 25 3602 3958 3084
6550 2 2 1 25 3685 3686 1764
6551 2 2 1 25 3712 3714 3713
6552 2 2 1 25 2638 2796 1924
6553 2 2 1 25 2166 2169 2167
6554 2 2 1 25 2710 4671 4456
6555 2 2 1 25 4455 4670 2709
6556 2 2 1 25 2139 2141 2138
6557 2 2 1 25 2823 2824 2222
6558 2 2 1 25 2221 2822 2821
6559 2 2 1 25 1873 2662 2421
6560 2 2 1 25 2422 2663 1874
6561 2 2 1 25 2794 4558 3291
6562 2 2 1 25 3531 4734 3025
6563 2 2 1 25 2150 2151 2148
6564 2 2 1 25 2176 2179 2178
6565 2 2 1 25 3176 4307 3963
6566 2 2 1 25 3984 4622 1682
6567 2 2 1 25 1490 4524 3194
6568 2 2 1 25 1910 4531 1452
6569 2 2 1 25 1413 4530 1174
6570 2 2 1 25 2038 4514 1222
6571 2 2 1 25 2198 4513 1441
6572 2 2 1 25 2681 3979 2295
6573 2 2 1 25 2090 2778 2641
6574 2 2 1 25 1485 4431 1905
6575 2 2 1 25 1909 4430 1483
6576 2 2 1 25 2542 3609 2541
6577 2 2 1 25 2543 3611 2544
6578 2 2 1 25 601 928 72
6579 2 2 1 25 43 927 302
6580 2 2 1 25 2990 3602 2575
6581 2 2 1 25 3595 3808 3228
6582 2 2 1 25 3226 3806 3592
6583 2 2 1 25 1163 4052 1963
6584 2 2 1 25 1964 4053 1165
6585 2 2 1 25 4481 4660 4063
6586 2 2 1 25 3092 4228 1990
6587 2 2 1 25 2781 4136 3248
6588 2 2 1 25 3418 4180 2409
6589 2 2 1 25 4028 4326 2228
6590 2 2 1 25 2391 2392 1870
6591 2 2 1 25 1871 2389 2388
6592 2 2 1 25 3671 4726 2915
6593 2 2 1 25 1986 4040 1988
6594 2 2 1 25 2524 4250 3807
6595 2 2 1 25 3809 4249 2523
6596 2 2 1 25 45 3053 1167
6597 2 2 1 25 993 3051 47
6598 2 2 1 25 76 3049 973
6599 2 2 1 25 3057 4729 4376
6600 2 2 1 25 3201 4526 2787
6601 2 2 1 25 2789 4525 3202
6602 2 2 1 25 1409 4676 1308
6603 2 2 1 25 1322 1533 1532
6604 2 2 1 25 3573 4621 4066
6605 2 2 1 25 4064 4620 3575
6606 2 2 1 25 2661 4441 3494
6607 2 2 1 25 3234 4459 2427
6608 2 2 1 25 2815 2985 2817
6609 2 2 1 25 2810 2984 2808
6610 2 2 1 25 1530 1531 1318
6611 2 2 1 25 2497 3898 3552
6612 2 2 1 25 2975 4418 3240
6613 2 2 1 25 4227 4677 4646
6614 2 2 1 25 2345 4071 2772
6615 2 2 1 25 2893 4622 3984
6616 2 2 1 25 1558 4218 4154
6617 2 2 1 25 1502 1503 1501
6618 2 2 1 25 1493 1495 1494
6619 2 2 1 25 1795 4453 4275
6620 2 2 1 25 2572 3551 3544
6621 2 2 1 25 2977 4317 2963
6622 2 2 1 25 2187 4072 3892
6623 2 2 1 25 4036 4554 3117
6624 2 2 1 25 3050 3608 3049
6625 2 2 1 25 3592 3806 1647
6626 2 2 1 25 1648 3808 3595
6627 2 2 1 25 2955 3103 3086
6628 2 2 1 25 3676 3977 1478
6629 2 2 1 25 1381 1383 1382
6630 2 2 1 25 1359 1360 1358
6631 2 2 1 25 2748 2780 2280
6632 2 2 1 25 2279 2779 2747
6633 2 2 1 25 1522 4594 3037
6634 2 2 1 25 2319 4319 3908
6635 2 2 1 25 2522 2702 2441
6636 2 2 1 25 2422 2735 2663
6637 2 2 1 25 2662 2734 2421
6638 2 2 1 25 2453 4174 2287
6639 2 2 1 25 2487 2488 2485
6640 2 2 1 25 2493 4363 2313
6641 2 2 1 25 2301 3932 2806
6642 2 2 1 25 931 3900 1829
6643 2 2 1 25 3298 4673 2567
6644 2 2 1 25 2570 4672 3296
6645 2 2 1 25 2768 3895 2243
6646 2 2 1 25 3896 3897 2599
6647 2 2 1 25 2670 3809 2523
6648 2 2 1 25 2524 3807 2671
6649 2 2 1 25 2099 3877 2625
6650 2 2 1 25 2633 3088 2194
6651 2 2 1 25 2196 3090 2635
6652 2 2 1 25 2747 3027 2262
6653 2 2 1 25 2263 3028 2748
6654 2 2 1 25 2557 2558 2273
6655 2 2 1 25 2533 3947 2535
6656 2 2 1 25 2805 4071 2345
6657 2 2 1 25 2565 4694 3256
6658 2 2 1 25 2968 3674 3620
6659 2 2 1 25 4318 4490 2771
6660 2 2 1 25 2942 4618 4509
6661 2 2 1 25 3538 4035 3265
6662 2 2 1 25 2293 3981 2678
6663 2 2 1 25 1316 4401 2852
6664 2 2 1 25 2314 3861 3860
6665 2 2 1 25 536 4235 537
6666 2 2 1 25 225 4234 226
6667 2 2 1 25 3037 4615 3042
6668 2 2 1 25 2637 3596 2638
6669 2 2 1 25 2713 4451 3529
6670 2 2 1 25 2486 3585 2487
6671 2 2 1 25 2656 4216 2655
6672 2 2 1 25 2753 4569 4099
6673 2 2 1 25 4100 4570 2745
6674 2 2 1 25 964 4458 2187
6675 2 2 1 25 2442 3190 2522
6676 2 2 1 25 3662 4673 2750
6677 2 2 1 25 2749 4672 3661
6678 2 2 1 25 1825 2231 1910
6679 2 2 1 25 1911 2229 1826
6680 2 2 1 25 3459 4217 2098
6681 2 2 1 25 1556 4218 1558
6682 2 2 1 25 2516 4566 2515
6683 2 2 1 25 1956 4078 3266
6684 2 2 1 25 3223 3819 2358
6685 2 2 1 25 2731 3290 3096
6686 2 2 1 25 2382 2839 13
6687 2 2 1 25 54 2838 2384
6688 2 2 1 25 2784 2902 2783
6689 2 2 1 25 3189 4698 4507
6690 2 2 1 25 3113 4467 3114
6691 2 2 1 25 3520 3648 3519
6692 2 2 1 25 3516 3649 3517
6693 2 2 1 25 3517 4280 2927
6694 2 2 1 25 2926 4282 3520
6695 2 2 1 25 2982 4333 3731
6696 2 2 1 25 1645 4222 1803
6697 2 2 1 25 3494 4441 3376
6698 2 2 1 25 1070 1162 1071
6699 2 2 1 25 1073 1164 1072
6700 2 2 1 25 2999 4675 2998
6701 2 2 1 25 1338 1496 1339
6702 2 2 1 25 1337 1488 1336
6703 2 2 1 25 2993 4278 4130
6704 2 2 1 25 4131 4279 2992
6705 2 2 1 25 3064 3628 3065
6706 2 2 1 25 2609 3624 3057
6707 2 2 1 25 3527 4722 3031
6708 2 2 1 25 1337 1489 1488
6709 2 2 1 25 1496 1497 1339
6710 2 2 1 25 1995 3895 2599
6711 2 2 1 25 2665 4369 3092
6712 2 2 1 25 3853 4315 942
6713 2 2 1 25 943 4314 3854
6714 2 2 1 25 2065 4126 172
6715 2 2 1 25 2531 2532 2530
6716 2 2 1 25 2356 2357 2355
6717 2 2 1 25 2672 4292 3239
6718 2 2 1 25 2259 4535 2478
6719 2 2 1 25 2204 3943 3942
6720 2 2 1 25 2566 2567 1938
6721 2 2 1 25 1940 2570 2569
6722 2 2 1 25 2128 2574 1882
6723 2 2 1 25 1847 1959 1849
6724 2 2 1 25 1861 1958 1859
6725 2 2 1 25 2456 4048 2610
6726 2 2 1 25 2356 3903 2649
6727 2 2 1 25 2489 2490 2488
6728 2 2 1 25 2938 4324 3068
6729 2 2 1 25 3613 4068 3168
6730 2 2 1 25 2552 4696 3541
6731 2 2 1 25 1378 4244 1376
6732 2 2 1 25 3821 4046 2699
6733 2 2 1 25 1812 4085 3499
6734 2 2 1 25 3989 4391 1275
6735 2 2 1 25 2690 2797 2124
6736 2 2 1 25 1422 1423 1296
6737 2 2 1 25 2612 2887 1941
6738 2 2 1 25 1845 1847 1846
6739 2 2 1 25 1858 1859 1857
6740 2 2 1 25 1237 1301 1236
6741 2 2 1 25 1238 1303 1239
6742 2 2 1 25 2941 3939 2939
6743 2 2 1 25 2604 4562 4400
6744 2 2 1 25 4399 4561 2606
6745 2 2 1 25 3058 3059 2327
6746 2 2 1 25 3342 4257 2652
6747 2 2 1 25 2653 4258 3341
6748 2 2 1 25 3721 4694 3478
6749 2 2 1 25 3082 4593 3747
6750 2 2 1 25 4217 4298 2098
6751 2 2 1 25 3555 4327 1386
6752 2 2 1 25 3248 4136 2650
6753 2 2 1 25 3104 3105 2785
6754 2 2 1 25 2248 3060 2247
6755 2 2 1 25 1365 1368 1367
6756 2 2 1 25 2821 3225 2305
6757 2 2 1 25 2306 3227 2823
6758 2 2 1 25 43 3900 931
6759 2 2 1 25 930 3064 72
6760 2 2 1 25 2178 2474 2177
6761 2 2 1 25 2149 2472 2150
6762 2 2 1 25 4027 4491 4326
6763 2 2 1 25 2035 4060 2448
6764 2 2 1 25 2658 3279 2730
6765 2 2 1 25 2231 3945 2457
6766 2 2 1 25 2061 3938 3153
6767 2 2 1 25 2884 2885 2246
6768 2 2 1 25 1948 2482 2092
6769 2 2 1 25 2091 2483 1951
6770 2 2 1 25 3999 4085 1812
6771 2 2 1 25 2052 2053 1447
6772 2 2 1 25 2152 2153 2151
6773 2 2 1 25 2179 2181 2180
6774 2 2 1 25 4117 4468 2784
6775 2 2 1 25 1529 2337 1361
6776 2 2 1 25 3114 4407 3252
6777 2 2 1 25 3895 4189 2243
6778 2 2 1 25 2604 3038 2603
6779 2 2 1 25 1949 2262 1947
6780 2 2 1 25 1950 2263 1952
6781 2 2 1 25 2605 3039 2606
6782 2 2 1 25 3873 4175 2001
6783 2 2 1 25 2326 3058 2327
6784 2 2 1 25 2993 4130 1790
6785 2 2 1 25 1792 4131 2992
6786 2 2 1 25 3543 3866 3104
6787 2 2 1 25 2199 2536 2203
6788 2 2 1 25 2202 2537 2200
6789 2 2 1 25 302 3933 303
6790 2 2 1 25 4433 4546 3916
6791 2 2 1 25 4096 4105 2305
6792 2 2 1 25 2306 4106 4097
6793 2 2 1 25 153 4646 154
6794 2 2 1 25 1482 1541 1540
6795 2 2 1 25 2867 4444 4417
6796 2 2 1 25 2154 2155 2141
6797 2 2 1 25 2169 2183 2182
6798 2 2 1 25 1962 2301 1916
6799 2 2 1 25 2559 2622 2558
6800 2 2 1 25 3217 4490 4318
6801 2 2 1 25 1708 4381 2390
6802 2 2 1 25 2387 4380 1712
6803 2 2 1 25 3057 4376 3480
6804 2 2 1 25 2480 4147 2928
6805 2 2 1 25 295 2621 296
6806 2 2 1 25 297 1507 298
6807 2 2 1 25 304 1397 305
6808 2 2 1 25 591 1508 592
6809 2 2 1 25 592 3951 593
6810 2 2 1 25 593 2620 594
6811 2 2 1 25 598 1398 599
6812 2 2 1 25 600 3934 601
6813 2 2 1 25 599 3953 600
6814 2 2 1 25 296 3954 297
6815 2 2 1 25 303 3952 304
6816 2 2 1 25 3275 4223 2594
6817 2 2 1 25 1775 1776 1631
6818 2 2 1 25 1820 1821 1531
6819 2 2 1 25 2362 2456 2364
6820 2 2 1 25 1149 1325 1169
6821 2 2 1 25 1089 1185 1090
6822 2 2 1 25 1209 1523 1208
6823 2 2 1 25 1306 1404 1403
6824 2 2 1 25 1407 1408 1308
6825 2 2 1 25 1533 1872 1824
6826 2 2 1 25 2116 2805 2345
6827 2 2 1 25 2813 4283 2811
6828 2 2 1 25 2818 4281 2820
6829 2 2 1 25 4053 4609 1289
6830 2 2 1 25 1287 4610 4052
6831 2 2 1 25 1825 3876 2232
6832 2 2 1 25 3478 4694 2565
6833 2 2 1 25 1541 2581 2088
6834 2 2 1 25 1891 1892 1776
6835 2 2 1 25 1359 1361 1360
6836 2 2 1 25 1383 1384 1382
6837 2 2 1 25 3739 4598 3063
6838 2 2 1 25 3019 3811 2041
6839 2 2 1 25 2040 3813 3018
6840 2 2 1 25 4533 4645 7
6841 2 2 1 25 56 4644 4534
6842 2 2 1 25 1243 4087 3949
6843 2 2 1 25 3948 4088 1245
6844 2 2 1 25 2094 3974 2799
6845 2 2 1 25 2524 2671 2213
6846 2 2 1 25 2214 2670 2523
6847 2 2 1 25 2213 4156 2709
6848 2 2 1 25 2710 4157 2214
6849 2 2 1 25 2174 2176 2175
6850 2 2 1 25 2147 2148 2146
6851 2 2 1 25 2884 3538 2885
6852 2 2 1 25 3268 4352 3267
6853 2 2 1 25 2301 2806 2302
6854 2 2 1 25 58 2654 1912
6855 2 2 1 25 4 1246 1105
6856 2 2 1 25 1106 1247 59
6857 2 2 1 25 5 2628 1914
6858 2 2 1 25 57 1173 1172
6859 2 2 1 25 1170 1171 6
6860 2 2 1 25 3631 4391 3086
6861 2 2 1 25 2027 2434 2028
6862 2 2 1 25 2025 2436 2024
6863 2 2 1 25 2536 4572 2203
6864 2 2 1 25 2485 3522 2484
6865 2 2 1 25 1427 1775 1631
6866 2 2 1 25 2549 4294 3154
6867 2 2 1 25 3155 4295 2548
6868 2 2 1 25 1777 1960 1835
6869 2 2 1 25 1836 1961 1779
6870 2 2 1 25 1921 2222 1920
6871 2 2 1 25 1918 2221 1919
6872 2 2 1 25 1704 1940 1939
6873 2 2 1 25 1486 1792 1625
6874 2 2 1 25 1624 1790 1484
6875 2 2 1 25 1937 1938 1703
6876 2 2 1 25 2223 3911 2394
6877 2 2 1 25 50 3043 1942
6878 2 2 1 25 51 1942 1721
6879 2 2 1 25 49 2706 1944
6880 2 2 1 25 2478 4290 2095
6881 2 2 1 25 2277 4276 3097
6882 2 2 1 25 1302 1666 1301
6883 2 2 1 25 1303 1667 1304
6884 2 2 1 25 1368 1369 1367
6885 2 2 1 25 958 966 957
6886 2 2 1 25 959 968 960
6887 2 2 1 25 1424 1425 1423
6888 2 2 1 25 3513 4703 3040
6889 2 2 1 25 1665 1946 1839
6890 2 2 1 25 1851 1945 1664
6891 2 2 1 25 2098 4298 2545
6892 2 2 1 25 3145 4449 3281
6893 2 2 1 25 1426 1427 1425
6894 2 2 1 25 1293 3862 2809
6895 2 2 1 25 2816 3863 1292
6896 2 2 1 25 2046 2116 2057
6897 2 2 1 25 2375 3004 2643
6898 2 2 1 25 2393 2701 2645
6899 2 2 1 25 8 1127 1004
6900 2 2 1 25 62 2216 1901
6901 2 2 1 25 1003 1129 63
6902 2 2 1 25 1900 2215 9
6903 2 2 1 25 1526 2268 11
6904 2 2 1 25 1068 1092 27
6905 2 2 1 25 82 2195 945
6906 2 2 1 25 944 2193 25
6907 2 2 1 25 80 1091 1069
6908 2 2 1 25 16 1907 1906
6909 2 2 1 25 70 1680 1121
6910 2 2 1 25 32 1455 951
6911 2 2 1 25 88 1451 1258
6912 2 2 1 25 952 1457 91
6913 2 2 1 25 90 2626 2329
6914 2 2 1 25 1120 1675 17
6915 2 2 1 25 1259 1453 35
6916 2 2 1 25 1013 2269 69
6917 2 2 1 25 1902 1903 71
6918 2 2 1 25 2330 2623 33
6919 2 2 1 25 1001 1095 21
6920 2 2 1 25 942 970 23
6921 2 2 1 25 64 971 943
6922 2 2 1 25 66 1093 1002
6923 2 2 1 25 3030 4628 3825
6924 2 2 1 25 3826 4627 3029
6925 2 2 1 25 3670 3839 1150
6926 2 2 1 25 1151 3834 3667
6927 2 2 1 25 1467 1652 1369
6928 2 2 1 25 1412 1795 1224
6929 2 2 1 25 1225 1794 1413
6930 2 2 1 25 1789 2007 1652
6931 2 2 1 25 1383 1385 1384
6932 2 2 1 25 2152 4289 2158
6933 2 2 1 25 2186 4288 2180
6934 2 2 1 25 1369 3820 1694
6935 2 2 1 25 1385 1387 1384
6936 2 2 1 25 2307 3104 2785
6937 2 2 1 25 3894 4599 2858
6938 2 2 1 25 1959 2208 2048
6939 2 2 1 25 2047 2207 1958
6940 2 2 1 25 1388 1389 1387
6941 2 2 1 25 1390 1430 1389
6942 2 2 1 25 3080 4302 3077
6943 2 2 1 25 2723 3181 2261
6944 2 2 1 25 2260 3180 2722
6945 2 2 1 25 1930 1931 1929
6946 2 2 1 25 1925 1927 1926
6947 2 2 1 25 1422 1424 1423
6948 2 2 1 25 3968 4250 2389
6949 2 2 1 25 2392 4249 3969
6950 2 2 1 25 1385 1388 1387
6951 2 2 1 25 1388 1390 1389
6952 2 2 1 25 2220 2793 2101
6953 2 2 1 25 1368 1467 1369
6954 2 2 1 25 2301 2302 1916
6955 2 2 1 25 2093 2794 2219
6956 2 2 1 25 1467 1789 1652
6957 2 2 1 25 1789 2118 2007
6958 2 2 1 25 2236 4493 4086
6959 2 2 1 25 1917 4292 2259
6960 2 2 1 25 391 4299 392
6961 2 2 1 25 4162 4168 2734
6962 2 2 1 25 2735 4169 4164
6963 2 2 1 25 1424 1426 1425
6964 2 2 1 25 1084 1195 1116
6965 2 2 1 25 1117 1194 1083
6966 2 2 1 25 1952 3875 3533
6967 2 2 1 25 2501 2786 1429
6968 2 2 1 25 2963 4317 2961
6969 2 2 1 25 1533 1824 1822
6970 2 2 1 25 1818 1820 1531
6971 2 2 1 25 2929 2930 2707
6972 2 2 1 25 2056 3937 2160
6973 2 2 1 25 2181 2185 2184
6974 2 2 1 25 2156 2157 2153
6975 2 2 1 25 2015 4726 3671
6976 2 2 1 25 2888 2889 2887
6977 2 2 1 25 2099 2286 2100
6978 2 2 1 25 1384 4674 1382
6979 2 2 1 25 2593 4226 3276
6980 2 2 1 25 1891 2124 1892
6981 2 2 1 25 1868 4171 1672
6982 2 2 1 25 1677 4170 1869
6983 2 2 1 25 1775 1891 1776
6984 2 2 1 25 2132 3938 2061
6985 2 2 1 25 2129 2784 2783
6986 2 2 1 25 3988 3996 3630
6987 2 2 1 25 3987 3994 2762
6988 2 2 1 25 3210 4005 1050
6989 2 2 1 25 3208 4003 976
6990 2 2 1 25 3211 3997 1811
6991 2 2 1 25 3216 4007 1814
6992 2 2 1 25 3496 4014 4009
6993 2 2 1 25 3218 4006 1992
6994 2 2 1 25 1991 4011 3220
6995 2 2 1 25 2597 4029 4021
6996 2 2 1 25 2596 4019 4016
6997 2 2 1 25 4024 4026 2598
6998 2 2 1 25 3222 4015 1817
6999 2 2 1 25 2482 3544 2498
7000 2 2 1 25 2497 3545 2483
7001 2 2 1 25 3085 4517 3951
7002 2 2 1 25 3213 4563 3211
7003 2 2 1 25 1988 4040 2665
7004 2 2 1 25 2458 4146 2229
7005 2 2 1 25 2169 2182 2170
7006 2 2 1 25 3631 3632 2363
7007 2 2 1 25 2142 2154 2141
7008 2 2 1 25 1256 1534 24
7009 2 2 1 25 1833 2112 26
7010 2 2 1 25 81 2111 1834
7011 2 2 1 25 1400 2267 60
7012 2 2 1 25 1060 1098 10
7013 2 2 1 25 61 1099 1059
7014 2 2 1 25 83 1535 1257
7015 2 2 1 25 1192 1241 20
7016 2 2 1 25 65 1234 1206
7017 2 2 1 25 67 1240 1193
7018 2 2 1 25 940 2272 18
7019 2 2 1 25 1080 1265 68
7020 2 2 1 25 89 1123 939
7021 2 2 1 25 19 1264 1079
7022 2 2 1 25 1207 1235 22
7023 2 2 1 25 938 1122 34
7024 2 2 1 25 4108 4394 2321
7025 2 2 1 25 2608 3528 2609
7026 2 2 1 25 1068 4653 1176
7027 2 2 1 25 2959 4291 3055
7028 2 2 1 25 3800 4432 2875
7029 2 2 1 25 2286 2289 2287
7030 2 2 1 25 4049 4284 2429
7031 2 2 1 25 1439 1440 1247
7032 2 2 1 25 1246 1442 1441
7033 2 2 1 25 1220 1221 1171
7034 2 2 1 25 1173 1223 1222
7035 2 2 1 25 2289 2553 2453
7036 2 2 1 25 2553 2775 2774
7037 2 2 1 25 3852 3915 3914
7038 2 2 1 25 1657 1976 1656
7039 2 2 1 25 1658 1978 1659
7040 2 2 1 25 3949 4087 2824
7041 2 2 1 25 2822 4088 3948
7042 2 2 1 25 1130 1188 1129
7043 2 2 1 25 1127 1190 1128
7044 2 2 1 25 1091 1175 1174
7045 2 2 1 25 1176 1177 1092
7046 2 2 1 25 2624 3817 2623
7047 2 2 1 25 1676 1689 1675
7048 2 2 1 25 1680 1687 1681
7049 2 2 1 25 2270 3622 2269
7050 2 2 1 25 1904 2075 1903
7051 2 2 1 25 2626 3810 2627
7052 2 2 1 25 1907 2074 1908
7053 2 2 1 25 1451 1514 1452
7054 2 2 1 25 1458 1706 1457
7055 2 2 1 25 1454 1515 1453
7056 2 2 1 25 1455 1710 1456
7057 2 2 1 25 1009 1010 970
7058 2 2 1 25 1093 1137 1094
7059 2 2 1 25 1096 1136 1095
7060 2 2 1 25 971 1012 1011
7061 2 2 1 25 2208 2526 2432
7062 2 2 1 25 2431 2525 2207
7063 2 2 1 25 3089 3590 3088
7064 2 2 1 25 3090 3593 3091
7065 2 2 1 25 1685 1918 1534
7066 2 2 1 25 1535 1920 1684
7067 2 2 1 25 1099 1779 1154
7068 2 2 1 25 1155 1777 1098
7069 2 2 1 25 1485 1486 1265
7070 2 2 1 25 1269 1433 1241
7071 2 2 1 25 1264 1484 1483
7072 2 2 1 25 1240 1431 1270
7073 2 2 1 25 1234 1703 1449
7074 2 2 1 25 1450 1704 1235
7075 2 2 1 25 1125 1928 1122
7076 2 2 1 25 1123 1924 1124
7077 2 2 1 25 2437 3164 2436
7078 2 2 1 25 2434 3162 2435
7079 2 2 1 25 3044 4285 3508
7080 2 2 1 25 2093 4558 2794
7081 2 2 1 25 1946 4240 3929
7082 2 2 1 25 1215 2951 75
7083 2 2 1 25 40 2949 1213
7084 2 2 1 25 977 2954 73
7085 2 2 1 25 42 2953 978
7086 2 2 1 25 4445 4647 1963
7087 2 2 1 25 3504 4689 3047
7088 2 2 1 25 2809 2810 2808
7089 2 2 1 25 2815 2817 2816
7090 2 2 1 25 1957 4273 1496
7091 2 2 1 25 1340 4233 1626
7092 2 2 1 25 1627 4232 1341
7093 2 2 1 25 1964 4652 4450
7094 2 2 1 25 3273 4348 1504
7095 2 2 1 25 3354 4323 3356
7096 2 2 1 25 3275 4470 4305
7097 2 2 1 25 4228 4229 2607
7098 2 2 1 25 3163 4204 3972
7099 2 2 1 25 3973 4203 3165
7100 2 2 1 25 2806 2918 2302
7101 2 2 1 25 2658 2730 2218
7102 2 2 1 25 1995 2091 1951
7103 2 2 1 25 1948 2092 1994
7104 2 2 1 25 157 4392 158
7105 2 2 1 25 3940 4191 2486
7106 2 2 1 25 2423 2770 2769
7107 2 2 1 25 2929 4443 2930
7108 2 2 1 25 2331 2332 2157
7109 2 2 1 25 2185 2334 2333
7110 2 2 1 25 3479 4140 3557
7111 2 2 1 25 1112 1114 1111
7112 2 2 1 25 1108 1115 1109
7113 2 2 1 25 3212 3213 3211
7114 2 2 1 25 3219 3675 3218
7115 2 2 1 25 3220 3267 3221
7116 2 2 1 25 4027 4028 2598
7117 2 2 1 25 2455 2613 2454
7118 2 2 1 25 1934 4362 3280
7119 2 2 1 25 2065 4383 4126
7120 2 2 1 25 3537 4723 3142
7121 2 2 1 25 2543 3612 3611
7122 2 2 1 25 3609 3610 2541
7123 2 2 1 25 2281 2282 1434
7124 2 2 1 25 3686 4127 3717
7125 2 2 1 25 4268 4475 2607
7126 2 2 1 25 1794 4470 2109
7127 2 2 1 25 1847 1849 1848
7128 2 2 1 25 1860 1861 1859
7129 2 2 1 25 2955 3086 3085
7130 2 2 1 25 2164 2168 2166
7131 2 2 1 25 1656 1967 1335
7132 2 2 1 25 1332 1968 1658
7133 2 2 1 25 2138 2140 2136
7134 2 2 1 25 2952 4176 3070
7135 2 2 1 25 3069 4177 2950
7136 2 2 1 25 1052 1110 1051
7137 2 2 1 25 1053 1107 1054
7138 2 2 1 25 2432 3073 2520
7139 2 2 1 25 2521 3072 2431
7140 2 2 1 25 2110 4453 1795
7141 2 2 1 25 3015 4538 4377
7142 2 2 1 25 1189 1297 1188
7143 2 2 1 25 1190 1299 1191
7144 2 2 1 25 1707 1709 1706
7145 2 2 1 25 2074 2603 2243
7146 2 2 1 25 1514 3876 1825
7147 2 2 1 25 1687 1947 1688
7148 2 2 1 25 2242 2605 2075
7149 2 2 1 25 1710 1713 1711
7150 2 2 1 25 1690 1950 1689
7151 2 2 1 25 1160 1161 1136
7152 2 2 1 25 1070 1071 1010
7153 2 2 1 25 1137 1159 1158
7154 2 2 1 25 1012 1073 1072
7155 2 2 1 25 1175 1248 1225
7156 2 2 1 25 1224 1249 1177
7157 2 2 1 25 1536 1537 1440
7158 2 2 1 25 1442 1539 1538
7159 2 2 1 25 1223 1341 1231
7160 2 2 1 25 1230 1340 1221
7161 2 2 1 25 949 958 957
7162 2 2 1 25 959 960 947
7163 2 2 1 25 1431 2200 1432
7164 2 2 1 25 1929 2850 1928
7165 2 2 1 25 1434 2199 1433
7166 2 2 1 25 3277 4035 2252
7167 2 2 1 25 3230 4250 2524
7168 2 2 1 25 2523 4249 3229
7169 2 2 1 25 2027 2028 1868
7170 2 2 1 25 1869 2025 2024
7171 2 2 1 25 2732 4103 1835
7172 2 2 1 25 367 4338 368
7173 2 2 1 25 2305 4105 1919
7174 2 2 1 25 1921 4106 2306
7175 2 2 1 25 1793 4107 1625
7176 2 2 1 25 2620 4517 3000
7177 2 2 1 25 2362 2364 2361
7178 2 2 1 25 1628 1916 1691
7179 2 2 1 25 2376 2429 2078
7180 2 2 1 25 1149 1169 1077
7181 2 2 1 25 1089 1090 1048
7182 2 2 1 25 1057 1209 1208
7183 2 2 1 25 1306 1403 1305
7184 2 2 1 25 1307 1407 1308
7185 2 2 1 25 1857 2240 1855
7186 2 2 1 25 1843 2241 1845
7187 2 2 1 25 3106 4522 2020
7188 2 2 1 25 2182 2675 2673
7189 2 2 1 25 2173 2174 2171
7190 2 2 1 25 980 1053 981
7191 2 2 1 25 2143 2146 2145
7192 2 2 1 25 982 1051 979
7193 2 2 1 25 1334 1335 1333
7194 2 2 1 25 1330 1332 1331
7195 2 2 1 25 2669 2674 2154
7196 2 2 1 25 1345 1460 1459
7197 2 2 1 25 1461 1462 1343
7198 2 2 1 25 1056 1117 1083
7199 2 2 1 25 1084 1116 1055
7200 2 2 1 25 2004 2220 2101
7201 2 2 1 25 2093 2219 2005
7202 2 2 1 25 3066 4188 178
7203 2 2 1 25 1853 3928 1851
7204 2 2 1 25 1839 3929 1841
7205 2 2 1 25 2334 2541 2425
7206 2 2 1 25 2424 2543 2332
7207 2 2 1 25 2000 2001 1695
7208 2 2 1 25 1943 2106 1721
7209 2 2 1 25 3111 4486 3110
7210 2 2 1 25 2367 2773 2366
7211 2 2 1 25 2271 2441 2440
7212 2 2 1 25 2367 3098 2773
7213 2 2 1 25 2930 4545 3644
7214 2 2 1 25 2065 4492 3173
7215 2 2 1 25 2274 2485 2484
7216 2 2 1 25 3563 3596 2637
7217 2 2 1 25 2287 4174 2288
7218 2 2 1 25 2210 2491 1461
7219 2 2 1 25 1459 2492 2209
7220 2 2 1 25 2360 2361 2359
7221 2 2 1 25 2372 3576 2370
7222 2 2 1 25 1167 1628 1168
7223 2 2 1 25 1810 2078 1809
7224 2 2 1 25 1971 2046 1807
7225 2 2 1 25 2374 2375 2373
7226 2 2 1 25 1047 1048 975
7227 2 2 1 25 973 1057 1049
7228 2 2 1 25 1076 1077 993
7229 2 2 1 25 2369 2393 2368
7230 2 2 1 25 1202 1307 1203
7231 2 2 1 25 1201 1305 1200
7232 2 2 1 25 1691 1986 1985
7233 2 2 1 25 2463 3605 2430
7234 2 2 1 25 2297 3911 2223
7235 2 2 1 25 2558 3940 2273
7236 2 2 1 25 1905 2422 1874
7237 2 2 1 25 1873 2421 1909
7238 2 2 1 25 1432 2284 2283
7239 2 2 1 25 1231 2086 2038
7240 2 2 1 25 2037 2085 1230
7241 2 2 1 25 1711 1871 1712
7242 2 2 1 25 1708 1870 1707
7243 2 2 1 25 3859 4144 2315
7244 2 2 1 25 1904 3618 2242
7245 2 2 1 25 1676 3619 1690
7246 2 2 1 25 3001 4658 74
7247 2 2 1 25 2784 3671 2902
7248 2 2 1 25 1107 1236 1108
7249 2 2 1 25 1111 1238 1110
7250 2 2 1 25 1299 1445 1300
7251 2 2 1 25 1298 1443 1297
7252 2 2 1 25 1159 1243 1242
7253 2 2 1 25 1244 1245 1161
7254 2 2 1 25 1881 1882 1537
7255 2 2 1 25 1539 1884 1883
7256 2 2 1 25 3397 4343 2130
7257 2 2 1 25 2405 4344 3448
7258 2 2 1 25 3181 4039 3506
7259 2 2 1 25 3507 4038 3180
7260 2 2 1 25 2439 3237 2429
7261 2 2 1 25 3335 4556 3373
7262 2 2 1 25 3373 4556 2325
7263 2 2 1 25 2323 4555 3371
7264 2 2 1 25 3371 4555 3333
7265 2 2 1 25 3222 3223 2358
7266 2 2 1 25 2279 2747 2262
7267 2 2 1 25 2263 2748 2280
7268 2 2 1 25 2457 4713 3102
7269 2 2 1 25 2835 4224 1968
7270 2 2 1 25 1967 4225 2834
7271 2 2 1 25 3907 4017 2596
7272 2 2 1 25 2713 4680 3976
7273 2 2 1 25 2361 4046 2642
7274 2 2 1 25 1048 4047 2058
7275 2 2 1 25 946 947 930
7276 2 2 1 25 931 949 948
7277 2 2 1 25 2354 2356 2355
7278 2 2 1 25 2371 2531 2530
7279 2 2 1 25 2356 2649 2357
7280 2 2 1 25 1115 1199 1198
7281 2 2 1 25 1196 1197 1114
7282 2 2 1 25 2556 2557 2273
7283 2 2 1 25 3570 3571 2438
7284 2 2 1 25 2636 4069 2270
7285 2 2 1 25 2632 2633 2194
7286 2 2 1 25 2196 2635 2634
7287 2 2 1 25 2631 2988 2426
7288 2 2 1 25 2478 4535 3583
7289 2 2 1 25 3086 3990 3085
7290 2 2 1 25 2298 2608 2106
7291 2 2 1 25 117 4070 3067
7292 2 2 1 25 1230 4233 1340
7293 2 2 1 25 1341 4232 1231
7294 2 2 1 25 1943 2298 2106
7295 2 2 1 25 2956 4715 2957
7296 2 2 1 25 1445 1621 1446
7297 2 2 1 25 1444 1620 1443
7298 2 2 1 25 1243 1337 1336
7299 2 2 1 25 1338 1339 1245
7300 2 2 1 25 3400 4353 3385
7301 2 2 1 25 1986 1988 1987
7302 2 2 1 25 2486 2487 2485
7303 2 2 1 25 1177 4064 2304
7304 2 2 1 25 2303 4066 1175
7305 2 2 1 25 2442 2522 2441
7306 2 2 1 25 2390 2391 1870
7307 2 2 1 25 1871 2388 2387
7308 2 2 1 25 2780 4094 2280
7309 2 2 1 25 2913 4479 3121
7310 2 2 1 25 3514 4221 2232
7311 2 2 1 25 1988 1990 1989
7312 2 2 1 25 3013 4113 2499
7313 2 2 1 25 2928 4147 3683
7314 2 2 1 25 3856 4530 3562
7315 2 2 1 25 3147 3229 2391
7316 2 2 1 25 2388 3230 3146
7317 2 2 1 25 3850 4531 3563
7318 2 2 1 25 2069 4245 1460
7319 2 2 1 25 1462 4246 2070
7320 2 2 1 25 1798 4337 3316
7321 2 2 1 25 2128 2575 2574
7322 2 2 1 25 2533 2534 2531
7323 2 2 1 25 1634 4357 3312
7324 2 2 1 25 2307 3543 3104
7325 2 2 1 25 2587 3902 1082
7326 2 2 1 25 2792 4238 3478
7327 2 2 1 25 1016 1055 977
7328 2 2 1 25 1342 1343 1215
7329 2 2 1 25 978 1056 1015
7330 2 2 1 25 1213 1345 1344
7331 2 2 1 25 3310 4358 1635
7332 2 2 1 25 4479 4541 3121
7333 2 2 1 25 3247 3966 1267
7334 2 2 1 25 3184 4310 4079
7335 2 2 1 25 1011 4314 943
7336 2 2 1 25 942 4315 1009
7337 2 2 1 25 1238 3789 1303
7338 2 2 1 25 2650 4635 3546
7339 2 2 1 25 2149 2150 2148
7340 2 2 1 25 2176 2178 2177
7341 2 2 1 25 1616 4361 1577
7342 2 2 1 25 2221 2821 2305
7343 2 2 1 25 2306 2823 2222
7344 2 2 1 25 2298 3173 2608
7345 2 2 1 25 937 1333 14
7346 2 2 1 25 53 1330 936
7347 2 2 1 25 3095 4341 2318
7348 2 2 1 25 2369 4017 2872
7349 2 2 1 25 38 1210 282
7350 2 2 1 25 84 1954 628
7351 2 2 1 25 276 2742 37
7352 2 2 1 25 286 1955 39
7353 2 2 1 25 632 1211 85
7354 2 2 1 25 642 1148 87
7355 2 2 1 25 36 1147 272
7356 2 2 1 25 86 2740 638
7357 2 2 1 25 274 1157 275
7358 2 2 1 25 639 1156 640
7359 2 2 1 25 284 1274 285
7360 2 2 1 25 629 1275 630
7361 2 2 1 25 641 3987 642
7362 2 2 1 25 630 3996 631
7363 2 2 1 25 640 3994 641
7364 2 2 1 25 285 3991 286
7365 2 2 1 25 628 3989 629
7366 2 2 1 25 631 3988 632
7367 2 2 1 25 638 3992 639
7368 2 2 1 25 275 3993 276
7369 2 2 1 25 315 1808 46
7370 2 2 1 25 611 1806 78
7371 2 2 1 25 325 989 44
7372 2 2 1 25 45 1166 311
7373 2 2 1 25 79 990 617
7374 2 2 1 25 321 921 322
7375 2 2 1 25 620 920 621
7376 2 2 1 25 607 1813 608
7377 2 2 1 25 313 1050 314
7378 2 2 1 25 323 1811 324
7379 2 2 1 25 609 976 610
7380 2 2 1 25 618 1812 619
7381 2 2 1 25 311 3998 312
7382 2 2 1 25 324 3997 325
7383 2 2 1 25 617 3999 618
7384 2 2 1 25 322 4001 323
7385 2 2 1 25 619 4004 620
7386 2 2 1 25 312 4000 313
7387 2 2 1 25 610 4003 611
7388 2 2 1 25 608 4002 609
7389 2 2 1 25 314 4005 315
7390 2 2 1 25 320 992 47
7391 2 2 1 25 606 974 77
7392 2 2 1 25 616 994 79
7393 2 2 1 25 318 1992 319
7394 2 2 1 25 614 1814 615
7395 2 2 1 25 44 991 306
7396 2 2 1 25 76 972 602
7397 2 2 1 25 307 1815 308
7398 2 2 1 25 603 1991 604
7399 2 2 1 25 309 955 310
7400 2 2 1 25 316 965 317
7401 2 2 1 25 612 956 613
7402 2 2 1 25 319 4006 320
7403 2 2 1 25 615 4007 616
7404 2 2 1 25 605 4014 606
7405 2 2 1 25 602 4011 603
7406 2 2 1 25 308 4008 309
7407 2 2 1 25 306 4010 307
7408 2 2 1 25 604 4009 605
7409 2 2 1 25 317 4012 318
7410 2 2 1 25 613 4013 614
7411 2 2 1 25 280 4015 281
7412 2 2 1 25 288 1512 289
7413 2 2 1 25 634 1816 635
7414 2 2 1 25 291 1081 36
7415 2 2 1 25 281 1044 38
7416 2 2 1 25 647 2659 84
7417 2 2 1 25 637 1043 86
7418 2 2 1 25 290 4019 291
7419 2 2 1 25 646 4020 647
7420 2 2 1 25 37 1045 277
7421 2 2 1 25 39 2660 287
7422 2 2 1 25 85 1042 633
7423 2 2 1 25 87 1082 643
7424 2 2 1 25 279 1817 280
7425 2 2 1 25 645 1513 646
7426 2 2 1 25 636 4024 637
7427 2 2 1 25 633 4023 634
7428 2 2 1 25 289 4016 290
7429 2 2 1 25 277 4021 278
7430 2 2 1 25 287 4025 288
7431 2 2 1 25 635 4026 636
7432 2 2 1 25 278 4029 279
7433 2 2 1 25 3264 4051 3128
7434 2 2 1 25 3758 3971 2982
7435 2 2 1 25 2254 4367 3343
7436 2 2 1 25 2450 4319 2319
7437 2 2 1 25 3561 4248 3559
7438 2 2 1 25 1363 4476 3874
7439 2 2 1 25 1015 3640 962
7440 2 2 1 25 3175 4227 3034
7441 2 2 1 25 3675 4081 2224
7442 2 2 1 25 2823 3949 2824
7443 2 2 1 25 2822 3948 2821
7444 2 2 1 25 2179 2180 2178
7445 2 2 1 25 2150 2152 2151
7446 2 2 1 25 1444 1664 1620
7447 2 2 1 25 1621 1665 1446
7448 2 2 1 25 1968 4224 1658
7449 2 2 1 25 1656 4225 1967
7450 2 2 1 25 3761 4449 3714
7451 2 2 1 25 2665 3092 1990
7452 2 2 1 25 1881 2128 1882
7453 2 2 1 25 1884 2129 1883
7454 2 2 1 25 1243 1336 1242
7455 2 2 1 25 1244 1338 1245
7456 2 2 1 25 1298 1444 1443
7457 2 2 1 25 1445 1446 1300
7458 2 2 1 25 2376 2439 2429
7459 2 2 1 25 3990 4391 3989
7460 2 2 1 25 2522 3194 2702
7461 2 2 1 25 2487 2489 2488
7462 2 2 1 25 1541 4316 2582
7463 2 2 1 25 1539 1883 1538
7464 2 2 1 25 1536 1881 1537
7465 2 2 1 25 1160 1244 1161
7466 2 2 1 25 1159 1242 1158
7467 2 2 1 25 2603 2768 2243
7468 2 2 1 25 2242 2767 2605
7469 2 2 1 25 1947 1948 1688
7470 2 2 1 25 1690 1951 1950
7471 2 2 1 25 1299 1300 1191
7472 2 2 1 25 1189 1298 1297
7473 2 2 1 25 2253 4714 4440
7474 2 2 1 25 3970 4272 2498
7475 2 2 1 25 1052 1111 1110
7476 2 2 1 25 1107 1108 1054
7477 2 2 1 25 2571 4065 3661
7478 2 2 1 25 3662 4067 2568
7479 2 2 1 25 3157 4236 3024
7480 2 2 1 25 1220 1230 1221
7481 2 2 1 25 1223 1231 1222
7482 2 2 1 25 1439 1536 1440
7483 2 2 1 25 1442 1538 1441
7484 2 2 1 25 1920 2260 1684
7485 2 2 1 25 1779 1780 1154
7486 2 2 1 25 1685 2261 1918
7487 2 2 1 25 1155 1778 1777
7488 2 2 1 25 1450 2021 1704
7489 2 2 1 25 1485 1874 1486
7490 2 2 1 25 1924 1925 1124
7491 2 2 1 25 1125 1929 1928
7492 2 2 1 25 1269 1434 1433
7493 2 2 1 25 1703 2022 1449
7494 2 2 1 25 1431 1432 1270
7495 2 2 1 25 1484 1873 1483
7496 2 2 1 25 1175 1225 1174
7497 2 2 1 25 1176 1224 1177
7498 2 2 1 25 1130 1189 1188
7499 2 2 1 25 1190 1191 1128
7500 2 2 1 25 1137 1158 1094
7501 2 2 1 25 1012 1072 1011
7502 2 2 1 25 1009 1070 1010
7503 2 2 1 25 1096 1160 1136
7504 2 2 1 25 1454 1826 1515
7505 2 2 1 25 1458 1707 1706
7506 2 2 1 25 1514 1825 1452
7507 2 2 1 25 1710 1711 1456
7508 2 2 1 25 2074 2243 1908
7509 2 2 1 25 1904 2242 2075
7510 2 2 1 25 1676 1690 1689
7511 2 2 1 25 1687 1688 1681
7512 2 2 1 25 3058 3909 3868
7513 2 2 1 25 2574 3912 2686
7514 2 2 1 25 4275 4453 3276
7515 2 2 1 25 1629 4499 4291
7516 2 2 1 25 2686 4383 2685
7517 2 2 1 25 964 979 31
7518 2 2 1 25 28 2143 1183
7519 2 2 1 25 92 980 963
7520 2 2 1 25 1184 2171 95
7521 2 2 1 25 2633 3089 3088
7522 2 2 1 25 3090 3091 2635
7523 2 2 1 25 2557 2559 2558
7524 2 2 1 25 2622 4191 2558
7525 2 2 1 25 1076 1149 1077
7526 2 2 1 25 1057 1208 1049
7527 2 2 1 25 2374 2454 2375
7528 2 2 1 25 1047 1089 1048
7529 2 2 1 25 1971 2430 2046
7530 2 2 1 25 1810 2376 2078
7531 2 2 1 25 1628 1691 1168
7532 2 2 1 25 1307 1308 1203
7533 2 2 1 25 1201 1306 1305
7534 2 2 1 25 2369 2872 2393
7535 2 2 1 25 2360 2362 2361
7536 2 2 1 25 3922 4240 1946
7537 2 2 1 25 3665 4200 2477
7538 2 2 1 25 3655 4345 2691
7539 2 2 1 25 2482 2498 2092
7540 2 2 1 25 2091 2497 2483
7541 2 2 1 25 2173 2445 2174
7542 2 2 1 25 2146 2433 2145
7543 2 2 1 25 1053 1054 981
7544 2 2 1 25 982 1052 1051
7545 2 2 1 25 2112 2248 2247
7546 2 2 1 25 1334 1656 1335
7547 2 2 1 25 1332 1658 1331
7548 2 2 1 25 1959 2048 1849
7549 2 2 1 25 1861 2047 1958
7550 2 2 1 25 2152 2156 2153
7551 2 2 1 25 2181 2184 2180
7552 2 2 1 25 1397 3952 3069
7553 2 2 1 25 3070 3953 1398
7554 2 2 1 25 1507 3954 3119
7555 2 2 1 25 3085 3951 1508
7556 2 2 1 25 3500 4247 1114
7557 2 2 1 25 2559 3233 2622
7558 2 2 1 25 1872 2014 1824
7559 2 2 1 25 1820 2252 1821
7560 2 2 1 25 2568 4195 1938
7561 2 2 1 25 1940 4194 2571
7562 2 2 1 25 1056 1083 1015
7563 2 2 1 25 1016 1084 1055
7564 2 2 1 25 1345 1459 1344
7565 2 2 1 25 1342 1461 1343
7566 2 2 1 25 2794 3959 2219
7567 2 2 1 25 2220 2896 2793
7568 2 2 1 25 2334 2425 2333
7569 2 2 1 25 2331 2424 2332
7570 2 2 1 25 946 959 947
7571 2 2 1 25 949 957 948
7572 2 2 1 25 1944 3665 2477
7573 2 2 1 25 2025 2437 2436
7574 2 2 1 25 2434 2435 2028
7575 2 2 1 25 3954 4466 3119
7576 2 2 1 25 1188 4114 2019
7577 2 2 1 25 2023 4588 4213
7578 2 2 1 25 4214 4589 2026
7579 2 2 1 25 3544 3551 2498
7580 2 2 1 25 1339 3948 1245
7581 2 2 1 25 1243 3949 1337
7582 2 2 1 25 3966 3967 1267
7583 2 2 1 25 3193 4243 3012
7584 2 2 1 25 2185 2333 2184
7585 2 2 1 25 2156 2331 2157
7586 2 2 1 25 3686 3716 1764
7587 2 2 1 25 3712 3761 3714
7588 2 2 1 25 1344 3813 1212
7589 2 2 1 25 1214 3811 1342
7590 2 2 1 25 3706 4539 1752
7591 2 2 1 25 2792 4186 3904
7592 2 2 1 25 2208 2432 2048
7593 2 2 1 25 2047 2431 2207
7594 2 2 1 25 955 4405 3053
7595 2 2 1 25 2207 4187 2693
7596 2 2 1 25 3963 4307 1430
7597 2 2 1 25 1797 4212 3500
7598 2 2 1 25 3276 4453 2882
7599 2 2 1 25 3747 4423 2873
7600 2 2 1 25 4067 4223 1248
7601 2 2 1 25 3109 4259 2877
7602 2 2 1 25 2879 4260 3112
7603 2 2 1 25 2791 4186 2792
7604 2 2 1 25 3269 4594 1522
7605 2 2 1 25 3207 4252 2997
7606 2 2 1 25 2321 4540 2320
7607 2 2 1 25 1590 4404 1781
7608 2 2 1 25 2488 3522 2485
7609 2 2 1 25 3273 4605 4348
7610 2 2 1 25 984 4723 3727
7611 2 2 1 25 2346 4314 1011
7612 2 2 1 25 1009 4315 2347
7613 2 2 1 25 2473 4115 3564
7614 2 2 1 25 3565 4116 2475
7615 2 2 1 25 1665 3921 1946
7616 2 2 1 25 3944 4033 2317
7617 2 2 1 25 1575 4499 1573
7618 2 2 1 25 2188 4119 963
7619 2 2 1 25 259 4055 260
7620 2 2 1 25 655 1152 656
7621 2 2 1 25 659 935 660
7622 2 2 1 25 29 2744 259
7623 2 2 1 25 31 2717 263
7624 2 2 1 25 661 2714 92
7625 2 2 1 25 657 2752 94
7626 2 2 1 25 260 1153 261
7627 2 2 1 25 264 934 265
7628 2 2 1 25 656 4054 657
7629 2 2 1 25 93 4056 655
7630 2 2 1 25 660 4059 661
7631 2 2 1 25 263 4058 264
7632 2 2 1 25 3181 4477 4039
7633 2 2 1 25 4038 4478 3180
7634 2 2 1 25 2210 4336 2491
7635 2 2 1 25 3638 3864 1912
7636 2 2 1 25 3639 3869 1914
7637 2 2 1 25 3506 4199 2261
7638 2 2 1 25 2260 4198 3507
7639 2 2 1 25 2704 4615 2703
7640 2 2 1 25 2157 3918 2153
7641 2 2 1 25 3565 4671 2710
7642 2 2 1 25 2709 4670 3564
7643 2 2 1 25 961 3923 1016
7644 2 2 1 25 3089 3591 3590
7645 2 2 1 25 3593 3594 3091
7646 2 2 1 25 1186 3891 1187
7647 2 2 1 25 3086 4391 3990
7648 2 2 1 25 3660 4434 2494
7649 2 2 1 25 3946 4309 1515
7650 2 2 1 25 1526 3842 2631
7651 2 2 1 25 944 3857 2632
7652 2 2 1 25 2905 3847 1906
7653 2 2 1 25 1001 3851 2205
7654 2 2 1 25 1900 3841 3634
7655 2 2 1 25 3633 3840 1901
7656 2 2 1 25 2634 3858 945
7657 2 2 1 25 2906 3845 1121
7658 2 2 1 25 1013 3846 2636
7659 2 2 1 25 2330 3848 3636
7660 2 2 1 25 3635 3849 2329
7661 2 2 1 25 2204 3855 1002
7662 2 2 1 25 3142 4723 3613
7663 2 2 1 25 1772 2929 535
7664 2 2 1 25 1727 3767 445
7665 2 2 1 25 1729 3768 449
7666 2 2 1 25 406 3761 3712
7667 2 2 1 25 1766 3701 523
7668 2 2 1 25 1722 3738 435
7669 2 2 1 25 440 3785 1725
7670 2 2 1 25 514 3687 1762
7671 2 2 1 25 348 3688 1143
7672 2 2 1 25 1143 3721 349
7673 2 2 1 25 442 3682 1726
7674 2 2 1 25 518 3684 1764
7675 2 2 1 25 1144 3703 393
7676 2 2 1 25 1714 3696 402
7677 2 2 1 25 1760 3772 511
7678 2 2 1 25 502 3734 1756
7679 2 2 1 25 1733 3780 457
7680 2 2 1 25 530 3764 1770
7681 2 2 1 25 1731 3746 453
7682 2 2 1 25 1717 3702 358
7683 2 2 1 25 504 3762 1757
7684 2 2 1 25 2114 3688 347
7685 2 2 1 25 3691 3711 362
7686 2 2 1 25 1761 3687 513
7687 2 2 1 25 1737 3728 465
7688 2 2 1 25 925 3694 396
7689 2 2 1 25 3696 3760 403
7690 2 2 1 25 1736 3774 463
7691 2 2 1 25 3724 3743 374
7692 2 2 1 25 1738 3770 467
7693 2 2 1 25 355 3730 984
7694 2 2 1 25 397 3694 1718
7695 2 2 1 25 490 3726 1750
7696 2 2 1 25 520 3716 1765
7697 2 2 1 25 926 3691 361
7698 2 2 1 25 929 3724 373
7699 2 2 1 25 1763 3684 517
7700 2 2 1 25 1765 3722 521
7701 2 2 1 25 984 3727 356
7702 2 2 1 25 389 3754 922
7703 2 2 1 25 1140 3699 408
7704 2 2 1 25 460 3695 1735
7705 2 2 1 25 1771 3781 533
7706 2 2 1 25 472 3755 1741
7707 2 2 1 25 486 3729 1748
7708 2 2 1 25 496 3749 1753
7709 2 2 1 25 508 3736 1759
7710 2 2 1 25 1749 3726 489
7711 2 2 1 25 1753 3753 497
7712 2 2 1 25 3707 3719 386
7713 2 2 1 25 1739 3720 469
7714 2 2 1 25 492 3705 1751
7715 2 2 1 25 1770 3787 531
7716 2 2 1 25 1744 3759 479
7717 2 2 1 25 363 3711 1146
7718 2 2 1 25 366 3742 923
7719 2 2 1 25 369 3725 1145
7720 2 2 1 25 380 3709 3708
7721 2 2 1 25 384 3740 950
7722 2 2 1 25 478 3748 1744
7723 2 2 1 25 506 3700 1758
7724 2 2 1 25 1747 3729 485
7725 2 2 1 25 528 3763 1769
7726 2 2 1 25 950 3707 385
7727 2 2 1 25 500 3692 1755
7728 2 2 1 25 1758 3736 507
7729 2 2 1 25 381 3708 1142
7730 2 2 1 25 983 3771 400
7731 2 2 1 25 1730 3783 451
7732 2 2 1 25 1741 3715 473
7733 2 2 1 25 456 3733 1733
7734 2 2 1 25 1746 3752 483
7735 2 2 1 25 924 3709 379
7736 2 2 1 25 1715 3754 388
7737 2 2 1 25 462 3751 1736
7738 2 2 1 25 1146 3766 364
7739 2 2 1 25 1742 3735 475
7740 2 2 1 25 482 3744 1746
7741 2 2 1 25 488 3745 1749
7742 2 2 1 25 377 3758 3731
7743 2 2 1 25 378 3731 924
7744 2 2 1 25 1734 3695 459
7745 2 2 1 25 468 3770 1739
7746 2 2 1 25 474 3715 1742
7747 2 2 1 25 484 3752 1747
7748 2 2 1 25 1748 3745 487
7749 2 2 1 25 1754 3692 499
7750 2 2 1 25 480 3759 1745
7751 2 2 1 25 375 3743 1141
7752 2 2 1 25 1141 3758 376
7753 2 2 1 25 387 3719 1715
7754 2 2 1 25 470 3720 1740
7755 2 2 1 25 476 3735 1743
7756 2 2 1 25 1743 3748 477
7757 2 2 1 25 1757 3700 505
7758 2 2 1 25 516 3776 1763
7759 2 2 1 25 1767 3689 525
7760 2 2 1 25 371 3750 3718
7761 2 2 1 25 1745 3744 481
7762 2 2 1 25 1142 3741 382
7763 2 2 1 25 434 3779 1722
7764 2 2 1 25 3703 3732 394
7765 2 2 1 25 1750 3705 491
7766 2 2 1 25 1145 3750 370
7767 2 2 1 25 372 3718 929
7768 2 2 1 25 383 3741 3740
7769 2 2 1 25 399 3737 983
7770 2 2 1 25 933 3756 352
7771 2 2 1 25 409 3699 2113
7772 2 2 1 25 498 3753 1754
7773 2 2 1 25 510 3775 1760
7774 2 2 1 25 438 3704 1724
7775 2 2 1 25 401 3771 1714
7776 2 2 1 25 3702 3777 359
7777 2 2 1 25 357 3727 1717
7778 2 2 1 25 1718 3737 398
7779 2 2 1 25 365 3766 3742
7780 2 2 1 25 395 3732 925
7781 2 2 1 25 1735 3751 461
7782 2 2 1 25 360 3777 926
7783 2 2 1 25 466 3728 1738
7784 2 2 1 25 1769 3764 529
7785 2 2 1 25 522 3722 1766
7786 2 2 1 25 1756 3762 503
7787 2 2 1 25 524 3701 1767
7788 2 2 1 25 1752 3749 495
7789 2 2 1 25 1764 3716 519
7790 2 2 1 25 353 3756 1716
7791 2 2 1 25 1732 3733 455
7792 2 2 1 25 1740 3755 471
7793 2 2 1 25 432 3690 1720
7794 2 2 1 25 464 3774 1737
7795 2 2 1 25 351 3784 933
7796 2 2 1 25 1723 3704 437
7797 2 2 1 25 452 3783 1731
7798 2 2 1 25 454 3746 1732
7799 2 2 1 25 1725 3682 441
7800 2 2 1 25 1728 3710 447
7801 2 2 1 25 1755 3734 501
7802 2 2 1 25 450 3768 1730
7803 2 2 1 25 1716 3730 354
7804 2 2 1 25 1759 3775 509
7805 2 2 1 25 3721 3784 350
7806 2 2 1 25 404 3760 932
7807 2 2 1 25 526 3689 1768
7808 2 2 1 25 512 3772 1761
7809 2 2 1 25 444 3786 1727
7810 2 2 1 25 932 3761 405
7811 2 2 1 25 448 3710 1729
7812 2 2 1 25 1762 3776 515
7813 2 2 1 25 407 3712 1140
7814 2 2 1 25 532 3787 1771
7815 2 2 1 25 1720 3779 433
7816 2 2 1 25 458 3780 1734
7817 2 2 1 25 1768 3763 527
7818 2 2 1 25 534 3781 1772
7819 2 2 1 25 1726 3786 443
7820 2 2 1 25 436 3738 1723
7821 2 2 1 25 1724 3785 439
7822 2 2 1 25 446 3767 1728
7823 2 2 1 25 3226 4497 3225
7824 2 2 1 25 3227 4496 3228
7825 2 2 1 25 1487 4307 3176
7826 2 2 1 25 1249 4226 4065
7827 2 2 1 25 3376 4441 2291
7828 2 2 1 25 3173 4383 2065
7829 2 2 1 25 1678 4170 1677
7830 2 2 1 25 1672 4171 1673
7831 2 2 1 25 3321 4511 3555
7832 2 2 1 25 3664 4506 1528
7833 2 2 1 25 1060 3884 2066
7834 2 2 1 25 1833 3887 2555
7835 2 2 1 25 2554 3881 1834
7836 2 2 1 25 1400 3886 3570
7837 2 2 1 25 2067 3885 1059
7838 2 2 1 25 1256 3882 3574
7839 2 2 1 25 3572 3883 1257
7840 2 2 1 25 2561 3890 1206
7841 2 2 1 25 1207 3889 2560
7842 2 2 1 25 940 3888 2556
7843 2 2 1 25 2762 4221 2761
7844 2 2 1 25 2113 3658 410
7845 2 2 1 25 346 3659 2114
7846 2 2 1 25 3210 4030 1810
7847 2 2 1 25 1790 4130 1484
7848 2 2 1 25 1486 4131 1792
7849 2 2 1 25 4308 4324 2938
7850 2 2 1 25 2711 4451 2713
7851 2 2 1 25 3887 4360 2555
7852 2 2 1 25 2539 3924 3681
7853 2 2 1 25 3015 4377 3536
7854 2 2 1 25 1942 1943 1721
7855 2 2 1 25 2706 4044 1944
7856 2 2 1 25 1484 4130 1873
7857 2 2 1 25 1874 4131 1486
7858 2 2 1 25 1658 4224 1978
7859 2 2 1 25 1976 4225 1656
7860 2 2 1 25 12 2381 13
7861 2 2 1 25 52 2495 53
7862 2 2 1 25 14 2496 15
7863 2 2 1 25 54 2383 55
7864 2 2 1 25 3225 4096 2305
7865 2 2 1 25 2306 4097 3227
7866 2 2 1 25 2396 4462 3310
7867 2 2 1 25 2181 3919 2185
7868 2 2 1 25 1465 4479 2227
7869 2 2 1 25 1476 4633 3518
7870 2 2 1 25 3515 4632 1475
7871 2 2 1 25 3312 4463 2395
7872 2 2 1 25 2654 3010 1912
7873 2 2 1 25 1106 1439 1247
7874 2 2 1 25 1246 1441 1105
7875 2 2 1 25 1170 1220 1171
7876 2 2 1 25 1173 1222 1172
7877 2 2 1 25 2628 2991 1914
7878 2 2 1 25 2342 4372 3129
7879 2 2 1 25 4244 4624 1799
7880 2 2 1 25 2392 4263 1870
7881 2 2 1 25 1871 4262 2389
7882 2 2 1 25 3235 4564 2566
7883 2 2 1 25 2569 4565 3236
7884 2 2 1 25 2993 4583 4278
7885 2 2 1 25 4279 4582 2992
7886 2 2 1 25 2085 4233 1230
7887 2 2 1 25 1231 4232 2086
7888 2 2 1 25 3632 4091 2363
7889 2 2 1 25 1986 4251 4040
7890 2 2 1 25 3592 3968 3591
7891 2 2 1 25 3594 3969 3595
7892 2 2 1 25 3065 3923 2039
7893 2 2 1 25 2883 4470 3275
7894 2 2 1 25 1998 3877 2099
7895 2 2 1 25 1184 4099 2189
7896 2 2 1 25 2190 4100 1183
7897 2 2 1 25 3088 4359 2194
7898 2 2 1 25 390 4411 391
7899 2 2 1 25 2746 4395 2490
7900 2 2 1 25 3552 3917 2573
7901 2 2 1 25 3263 4284 4049
7902 2 2 1 25 4187 4188 3066
7903 2 2 1 25 1900 2550 2215
7904 2 2 1 25 1127 1128 1004
7905 2 2 1 25 1526 2426 2268
7906 2 2 1 25 1003 1130 1129
7907 2 2 1 25 2216 2551 1901
7908 2 2 1 25 944 2194 2193
7909 2 2 1 25 2195 2196 945
7910 2 2 1 25 1091 1174 1069
7911 2 2 1 25 1068 1176 1092
7912 2 2 1 25 1680 1681 1121
7913 2 2 1 25 1902 1904 1903
7914 2 2 1 25 1451 1452 1258
7915 2 2 1 25 1120 1676 1675
7916 2 2 1 25 1259 1454 1453
7917 2 2 1 25 1013 2270 2269
7918 2 2 1 25 1907 1908 1906
7919 2 2 1 25 1455 1456 951
7920 2 2 1 25 952 1458 1457
7921 2 2 1 25 2330 2624 2623
7922 2 2 1 25 2626 2627 2329
7923 2 2 1 25 942 1009 970
7924 2 2 1 25 971 1011 943
7925 2 2 1 25 1093 1094 1002
7926 2 2 1 25 1001 1096 1095
7927 2 2 1 25 2525 4188 4187
7928 2 2 1 25 1668 4685 3930
7929 2 2 1 25 3931 4684 1669
7930 2 2 1 25 981 4045 2188
7931 2 2 1 25 3693 4437 2871
7932 2 2 1 25 2111 2336 1834
7933 2 2 1 25 1256 1685 1534
7934 2 2 1 25 1535 1684 1257
7935 2 2 1 25 1099 1154 1059
7936 2 2 1 25 1400 2438 2267
7937 2 2 1 25 1060 1155 1098
7938 2 2 1 25 1833 2335 2112
7939 2 2 1 25 1123 1124 939
7940 2 2 1 25 1192 1269 1241
7941 2 2 1 25 1240 1270 1193
7942 2 2 1 25 1234 1449 1206
7943 2 2 1 25 1080 1485 1265
7944 2 2 1 25 1207 1450 1235
7945 2 2 1 25 1264 1483 1079
7946 2 2 1 25 940 2273 2272
7947 2 2 1 25 938 1125 1122
7948 2 2 1 25 2199 4242 3035
7949 2 2 1 25 3036 4261 2200
7950 2 2 1 25 412 4669 413
7951 2 2 1 25 343 4668 344
7952 2 2 1 25 2326 3909 3058
7953 2 2 1 25 4126 4383 2686
7954 2 2 1 25 2870 4425 3739
7955 2 2 1 25 2486 4191 3585
7956 2 2 1 25 3235 4314 2346
7957 2 2 1 25 2347 4315 3236
7958 2 2 1 25 3114 4467 3668
7959 2 2 1 25 2196 4705 3090
7960 2 2 1 25 3291 4558 3274
7961 2 2 1 25 1465 4541 4479
7962 2 2 1 25 3834 3835 3667
7963 2 2 1 25 946 4461 2003
7964 2 2 1 25 2002 4465 948
7965 2 2 1 25 2936 4429 4308
7966 2 2 1 25 3290 4537 3096
7967 2 2 1 25 2088 4073 2090
7968 2 2 1 25 3237 4049 2429
7969 2 2 1 25 3590 4262 1713
7970 2 2 1 25 1709 4263 3593
7971 2 2 1 25 4337 4585 3177
7972 2 2 1 25 4342 4429 2935
7973 2 2 1 25 3558 4523 3559
7974 2 2 1 25 2439 4475 4268
7975 2 2 1 25 3597 4623 4452
7976 2 2 1 25 1751 4205 493
7977 2 2 1 25 494 4205 1752
7978 2 2 1 25 3470 4500 1617
7979 2 2 1 25 2221 4199 2822
7980 2 2 1 25 2824 4198 2222
7981 2 2 1 25 2151 4179 2148
7982 2 2 1 25 2176 4178 2179
7983 2 2 1 25 30 4458 262
7984 2 2 1 25 2747 4213 3027
7985 2 2 1 25 3028 4214 2748
7986 2 2 1 25 1798 4585 4337
7987 2 2 1 25 1872 3795 2014
7988 2 2 1 25 2160 3937 2172
7989 2 2 1 25 2990 3958 3602
7990 2 2 1 25 1126 4580 3983
7991 2 2 1 25 2849 3911 2297
7992 2 2 1 25 3795 3796 2014
7993 2 2 1 25 3421 4516 1613
7994 2 2 1 25 2081 4087 1159
7995 2 2 1 25 1161 4088 2082
7996 2 2 1 25 428 4219 1699
7997 2 2 1 25 1700 4220 328
7998 2 2 1 25 994 4007 3216
7999 2 2 1 25 3220 4011 972
8000 2 2 1 25 992 4006 3218
8001 2 2 1 25 974 4014 3496
8002 2 2 1 25 1081 4019 2596
8003 2 2 1 25 2597 4021 1045
8004 2 2 1 25 1043 4024 2598
8005 2 2 1 25 1044 4015 3222
8006 2 2 1 25 1808 4005 3210
8007 2 2 1 25 1806 4003 3208
8008 2 2 1 25 989 3997 3211
8009 2 2 1 25 1211 3988 3630
8010 2 2 1 25 1148 3987 2762
8011 2 2 1 25 2144 3938 2132
8012 2 2 1 25 4141 4697 2590
8013 2 2 1 25 2383 4576 55
8014 2 2 1 25 12 4575 2381
8015 2 2 1 25 2572 4173 3551
8016 2 2 1 25 2587 4336 3812
8017 2 2 1 25 283 4414 3677
8018 2 2 1 25 3907 4413 3018
8019 2 2 1 25 342 4719 343
8020 2 2 1 25 413 4720 414
8021 2 2 1 25 1636 4664 3323
8022 2 2 1 25 2058 4623 3597
8023 2 2 1 25 3583 4535 2760
8024 2 2 1 25 2433 4587 3286
8025 2 2 1 25 1102 4529 1074
8026 2 2 1 25 2702 4687 2441
8027 2 2 1 25 3727 4723 3537
8028 2 2 1 25 3151 4552 1888
8029 2 2 1 25 2525 4187 2207
8030 2 2 1 25 3541 4696 2837
8031 2 2 1 25 3628 4265 3065
8032 2 2 1 25 1700 4632 3515
8033 2 2 1 25 3518 4633 1699
8034 2 2 1 25 1176 4653 1412
8035 2 2 1 25 934 4691 3793
8036 2 2 1 25 3344 4697 1104
8037 2 2 1 25 3480 4376 4375
8038 2 2 1 25 414 4699 415
8039 2 2 1 25 341 4700 342
8040 2 2 1 25 1860 4717 2050
8041 2 2 1 25 2231 4515 3945
8042 2 2 1 25 3605 4604 3125
8043 2 2 1 25 2206 4083 1943
8044 2 2 1 25 1652 3820 1369
8045 2 2 1 25 3334 4556 3335
8046 2 2 1 25 3333 4555 3332
8047 2 2 1 25 3860 3861 3102
8048 2 2 1 25 2545 4557 2096
8049 2 2 1 25 2793 4473 3582
8050 2 2 1 25 2318 4341 2450
8051 2 2 1 25 3816 4351 3645
8052 2 2 1 25 3290 4688 2229
8053 2 2 1 25 3504 4677 4420
8054 2 2 1 25 3084 3958 3872
8055 2 2 1 25 2725 4372 2342
8056 2 2 1 25 1945 4547 3872
8057 2 2 1 25 2720 4242 2282
8058 2 2 1 25 4084 4339 2799
8059 2 2 1 25 2979 4398 2983
8060 2 2 1 25 3597 4452 1813
8061 2 2 1 25 2218 4117 1884
8062 2 2 1 25 2994 4574 2728
8063 2 2 1 25 3287 4160 2553
8064 2 2 1 25 392 4299 1144
8065 2 2 1 25 1664 3957 1620
8066 2 2 1 25 3027 4207 2262
8067 2 2 1 25 2263 4208 3028
8068 2 2 1 25 2145 4165 2190
8069 2 2 1 25 1678 4301 4170
8070 2 2 1 25 4171 4300 1673
8071 2 2 1 25 3377 4580 3376
8072 2 2 1 25 3293 4585 1798
8073 2 2 1 25 2170 4678 3484
8074 2 2 1 25 2663 4131 1874
8075 2 2 1 25 1873 4130 2662
8076 2 2 1 25 1957 4287 3585
8077 2 2 1 25 2687 4450 3074
8078 2 2 1 25 3075 4445 2682
8079 2 2 1 25 2116 4184 2948
8080 2 2 1 25 1277 3891 1186
8081 2 2 1 25 2983 4516 2981
8082 2 2 1 25 3921 3922 1946
8083 2 2 1 25 3193 4539 3706
8084 2 2 1 25 1476 3043 50
8085 2 2 1 25 51 1721 1719
8086 2 2 1 25 49 1944 1475
8087 2 2 1 25 2625 4166 2286
8088 2 2 1 25 43 931 927
8089 2 2 1 25 928 930 72
8090 2 2 1 25 2208 4447 2526
8091 2 2 1 25 545 4483 546
8092 2 2 1 25 3490 4382 2473
8093 2 2 1 25 2581 4073 2088
8094 2 2 1 25 561 4669 52
8095 2 2 1 25 15 4668 227
8096 2 2 1 25 2900 4608 2901
8097 2 2 1 25 923 4338 367
8098 2 2 1 25 368 4338 3725
8099 2 2 1 25 2078 4284 2079
8100 2 2 1 25 1501 4132 1647
8101 2 2 1 25 1648 4133 1493
8102 2 2 1 25 2292 4596 2068
8103 2 2 1 25 920 4004 3499
8104 2 2 1 25 3499 4004 1812
8105 2 2 1 25 1905 4561 2801
8106 2 2 1 25 2800 4562 1909
8107 2 2 1 25 1148 2365 87
8108 2 2 1 25 1211 2359 85
8109 2 2 1 25 45 1167 1166
8110 2 2 1 25 1806 1807 78
8111 2 2 1 25 989 2370 44
8112 2 2 1 25 1808 1809 46
8113 2 2 1 25 76 973 972
8114 2 2 1 25 994 2373 79
8115 2 2 1 25 992 993 47
8116 2 2 1 25 974 975 77
8117 2 2 1 25 1043 1200 86
8118 2 2 1 25 37 1202 1045
8119 2 2 1 25 39 3002 2660
8120 2 2 1 25 1081 2368 36
8121 2 2 1 25 1044 2353 38
8122 2 2 1 25 2659 3000 84
8123 2 2 1 25 2028 4171 1868
8124 2 2 1 25 1869 4170 2025
8125 2 2 1 25 3303 4609 2759
8126 2 2 1 25 2758 4610 3301
8127 2 2 1 25 3594 4496 3091
8128 2 2 1 25 3089 4497 3591
8129 2 2 1 25 2363 4091 2362
8130 2 2 1 25 3294 4605 3273
8131 2 2 1 25 1141 3971 3758
8132 2 2 1 25 4142 4237 2885
8133 2 2 1 25 3601 4137 1392
8134 2 2 1 25 1771 3782 3781
8135 2 2 1 25 1722 3739 3738
8136 2 2 1 25 1729 3769 3768
8137 2 2 1 25 3786 4077 1727
8138 2 2 1 25 3700 4102 1758
8139 2 2 1 25 933 3757 3756
8140 2 2 1 25 1723 4101 3704
8141 2 2 1 25 3684 3685 1764
8142 2 2 1 25 1714 3697 3696
8143 2 2 1 25 3692 3693 1755
8144 2 2 1 25 3744 4138 1746
8145 2 2 1 25 3742 4062 923
8146 2 2 1 25 1146 3824 3766
8147 2 2 1 25 3720 4152 1740
8148 2 2 1 25 3735 3878 1743
8149 2 2 1 25 3745 3800 1749
8150 2 2 1 25 1145 4109 3750
8151 2 2 1 25 3715 4181 1742
8152 2 2 1 25 3777 3778 926
8153 2 2 1 25 1728 3894 3710
8154 2 2 1 25 3746 3747 1732
8155 2 2 1 25 3783 4123 1731
8156 2 2 1 25 3774 3916 1737
8157 2 2 1 25 3722 3723 1766
8158 2 2 1 25 1725 3683 3682
8159 2 2 1 25 1769 3765 3764
8160 2 2 1 25 3712 3713 1140
8161 2 2 1 25 3772 3773 1761
8162 2 2 1 25 3374 4619 2398
8163 2 2 1 25 3432 4724 4690
8164 2 2 1 25 2080 4642 3420
8165 2 2 1 25 1923 4627 3331
8166 2 2 1 25 3330 4628 1922
8167 2 2 1 25 2483 4208 1951
8168 2 2 1 25 1948 4207 2482
8169 2 2 1 25 2189 4182 2173
8170 2 2 1 25 4690 4724 3386
8171 2 2 1 25 2435 4656 3612
8172 2 2 1 25 3610 4657 2437
8173 2 2 1 25 1154 4139 2067
8174 2 2 1 25 2066 4140 1155
8175 2 2 1 25 1576 4637 1578
8176 2 2 1 25 3388 4642 3387
8177 2 2 1 25 3957 3958 2990
8178 2 2 1 25 2881 4546 4433
8179 2 2 1 25 1191 4161 2029
8180 2 2 1 25 2030 4163 1189
8181 2 2 1 25 2364 4046 2361
8182 2 2 1 25 1090 4047 1048
8183 2 2 1 25 3284 4212 3283
8184 2 2 1 25 3484 4577 2445
8185 2 2 1 25 4413 4692 3018
8186 2 2 1 25 2080 4690 4642
8187 2 2 1 25 2445 4577 4178
8188 2 2 1 25 4642 4690 3387
8189 2 2 1 25 2797 4082 2124
8190 2 2 1 25 1888 4551 1196
8191 2 2 1 25 3432 4690 2080
8192 2 2 1 25 2690 4345 3549
8193 2 2 1 25 4143 4317 2977
8194 2 2 1 25 2877 4259 2788
8195 2 2 1 25 2790 4260 2879
8196 2 2 1 25 1972 4680 3308
8197 2 2 1 25 1249 4064 1177
8198 2 2 1 25 1175 4066 1248
8199 2 2 1 25 1392 4137 1244
8200 2 2 1 25 2867 4728 4643
8201 2 2 1 25 1198 4554 1887
8202 2 2 1 25 3387 4690 3386
8203 2 2 1 25 2527 4685 3008
8204 2 2 1 25 3009 4684 2528
8205 2 2 1 25 3947 4043 2535
8206 2 2 1 25 980 981 963
8207 2 2 1 25 1184 2173 2171
8208 2 2 1 25 964 982 979
8209 2 2 1 25 2143 2145 1183
8210 2 2 1 25 2995 4711 2994
8211 2 2 1 25 3148 4379 3510
8212 2 2 1 25 2581 4498 4073
8213 2 2 1 25 3444 4714 2253
8214 2 2 1 25 2914 4716 3340
8215 2 2 1 25 4013 4490 3217
8216 2 2 1 25 1816 4491 4027
8217 2 2 1 25 2729 4724 3432
8218 2 2 1 25 3253 4098 4083
8219 2 2 1 25 3386 4724 3477
8220 2 2 1 25 2400 4600 3328
8221 2 2 1 25 922 4411 390
8222 2 2 1 25 2030 4439 4163
8223 2 2 1 25 4161 4438 2029
8224 2 2 1 25 2614 4481 4063
8225 2 2 1 25 1330 1331 936
8226 2 2 1 25 937 1334 1333
8227 2 2 1 25 1297 4114 1188
8228 2 2 1 25 2427 4553 3603
8229 2 2 1 25 4183 4636 2701
8230 2 2 1 25 1211 2360 2359
8231 2 2 1 25 1148 2761 2365
8232 2 2 1 25 1808 1810 1809
8233 2 2 1 25 989 2372 2370
8234 2 2 1 25 1806 1971 1807
8235 2 2 1 25 1167 1168 1166
8236 2 2 1 25 994 2374 2373
8237 2 2 1 25 973 1049 972
8238 2 2 1 25 992 1076 993
8239 2 2 1 25 974 1047 975
8240 2 2 1 25 1202 1203 1045
8241 2 2 1 25 1081 2369 2368
8242 2 2 1 25 1043 1201 1200
8243 2 2 1 25 1044 2358 2353
8244 2 2 1 25 1693 4120 3626
8245 2 2 1 25 3627 4121 1692
8246 2 2 1 25 1847 4346 1959
8247 2 2 1 25 1958 4347 1859
8248 2 2 1 25 2596 4413 3907
8249 2 2 1 25 2014 4136 2781
8250 2 2 1 25 4459 4553 2427
8251 2 2 1 25 2573 4185 2027
8252 2 2 1 25 40 1212 292
8253 2 2 1 25 597 1214 75
8254 2 2 1 25 42 962 299
8255 2 2 1 25 590 961 73
8256 2 2 1 25 293 2040 294
8257 2 2 1 25 300 2087 301
8258 2 2 1 25 588 2039 589
8259 2 2 1 25 595 2041 596
8260 2 2 1 25 596 4151 597
8261 2 2 1 25 292 4150 293
8262 2 2 1 25 299 4148 300
8263 2 2 1 25 589 4149 590
8264 2 2 1 25 3821 4386 4046
8265 2 2 1 25 3729 4145 1748
8266 2 2 1 25 3978 4557 3136
8267 2 2 1 25 2752 2753 94
8268 2 2 1 25 29 2745 2744
8269 2 2 1 25 3773 4442 2865
8270 2 2 1 25 3751 4211 1736
8271 2 2 1 25 2435 4075 2028
8272 2 2 1 25 2025 4076 2437
8273 2 2 1 25 4179 4587 2433
8274 2 2 1 25 4081 4354 3261
8275 2 2 1 25 1122 4172 2250
8276 2 2 1 25 2880 4536 3878
8277 2 2 1 25 3286 4651 2142
8278 2 2 1 25 954 3831 541
8279 2 2 1 25 2084 3832 539
8280 2 2 1 25 544 3828 995
8281 2 2 1 25 953 3830 222
8282 2 2 1 25 217 3836 996
8283 2 2 1 25 221 3827 953
8284 2 2 1 25 2083 3829 224
8285 2 2 1 25 996 3833 218
8286 2 2 1 25 547 3834 1151
8287 2 2 1 25 1782 3827 220
8288 2 2 1 25 219 3833 1782
8289 2 2 1 25 1150 3839 215
8290 2 2 1 25 538 3838 2084
8291 2 2 1 25 223 3830 2083
8292 2 2 1 25 1783 3828 543
8293 2 2 1 25 540 3832 954
8294 2 2 1 25 216 3839 3836
8295 2 2 1 25 542 3831 1783
8296 2 2 1 25 3003 4025 2660
8297 2 2 1 25 2659 4020 3001
8298 2 2 1 25 3658 4488 411
8299 2 2 1 25 345 4489 3659
8300 2 2 1 25 3194 4192 2702
8301 2 2 1 25 2642 4386 2853
8302 2 2 1 25 3810 4321 2627
8303 2 2 1 25 2624 4322 3817
8304 2 2 1 25 1430 4307 1389
8305 2 2 1 25 4073 4074 2778
8306 2 2 1 25 2381 2927 2382
8307 2 2 1 25 2384 2926 2383
8308 2 2 1 25 3477 4724 2729
8309 2 2 1 25 1292 3863 205
8310 2 2 1 25 567 3864 1106
8311 2 2 1 25 1912 3864 566
8312 2 2 1 25 201 3865 1913
8313 2 2 1 25 562 3862 1293
8314 2 2 1 25 1105 3865 200
8315 2 2 1 25 565 3867 1915
8316 2 2 1 25 203 3869 1170
8317 2 2 1 25 1172 3867 564
8318 2 2 1 25 1914 3869 202
8319 2 2 1 25 2639 4090 2640
8320 2 2 1 25 2994 4711 4664
8321 2 2 1 25 3922 4366 2915
8322 2 2 1 25 3942 3943 2924
8323 2 2 1 25 2732 4104 4103
8324 2 2 1 25 1901 3840 573
8325 2 2 1 25 574 3840 1003
8326 2 2 1 25 1004 3841 208
8327 2 2 1 25 209 3841 1900
8328 2 2 1 25 626 3858 2842
8329 2 2 1 25 945 3858 625
8330 2 2 1 25 652 3849 952
8331 2 2 1 25 267 3848 2330
8332 2 2 1 25 583 3846 1013
8333 2 2 1 25 649 3850 2251
8334 2 2 1 25 951 3848 266
8335 2 2 1 25 1121 3845 585
8336 2 2 1 25 2841 3846 582
8337 2 2 1 25 586 3845 1902
8338 2 2 1 25 2329 3849 651
8339 2 2 1 25 1258 3850 648
8340 2 2 1 25 1002 3855 579
8341 2 2 1 25 2840 3842 211
8342 2 2 1 25 1527 3843 570
8343 2 2 1 25 212 3842 1526
8344 2 2 1 25 571 3843 2736
8345 2 2 1 25 2843 3857 252
8346 2 2 1 25 1069 3856 622
8347 2 2 1 25 253 3857 944
8348 2 2 1 25 623 3856 2249
8349 2 2 1 25 1014 3844 243
8350 2 2 1 25 241 3847 1120
8351 2 2 1 25 244 3844 2739
8352 2 2 1 25 1906 3847 240
8353 2 2 1 25 2738 3853 249
8354 2 2 1 25 247 3851 1001
8355 2 2 1 25 577 3854 2737
8356 2 2 1 25 943 3854 576
8357 2 2 1 25 250 3853 942
8358 2 2 1 25 2001 4264 3873
8359 2 2 1 25 54 2384 2383
8360 2 2 1 25 2381 2382 13
8361 2 2 1 25 2284 4261 2726
8362 2 2 1 25 2846 4384 4325
8363 2 2 1 25 2429 4284 2078
8364 2 2 1 25 1673 4300 3567
8365 2 2 1 25 3569 4301 1678
8366 2 2 1 25 2172 4304 2162
8367 2 2 1 25 2489 4287 3601
8368 2 2 1 25 3621 4264 2001
8369 2 2 1 25 1427 4122 1775
8370 2 2 1 25 1386 4393 1383
8371 2 2 1 25 2134 4303 2144
8372 2 2 1 25 1719 3690 431
8373 2 2 1 25 4213 4588 3027
8374 2 2 1 25 3028 4589 4214
8375 2 2 1 25 4379 4464 3877
8376 2 2 1 25 327 4632 1700
8377 2 2 1 25 1699 4633 429
8378 2 2 1 25 2278 4386 3821
8379 2 2 1 25 1928 4172 1122
8380 2 2 1 25 2027 4185 2434
8381 2 2 1 25 2302 4251 1916
8382 2 2 1 25 2575 3912 2574
8383 2 2 1 25 1383 4393 1385
8384 2 2 1 25 1892 4082 2094
8385 2 2 1 25 1466 4541 1465
8386 2 2 1 25 2849 4277 3911
8387 2 2 1 25 1851 3928 1945
8388 2 2 1 25 1946 3929 1839
8389 2 2 1 25 4620 4655 3575
8390 2 2 1 25 3573 4654 4621
8391 2 2 1 25 2337 4476 1361
8392 2 2 1 25 4400 4562 2800
8393 2 2 1 25 2801 4561 4399
8394 2 2 1 25 1824 4255 1822
8395 2 2 1 25 1718 4230 3737
8396 2 2 1 25 1818 4256 1820
8397 2 2 1 25 2623 4328 2827
8398 2 2 1 25 1245 4088 1161
8399 2 2 1 25 1159 4087 1243
8400 2 2 1 25 3510 4379 3877
8401 2 2 1 25 2362 4091 2456
8402 2 2 1 25 2129 4117 2784
8403 2 2 1 25 3817 4328 2623
8404 2 2 1 25 970 4329 2830
8405 2 2 1 25 1010 4329 970
8406 2 2 1 25 971 4331 1012
8407 2 2 1 25 2831 4331 971
8408 2 2 1 25 1822 4255 2004
8409 2 2 1 25 2005 4256 1818
8410 2 2 1 25 2626 4332 3810
8411 2 2 1 25 2691 4345 2690
8412 2 2 1 25 2799 4339 2798
8413 2 2 1 25 4072 4458 30
8414 2 2 1 25 3765 4708 2855
8415 2 2 1 25 1770 4206 3787
8416 2 2 1 25 1943 4083 2298
8417 2 2 1 25 273 4397 274
8418 2 2 1 25 3641 4625 1829
8419 2 2 1 25 2825 4332 2626
8420 2 2 1 25 4377 4538 3016
8421 2 2 1 25 4417 4606 2867
8422 2 2 1 25 3836 3837 996
8423 2 2 1 25 3590 4709 4262
8424 2 2 1 25 4263 4710 3593
8425 2 2 1 25 15 4489 344
8426 2 2 1 25 412 4488 52
8427 2 2 1 25 3865 3866 1913
8428 2 2 1 25 3867 3868 1915
8429 2 2 1 25 1515 4309 1453
8430 2 2 1 25 2743 4201 4146
8431 2 2 1 25 2155 4590 2141
8432 2 2 1 25 1249 4065 4064
8433 2 2 1 25 4066 4067 1248
8434 2 2 1 25 2169 4626 2183
8435 2 2 1 25 537 4235 3838
8436 2 2 1 25 3829 4234 225
8437 2 2 1 25 1810 4030 2376
8438 2 2 1 25 1834 3881 624
8439 2 2 1 25 1257 3883 627
8440 2 2 1 25 254 3887 1833
8441 2 2 1 25 210 3884 1060
8442 2 2 1 25 257 3882 1256
8443 2 2 1 25 575 3886 1400
8444 2 2 1 25 1059 3885 572
8445 2 2 1 25 242 3888 940
8446 2 2 1 25 1206 3890 578
8447 2 2 1 25 248 3889 1207
8448 2 2 1 25 4387 4641 1926
8449 2 2 1 25 4388 4640 2283
8450 2 2 1 25 2558 4191 3940
8451 2 2 1 25 2281 4639 4389
8452 2 2 1 25 1930 4638 4390
8453 2 2 1 25 928 946 930
8454 2 2 1 25 931 948 927
8455 2 2 1 25 3549 4345 1280
8456 2 2 1 25 1533 4385 1872
8457 2 2 1 25 2296 4604 3605
8458 2 2 1 25 3753 4202 1754
8459 2 2 1 25 1908 4189 2905
8460 2 2 1 25 1681 4190 2906
8461 2 2 1 25 2336 4063 2554
8462 2 2 1 25 2772 4318 2771
8463 2 2 1 25 2162 4304 2164
8464 2 2 1 25 2136 4303 2134
8465 2 2 1 25 4144 4614 2315
8466 2 2 1 25 2663 4279 4131
8467 2 2 1 25 4130 4278 2662
8468 2 2 1 25 2780 4095 4094
8469 2 2 1 25 3618 4153 2242
8470 2 2 1 25 52 4669 412
8471 2 2 1 25 344 4668 15
8472 2 2 1 25 2053 4111 1447
8473 2 2 1 25 3575 4655 2723
8474 2 2 1 25 2722 4654 3573
8475 2 2 1 25 2016 3912 3602
8476 2 2 1 25 2298 4098 3173
8477 2 2 1 25 2692 4447 2208
8478 2 2 1 25 2090 4073 2778
8479 2 2 1 25 2007 4108 2321
8480 2 2 1 25 1054 4045 981
8481 2 2 1 25 4073 4498 4074
8482 2 2 1 25 2765 4360 4359
8483 2 2 1 25 1203 4676 2597
8484 2 2 1 25 1423 4274 1296
8485 2 2 1 25 4168 4253 2800
8486 2 2 1 25 2801 4254 4169
8487 2 2 1 25 4022 4543 3224
8488 2 2 1 25 1453 4309 2826
8489 2 2 1 25 3091 4496 4097
8490 2 2 1 25 4096 4497 3089
8491 2 2 1 25 1447 4111 1390
8492 2 2 1 25 4266 4310 3184
8493 2 2 1 25 3754 4267 922
8494 2 2 1 25 3508 4285 2461
8495 2 2 1 25 961 1016 977
8496 2 2 1 25 1213 1344 1212
8497 2 2 1 25 1214 1342 1215
8498 2 2 1 25 978 1015 962
8499 2 2 1 25 3874 4476 2337
8500 2 2 1 25 2477 4200 3516
8501 2 2 1 25 1945 3957 1664
8502 2 2 1 25 1190 4522 1299
8503 2 2 1 25 2858 4501 3894
8504 2 2 1 25 3834 4483 3835
8505 2 2 1 25 3835 4483 995
8506 2 2 1 25 3902 4406 644
8507 2 2 1 25 1446 4162 1300
8508 2 2 1 25 1298 4164 1444
8509 2 2 1 25 1238 4247 3789
8510 2 2 1 25 2885 4237 2246
8511 2 2 1 25 2780 4330 4095
8512 2 2 1 25 2875 4532 3800
8513 2 2 1 25 326 4632 327
8514 2 2 1 25 429 4633 430
8515 2 2 1 25 4083 4098 2298
8516 2 2 1 25 4376 4729 3062
8517 2 2 1 25 2898 4545 4443
8518 2 2 1 25 2092 4272 2600
8519 2 2 1 25 169 4729 3624
8520 2 2 1 25 1442 4663 1539
8521 2 2 1 25 2887 4316 1941
8522 2 2 1 25 3487 4493 2236
8523 2 2 1 25 2094 4082 3974
8524 2 2 1 25 2124 4082 1892
8525 2 2 1 25 2433 4165 2145
8526 2 2 1 25 2905 4189 3619
8527 2 2 1 25 2906 4190 3618
8528 2 2 1 25 3602 3912 2575
8529 2 2 1 25 2665 4472 4369
8530 2 2 1 25 1429 4122 1426
8531 2 2 1 25 2173 4182 2445
8532 2 2 1 25 1144 4308 3703
8533 2 2 1 25 2786 4122 1429
8534 2 2 1 25 644 4406 645
8535 2 2 1 25 282 4414 283
8536 2 2 1 25 2214 4157 2670
8537 2 2 1 25 2671 4156 2213
8538 2 2 1 25 4421 4422 2907
8539 2 2 1 25 1841 4239 1843
8540 2 2 1 25 1855 4241 1853
8541 2 2 1 25 2118 4108 2007
8542 2 2 1 25 2456 4091 3879
8543 2 2 1 25 995 4407 3835
8544 2 2 1 25 1422 4373 1424
8545 2 2 1 25 4163 4439 2735
8546 2 2 1 25 2734 4438 4161
8547 2 2 1 25 1390 4111 1430
8548 2 2 1 25 4393 4482 3257
8549 2 2 1 25 2801 4169 2422
8550 2 2 1 25 2421 4168 2800
8551 2 2 1 25 411 4488 412
8552 2 2 1 25 344 4489 345
8553 2 2 1 25 1426 4122 1427
8554 2 2 1 25 3684 4629 3685
8555 2 2 1 25 1389 4307 1487
8556 2 2 1 25 4161 4162 2734
8557 2 2 1 25 2735 4164 4163
8558 2 2 1 25 3970 4717 1860
8559 2 2 1 25 1680 4586 1687
8560 2 2 1 25 3474 4586 3270
8561 2 2 1 25 3143 4311 2639
8562 2 2 1 25 3775 4271 1760
8563 2 2 1 25 4634 4713 3945
8564 2 2 1 25 3873 4696 2552
8565 2 2 1 25 1445 4521 1621
8566 2 2 1 25 3547 4394 4108
8567 2 2 1 25 4220 4575 329
8568 2 2 1 25 427 4576 4219
8569 2 2 1 25 391 4411 4299
8570 2 2 1 25 3941 4679 2695
8571 2 2 1 25 2730 4117 2218
8572 2 2 1 25 226 4234 937
8573 2 2 1 25 936 4235 536
8574 2 2 1 25 1244 4137 1338
8575 2 2 1 25 3615 4566 2516
8576 2 2 1 25 4075 4171 2028
8577 2 2 1 25 2025 4170 4076
8578 2 2 1 25 1695 4175 1529
8579 2 2 1 25 2836 4480 2884
8580 2 2 1 25 4573 4708 3765
8581 2 2 1 25 4113 4727 2161
8582 2 2 1 25 4231 4311 3143
8583 2 2 1 25 1300 4162 4161
8584 2 2 1 25 4163 4164 1298
8585 2 2 1 25 329 4575 330
8586 2 2 1 25 426 4576 427
8587 2 2 1 25 2022 4654 3180
8588 2 2 1 25 3181 4655 2021
8589 2 2 1 25 1115 4248 3561
8590 2 2 1 25 2174 4178 2176
8591 2 2 1 25 2148 4179 2146
8592 2 2 1 25 1795 4275 1224
8593 2 2 1 25 2242 4153 2767
8594 2 2 1 25 2495 4488 3658
8595 2 2 1 25 3659 4489 2496
8596 2 2 1 25 2553 4160 2775
8597 2 2 1 25 1780 4139 1154
8598 2 2 1 25 1155 4140 1778
8599 2 2 1 25 1300 4161 1191
8600 2 2 1 25 1189 4163 1298
8601 2 2 1 25 546 4483 3834
8602 2 2 1 25 995 4483 545
8603 2 2 1 25 961 977 73
8604 2 2 1 25 42 978 962
8605 2 2 1 25 1214 1215 75
8606 2 2 1 25 40 1213 1212
8607 2 2 1 25 1884 4117 2129
8608 2 2 1 25 3717 4613 3723
8609 2 2 1 25 2286 4166 2289
8610 2 2 1 25 2393 4183 2701
8611 2 2 1 25 2046 4184 2116
8612 2 2 1 25 2128 4731 2575
8613 2 2 1 25 2734 4168 2421
8614 2 2 1 25 2422 4169 2735
8615 2 2 1 25 2735 4439 2663
8616 2 2 1 25 2662 4438 2734
8617 2 2 1 25 2270 4215 3622
8618 2 2 1 25 1225 4305 1794
8619 2 2 1 25 2445 4178 2174
8620 2 2 1 25 2146 4179 2433
8621 2 2 1 25 2767 4320 4210
8622 2 2 1 25 2872 4183 2393
8623 2 2 1 25 2430 4184 2046
8624 2 2 1 25 1704 4194 1940
8625 2 2 1 25 1938 4195 1703
8626 2 2 1 25 1777 4196 1960
8627 2 2 1 25 1961 4197 1779
8628 2 2 1 25 2222 4198 1920
8629 2 2 1 25 1918 4199 2221
8630 2 2 1 25 1460 4245 1459
8631 2 2 1 25 1461 4246 1462
8632 2 2 1 25 3902 4410 4406
8633 2 2 1 25 2871 4527 3693
8634 2 2 1 25 1224 4275 1249
8635 2 2 1 25 3976 4680 1972
8636 2 2 1 25 3687 4312 1762
8637 2 2 1 25 2817 4371 2819
8638 2 2 1 25 2812 4370 2810
8639 2 2 1 25 3474 4687 4193
8640 2 2 1 25 1360 4476 1363
8641 2 2 1 25 1629 4317 4143
8642 2 2 1 25 1688 4190 1681
8643 2 2 1 25 2243 4189 1908
8644 2 2 1 25 569 4644 56
8645 2 2 1 25 7 4645 206
8646 2 2 1 25 2597 4676 4022
8647 2 2 1 25 3585 4287 2487
8648 2 2 1 25 3190 4286 2522
8649 2 2 1 25 2628 4112 2991
8650 2 2 1 25 2021 4194 1704
8651 2 2 1 25 1703 4195 2022
8652 2 2 1 25 1778 4196 1777
8653 2 2 1 25 1779 4197 1780
8654 2 2 1 25 1920 4198 2260
8655 2 2 1 25 2261 4199 1918
8656 2 2 1 25 3622 4215 3191
8657 2 2 1 25 925 4342 3694
8658 2 2 1 25 3903 4363 2493
8659 2 2 1 25 2779 4296 2747
8660 2 2 1 25 2748 4297 2780
8661 2 2 1 25 2438 4110 2267
8662 2 2 1 25 3484 4678 4577
8663 2 2 1 25 4259 4567 2788
8664 2 2 1 25 2790 4568 4260
8665 2 2 1 25 4147 4606 3683
8666 2 2 1 25 1856 4320 4080
8667 2 2 1 25 4264 4696 3873
8668 2 2 1 25 658 4099 1184
8669 2 2 1 25 1183 4100 258
8670 2 2 1 25 2998 4624 2727
8671 2 2 1 25 1974 4644 569
8672 2 2 1 25 206 4645 1973
8673 2 2 1 25 1941 4316 1482
8674 2 2 1 25 2246 4237 2052
8675 2 2 1 25 2178 4288 2474
8676 2 2 1 25 2472 4289 2150
8677 2 2 1 25 3078 4573 4519
8678 2 2 1 25 2194 4359 2193
8679 2 2 1 25 4395 4572 2536
8680 2 2 1 25 2262 4207 1947
8681 2 2 1 25 1950 4208 2263
8682 2 2 1 25 3038 4209 2603
8683 2 2 1 25 2605 4210 3039
8684 2 2 1 25 1248 4305 1225
8685 2 2 1 25 2019 4487 3570
8686 2 2 1 25 2759 4609 4053
8687 2 2 1 25 4052 4610 2758
8688 2 2 1 25 2382 4281 2839
8689 2 2 1 25 2838 4283 2384
8690 2 2 1 25 3061 4636 1866
8691 2 2 1 25 1916 4251 1691
8692 2 2 1 25 2001 4175 1695
8693 2 2 1 25 3075 4647 4445
8694 2 2 1 25 2346 4564 3235
8695 2 2 1 25 3236 4565 2347
8696 2 2 1 25 1694 4718 3254
8697 2 2 1 25 1843 4239 2241
8698 2 2 1 25 2240 4241 1855
8699 2 2 1 25 3917 4185 2573
8700 2 2 1 25 1713 4262 1711
8701 2 2 1 25 1707 4263 1709
8702 2 2 1 25 1434 4242 2199
8703 2 2 1 25 2200 4261 1432
8704 2 2 1 25 1947 4207 1948
8705 2 2 1 25 1951 4208 1950
8706 2 2 1 25 2603 4209 2768
8707 2 2 1 25 2767 4210 2605
8708 2 2 1 25 2500 4229 4228
8709 2 2 1 25 922 4595 4411
8710 2 2 1 25 2229 4688 2230
8711 2 2 1 25 4606 4728 2867
8712 2 2 1 25 4450 4652 3074
8713 2 2 1 25 3904 4186 3169
8714 2 2 1 25 3995 4634 3945
8715 2 2 1 25 3101 4144 3859
8716 2 2 1 25 3614 4498 2581
8717 2 2 1 25 2491 4246 1461
8718 2 2 1 25 1459 4245 2492
8719 2 2 1 25 2741 4713 4634
8720 2 2 1 25 227 4719 228
8721 2 2 1 25 560 4720 561
8722 2 2 1 25 1503 4132 1501
8723 2 2 1 25 1493 4133 1495
8724 2 2 1 25 2144 4402 3938
8725 2 2 1 25 1767 4349 3689
8726 2 2 1 25 1387 4454 1384
8727 2 2 1 25 1111 4247 1238
8728 2 2 1 25 1236 4248 1108
8729 2 2 1 25 559 4699 560
8730 2 2 1 25 228 4700 229
8731 2 2 1 25 2526 4269 2432
8732 2 2 1 25 2431 4270 2525
8733 2 2 1 25 3796 4136 2014
8734 2 2 1 25 4297 4330 2780
8735 2 2 1 25 3153 4558 2093
8736 2 2 1 25 963 4119 654
8737 2 2 1 25 1529 4175 2337
8738 2 2 1 25 3734 4340 1756
8739 2 2 1 25 2219 4256 2005
8740 2 2 1 25 2004 4255 2220
8741 2 2 1 25 2052 4237 2053
8742 2 2 1 25 3683 4606 4417
8743 2 2 1 25 3640 4148 962
8744 2 2 1 25 2087 4148 3640
8745 2 2 1 25 4365 4525 2789
8746 2 2 1 25 2787 4526 4364
8747 2 2 1 25 1261 4548 1262
8748 2 2 1 25 4069 4215 2270
8749 2 2 1 25 3587 4504 2724
8750 2 2 1 25 4328 4390 2827
8751 2 2 1 25 4329 4389 2830
8752 2 2 1 25 2831 4388 4331
8753 2 2 1 25 1296 4274 1277
8754 2 2 1 25 2825 4387 4332
8755 2 2 1 25 2896 4542 2793
8756 2 2 1 25 3965 4392 3046
8757 2 2 1 25 2641 4482 3475
8758 2 2 1 25 2701 4508 2645
8759 2 2 1 25 2282 4242 1434
8760 2 2 1 25 1450 4477 2021
8761 2 2 1 25 2022 4478 1449
8762 2 2 1 25 3877 4464 2625
8763 2 2 1 25 1511 4373 1422
8764 2 2 1 25 2865 4520 3773
8765 2 2 1 25 1361 4476 1360
8766 2 2 1 25 2440 4687 3474
8767 2 2 1 25 2140 4303 2136
8768 2 2 1 25 2164 4304 2168
8769 2 2 1 25 2608 4492 3528
8770 2 2 1 25 3242 4715 4403
8771 2 2 1 25 1954 3990 3989
8772 2 2 1 25 1156 3995 3994
8773 2 2 1 25 1114 4247 1111
8774 2 2 1 25 1108 4248 1115
8775 2 2 1 25 3093 4512 3473
8776 2 2 1 25 1691 4251 1986
8777 2 2 1 25 3733 4368 1733
8778 2 2 1 25 4203 4408 2050
8779 2 2 1 25 2049 4409 4204
8780 2 2 1 25 2779 4396 4296
8781 2 2 1 25 4331 4652 1012
8782 2 2 1 25 1010 4647 4329
8783 2 2 1 25 1432 4261 2284
8784 2 2 1 25 1711 4262 1871
8785 2 2 1 25 1870 4263 1707
8786 2 2 1 25 3188 4356 4293
8787 2 2 1 25 2474 4671 3565
8788 2 2 1 25 3564 4670 2472
8789 2 2 1 25 1720 4375 3779
8790 2 2 1 25 2654 4110 3010
8791 2 2 1 25 3039 4399 2606
8792 2 2 1 25 2604 4400 3038
8793 2 2 1 25 2498 4272 2092
8794 2 2 1 25 2985 4371 2817
8795 2 2 1 25 2810 4370 2984
8796 2 2 1 25 1853 4241 3928
8797 2 2 1 25 3929 4239 1841
8798 2 2 1 25 2426 4112 2268
8799 2 2 1 25 2050 4701 4203
8800 2 2 1 25 3921 4366 3922
8801 2 2 1 25 2487 4287 2489
8802 2 2 1 25 2522 4286 3194
8803 2 2 1 25 3204 4712 3061
8804 2 2 1 25 3636 4380 2624
8805 2 2 1 25 2627 4381 3635
8806 2 2 1 25 2288 4504 3587
8807 2 2 1 25 2927 4280 2382
8808 2 2 1 25 2384 4282 2926
8809 2 2 1 25 4060 4523 2448
8810 2 2 1 25 2180 4288 2178
8811 2 2 1 25 2150 4289 2152
8812 2 2 1 25 3995 4515 2762
8813 2 2 1 25 3635 4381 1708
8814 2 2 1 25 1712 4380 3636
8815 2 2 1 25 3726 4378 1750
8816 2 2 1 25 1318 4548 1261
8817 2 2 1 25 4058 4158 934
8818 2 2 1 25 3240 4418 3725
8819 2 2 1 25 3933 3952 303
8820 2 2 1 25 4074 4498 2051
8821 2 2 1 25 2432 4269 3073
8822 2 2 1 25 3072 4270 2431
8823 2 2 1 25 413 4669 561
8824 2 2 1 25 227 4668 343
8825 2 2 1 25 593 3951 2620
8826 2 2 1 25 297 3954 1507
8827 2 2 1 25 1508 3951 592
8828 2 2 1 25 600 3953 3934
8829 2 2 1 25 1398 3953 599
8830 2 2 1 25 304 3952 1397
8831 2 2 1 25 2621 3954 296
8832 2 2 1 25 3173 4492 2608
8833 2 2 1 25 4156 4455 2709
8834 2 2 1 25 2710 4456 4157
8835 2 2 1 25 3001 4448 3019
8836 2 2 1 25 3505 4510 3094
8837 2 2 1 25 3162 4656 2435
8838 2 2 1 25 2437 4657 3164
8839 2 2 1 25 2050 4408 1861
8840 2 2 1 25 1849 4409 2049
8841 2 2 1 25 3660 4505 2676
8842 2 2 1 25 3225 4497 4096
8843 2 2 1 25 4097 4496 3227
8844 2 2 1 25 2716 4571 4116
8845 2 2 1 25 2333 4662 2184
8846 2 2 1 25 2156 4661 2331
8847 2 2 1 25 3915 4572 2746
8848 2 2 1 25 3018 4692 3003
8849 2 2 1 25 2775 4540 3795
8850 2 2 1 25 3638 4584 2197
8851 2 2 1 25 3961 4660 2238
8852 2 2 1 25 3639 4601 2037
8853 2 2 1 25 3633 4559 2030
8854 2 2 1 25 2029 4560 3634
8855 2 2 1 25 1482 4316 1541
8856 2 2 1 25 3956 4550 1651
8857 2 2 1 25 3267 4352 3221
8858 2 2 1 25 4587 4651 3286
8859 2 2 1 25 2503 4313 2501
8860 2 2 1 25 1944 2477 1475
8861 2 2 1 25 1721 3056 1719
8862 2 2 1 25 1476 3044 3043
8863 2 2 1 25 3649 4645 4533
8864 2 2 1 25 4534 4644 3648
8865 2 2 1 25 2501 4313 2786
8866 2 2 1 25 4067 4621 2568
8867 2 2 1 25 2571 4620 4065
8868 2 2 1 25 3811 4151 2041
8869 2 2 1 25 1214 4151 3811
8870 2 2 1 25 2040 4150 3813
8871 2 2 1 25 3813 4150 1212
8872 2 2 1 25 2788 4567 1977
8873 2 2 1 25 1979 4568 2790
8874 2 2 1 25 3740 4403 950
8875 2 2 1 25 3644 4545 2897
8876 2 2 1 25 4469 4592 2919
8877 2 2 1 25 3611 4510 2544
8878 2 2 1 25 1157 4201 3993
8879 2 2 1 25 3202 4525 3838
8880 2 2 1 25 3829 4526 3201
8881 2 2 1 25 2542 4512 3609
8882 2 2 1 25 228 4719 342
8883 2 2 1 25 414 4720 560
8884 2 2 1 25 2048 4409 1849
8885 2 2 1 25 1861 4408 2047
8886 2 2 1 25 3238 4373 1511
8887 2 2 1 25 2784 4468 3671
8888 2 2 1 25 3830 4364 2083
8889 2 2 1 25 2084 4365 3832
8890 2 2 1 25 2020 4522 1190
8891 2 2 1 25 3945 4713 2457
8892 2 2 1 25 262 4458 964
8893 2 2 1 25 560 4699 414
8894 2 2 1 25 342 4700 228
8895 2 2 1 25 2778 4579 3257
8896 2 2 1 25 1960 4484 2732
8897 2 2 1 25 3748 4412 1744
8898 2 2 1 25 343 4719 227
8899 2 2 1 25 561 4720 413
8900 2 2 1 25 2747 4296 4213
8901 2 2 1 25 4214 4297 2748
8902 2 2 1 25 415 4699 559
8903 2 2 1 25 229 4700 341
8904 2 2 1 25 4253 4400 2800
8905 2 2 1 25 2801 4399 4254
8906 2 2 1 25 2723 4655 3181
8907 2 2 1 25 3180 4654 2722
8908 2 2 1 25 3967 4385 1322
8909 2 2 1 25 4074 4579 2778
8910 2 2 1 25 2733 4518 1961
8911 2 2 1 25 4293 4698 3189
8912 2 2 1 25 2902 4366 3921
8913 2 2 1 25 3517 4706 4280
8914 2 2 1 25 4282 4707 3520
8915 2 2 1 25 1989 4475 3498
8916 2 2 1 25 927 3933 302
8917 2 2 1 25 4321 4381 2627
8918 2 2 1 25 935 4306 4059
8919 2 2 1 25 2624 4380 4322
8920 2 2 1 25 4415 4518 2733
8921 2 2 1 25 3499 4553 3050
8922 2 2 1 25 4262 4709 2389
8923 2 2 1 25 2392 4710 4263
8924 2 2 1 25 601 3934 928
8925 2 2 1 25 1249 4275 4226
8926 2 2 1 25 4135 4562 2604
8927 2 2 1 25 2606 4561 4134
8928 2 2 1 25 1845 4346 1847
8929 2 2 1 25 1859 4347 1857
8930 2 2 1 25 2241 4346 1845
8931 2 2 1 25 1857 4347 2240
8932 2 2 1 25 3937 4507 2172
8933 2 2 1 25 3796 4635 4136
8934 2 2 1 25 1475 4632 326
8935 2 2 1 25 430 4633 1476
8936 2 2 1 25 121 4726 2015
8937 2 2 1 25 3078 4708 4573
8938 2 2 1 25 272 4704 273
8939 2 2 1 25 2867 4643 4077
8940 2 2 1 25 2715 4571 2716
8941 2 2 1 25 2560 4477 1450
8942 2 2 1 25 1449 4478 2561
8943 2 2 1 25 3177 4585 2613
8944 2 2 1 25 2461 4285 3646
8945 2 2 1 25 2855 4436 3765
8946 2 2 1 25 3728 4469 1738
8947 2 2 1 25 4223 4305 1248
8948 2 2 1 25 2793 4542 4473
8949 2 2 1 25 4282 4283 2813
8950 2 2 1 25 2820 4281 4280
8951 2 2 1 25 3645 4351 3910
8952 2 2 1 25 4280 4281 2382
8953 2 2 1 25 2384 4283 4282
8954 2 2 1 25 1071 4647 1010
8955 2 2 1 25 1012 4652 1073
8956 2 2 1 25 2216 4582 2551
8957 2 2 1 25 2550 4583 2215
8958 2 2 1 25 1277 4274 3891
8959 2 2 1 25 4203 4701 3165
8960 2 2 1 25 2138 4590 2140
8961 2 2 1 25 4299 4324 1144
8962 2 2 1 25 3555 4511 4327
8963 2 2 1 25 4160 4540 2775
8964 2 2 1 25 1483 4430 1079
8965 2 2 1 25 1080 4431 1485
8966 2 2 1 25 2724 4504 2725
8967 2 2 1 25 1124 4641 939
8968 2 2 1 25 1270 4640 1193
8969 2 2 1 25 1192 4639 1269
8970 2 2 1 25 938 4638 1125
8971 2 2 1 25 2141 4590 2138
8972 2 2 1 25 3852 4702 3915
8973 2 2 1 25 2230 4688 4508
8974 2 2 1 25 3540 4521 1445
8975 2 2 1 25 3671 4366 2902
8976 2 2 1 25 4020 4448 3001
8977 2 2 1 25 4039 4477 2560
8978 2 2 1 25 2561 4478 4038
8979 2 2 1 25 1651 4550 3628
8980 2 2 1 25 3983 4580 3377
8981 2 2 1 25 2168 4626 2166
8982 2 2 1 25 3671 4468 2015
8983 2 2 1 25 4485 4681 108
8984 2 2 1 25 2948 4506 2805
8985 2 2 1 25 1156 4634 3995
8986 2 2 1 25 2182 4695 2675
8987 2 2 1 25 3538 4732 4035
8988 2 2 1 25 2884 4732 3538
8989 2 2 1 25 2732 4335 4104
8990 2 2 1 25 4077 4643 4416
8991 2 2 1 25 2851 4614 4144
8992 2 2 1 25 3912 4630 2686
8993 2 2 1 25 2140 4590 4310
8994 2 2 1 25 2674 4735 2154
8995 2 2 1 25 3061 4712 4636
8996 2 2 1 25 1144 4324 4308
8997 2 2 1 25 2551 4559 3633
8998 2 2 1 25 3634 4560 2550
8999 2 2 1 25 4279 4559 2551
9000 2 2 1 25 2550 4560 4278
9001 2 2 1 25 2794 4485 3959
9002 2 2 1 25 4193 4687 2702
9003 2 2 1 25 3769 4422 4421
9004 2 2 1 25 3016 4460 4127
9005 2 2 1 25 961 4149 3923
9006 2 2 1 25 3923 4149 2039
9007 2 2 1 25 3719 4509 1715
9008 2 2 1 25 2448 4523 3558
9009 2 2 1 25 4471 4480 2836
9010 2 2 1 25 641 3994 3987
9011 2 2 1 25 1274 3991 285
9012 2 2 1 25 629 3989 1275
9013 2 2 1 25 1275 3996 630
9014 2 2 1 25 639 3992 1156
9015 2 2 1 25 1157 3993 275
9016 2 2 1 25 631 3996 3988
9017 2 2 1 25 1156 3994 640
9018 2 2 1 25 642 3987 1148
9019 2 2 1 25 632 3988 1211
9020 2 2 1 25 286 3991 1955
9021 2 2 1 25 1954 3989 628
9022 2 2 1 25 2740 3992 638
9023 2 2 1 25 276 3993 2742
9024 2 2 1 25 618 3999 1812
9025 2 2 1 25 1812 4004 619
9026 2 2 1 25 921 4001 322
9027 2 2 1 25 323 4001 1811
9028 2 2 1 25 1811 3997 324
9029 2 2 1 25 313 4000 1050
9030 2 2 1 25 3998 4000 312
9031 2 2 1 25 620 4004 920
9032 2 2 1 25 1813 4002 608
9033 2 2 1 25 1050 4005 314
9034 2 2 1 25 976 4003 610
9035 2 2 1 25 609 4002 976
9036 2 2 1 25 325 3997 989
9037 2 2 1 25 1166 3998 311
9038 2 2 1 25 990 3999 617
9039 2 2 1 25 315 4005 1808
9040 2 2 1 25 611 4003 1806
9041 2 2 1 25 4009 4014 605
9042 2 2 1 25 1992 4006 319
9043 2 2 1 25 1814 4007 615
9044 2 2 1 25 309 4008 955
9045 2 2 1 25 307 4010 1815
9046 2 2 1 25 603 4011 1991
9047 2 2 1 25 320 4006 992
9048 2 2 1 25 616 4007 994
9049 2 2 1 25 956 4013 613
9050 2 2 1 25 965 4012 317
9051 2 2 1 25 318 4012 1992
9052 2 2 1 25 1991 4009 604
9053 2 2 1 25 614 4013 1814
9054 2 2 1 25 972 4011 602
9055 2 2 1 25 1815 4008 308
9056 2 2 1 25 991 4010 306
9057 2 2 1 25 606 4014 974
9058 2 2 1 25 4016 4019 290
9059 2 2 1 25 647 4020 2659
9060 2 2 1 25 1817 4015 280
9061 2 2 1 25 634 4023 1816
9062 2 2 1 25 636 4026 4024
9063 2 2 1 25 1042 4023 633
9064 2 2 1 25 281 4015 1044
9065 2 2 1 25 4021 4029 278
9066 2 2 1 25 1513 4020 646
9067 2 2 1 25 288 4025 1512
9068 2 2 1 25 1512 4016 289
9069 2 2 1 25 291 4019 1081
9070 2 2 1 25 2660 4025 287
9071 2 2 1 25 637 4024 1043
9072 2 2 1 25 1045 4021 277
9073 2 2 1 25 1816 4026 635
9074 2 2 1 25 279 4029 1817
9075 2 2 1 25 3275 4305 4223
9076 2 2 1 25 1724 4494 3785
9077 2 2 1 25 4401 4457 2852
9078 2 2 1 25 4329 4647 3075
9079 2 2 1 25 3074 4652 4331
9080 2 2 1 25 4406 4410 1513
9081 2 2 1 25 2732 4484 4335
9082 2 2 1 25 74 4658 595
9083 2 2 1 25 4226 4275 3276
9084 2 2 1 25 1965 4679 3941
9085 2 2 1 25 1104 4697 4141
9086 2 2 1 25 2166 4626 2169
9087 2 2 1 25 3838 4235 3202
9088 2 2 1 25 3201 4234 3829
9089 2 2 1 25 2866 4728 4606
9090 2 2 1 25 4412 4597 2916
9091 2 2 1 25 3194 4524 4192
9092 2 2 1 25 3992 4634 1156
9093 2 2 1 25 3606 4675 2999
9094 2 2 1 25 4327 4511 2580
9095 2 2 1 25 3165 4701 3960
9096 2 2 1 25 3570 4487 3571
9097 2 2 1 25 1512 4413 4016
9098 2 2 1 25 2639 4311 4090
9099 2 2 1 25 1322 4385 1533
9100 2 2 1 25 4057 4119 2188
9101 2 2 1 25 2899 4612 3773
9102 2 2 1 25 4507 4698 2172
9103 2 2 1 25 3306 4550 3956
9104 2 2 1 25 4643 4728 2519
9105 2 2 1 25 2850 4614 2851
9106 2 2 1 25 1727 4416 3767
9107 2 2 1 25 3682 4417 1726
9108 2 2 1 25 3738 4425 1723
9109 2 2 1 25 3725 4418 1145
9110 2 2 1 25 1742 4419 3735
9111 2 2 1 25 1739 4420 3720
9112 2 2 1 25 3768 4421 1730
9113 2 2 1 25 1731 4423 3746
9114 2 2 1 25 1766 4424 3701
9115 2 2 1 25 3781 4426 1772
9116 2 2 1 25 3710 4428 1729
9117 2 2 1 25 4136 4635 2650
9118 2 2 1 25 2240 4384 4241
9119 2 2 1 25 3815 4486 3111
9120 2 2 1 25 1748 4432 3745
9121 2 2 1 25 1736 4433 3774
9122 2 2 1 25 4291 4499 3055
9123 2 2 1 25 1308 4676 1203
9124 2 2 1 25 4356 4626 2168
9125 2 2 1 25 4095 4330 1500
9126 2 2 1 25 3764 4436 1770
9127 2 2 1 25 4276 4596 3097
9128 2 2 1 25 2158 4661 2156
9129 2 2 1 25 2184 4662 2186
9130 2 2 1 25 4646 4677 3048
9131 2 2 1 25 1754 4437 3692
9132 2 2 1 25 4116 4571 2475
9133 2 2 1 25 2539 4731 2128
9134 2 2 1 25 3270 4586 1680
9135 2 2 1 25 1760 4442 3772
9136 2 2 1 25 3773 4520 2899
9137 2 2 1 25 2227 4543 4022
9138 2 2 1 25 3003 4692 4025
9139 2 2 1 25 3769 4428 2857
9140 2 2 1 25 3694 4446 1718
9141 2 2 1 25 2744 4055 259
9142 2 2 1 25 260 4055 1153
9143 2 2 1 25 657 4054 2752
9144 2 2 1 25 1152 4054 656
9145 2 2 1 25 935 4059 660
9146 2 2 1 25 264 4058 934
9147 2 2 1 25 655 4056 1152
9148 2 2 1 25 2717 4058 263
9149 2 2 1 25 661 4059 2714
9150 2 2 1 25 3010 4584 3638
9151 2 2 1 25 2320 4540 4160
9152 2 2 1 25 4416 4643 2858
9153 2 2 1 25 3990 4517 3085
9154 2 2 1 25 4426 4427 2898
9155 2 2 1 25 4121 4565 2569
9156 2 2 1 25 2566 4564 4120
9157 2 2 1 25 4077 4416 1727
9158 2 2 1 25 1723 4425 4101
9159 2 2 1 25 1729 4428 3769
9160 2 2 1 25 3739 4425 3738
9161 2 2 1 25 3769 4421 3768
9162 2 2 1 25 3683 4417 3682
9163 2 2 1 25 1145 4418 4109
9164 2 2 1 25 4181 4419 1742
9165 2 2 1 25 3735 4419 3878
9166 2 2 1 25 4123 4423 1731
9167 2 2 1 25 3720 4420 4152
9168 2 2 1 25 3746 4423 3747
9169 2 2 1 25 3723 4424 1766
9170 2 2 1 25 3782 4426 3781
9171 2 2 1 25 3894 4428 3710
9172 2 2 1 25 3745 4432 3800
9173 2 2 1 25 3774 4433 3916
9174 2 2 1 25 3765 4436 3764
9175 2 2 1 25 1411 4579 4074
9176 2 2 1 25 3692 4437 3693
9177 2 2 1 25 3772 4442 3773
9178 2 2 1 25 2187 4458 4072
9179 2 2 1 25 3744 4528 4138
9180 2 2 1 25 1745 4528 3744
9181 2 2 1 25 3786 4444 4077
9182 2 2 1 25 1441 4513 1105
9183 2 2 1 25 1222 4514 1172
9184 2 2 1 25 1726 4444 3786
9185 2 2 1 25 1772 4443 2929
9186 2 2 1 25 3725 4338 3240
9187 2 2 1 25 1769 4573 3765
9188 2 2 1 25 2898 4443 4426
9189 2 2 1 25 3916 4592 1737
9190 2 2 1 25 3878 4597 1743
9191 2 2 1 25 3747 4593 1732
9192 2 2 1 25 3800 4602 1749
9193 2 2 1 25 4145 4432 1748
9194 2 2 1 25 2252 4480 1821
9195 2 2 1 25 3693 4607 1755
9196 2 2 1 25 2991 4601 3639
9197 2 2 1 25 4211 4433 1736
9198 2 2 1 25 1728 4599 3894
9199 2 2 1 25 1722 4598 3739
9200 2 2 1 25 274 4397 1157
9201 2 2 1 25 3773 4612 1761
9202 2 2 1 25 1386 4482 4393
9203 2 2 1 25 3048 4677 3504
9204 2 2 1 25 3742 4617 4062
9205 2 2 1 25 3824 4617 3766
9206 2 2 1 25 3763 4573 1769
9207 2 2 1 25 1174 4530 1069
9208 2 2 1 25 1452 4531 1258
9209 2 2 1 25 3700 4591 4102
9210 2 2 1 25 3707 4578 3719
9211 2 2 1 25 2744 4434 4055
9212 2 2 1 25 3157 4648 4236
9213 2 2 1 25 3968 4709 3591
9214 2 2 1 25 3594 4710 3969
9215 2 2 1 25 645 4406 1513
9216 2 2 1 25 1210 4414 282
9217 2 2 1 25 1737 4592 3728
9218 2 2 1 25 2389 4709 3968
9219 2 2 1 25 3969 4710 2392
9220 2 2 1 25 3193 4649 4243
9221 2 2 1 25 2441 4687 2440
9222 2 2 1 25 3693 4527 2904
9223 2 2 1 25 1888 4552 4551
9224 2 2 1 25 3207 4650 4252
9225 2 2 1 25 2328 4464 4379
9226 2 2 1 25 1743 4597 3748
9227 2 2 1 25 1718 4446 4230
9228 2 2 1 25 1770 4436 4206
9229 2 2 1 25 3783 4730 4123
9230 2 2 1 25 2762 4515 4221
9231 2 2 1 25 4101 4733 3704
9232 2 2 1 25 2904 4607 3693
9233 2 2 1 25 4173 4717 3551
9234 2 2 1 25 1732 4593 3733
9235 2 2 1 25 4506 4665 1528
9236 2 2 1 25 1749 4602 3726
9237 2 2 1 25 2183 4695 2182
9238 2 2 1 25 4202 4437 1754
9239 2 2 1 25 4310 4590 2155
9240 2 2 1 25 1755 4607 3734
9241 2 2 1 25 4167 4395 2536
9242 2 2 1 25 3767 4599 1728
9243 2 2 1 25 3779 4598 1722
9244 2 2 1 25 4104 4335 2085
9245 2 2 1 25 2731 4688 3290
9246 2 2 1 25 1761 4612 3687
9247 2 2 1 25 4230 4631 3737
9248 2 2 1 25 4040 4472 2665
9249 2 2 1 25 3945 4515 3995
9250 2 2 1 25 2465 4663 1442
9251 2 2 1 25 2727 4624 4244
9252 2 2 1 25 294 4659 41
9253 2 2 1 25 2016 4630 3912
9254 2 2 1 25 3766 4617 3742
9255 2 2 1 25 1715 4618 3754
9256 2 2 1 25 4378 4602 2908
9257 2 2 1 25 2195 4705 2196
9258 2 2 1 25 4375 4376 3063
9259 2 2 1 25 3737 4631 983
9260 2 2 1 25 4271 4442 1760
9261 2 2 1 25 2542 4721 4512
9262 2 2 1 25 3800 4532 2908
9263 2 2 1 25 3754 4618 4267
9264 2 2 1 25 1147 4704 272
9265 2 2 1 25 2907 4730 4421
9266 2 2 1 25 2154 4735 2155
9267 2 2 1 25 4494 4733 2903
9268 2 2 1 25 4063 4660 2554
9269 2 2 1 25 3624 4729 3057
9270 2 2 1 25 2183 4626 4356
9271 2 2 1 25 3865 4513 3866
9272 2 2 1 25 3867 4514 3868
9273 2 2 1 25 3520 4707 3648
9274 2 2 1 25 3649 4706 3517
9275 2 2 1 25 1757 4591 3700
9276 2 2 1 25 4411 4595 3068
9277 2 2 1 25 3628 4550 4265
9278 2 2 1 25 3894 4501 2857
9279 2 2 1 25 1142 4603 3741
9280 2 2 1 25 2040 4659 294
9281 2 2 1 25 2554 4374 3881
9282 2 2 1 25 4302 4613 2460
9283 2 2 1 25 3197 4000 3998
9284 2 2 1 25 4342 4446 3694
9285 2 2 1 25 2686 4630 4126
9286 2 2 1 25 2908 4602 3800
9287 2 2 1 25 4479 4544 2227
9288 2 2 1 25 4510 4725 2544
9289 2 2 1 25 2692 4457 4401
9290 2 2 1 25 2496 4489 15
9291 2 2 1 25 52 4488 2495
9292 2 2 1 25 1954 4517 3990
9293 2 2 1 25 3492 4631 4230
9294 2 2 1 25 3687 4612 4312
9295 2 2 1 25 3878 4536 2916
9296 2 2 1 25 1105 4513 3865
9297 2 2 1 25 1172 4514 3867
9298 2 2 1 25 4267 4595 922
9299 2 2 1 25 2252 4732 4480
9300 2 2 1 25 4206 4436 2855
9301 2 2 1 25 2940 4595 4267
9302 2 2 1 25 1069 4530 3856
9303 2 2 1 25 1258 4531 3850
9304 2 2 1 25 950 4686 3707
9305 2 2 1 25 3130 4523 4060
9306 2 2 1 25 3734 4607 4340
9307 2 2 1 25 1738 4689 3770
9308 2 2 1 25 4438 4560 2029
9309 2 2 1 25 2030 4559 4439
9310 2 2 1 25 3884 4683 2066
9311 2 2 1 25 2067 4682 3885
9312 2 2 1 25 2980 4617 3824
9313 2 2 1 25 3838 4525 2084
9314 2 2 1 25 2083 4526 3829
9315 2 2 1 25 3733 4593 4368
9316 2 2 1 25 3102 4713 2741
9317 2 2 1 25 1821 4480 4471
9318 2 2 1 25 4375 4598 3779
9319 2 2 1 25 3591 4709 3590
9320 2 2 1 25 3593 4710 3594
9321 2 2 1 25 3916 4546 2919
9322 2 2 1 25 2050 4717 4173
9323 2 2 1 25 2857 4428 3894
9324 2 2 1 25 1744 4703 3759
9325 2 2 1 25 4299 4411 3068
9326 2 2 1 25 2718 4382 4158
9327 2 2 1 25 3726 4602 4378
9328 2 2 1 25 2913 4544 4479
9329 2 2 1 25 4158 4382 3490
9330 2 2 1 25 4035 4732 2252
9331 2 2 1 25 3928 4547 1945
9332 2 2 1 25 2916 4597 3878
9333 2 2 1 25 4512 4721 3473
9334 2 2 1 25 4288 4671 2474
9335 2 2 1 25 2472 4670 4289
9336 2 2 1 25 1750 4722 3705
9337 2 2 1 25 4340 4607 2904
9338 2 2 1 25 4543 4544 3223
9339 2 2 1 25 956 4490 4013
9340 2 2 1 25 4023 4491 1816
9341 2 2 1 25 4390 4638 2827
9342 2 2 1 25 4389 4639 2830
9343 2 2 1 25 2831 4640 4388
9344 2 2 1 25 4340 4734 1756
9345 2 2 1 25 2825 4641 4387
9346 2 2 1 25 4213 4296 1679
9347 2 2 1 25 1674 4297 4214
9348 2 2 1 25 3748 4597 4412
9349 2 2 1 25 3932 4674 2806
9350 2 2 1 25 1730 4730 3783
9351 2 2 1 25 3704 4733 1724
9352 2 2 1 25 1756 4734 3762
9353 2 2 1 25 3068 4324 4299
9354 2 2 1 25 273 4704 4397
9355 2 2 1 25 4480 4732 2884
9356 2 2 1 25 2568 4621 4195
9357 2 2 1 25 4194 4620 2571
9358 2 2 1 25 3728 4592 4469
9359 2 2 1 25 4574 4664 1636
9360 2 2 1 25 4378 4722 1750
9361 2 2 1 25 4278 4438 2662
9362 2 2 1 25 2663 4439 4279
9363 2 2 1 25 3505 4725 4510
9364 2 2 1 25 4403 4686 950
9365 2 2 1 25 590 4149 961
9366 2 2 1 25 962 4148 299
9367 2 2 1 25 597 4151 1214
9368 2 2 1 25 1212 4150 292
9369 2 2 1 25 2041 4151 596
9370 2 2 1 25 293 4150 2040
9371 2 2 1 25 300 4148 2087
9372 2 2 1 25 2039 4149 589
9373 2 2 1 25 2532 4675 3606
9374 2 2 1 25 3782 4427 4426
9375 2 2 1 25 4332 4387 2127
9376 2 2 1 25 4331 4388 3074
9377 2 2 1 25 3075 4389 4329
9378 2 2 1 25 2126 4390 4328
9379 2 2 1 25 2865 4442 4271
9380 2 2 1 25 4412 4703 1744
9381 2 2 1 25 2084 4525 4365
9382 2 2 1 25 4364 4526 2083
9383 2 2 1 25 3719 4578 4509
9384 2 2 1 25 3982 4702 3852
9385 2 2 1 25 3254 4718 4464
9386 2 2 1 25 2919 4592 3916
9387 2 2 1 25 4158 4691 934
9388 2 2 1 25 4417 4444 1726
9389 2 2 1 25 4426 4443 1772
9390 2 2 1 25 4469 4689 1738
9391 2 2 1 25 4572 4702 2203
9392 2 2 1 25 4509 4618 1715
9393 2 2 1 25 4410 4448 1513
9394 2 2 1 25 4062 4617 2980
9395 2 2 1 25 4416 4599 3767
9396 2 2 1 25 4278 4560 4438
9397 2 2 1 25 4439 4559 4279
9398 2 2 1 25 1157 4537 4201
9399 2 2 1 25 3915 4702 4572
9400 2 2 1 25 4312 4612 2899
9401 2 2 1 25 4464 4718 2625
9402 2 2 1 25 1724 4733 4494
9403 2 2 1 25 2871 4437 4202
9404 2 2 1 25 2866 4606 4147
9405 2 2 1 25 2172 4698 4304
9406 2 2 1 25 4394 4635 3796
9407 2 2 1 25 1512 4692 4413
9408 2 2 1 25 4421 4730 1730
9409 2 2 1 25 4123 4730 2907
9410 2 2 1 25 1513 4448 4020
9411 2 2 1 25 3707 4686 4578
9412 2 2 1 25 2625 4718 4166
9413 2 2 1 25 2746 4572 4395
9414 2 2 1 25 2903 4733 4101
9415 2 2 1 25 595 4658 2041
9416 2 2 1 25 4101 4425 2870
9417 2 2 1 25 2203 4702 3982
9418 2 2 1 25 1763 4629 3684
9419 2 2 1 25 2875 4432 4145
9420 2 2 1 25 2873 4423 4123
9421 2 2 1 25 4077 4444 2867
9422 2 2 1 25 4173 4701 2050
9423 2 2 1 25 3197 4611 4000
9424 2 2 1 25 4099 4569 2189
9425 2 2 1 25 2190 4570 4100
9426 2 2 1 25 4025 4692 1512
9427 2 2 1 25 4551 4552 3115
9428 2 2 1 25 2994 4664 4574
9429 2 2 1 25 2880 4419 4181
9430 2 2 1 25 2881 4433 4211
9431 2 2 1 25 4265 4550 3306
9432 2 2 1 25 2837 4696 4264
9433 2 2 1 25 2227 4544 4543
9434 2 2 1 25 2679 4727 4113
9435 2 2 1 25 4473 4542 187
9436 2 2 1 25 4000 4611 1050
9437 2 2 1 25 2948 4665 4506
9438 2 2 1 25 48 2707 2706
9439 2 2 1 25 4280 4706 2820
9440 2 2 1 25 2813 4707 4282
9441 2 2 1 25 4227 4646 153
9442 2 2 1 25 4533 4706 3649
9443 2 2 1 25 3648 4707 4534
9444 2 2 1 25 2651 4651 4587
9445 2 2 1 25 2820 4706 4533
9446 2 2 1 25 4534 4707 2813
9447 2 2 1 25 3490 4691 4158
9448 2 2 1 25 4230 4446 2947
9449 2 2 1 25 2858 4599 4416
9450 2 2 1 25 4577 4678 2844
9451 2 2 1 25 3960 4701 4173
9452 2 2 1 25 4267 4618 2942
9453 2 2 1 25 4452 4623 3171
9454 2 2 1 25 4368 4593 3082
9455 2 2 1 25 4508 4712 2230
9456 2 2 1 25 3063 4598 4375
9457 2 2 1 25 3096 4537 4397
9458 2 2 1 25 3025 4734 4340
9459 2 2 1 25 3031 4722 4378
9460 2 2 1 25 4403 4715 2956
9461 2 2 1 25 2956 4686 4403
9462 2 2 1 25 3040 4703 4412
9463 2 2 1 25 4509 4578 2944
9464 2 2 1 25 3047 4689 4469
9465 2 2 1 25 4397 4537 1157
9466 2 2 1 25 4397 4704 3096
9467 2 2 1 25 48 2706 49
9468 2 2 1 25 50 1942 51
$EndElements
